POS_NC_001803_1_F0.001_R2_1	NC_001803.1	99.333	150	150	7.34e-76	272
POS_NC_001803_1_F0.001_R2_2	NC_001803.1	100.000	150	150	1.58e-77	278
POS_NC_001803_1_F0.001_R2_3	NC_001803.1	100.000	150	150	1.58e-77	278
POS_NC_001803_1_F0.001_R2_4	NC_001803.1	100.000	150	150	1.58e-77	278
POS_NC_001803_1_F0.001_R2_5	NC_001803.1	100.000	150	150	1.58e-77	278
POS_NC_001803_1_F0.001_R2_6	NC_012920.1	99.333	150	150	7.34e-76	272
POS_NC_001803_1_F0.001_R2_7	NC_012920.1	100.000	150	150	1.58e-77	278
POS_NC_001803_1_F0.001_R2_8	NC_012920.1	100.000	149	150	5.68e-77	276
POS_NC_001803_1_F0.001_R2_9	NC_012920.1	99.333	150	150	7.34e-76	272
POS_NC_001803_1_F0.001_R2_10	NC_012920.1	99.333	150	150	7.34e-76	272
POS_NC_001803_1_F0.001_R2_11	NC_012920.1	100.000	150	150	1.58e-77	278
POS_NC_001803_1_F0.001_R2_12	NC_012920.1	99.333	150	150	7.34e-76	272
POS_NC_001803_1_F0.001_R2_13	NC_012920.1	100.000	150	150	1.58e-77	278
POS_NC_001803_1_F0.001_R2_14	NC_012920.1	99.333	150	150	7.34e-76	272
POS_NC_001803_1_F0.001_R2_15	NC_012920.1	100.000	150	150	1.58e-77	278
POS_NC_001803_1_F0.001_R2_16	NC_012920.1	100.000	150	150	1.58e-77	278
POS_NC_001803_1_F0.001_R2_17	NC_012920.1	99.333	150	150	7.34e-76	272
POS_NC_001803_1_F0.001_R2_18	NC_012920.1	100.000	150	150	1.58e-77	278
POS_NC_001803_1_F0.001_R2_19	NC_012920.1	100.000	150	150	1.58e-77	278
POS_NC_001803_1_F0.001_R2_20	NC_012920.1	99.333	150	150	7.34e-76	272
POS_NC_001803_1_F0.001_R2_21	NC_012920.1	100.000	150	150	1.58e-77	278
POS_NC_001803_1_F0.001_R2_22	NC_012920.1	100.000	150	150	1.58e-77	278
POS_NC_001803_1_F0.001_R2_23	NC_012920.1	100.000	150	150	1.58e-77	278
POS_NC_001803_1_F0.001_R2_24	NC_012920.1	100.000	150	150	1.58e-77	278
POS_NC_001803_1_F0.001_R2_25	NC_012920.1	100.000	150	150	1.58e-77	278
POS_NC_001803_1_F0.001_R2_26	NC_012920.1	100.000	150	150	1.58e-77	278
POS_NC_001803_1_F0.001_R2_27	NC_012920.1	99.333	150	150	7.34e-76	272
POS_NC_001803_1_F0.001_R2_28	NC_012920.1	100.000	150	150	1.58e-77	278
POS_NC_001803_1_F0.001_R2_29	NC_012920.1	100.000	150	150	1.58e-77	278
POS_NC_001803_1_F0.001_R2_30	NC_012920.1	99.333	150	150	7.34e-76	272
POS_NC_001803_1_F0.001_R2_31	NC_012920.1	100.000	150	150	1.58e-77	278
POS_NC_001803_1_F0.001_R2_32	NC_012920.1	100.000	150	150	1.58e-77	278
POS_NC_001803_1_F0.001_R2_33	NC_012920.1	100.000	150	150	1.58e-77	278
POS_NC_001803_1_F0.001_R2_34	NC_012920.1	100.000	150	150	1.58e-77	278
POS_NC_001803_1_F0.001_R2_35	NC_012920.1	100.000	150	150	1.58e-77	278
POS_NC_001803_1_F0.001_R2_36	NC_012920.1	98.667	150	150	3.42e-74	267
POS_NC_001803_1_F0.001_R2_37	NC_012920.1	100.000	150	150	1.58e-77	278
POS_NC_001803_1_F0.001_R2_38	NC_012920.1	100.000	150	150	1.58e-77	278
POS_NC_001803_1_F0.001_R2_39	NC_012920.1	99.333	150	150	7.34e-76	272
POS_NC_001803_1_F0.001_R2_40	NC_012920.1	100.000	150	150	1.58e-77	278
POS_NC_001803_1_F0.001_R2_41	NC_012920.1	100.000	150	150	1.58e-77	278
POS_NC_001803_1_F0.001_R2_42	NC_012920.1	100.000	150	150	1.58e-77	278
POS_NC_001803_1_F0.001_R2_43	NC_012920.1	100.000	150	150	1.58e-77	278
POS_NC_001803_1_F0.001_R2_44	NC_012920.1	100.000	150	150	1.58e-77	278
POS_NC_001803_1_F0.001_R2_45	NC_012920.1	100.000	150	150	1.58e-77	278
POS_NC_001803_1_F0.001_R2_46	NC_012920.1	98.667	150	150	3.42e-74	267
POS_NC_001803_1_F0.001_R2_47	NC_012920.1	100.000	150	150	1.58e-77	278
POS_NC_001803_1_F0.001_R2_48	NC_012920.1	99.333	150	150	7.34e-76	272
POS_NC_001803_1_F0.001_R2_49	NC_012920.1	99.333	150	150	7.34e-76	272
POS_NC_001803_1_F0.001_R2_50	NC_012920.1	100.000	150	150	1.58e-77	278
POS_NC_001803_1_F0.001_R2_51	NC_012920.1	100.000	150	150	1.58e-77	278
POS_NC_001803_1_F0.001_R2_52	NC_012920.1	100.000	150	150	1.58e-77	278
POS_NC_001803_1_F0.001_R2_53	NC_012920.1	100.000	150	150	1.58e-77	278
POS_NC_001803_1_F0.001_R2_54	NC_012920.1	99.333	150	150	7.34e-76	272
POS_NC_001803_1_F0.001_R2_55	NC_012920.1	100.000	150	150	1.58e-77	278
POS_NC_001803_1_F0.001_R2_56	NC_012920.1	100.000	150	150	1.58e-77	278
POS_NC_001803_1_F0.001_R2_57	NC_012920.1	100.000	150	150	1.58e-77	278
POS_NC_001803_1_F0.001_R2_58	NC_012920.1	99.333	150	150	7.34e-76	272
POS_NC_001803_1_F0.001_R2_59	NC_012920.1	100.000	150	150	1.58e-77	278
POS_NC_001803_1_F0.001_R2_60	NC_012920.1	100.000	150	150	1.58e-77	278
POS_NC_001803_1_F0.001_R2_61	NC_012920.1	100.000	150	150	1.58e-77	278
POS_NC_001803_1_F0.001_R2_62	NC_012920.1	100.000	150	150	1.58e-77	278
POS_NC_001803_1_F0.001_R2_63	NC_012920.1	100.000	150	150	1.58e-77	278
POS_NC_001803_1_F0.001_R2_64	NC_012920.1	100.000	150	150	1.58e-77	278
POS_NC_001803_1_F0.001_R2_65	NC_012920.1	100.000	150	150	1.58e-77	278
POS_NC_001803_1_F0.001_R2_66	NC_012920.1	100.000	150	150	1.58e-77	278
POS_NC_001803_1_F0.001_R2_67	NC_012920.1	99.333	150	150	7.34e-76	272
POS_NC_001803_1_F0.001_R2_68	NC_012920.1	99.333	150	150	7.34e-76	272
POS_NC_001803_1_F0.001_R2_69	NC_012920.1	100.000	150	150	1.58e-77	278
POS_NC_001803_1_F0.001_R2_70	NC_012920.1	100.000	150	150	1.58e-77	278
POS_NC_001803_1_F0.001_R2_71	NC_012920.1	100.000	150	150	1.58e-77	278
POS_NC_001803_1_F0.001_R2_72	NC_012920.1	100.000	150	150	1.58e-77	278
POS_NC_001803_1_F0.001_R2_73	NC_012920.1	98.667	150	150	3.42e-74	267
POS_NC_001803_1_F0.001_R2_74	NC_012920.1	100.000	150	150	1.58e-77	278
POS_NC_001803_1_F0.001_R2_75	NC_012920.1	100.000	150	150	1.58e-77	278
POS_NC_001803_1_F0.001_R2_76	NC_012920.1	100.000	150	150	1.58e-77	278
POS_NC_001803_1_F0.001_R2_77	NC_012920.1	100.000	150	150	1.58e-77	278
POS_NC_001803_1_F0.001_R2_78	NC_012920.1	100.000	150	150	1.58e-77	278
POS_NC_001803_1_F0.001_R2_79	NC_012920.1	100.000	150	150	1.58e-77	278
POS_NC_001803_1_F0.001_R2_80	NC_012920.1	100.000	150	150	1.58e-77	278
POS_NC_001803_1_F0.001_R2_81	NC_012920.1	99.333	150	150	7.34e-76	272
POS_NC_001803_1_F0.001_R2_82	NC_012920.1	100.000	150	150	1.58e-77	278
POS_NC_001803_1_F0.001_R2_83	NC_012920.1	100.000	150	150	1.58e-77	278
POS_NC_001803_1_F0.001_R2_84	NC_012920.1	99.333	150	150	7.34e-76	272
POS_NC_001803_1_F0.001_R2_85	NC_012920.1	100.000	150	150	1.58e-77	278
POS_NC_001803_1_F0.001_R2_86	NC_012920.1	100.000	150	150	1.58e-77	278
POS_NC_001803_1_F0.001_R2_87	NC_012920.1	100.000	150	150	1.58e-77	278
POS_NC_001803_1_F0.001_R2_88	NC_012920.1	98.667	150	150	3.42e-74	267
POS_NC_001803_1_F0.001_R2_89	NC_012920.1	100.000	150	150	1.58e-77	278
POS_NC_001803_1_F0.001_R2_90	NC_012920.1	100.000	150	150	1.58e-77	278
POS_NC_001803_1_F0.001_R2_91	NC_012920.1	100.000	150	150	1.58e-77	278
POS_NC_001803_1_F0.001_R2_92	NC_012920.1	100.000	150	150	1.58e-77	278
POS_NC_001803_1_F0.001_R2_93	NC_012920.1	100.000	150	150	1.58e-77	278
POS_NC_001803_1_F0.001_R2_94	NC_012920.1	100.000	150	150	1.58e-77	278
POS_NC_001803_1_F0.001_R2_95	NC_012920.1	100.000	150	150	1.58e-77	278
POS_NC_001803_1_F0.001_R2_96	NC_012920.1	99.333	150	150	7.34e-76	272
POS_NC_001803_1_F0.001_R2_97	NC_012920.1	100.000	150	150	1.58e-77	278
POS_NC_001803_1_F0.001_R2_98	NC_012920.1	100.000	150	150	1.58e-77	278
POS_NC_001803_1_F0.001_R2_99	NC_012920.1	100.000	150	150	1.58e-77	278
POS_NC_001803_1_F0.001_R2_100	NC_012920.1	100.000	150	150	1.58e-77	278
POS_NC_001803_1_F0.001_R2_101	NC_012920.1	100.000	150	150	1.58e-77	278
POS_NC_001803_1_F0.001_R2_102	NC_012920.1	99.333	150	150	7.34e-76	272
POS_NC_001803_1_F0.001_R2_103	NC_012920.1	100.000	150	150	1.58e-77	278
POS_NC_001803_1_F0.001_R2_104	NC_012920.1	99.333	150	150	7.34e-76	272
POS_NC_001803_1_F0.001_R2_105	NC_012920.1	100.000	150	150	1.58e-77	278
POS_NC_001803_1_F0.001_R2_106	NC_012920.1	100.000	150	150	1.58e-77	278
POS_NC_001803_1_F0.001_R2_107	NC_012920.1	100.000	150	150	1.58e-77	278
POS_NC_001803_1_F0.001_R2_108	NC_012920.1	99.333	150	150	7.34e-76	272
POS_NC_001803_1_F0.001_R2_109	NC_012920.1	99.333	150	150	7.34e-76	272
POS_NC_001803_1_F0.001_R2_110	NC_012920.1	100.000	150	150	1.58e-77	278
POS_NC_001803_1_F0.001_R2_111	NC_012920.1	100.000	150	150	1.58e-77	278
POS_NC_001803_1_F0.001_R2_112	NC_012920.1	100.000	150	150	1.58e-77	278
POS_NC_001803_1_F0.001_R2_113	NC_012920.1	100.000	150	150	1.58e-77	278
POS_NC_001803_1_F0.001_R2_114	NC_012920.1	100.000	150	150	1.58e-77	278
POS_NC_001803_1_F0.001_R2_115	NC_012920.1	100.000	150	150	1.58e-77	278
POS_NC_001803_1_F0.001_R2_116	NC_012920.1	100.000	150	150	1.58e-77	278
POS_NC_001803_1_F0.001_R2_117	NC_012920.1	100.000	150	150	1.58e-77	278
POS_NC_001803_1_F0.001_R2_118	NC_012920.1	100.000	150	150	1.58e-77	278
POS_NC_001803_1_F0.001_R2_119	NC_012920.1	100.000	150	150	1.58e-77	278
POS_NC_001803_1_F0.001_R2_120	NC_012920.1	99.333	150	150	7.34e-76	272
POS_NC_001803_1_F0.001_R2_121	NC_012920.1	100.000	150	150	1.58e-77	278
POS_NC_001803_1_F0.001_R2_122	NC_012920.1	100.000	150	150	1.58e-77	278
POS_NC_001803_1_F0.001_R2_123	NC_012920.1	99.333	150	150	7.34e-76	272
POS_NC_001803_1_F0.001_R2_124	NC_012920.1	99.333	150	150	7.34e-76	272
POS_NC_001803_1_F0.001_R2_125	NC_012920.1	99.333	150	150	7.34e-76	272
POS_NC_001803_1_F0.001_R2_126	NC_012920.1	100.000	150	150	1.58e-77	278
POS_NC_001803_1_F0.001_R2_127	NC_012920.1	100.000	150	150	1.58e-77	278
POS_NC_001803_1_F0.001_R2_128	NC_012920.1	100.000	150	150	1.58e-77	278
POS_NC_001803_1_F0.001_R2_129	NC_012920.1	99.333	150	150	7.34e-76	272
POS_NC_001803_1_F0.001_R2_130	NC_012920.1	100.000	150	150	1.58e-77	278
POS_NC_001803_1_F0.001_R2_131	NC_012920.1	99.333	150	150	7.34e-76	272
POS_NC_001803_1_F0.001_R2_132	NC_012920.1	100.000	150	150	1.58e-77	278
POS_NC_001803_1_F0.001_R2_133	NC_012920.1	100.000	150	150	1.58e-77	278
POS_NC_001803_1_F0.001_R2_134	NC_012920.1	100.000	150	150	1.58e-77	278
POS_NC_001803_1_F0.001_R2_135	NC_012920.1	100.000	150	150	1.58e-77	278
POS_NC_001803_1_F0.001_R2_136	NC_012920.1	100.000	150	150	1.58e-77	278
POS_NC_001803_1_F0.001_R2_137	NC_012920.1	100.000	150	150	1.58e-77	278
POS_NC_001803_1_F0.001_R2_138	NC_012920.1	100.000	150	150	1.58e-77	278
POS_NC_001803_1_F0.001_R2_139	NC_012920.1	100.000	150	150	1.58e-77	278
POS_NC_001803_1_F0.001_R2_140	NC_012920.1	100.000	150	150	1.58e-77	278
POS_NC_001803_1_F0.001_R2_141	NC_012920.1	100.000	150	150	1.58e-77	278
POS_NC_001803_1_F0.001_R2_142	NC_012920.1	100.000	150	150	1.58e-77	278
POS_NC_001803_1_F0.001_R2_143	NC_012920.1	99.333	150	150	7.34e-76	272
POS_NC_001803_1_F0.001_R2_144	NC_012920.1	100.000	150	150	1.58e-77	278
POS_NC_001803_1_F0.001_R2_145	NC_012920.1	100.000	150	150	1.58e-77	278
POS_NC_001803_1_F0.001_R2_146	NC_012920.1	100.000	150	150	1.58e-77	278
POS_NC_001803_1_F0.001_R2_147	NC_012920.1	100.000	150	150	1.58e-77	278
POS_NC_001803_1_F0.001_R2_148	NC_012920.1	100.000	150	150	1.58e-77	278
POS_NC_001803_1_F0.001_R2_149	NC_012920.1	100.000	150	150	1.58e-77	278
POS_NC_001803_1_F0.001_R2_150	NC_012920.1	100.000	150	150	1.58e-77	278
POS_NC_001803_1_F0.001_R2_151	NC_012920.1	100.000	150	150	1.58e-77	278
POS_NC_001803_1_F0.001_R2_152	NC_012920.1	100.000	150	150	1.58e-77	278
POS_NC_001803_1_F0.001_R2_153	NC_012920.1	100.000	150	150	1.58e-77	278
POS_NC_001803_1_F0.001_R2_154	NC_012920.1	100.000	150	150	1.58e-77	278
POS_NC_001803_1_F0.001_R2_155	NC_012920.1	100.000	150	150	1.58e-77	278
POS_NC_001803_1_F0.001_R2_156	NC_012920.1	100.000	150	150	1.58e-77	278
POS_NC_001803_1_F0.001_R2_157	NC_012920.1	100.000	150	150	1.58e-77	278
POS_NC_001803_1_F0.001_R2_158	NC_012920.1	99.333	150	150	7.34e-76	272
POS_NC_001803_1_F0.001_R2_159	NC_012920.1	100.000	150	150	1.58e-77	278
POS_NC_001803_1_F0.001_R2_160	NC_012920.1	100.000	150	150	1.58e-77	278
POS_NC_001803_1_F0.001_R2_161	NC_012920.1	100.000	150	150	1.58e-77	278
POS_NC_001803_1_F0.001_R2_162	NC_012920.1	100.000	150	150	1.58e-77	278
POS_NC_001803_1_F0.001_R2_163	NC_012920.1	99.333	150	150	7.34e-76	272
POS_NC_001803_1_F0.001_R2_164	NC_012920.1	100.000	150	150	1.58e-77	278
POS_NC_001803_1_F0.001_R2_165	NC_012920.1	100.000	150	150	1.58e-77	278
POS_NC_001803_1_F0.001_R2_166	NC_012920.1	100.000	150	150	1.58e-77	278
POS_NC_001803_1_F0.001_R2_167	NC_012920.1	99.333	150	150	7.34e-76	272
POS_NC_001803_1_F0.001_R2_168	NC_012920.1	99.333	150	150	7.34e-76	272
POS_NC_001803_1_F0.001_R2_169	NC_012920.1	99.333	150	150	7.34e-76	272
POS_NC_001803_1_F0.001_R2_170	NC_012920.1	100.000	150	150	1.58e-77	278
POS_NC_001803_1_F0.001_R2_171	NC_012920.1	100.000	150	150	1.58e-77	278
POS_NC_001803_1_F0.001_R2_172	NC_012920.1	100.000	150	150	1.58e-77	278
POS_NC_001803_1_F0.001_R2_173	NC_012920.1	98.667	150	150	3.42e-74	267
POS_NC_001803_1_F0.001_R2_174	NC_012920.1	100.000	150	150	1.58e-77	278
POS_NC_001803_1_F0.001_R2_175	NC_012920.1	98.667	150	150	3.42e-74	267
POS_NC_001803_1_F0.001_R2_176	NC_012920.1	100.000	150	150	1.58e-77	278
POS_NC_001803_1_F0.001_R2_177	NC_012920.1	100.000	150	150	1.58e-77	278
POS_NC_001803_1_F0.001_R2_178	NC_012920.1	100.000	150	150	1.58e-77	278
POS_NC_001803_1_F0.001_R2_179	NC_012920.1	100.000	150	150	1.58e-77	278
POS_NC_001803_1_F0.001_R2_180	NC_012920.1	100.000	150	150	1.58e-77	278
POS_NC_001803_1_F0.001_R2_181	NC_012920.1	100.000	150	150	1.58e-77	278
POS_NC_001803_1_F0.001_R2_182	NC_012920.1	100.000	150	150	1.58e-77	278
POS_NC_001803_1_F0.001_R2_183	NC_012920.1	100.000	150	150	1.58e-77	278
POS_NC_001803_1_F0.001_R2_184	NC_012920.1	99.333	150	150	7.34e-76	272
POS_NC_001803_1_F0.001_R2_185	NC_012920.1	100.000	150	150	1.58e-77	278
POS_NC_001803_1_F0.001_R2_186	NC_012920.1	99.333	150	150	7.34e-76	272
POS_NC_001803_1_F0.001_R2_187	NC_012920.1	100.000	150	150	1.58e-77	278
POS_NC_001803_1_F0.001_R2_188	NC_012920.1	98.667	150	150	3.42e-74	267
POS_NC_001803_1_F0.001_R2_189	NC_012920.1	100.000	150	150	1.58e-77	278
POS_NC_001803_1_F0.001_R2_190	NC_012920.1	100.000	150	150	1.58e-77	278
POS_NC_001803_1_F0.001_R2_191	NC_012920.1	100.000	150	150	1.58e-77	278
POS_NC_001803_1_F0.001_R2_192	NC_012920.1	100.000	150	150	1.58e-77	278
POS_NC_001803_1_F0.001_R2_193	NC_012920.1	100.000	150	150	1.58e-77	278
POS_NC_001803_1_F0.001_R2_194	NC_012920.1	99.333	150	150	7.34e-76	272
POS_NC_001803_1_F0.001_R2_195	NC_012920.1	100.000	150	150	1.58e-77	278
POS_NC_001803_1_F0.001_R2_196	NC_012920.1	100.000	150	150	1.58e-77	278
POS_NC_001803_1_F0.001_R2_197	NC_012920.1	100.000	150	150	1.58e-77	278
POS_NC_001803_1_F0.001_R2_198	NC_012920.1	100.000	150	150	1.58e-77	278
POS_NC_001803_1_F0.001_R2_199	NC_012920.1	99.333	150	150	7.34e-76	272
POS_NC_001803_1_F0.001_R2_200	NC_012920.1	99.333	150	150	7.34e-76	272
POS_NC_001803_1_F0.001_R2_201	NC_012920.1	100.000	150	150	1.58e-77	278
POS_NC_001803_1_F0.001_R2_202	NC_012920.1	100.000	150	150	1.58e-77	278
POS_NC_001803_1_F0.001_R2_203	NC_012920.1	100.000	150	150	1.58e-77	278
POS_NC_001803_1_F0.001_R2_204	NC_012920.1	100.000	150	150	1.58e-77	278
POS_NC_001803_1_F0.001_R2_205	NC_012920.1	100.000	150	150	1.58e-77	278
POS_NC_001803_1_F0.001_R2_206	NC_012920.1	99.333	150	150	7.34e-76	272
POS_NC_001803_1_F0.001_R2_207	NC_012920.1	100.000	148	150	2.04e-76	274
POS_NC_001803_1_F0.001_R2_208	NC_012920.1	100.000	150	150	1.58e-77	278
POS_NC_001803_1_F0.001_R2_209	NC_012920.1	99.333	150	150	7.34e-76	272
POS_NC_001803_1_F0.001_R2_210	NC_012920.1	100.000	150	150	1.58e-77	278
POS_NC_001803_1_F0.001_R2_211	NC_012920.1	100.000	150	150	1.58e-77	278
POS_NC_001803_1_F0.001_R2_212	NC_012920.1	100.000	150	150	1.58e-77	278
POS_NC_001803_1_F0.001_R2_213	NC_012920.1	100.000	150	150	1.58e-77	278
POS_NC_001803_1_F0.001_R2_214	NC_012920.1	100.000	150	150	1.58e-77	278
POS_NC_001803_1_F0.001_R2_215	NC_012920.1	100.000	150	150	1.58e-77	278
POS_NC_001803_1_F0.001_R2_216	NC_012920.1	100.000	150	150	1.58e-77	278
POS_NC_001803_1_F0.001_R2_217	NC_012920.1	99.333	150	150	7.34e-76	272
POS_NC_001803_1_F0.001_R2_218	NC_012920.1	100.000	150	150	1.58e-77	278
POS_NC_001803_1_F0.001_R2_219	NC_012920.1	100.000	150	150	1.58e-77	278
POS_NC_001803_1_F0.001_R2_220	NC_012920.1	100.000	150	150	1.58e-77	278
POS_NC_001803_1_F0.001_R2_221	NC_012920.1	99.333	150	150	7.34e-76	272
POS_NC_001803_1_F0.001_R2_222	NC_012920.1	99.333	150	150	7.34e-76	272
POS_NC_001803_1_F0.001_R2_223	NC_012920.1	100.000	150	150	1.58e-77	278
POS_NC_001803_1_F0.001_R2_224	NC_012920.1	100.000	150	150	1.58e-77	278
POS_NC_001803_1_F0.001_R2_225	NC_012920.1	99.333	150	150	7.34e-76	272
POS_NC_001803_1_F0.001_R2_226	NC_012920.1	98.667	150	150	3.42e-74	267
POS_NC_001803_1_F0.001_R2_227	NC_012920.1	100.000	150	150	1.58e-77	278
POS_NC_001803_1_F0.001_R2_228	NC_012920.1	100.000	150	150	1.58e-77	278
POS_NC_001803_1_F0.001_R2_229	NC_012920.1	99.333	150	150	7.34e-76	272
POS_NC_001803_1_F0.001_R2_230	NC_012920.1	99.333	150	150	7.34e-76	272
POS_NC_001803_1_F0.001_R2_231	NC_012920.1	100.000	150	150	1.58e-77	278
POS_NC_001803_1_F0.001_R2_232	NC_012920.1	100.000	150	150	1.58e-77	278
POS_NC_001803_1_F0.001_R2_233	NC_012920.1	100.000	150	150	1.58e-77	278
POS_NC_001803_1_F0.001_R2_234	NC_012920.1	100.000	150	150	1.58e-77	278
POS_NC_001803_1_F0.001_R2_235	NC_012920.1	100.000	150	150	1.58e-77	278
POS_NC_001803_1_F0.001_R2_236	NC_012920.1	100.000	150	150	1.58e-77	278
POS_NC_001803_1_F0.001_R2_237	NC_012920.1	100.000	150	150	1.58e-77	278
POS_NC_001803_1_F0.001_R2_238	NC_012920.1	99.333	150	150	7.34e-76	272
POS_NC_001803_1_F0.001_R2_239	NC_012920.1	100.000	150	150	1.58e-77	278
POS_NC_001803_1_F0.001_R2_240	NC_012920.1	100.000	150	150	1.58e-77	278
POS_NC_001803_1_F0.001_R2_241	NC_012920.1	100.000	150	150	1.58e-77	278
POS_NC_001803_1_F0.001_R2_242	NC_012920.1	100.000	150	150	1.58e-77	278
POS_NC_001803_1_F0.001_R2_243	NC_012920.1	100.000	150	150	1.58e-77	278
POS_NC_001803_1_F0.001_R2_244	NC_012920.1	100.000	148	150	2.04e-76	274
POS_NC_001803_1_F0.001_R2_245	NC_012920.1	99.333	150	150	7.34e-76	272
POS_NC_001803_1_F0.001_R2_246	NC_012920.1	100.000	150	150	1.58e-77	278
POS_NC_001803_1_F0.001_R2_247	NC_012920.1	100.000	150	150	1.58e-77	278
POS_NC_001803_1_F0.001_R2_248	NC_012920.1	100.000	150	150	1.58e-77	278
POS_NC_001803_1_F0.001_R2_249	NC_012920.1	99.333	150	150	7.34e-76	272
POS_NC_001803_1_F0.001_R2_250	NC_012920.1	100.000	150	150	1.58e-77	278
POS_NC_001803_1_F0.001_R2_251	NC_012920.1	100.000	150	150	1.58e-77	278
POS_NC_001803_1_F0.001_R2_252	NC_012920.1	100.000	150	150	1.58e-77	278
POS_NC_001803_1_F0.001_R2_253	NC_012920.1	100.000	150	150	1.58e-77	278
POS_NC_001803_1_F0.001_R2_254	NC_012920.1	100.000	150	150	1.58e-77	278
POS_NC_001803_1_F0.001_R2_255	NC_012920.1	100.000	150	150	1.58e-77	278
POS_NC_001803_1_F0.001_R2_256	NC_012920.1	99.333	150	150	7.34e-76	272
POS_NC_001803_1_F0.001_R2_257	NC_012920.1	100.000	150	150	1.58e-77	278
POS_NC_001803_1_F0.001_R2_258	NC_012920.1	99.333	150	150	7.34e-76	272
POS_NC_001803_1_F0.001_R2_259	NC_012920.1	100.000	150	150	1.58e-77	278
POS_NC_001803_1_F0.001_R2_260	NC_012920.1	98.667	150	150	3.42e-74	267
POS_NC_001803_1_F0.001_R2_261	NC_012920.1	100.000	150	150	1.58e-77	278
POS_NC_001803_1_F0.001_R2_262	NC_012920.1	100.000	150	150	1.58e-77	278
POS_NC_001803_1_F0.001_R2_263	NC_012920.1	100.000	150	150	1.58e-77	278
POS_NC_001803_1_F0.001_R2_264	NC_012920.1	100.000	150	150	1.58e-77	278
POS_NC_001803_1_F0.001_R2_265	NC_012920.1	99.333	150	150	7.34e-76	272
POS_NC_001803_1_F0.001_R2_266	NC_012920.1	100.000	150	150	1.58e-77	278
POS_NC_001803_1_F0.001_R2_267	NC_012920.1	100.000	150	150	1.58e-77	278
POS_NC_001803_1_F0.001_R2_268	NC_012920.1	100.000	150	150	1.58e-77	278
POS_NC_001803_1_F0.001_R2_269	NC_012920.1	100.000	150	150	1.58e-77	278
POS_NC_001803_1_F0.001_R2_270	NC_012920.1	100.000	150	150	1.58e-77	278
POS_NC_001803_1_F0.001_R2_271	NC_012920.1	100.000	150	150	1.58e-77	278
POS_NC_001803_1_F0.001_R2_272	NC_012920.1	100.000	150	150	1.58e-77	278
POS_NC_001803_1_F0.001_R2_273	NC_012920.1	100.000	150	150	1.58e-77	278
POS_NC_001803_1_F0.001_R2_274	NC_012920.1	100.000	150	150	1.58e-77	278
POS_NC_001803_1_F0.001_R2_275	NC_012920.1	100.000	150	150	1.58e-77	278
POS_NC_001803_1_F0.001_R2_276	NC_012920.1	99.333	150	150	7.34e-76	272
POS_NC_001803_1_F0.001_R2_277	NC_012920.1	100.000	150	150	1.58e-77	278
POS_NC_001803_1_F0.001_R2_278	NC_012920.1	100.000	150	150	2.04e-76	274
POS_NC_001803_1_F0.001_R2_279	NC_012920.1	100.000	150	150	1.58e-77	278
POS_NC_001803_1_F0.001_R2_280	NC_012920.1	100.000	150	150	1.58e-77	278
POS_NC_001803_1_F0.001_R2_281	NC_012920.1	99.333	150	150	7.34e-76	272
POS_NC_001803_1_F0.001_R2_282	NC_012920.1	100.000	150	150	1.58e-77	278
POS_NC_001803_1_F0.001_R2_283	NC_012920.1	100.000	150	150	1.58e-77	278
POS_NC_001803_1_F0.001_R2_284	NC_012920.1	100.000	150	150	1.58e-77	278
POS_NC_001803_1_F0.001_R2_285	NC_012920.1	100.000	150	150	1.58e-77	278
POS_NC_001803_1_F0.001_R2_286	NC_012920.1	100.000	150	150	1.58e-77	278
POS_NC_001803_1_F0.001_R2_287	NC_012920.1	98.667	150	150	3.42e-74	267
POS_NC_001803_1_F0.001_R2_288	NC_012920.1	100.000	150	150	1.58e-77	278
POS_NC_001803_1_F0.001_R2_289	NC_012920.1	99.333	150	150	7.34e-76	272
POS_NC_001803_1_F0.001_R2_290	NC_012920.1	99.333	150	150	7.34e-76	272
POS_NC_001803_1_F0.001_R2_291	NC_012920.1	100.000	150	150	2.04e-76	274
POS_NC_001803_1_F0.001_R2_292	NC_012920.1	99.333	150	150	7.34e-76	272
POS_NC_001803_1_F0.001_R2_293	NC_012920.1	99.333	150	150	7.34e-76	272
POS_NC_001803_1_F0.001_R2_294	NC_012920.1	100.000	150	150	1.58e-77	278
POS_NC_001803_1_F0.001_R2_295	NC_012920.1	100.000	150	150	1.58e-77	278
POS_NC_001803_1_F0.001_R2_296	NC_012920.1	100.000	150	150	1.58e-77	278
POS_NC_001803_1_F0.001_R2_297	NC_012920.1	99.333	150	150	7.34e-76	272
POS_NC_001803_1_F0.001_R2_298	NC_012920.1	100.000	150	150	1.58e-77	278
POS_NC_001803_1_F0.001_R2_299	NC_012920.1	99.333	150	150	7.34e-76	272
POS_NC_001803_1_F0.001_R2_300	NC_012920.1	100.000	150	150	1.58e-77	278
POS_NC_001803_1_F0.001_R2_301	NC_012920.1	100.000	150	150	1.58e-77	278
POS_NC_001803_1_F0.001_R2_302	NC_012920.1	100.000	150	150	1.58e-77	278
POS_NC_001803_1_F0.001_R2_303	NC_012920.1	100.000	150	150	1.58e-77	278
POS_NC_001803_1_F0.001_R2_304	NC_012920.1	100.000	150	150	1.58e-77	278
POS_NC_001803_1_F0.001_R2_305	NC_012920.1	100.000	150	150	1.58e-77	278
POS_NC_001803_1_F0.001_R2_306	NC_012920.1	100.000	150	150	1.58e-77	278
POS_NC_001803_1_F0.001_R2_307	NC_012920.1	100.000	150	150	2.04e-76	274
POS_NC_001803_1_F0.001_R2_308	NC_012920.1	100.000	150	150	1.58e-77	278
POS_NC_001803_1_F0.001_R2_309	NC_012920.1	100.000	149	150	5.68e-77	276
POS_NC_001803_1_F0.001_R2_310	NC_012920.1	100.000	150	150	1.58e-77	278
POS_NC_001803_1_F0.001_R2_311	NC_012920.1	100.000	150	150	1.58e-77	278
POS_NC_001803_1_F0.001_R2_312	NC_012920.1	100.000	150	150	1.58e-77	278
POS_NC_001803_1_F0.001_R2_313	NC_012920.1	99.333	150	150	7.34e-76	272
POS_NC_001803_1_F0.001_R2_314	NC_012920.1	100.000	150	150	1.58e-77	278
POS_NC_001803_1_F0.001_R2_315	NC_012920.1	99.333	150	150	7.34e-76	272
POS_NC_001803_1_F0.001_R2_316	NC_012920.1	100.000	150	150	1.58e-77	278
POS_NC_001803_1_F0.001_R2_317	NC_012920.1	100.000	150	150	1.58e-77	278
POS_NC_001803_1_F0.001_R2_318	NC_012920.1	100.000	150	150	1.58e-77	278
POS_NC_001803_1_F0.001_R2_319	NC_012920.1	99.333	150	150	7.34e-76	272
POS_NC_001803_1_F0.001_R2_320	NC_012920.1	99.333	150	150	7.34e-76	272
POS_NC_001803_1_F0.001_R2_321	NC_012920.1	99.324	148	150	9.50e-75	268
POS_NC_001803_1_F0.001_R2_322	NC_012920.1	100.000	150	150	1.58e-77	278
POS_NC_001803_1_F0.001_R2_323	NC_012920.1	99.333	150	150	7.34e-76	272
POS_NC_001803_1_F0.001_R2_324	NC_012920.1	100.000	150	150	1.58e-77	278
POS_NC_001803_1_F0.001_R2_325	NC_012920.1	100.000	150	150	1.58e-77	278
POS_NC_001803_1_F0.001_R2_326	NC_012920.1	100.000	150	150	1.58e-77	278
POS_NC_001803_1_F0.001_R2_327	NC_012920.1	100.000	150	150	1.58e-77	278
POS_NC_001803_1_F0.001_R2_328	NC_012920.1	99.333	150	150	7.34e-76	272
POS_NC_001803_1_F0.001_R2_329	NC_012920.1	100.000	150	150	1.58e-77	278
POS_NC_001803_1_F0.001_R2_330	NC_012920.1	99.333	150	150	7.34e-76	272
POS_NC_001803_1_F0.001_R2_331	NC_012920.1	100.000	150	150	1.58e-77	278
POS_NC_001803_1_F0.001_R2_332	NC_012920.1	99.333	150	150	7.34e-76	272
POS_NC_001803_1_F0.001_R2_333	NC_012920.1	100.000	150	150	1.58e-77	278
POS_NC_001803_1_F0.001_R2_334	NC_012920.1	100.000	150	150	1.58e-77	278
POS_NC_001803_1_F0.001_R2_335	NC_012920.1	99.333	150	150	7.34e-76	272
POS_NC_001803_1_F0.001_R2_336	NC_012920.1	99.333	150	150	7.34e-76	272
POS_NC_001803_1_F0.001_R2_337	NC_012920.1	100.000	150	150	1.58e-77	278
POS_NC_001803_1_F0.001_R2_338	NC_012920.1	100.000	150	150	1.58e-77	278
POS_NC_001803_1_F0.001_R2_339	NC_012920.1	100.000	150	150	1.58e-77	278
POS_NC_001803_1_F0.001_R2_340	NC_012920.1	100.000	150	150	1.58e-77	278
POS_NC_001803_1_F0.001_R2_341	NC_012920.1	100.000	150	150	1.58e-77	278
POS_NC_001803_1_F0.001_R2_342	NC_012920.1	100.000	150	150	1.58e-77	278
POS_NC_001803_1_F0.001_R2_343	NC_012920.1	100.000	150	150	1.58e-77	278
POS_NC_001803_1_F0.001_R2_344	NC_012920.1	100.000	150	150	1.58e-77	278
POS_NC_001803_1_F0.001_R2_345	NC_012920.1	100.000	150	150	1.58e-77	278
POS_NC_001803_1_F0.001_R2_346	NC_012920.1	100.000	150	150	1.58e-77	278
POS_NC_001803_1_F0.001_R2_347	NC_012920.1	100.000	150	150	1.58e-77	278
POS_NC_001803_1_F0.001_R2_348	NC_012920.1	100.000	150	150	1.58e-77	278
POS_NC_001803_1_F0.001_R2_349	NC_012920.1	99.333	150	150	7.34e-76	272
POS_NC_001803_1_F0.001_R2_350	NC_012920.1	100.000	150	150	1.58e-77	278
POS_NC_001803_1_F0.001_R2_351	NC_012920.1	100.000	150	150	1.58e-77	278
POS_NC_001803_1_F0.001_R2_352	NC_012920.1	99.333	150	150	7.34e-76	272
POS_NC_001803_1_F0.001_R2_353	NC_012920.1	100.000	148	150	2.04e-76	274
POS_NC_001803_1_F0.001_R2_354	NC_012920.1	100.000	150	150	1.58e-77	278
POS_NC_001803_1_F0.001_R2_355	NC_012920.1	100.000	150	150	1.58e-77	278
POS_NC_001803_1_F0.001_R2_356	NC_012920.1	100.000	150	150	1.58e-77	278
POS_NC_001803_1_F0.001_R2_357	NC_012920.1	100.000	150	150	1.58e-77	278
POS_NC_001803_1_F0.001_R2_358	NC_012920.1	98.667	150	150	3.42e-74	267
POS_NC_001803_1_F0.001_R2_359	NC_012920.1	100.000	150	150	1.58e-77	278
POS_NC_001803_1_F0.001_R2_360	NC_012920.1	100.000	150	150	1.58e-77	278
POS_NC_001803_1_F0.001_R2_361	NC_012920.1	98.667	150	150	3.42e-74	267
POS_NC_001803_1_F0.001_R2_362	NC_012920.1	99.333	150	150	7.34e-76	272
POS_NC_001803_1_F0.001_R2_363	NC_012920.1	100.000	150	150	1.58e-77	278
POS_NC_001803_1_F0.001_R2_364	NC_012920.1	100.000	150	150	1.58e-77	278
POS_NC_001803_1_F0.001_R2_365	NC_012920.1	99.333	150	150	7.34e-76	272
POS_NC_001803_1_F0.001_R2_366	NC_012920.1	100.000	150	150	1.58e-77	278
POS_NC_001803_1_F0.001_R2_367	NC_012920.1	100.000	150	150	1.58e-77	278
POS_NC_001803_1_F0.001_R2_368	NC_012920.1	100.000	150	150	1.58e-77	278
POS_NC_001803_1_F0.001_R2_369	NC_012920.1	99.333	150	150	7.34e-76	272
POS_NC_001803_1_F0.001_R2_370	NC_012920.1	100.000	150	150	1.58e-77	278
POS_NC_001803_1_F0.001_R2_371	NC_012920.1	100.000	150	150	1.58e-77	278
POS_NC_001803_1_F0.001_R2_372	NC_012920.1	100.000	150	150	1.58e-77	278
POS_NC_001803_1_F0.001_R2_373	NC_012920.1	100.000	150	150	1.58e-77	278
POS_NC_001803_1_F0.001_R2_374	NC_012920.1	100.000	150	150	1.58e-77	278
POS_NC_001803_1_F0.001_R2_375	NC_012920.1	100.000	150	150	1.58e-77	278
POS_NC_001803_1_F0.001_R2_376	NC_012920.1	98.667	150	150	3.42e-74	267
POS_NC_001803_1_F0.001_R2_377	NC_012920.1	100.000	150	150	1.58e-77	278
POS_NC_001803_1_F0.001_R2_378	NC_012920.1	100.000	150	150	1.58e-77	278
POS_NC_001803_1_F0.001_R2_379	NC_012920.1	99.333	150	150	7.34e-76	272
POS_NC_001803_1_F0.001_R2_380	NC_012920.1	100.000	150	150	1.58e-77	278
POS_NC_001803_1_F0.001_R2_381	NC_012920.1	99.333	150	150	7.34e-76	272
POS_NC_001803_1_F0.001_R2_382	NC_012920.1	100.000	150	150	1.58e-77	278
POS_NC_001803_1_F0.001_R2_383	NC_012920.1	100.000	150	150	1.58e-77	278
POS_NC_001803_1_F0.001_R2_384	NC_012920.1	98.667	150	150	3.42e-74	267
POS_NC_001803_1_F0.001_R2_385	NC_012920.1	99.333	150	150	7.34e-76	272
POS_NC_001803_1_F0.001_R2_386	NC_012920.1	100.000	150	150	1.58e-77	278
POS_NC_001803_1_F0.001_R2_387	NC_012920.1	99.333	150	150	7.34e-76	272
POS_NC_001803_1_F0.001_R2_388	NC_012920.1	100.000	150	150	1.58e-77	278
POS_NC_001803_1_F0.001_R2_389	NC_012920.1	100.000	150	150	1.58e-77	278
POS_NC_001803_1_F0.001_R2_390	NC_012920.1	100.000	150	150	1.58e-77	278
POS_NC_001803_1_F0.001_R2_391	NC_012920.1	100.000	150	150	1.58e-77	278
POS_NC_001803_1_F0.001_R2_392	NC_012920.1	100.000	150	150	1.58e-77	278
POS_NC_001803_1_F0.001_R2_393	NC_012920.1	100.000	150	150	1.58e-77	278
POS_NC_001803_1_F0.001_R2_394	NC_012920.1	100.000	150	150	1.58e-77	278
POS_NC_001803_1_F0.001_R2_395	NC_012920.1	100.000	150	150	1.58e-77	278
POS_NC_001803_1_F0.001_R2_396	NC_012920.1	100.000	150	150	2.04e-76	274
POS_NC_001803_1_F0.001_R2_397	NC_012920.1	100.000	150	150	1.58e-77	278
POS_NC_001803_1_F0.001_R2_398	NC_012920.1	100.000	150	150	1.58e-77	278
POS_NC_001803_1_F0.001_R2_399	NC_012920.1	100.000	150	150	1.58e-77	278
POS_NC_001803_1_F0.001_R2_400	NC_012920.1	100.000	150	150	1.58e-77	278
POS_NC_001803_1_F0.001_R2_401	NC_012920.1	100.000	150	150	1.58e-77	278
POS_NC_001803_1_F0.001_R2_402	NC_012920.1	100.000	150	150	1.58e-77	278
POS_NC_001803_1_F0.001_R2_403	NC_012920.1	99.333	150	150	7.34e-76	272
POS_NC_001803_1_F0.001_R2_404	NC_012920.1	100.000	150	150	1.58e-77	278
POS_NC_001803_1_F0.001_R2_405	NC_012920.1	100.000	150	150	1.58e-77	278
POS_NC_001803_1_F0.001_R2_406	NC_012920.1	100.000	150	150	1.58e-77	278
POS_NC_001803_1_F0.001_R2_407	NC_012920.1	99.333	150	150	7.34e-76	272
POS_NC_001803_1_F0.001_R2_408	NC_012920.1	100.000	150	150	1.58e-77	278
POS_NC_001803_1_F0.001_R2_409	NC_012920.1	99.333	150	150	7.34e-76	272
POS_NC_001803_1_F0.001_R2_410	NC_012920.1	100.000	150	150	1.58e-77	278
POS_NC_001803_1_F0.001_R2_411	NC_012920.1	100.000	150	150	1.58e-77	278
POS_NC_001803_1_F0.001_R2_412	NC_012920.1	100.000	150	150	1.58e-77	278
POS_NC_001803_1_F0.001_R2_413	NC_012920.1	99.333	150	150	7.34e-76	272
POS_NC_001803_1_F0.001_R2_414	NC_012920.1	99.333	150	150	7.34e-76	272
POS_NC_001803_1_F0.001_R2_415	NC_012920.1	100.000	150	150	1.58e-77	278
POS_NC_001803_1_F0.001_R2_416	NC_012920.1	100.000	150	150	1.58e-77	278
POS_NC_001803_1_F0.001_R2_417	NC_012920.1	100.000	150	150	1.58e-77	278
POS_NC_001803_1_F0.001_R2_418	NC_012920.1	100.000	150	150	1.58e-77	278
POS_NC_001803_1_F0.001_R2_419	NC_012920.1	100.000	150	150	1.58e-77	278
POS_NC_001803_1_F0.001_R2_420	NC_012920.1	100.000	150	150	1.58e-77	278
POS_NC_001803_1_F0.001_R2_421	NC_012920.1	100.000	150	150	1.58e-77	278
POS_NC_001803_1_F0.001_R2_422	NC_012920.1	100.000	150	150	1.58e-77	278
POS_NC_001803_1_F0.001_R2_423	NC_012920.1	99.333	150	150	7.34e-76	272
POS_NC_001803_1_F0.001_R2_424	NC_012920.1	100.000	150	150	1.58e-77	278
POS_NC_001803_1_F0.001_R2_425	NC_012920.1	99.333	150	150	7.34e-76	272
POS_NC_001803_1_F0.001_R2_426	NC_012920.1	100.000	149	150	5.68e-77	276
POS_NC_001803_1_F0.001_R2_427	NC_012920.1	100.000	150	150	1.58e-77	278
POS_NC_001803_1_F0.001_R2_428	NC_012920.1	100.000	150	150	1.58e-77	278
POS_NC_001803_1_F0.001_R2_429	NC_012920.1	99.333	150	150	7.34e-76	272
POS_NC_001803_1_F0.001_R2_430	NC_012920.1	100.000	150	150	1.58e-77	278
POS_NC_001803_1_F0.001_R2_431	NC_012920.1	100.000	150	150	1.58e-77	278
POS_NC_001803_1_F0.001_R2_432	NC_012920.1	100.000	150	150	1.58e-77	278
POS_NC_001803_1_F0.001_R2_433	NC_012920.1	99.333	150	150	7.34e-76	272
POS_NC_001803_1_F0.001_R2_434	NC_012920.1	100.000	150	150	1.58e-77	278
POS_NC_001803_1_F0.001_R2_435	NC_012920.1	100.000	150	150	1.58e-77	278
POS_NC_001803_1_F0.001_R2_436	NC_012920.1	100.000	150	150	1.58e-77	278
POS_NC_001803_1_F0.001_R2_437	NC_012920.1	100.000	150	150	1.58e-77	278
POS_NC_001803_1_F0.001_R2_438	NC_012920.1	99.333	150	150	7.34e-76	272
POS_NC_001803_1_F0.001_R2_439	NC_012920.1	100.000	150	150	1.58e-77	278
POS_NC_001803_1_F0.001_R2_440	NC_012920.1	100.000	150	150	1.58e-77	278
POS_NC_001803_1_F0.001_R2_441	NC_012920.1	99.333	150	150	7.34e-76	272
POS_NC_001803_1_F0.001_R2_442	NC_012920.1	100.000	150	150	1.58e-77	278
POS_NC_001803_1_F0.001_R2_443	NC_012920.1	100.000	150	150	1.58e-77	278
POS_NC_001803_1_F0.001_R2_444	NC_012920.1	100.000	150	150	1.58e-77	278
POS_NC_001803_1_F0.001_R2_445	NC_012920.1	100.000	150	150	1.58e-77	278
POS_NC_001803_1_F0.001_R2_446	NC_012920.1	100.000	150	150	1.58e-77	278
POS_NC_001803_1_F0.001_R2_447	NC_012920.1	100.000	150	150	1.58e-77	278
POS_NC_001803_1_F0.001_R2_448	NC_012920.1	99.333	150	150	7.34e-76	272
POS_NC_001803_1_F0.001_R2_449	NC_012920.1	100.000	150	150	1.58e-77	278
POS_NC_001803_1_F0.001_R2_450	NC_012920.1	100.000	150	150	1.58e-77	278
POS_NC_001803_1_F0.001_R2_451	NC_012920.1	99.333	150	150	7.34e-76	272
POS_NC_001803_1_F0.001_R2_452	NC_012920.1	100.000	150	150	1.58e-77	278
POS_NC_001803_1_F0.001_R2_453	NC_012920.1	100.000	150	150	1.58e-77	278
POS_NC_001803_1_F0.001_R2_454	NC_012920.1	98.667	150	150	3.42e-74	267
POS_NC_001803_1_F0.001_R2_455	NC_012920.1	100.000	150	150	1.58e-77	278
POS_NC_001803_1_F0.001_R2_456	NC_012920.1	99.333	150	150	7.34e-76	272
POS_NC_001803_1_F0.001_R2_457	NC_012920.1	100.000	150	150	1.58e-77	278
POS_NC_001803_1_F0.001_R2_458	NC_012920.1	98.667	150	150	3.42e-74	267
POS_NC_001803_1_F0.001_R2_459	NC_012920.1	100.000	150	150	1.58e-77	278
POS_NC_001803_1_F0.001_R2_460	NC_012920.1	98.667	150	150	3.42e-74	267
POS_NC_001803_1_F0.001_R2_461	NC_012920.1	99.333	150	150	7.34e-76	272
POS_NC_001803_1_F0.001_R2_462	NC_012920.1	100.000	150	150	1.58e-77	278
POS_NC_001803_1_F0.001_R2_463	NC_012920.1	100.000	150	150	1.58e-77	278
POS_NC_001803_1_F0.001_R2_464	NC_012920.1	100.000	150	150	1.58e-77	278
POS_NC_001803_1_F0.001_R2_465	NC_012920.1	100.000	150	150	1.58e-77	278
POS_NC_001803_1_F0.001_R2_466	NC_012920.1	100.000	150	150	1.58e-77	278
POS_NC_001803_1_F0.001_R2_467	NC_012920.1	99.333	150	150	7.34e-76	272
POS_NC_001803_1_F0.001_R2_468	NC_012920.1	100.000	150	150	1.58e-77	278
POS_NC_001803_1_F0.001_R2_469	NC_012920.1	100.000	150	150	1.58e-77	278
POS_NC_001803_1_F0.001_R2_470	NC_012920.1	100.000	150	150	1.58e-77	278
POS_NC_001803_1_F0.001_R2_471	NC_012920.1	100.000	150	150	1.58e-77	278
POS_NC_001803_1_F0.001_R2_472	NC_012920.1	99.333	150	150	7.34e-76	272
POS_NC_001803_1_F0.001_R2_473	NC_012920.1	100.000	150	150	1.58e-77	278
POS_NC_001803_1_F0.001_R2_474	NC_012920.1	100.000	150	150	1.58e-77	278
POS_NC_001803_1_F0.001_R2_475	NC_012920.1	99.333	150	150	7.34e-76	272
POS_NC_001803_1_F0.001_R2_476	NC_012920.1	100.000	150	150	1.58e-77	278
POS_NC_001803_1_F0.001_R2_477	NC_012920.1	100.000	150	150	1.58e-77	278
POS_NC_001803_1_F0.001_R2_478	NC_012920.1	100.000	150	150	1.58e-77	278
POS_NC_001803_1_F0.001_R2_479	NC_012920.1	100.000	150	150	1.58e-77	278
POS_NC_001803_1_F0.001_R2_480	NC_012920.1	100.000	150	150	1.58e-77	278
POS_NC_001803_1_F0.001_R2_481	NC_012920.1	100.000	150	150	1.58e-77	278
POS_NC_001803_1_F0.001_R2_482	NC_012920.1	99.333	150	150	7.34e-76	272
POS_NC_001803_1_F0.001_R2_483	NC_012920.1	99.333	150	150	7.34e-76	272
POS_NC_001803_1_F0.001_R2_484	NC_012920.1	100.000	150	150	1.58e-77	278
POS_NC_001803_1_F0.001_R2_485	NC_012920.1	100.000	150	150	1.58e-77	278
POS_NC_001803_1_F0.001_R2_486	NC_012920.1	100.000	150	150	1.58e-77	278
POS_NC_001803_1_F0.001_R2_487	NC_012920.1	100.000	150	150	1.58e-77	278
POS_NC_001803_1_F0.001_R2_488	NC_012920.1	100.000	150	150	1.58e-77	278
POS_NC_001803_1_F0.001_R2_489	NC_012920.1	100.000	150	150	1.58e-77	278
POS_NC_001803_1_F0.001_R2_490	NC_012920.1	100.000	150	150	1.58e-77	278
POS_NC_001803_1_F0.001_R2_491	NC_012920.1	100.000	150	150	1.58e-77	278
POS_NC_001803_1_F0.001_R2_492	NC_012920.1	100.000	150	150	1.58e-77	278
POS_NC_001803_1_F0.001_R2_493	NC_012920.1	100.000	150	150	1.58e-77	278
POS_NC_001803_1_F0.001_R2_494	NC_012920.1	100.000	150	150	1.58e-77	278
POS_NC_001803_1_F0.001_R2_495	NC_012920.1	100.000	150	150	1.58e-77	278
POS_NC_001803_1_F0.001_R2_496	NC_012920.1	98.667	150	150	3.42e-74	267
POS_NC_001803_1_F0.001_R2_497	NC_012920.1	100.000	150	150	1.58e-77	278
POS_NC_001803_1_F0.001_R2_498	NC_012920.1	99.333	150	150	9.50e-75	268
POS_NC_001803_1_F0.001_R2_499	NC_012920.1	100.000	150	150	1.58e-77	278
POS_NC_001803_1_F0.001_R2_500	NC_012920.1	100.000	150	150	1.58e-77	278
POS_NC_001803_1_F0.001_R2_501	NC_012920.1	100.000	150	150	1.58e-77	278
POS_NC_001803_1_F0.001_R2_502	NC_012920.1	100.000	150	150	1.58e-77	278
POS_NC_001803_1_F0.001_R2_503	NC_012920.1	100.000	150	150	1.58e-77	278
POS_NC_001803_1_F0.001_R2_504	NC_012920.1	100.000	150	150	1.58e-77	278
POS_NC_001803_1_F0.001_R2_505	NC_012920.1	99.333	150	150	7.34e-76	272
POS_NC_001803_1_F0.001_R2_506	NC_012920.1	100.000	150	150	1.58e-77	278
POS_NC_001803_1_F0.001_R2_507	NC_012920.1	100.000	150	150	1.58e-77	278
POS_NC_001803_1_F0.001_R2_508	NC_012920.1	100.000	150	150	1.58e-77	278
POS_NC_001803_1_F0.001_R2_509	NC_012920.1	100.000	150	150	1.58e-77	278
POS_NC_001803_1_F0.001_R2_510	NC_012920.1	100.000	150	150	1.58e-77	278
POS_NC_001803_1_F0.001_R2_511	NC_012920.1	99.333	150	150	7.34e-76	272
POS_NC_001803_1_F0.001_R2_512	NC_012920.1	100.000	150	150	1.58e-77	278
POS_NC_001803_1_F0.001_R2_513	NC_012920.1	100.000	150	150	1.58e-77	278
POS_NC_001803_1_F0.001_R2_514	NC_012920.1	99.333	150	150	7.34e-76	272
POS_NC_001803_1_F0.001_R2_515	NC_012920.1	100.000	150	150	1.58e-77	278
POS_NC_001803_1_F0.001_R2_516	NC_012920.1	100.000	150	150	1.58e-77	278
POS_NC_001803_1_F0.001_R2_517	NC_012920.1	99.333	150	150	7.34e-76	272
POS_NC_001803_1_F0.001_R2_518	NC_012920.1	100.000	150	150	1.58e-77	278
POS_NC_001803_1_F0.001_R2_519	NC_012920.1	99.333	150	150	7.34e-76	272
POS_NC_001803_1_F0.001_R2_520	NC_012920.1	100.000	150	150	1.58e-77	278
POS_NC_001803_1_F0.001_R2_521	NC_012920.1	100.000	150	150	1.58e-77	278
POS_NC_001803_1_F0.001_R2_522	NC_012920.1	100.000	150	150	1.58e-77	278
POS_NC_001803_1_F0.001_R2_523	NC_012920.1	100.000	150	150	1.58e-77	278
POS_NC_001803_1_F0.001_R2_524	NC_012920.1	100.000	150	150	1.58e-77	278
POS_NC_001803_1_F0.001_R2_525	NC_012920.1	100.000	150	150	1.58e-77	278
POS_NC_001803_1_F0.001_R2_526	NC_012920.1	100.000	150	150	1.58e-77	278
POS_NC_001803_1_F0.001_R2_527	NC_012920.1	100.000	150	150	1.58e-77	278
POS_NC_001803_1_F0.001_R2_528	NC_012920.1	100.000	150	150	1.58e-77	278
POS_NC_001803_1_F0.001_R2_529	NC_012920.1	100.000	150	150	1.58e-77	278
POS_NC_001803_1_F0.001_R2_530	NC_012920.1	100.000	150	150	1.58e-77	278
POS_NC_001803_1_F0.001_R2_531	NC_012920.1	100.000	150	150	1.58e-77	278
POS_NC_001803_1_F0.001_R2_532	NC_012920.1	100.000	150	150	1.58e-77	278
POS_NC_001803_1_F0.001_R2_533	NC_012920.1	100.000	150	150	1.58e-77	278
POS_NC_001803_1_F0.001_R2_534	NC_012920.1	100.000	150	150	1.58e-77	278
POS_NC_001803_1_F0.001_R2_535	NC_012920.1	100.000	150	150	1.58e-77	278
POS_NC_001803_1_F0.001_R2_536	NC_012920.1	99.333	150	150	7.34e-76	272
POS_NC_001803_1_F0.001_R2_537	NC_012920.1	98.667	150	150	3.42e-74	267
POS_NC_001803_1_F0.001_R2_538	NC_012920.1	99.333	150	150	7.34e-76	272
POS_NC_001803_1_F0.001_R2_539	NC_012920.1	100.000	150	150	1.58e-77	278
POS_NC_001803_1_F0.001_R2_540	NC_012920.1	99.333	150	150	7.34e-76	272
POS_NC_001803_1_F0.001_R2_541	NC_012920.1	99.333	150	150	7.34e-76	272
POS_NC_001803_1_F0.001_R2_542	NC_012920.1	98.667	150	150	3.42e-74	267
POS_NC_001803_1_F0.001_R2_543	NC_012920.1	100.000	150	150	1.58e-77	278
POS_NC_001803_1_F0.001_R2_544	NC_012920.1	100.000	150	150	1.58e-77	278
POS_NC_001803_1_F0.001_R2_545	NC_012920.1	100.000	150	150	1.58e-77	278
POS_NC_001803_1_F0.001_R2_546	NC_012920.1	100.000	150	150	1.58e-77	278
POS_NC_001803_1_F0.001_R2_547	NC_012920.1	100.000	150	150	1.58e-77	278
POS_NC_001803_1_F0.001_R2_548	NC_012920.1	100.000	150	150	1.58e-77	278
POS_NC_001803_1_F0.001_R2_549	NC_012920.1	100.000	150	150	1.58e-77	278
POS_NC_001803_1_F0.001_R2_550	NC_012920.1	99.333	150	150	7.34e-76	272
POS_NC_001803_1_F0.001_R2_551	NC_012920.1	100.000	150	150	1.58e-77	278
POS_NC_001803_1_F0.001_R2_552	NC_012920.1	100.000	150	150	1.58e-77	278
POS_NC_001803_1_F0.001_R2_553	NC_012920.1	99.333	150	150	7.34e-76	272
POS_NC_001803_1_F0.001_R2_554	NC_012920.1	99.333	150	150	7.34e-76	272
POS_NC_001803_1_F0.001_R2_555	NC_012920.1	100.000	150	150	1.58e-77	278
POS_NC_001803_1_F0.001_R2_556	NC_012920.1	99.333	150	150	7.34e-76	272
POS_NC_001803_1_F0.001_R2_557	NC_012920.1	100.000	150	150	1.58e-77	278
POS_NC_001803_1_F0.001_R2_558	NC_012920.1	98.667	150	150	3.42e-74	267
POS_NC_001803_1_F0.001_R2_559	NC_012920.1	100.000	150	150	1.58e-77	278
POS_NC_001803_1_F0.001_R2_560	NC_012920.1	100.000	150	150	1.58e-77	278
POS_NC_001803_1_F0.001_R2_561	NC_012920.1	99.333	150	150	7.34e-76	272
POS_NC_001803_1_F0.001_R2_562	NC_012920.1	100.000	150	150	1.58e-77	278
POS_NC_001803_1_F0.001_R2_563	NC_012920.1	100.000	150	150	1.58e-77	278
POS_NC_001803_1_F0.001_R2_564	NC_012920.1	99.333	150	150	7.34e-76	272
POS_NC_001803_1_F0.001_R2_565	NC_012920.1	100.000	150	150	1.58e-77	278
POS_NC_001803_1_F0.001_R2_566	NC_012920.1	100.000	150	150	1.58e-77	278
POS_NC_001803_1_F0.001_R2_567	NC_012920.1	100.000	150	150	1.58e-77	278
POS_NC_001803_1_F0.001_R2_568	NC_012920.1	100.000	150	150	1.58e-77	278
POS_NC_001803_1_F0.001_R2_569	NC_012920.1	100.000	150	150	1.58e-77	278
POS_NC_001803_1_F0.001_R2_570	NC_012920.1	100.000	150	150	1.58e-77	278
POS_NC_001803_1_F0.001_R2_571	NC_012920.1	99.333	150	150	7.34e-76	272
POS_NC_001803_1_F0.001_R2_572	NC_012920.1	99.333	150	150	7.34e-76	272
POS_NC_001803_1_F0.001_R2_573	NC_012920.1	100.000	150	150	1.58e-77	278
POS_NC_001803_1_F0.001_R2_574	NC_012920.1	100.000	150	150	1.58e-77	278
POS_NC_001803_1_F0.001_R2_575	NC_012920.1	100.000	150	150	1.58e-77	278
POS_NC_001803_1_F0.001_R2_576	NC_012920.1	100.000	150	150	1.58e-77	278
POS_NC_001803_1_F0.001_R2_577	NC_012920.1	100.000	150	150	1.58e-77	278
POS_NC_001803_1_F0.001_R2_578	NC_012920.1	100.000	150	150	1.58e-77	278
POS_NC_001803_1_F0.001_R2_579	NC_012920.1	100.000	150	150	1.58e-77	278
POS_NC_001803_1_F0.001_R2_580	NC_012920.1	100.000	150	150	1.58e-77	278
POS_NC_001803_1_F0.001_R2_581	NC_012920.1	100.000	150	150	1.58e-77	278
POS_NC_001803_1_F0.001_R2_582	NC_012920.1	99.333	150	150	7.34e-76	272
POS_NC_001803_1_F0.001_R2_583	NC_012920.1	100.000	150	150	1.58e-77	278
POS_NC_001803_1_F0.001_R2_584	NC_012920.1	99.333	150	150	7.34e-76	272
POS_NC_001803_1_F0.001_R2_585	NC_012920.1	100.000	150	150	1.58e-77	278
POS_NC_001803_1_F0.001_R2_586	NC_012920.1	100.000	150	150	1.58e-77	278
POS_NC_001803_1_F0.001_R2_587	NC_012920.1	100.000	150	150	1.58e-77	278
POS_NC_001803_1_F0.001_R2_588	NC_012920.1	99.333	150	150	7.34e-76	272
POS_NC_001803_1_F0.001_R2_589	NC_012920.1	100.000	150	150	1.58e-77	278
POS_NC_001803_1_F0.001_R2_590	NC_012920.1	100.000	150	150	1.58e-77	278
POS_NC_001803_1_F0.001_R2_591	NC_012920.1	99.333	150	150	7.34e-76	272
POS_NC_001803_1_F0.001_R2_592	NC_012920.1	99.333	150	150	7.34e-76	272
POS_NC_001803_1_F0.001_R2_593	NC_012920.1	98.667	150	150	4.42e-73	263
POS_NC_001803_1_F0.001_R2_594	NC_012920.1	100.000	150	150	1.58e-77	278
POS_NC_001803_1_F0.001_R2_595	NC_012920.1	100.000	150	150	1.58e-77	278
POS_NC_001803_1_F0.001_R2_596	NC_012920.1	100.000	149	150	5.68e-77	276
POS_NC_001803_1_F0.001_R2_597	NC_012920.1	100.000	150	150	1.58e-77	278
POS_NC_001803_1_F0.001_R2_598	NC_012920.1	100.000	150	150	1.58e-77	278
POS_NC_001803_1_F0.001_R2_599	NC_012920.1	99.333	150	150	7.34e-76	272
POS_NC_001803_1_F0.001_R2_600	NC_012920.1	100.000	150	150	1.58e-77	278
POS_NC_001803_1_F0.001_R2_601	NC_012920.1	100.000	150	150	1.58e-77	278
POS_NC_001803_1_F0.001_R2_602	NC_012920.1	100.000	150	150	1.58e-77	278
POS_NC_001803_1_F0.001_R2_603	NC_012920.1	99.333	150	150	7.34e-76	272
POS_NC_001803_1_F0.001_R2_604	NC_012920.1	99.333	150	150	7.34e-76	272
POS_NC_001803_1_F0.001_R2_605	NC_012920.1	100.000	150	150	1.58e-77	278
POS_NC_001803_1_F0.001_R2_606	NC_012920.1	99.333	150	150	7.34e-76	272
POS_NC_001803_1_F0.001_R2_607	NC_012920.1	100.000	150	150	1.58e-77	278
POS_NC_001803_1_F0.001_R2_608	NC_012920.1	100.000	150	150	1.58e-77	278
POS_NC_001803_1_F0.001_R2_609	NC_012920.1	98.667	150	150	3.42e-74	267
POS_NC_001803_1_F0.001_R2_610	NC_012920.1	99.333	150	150	7.34e-76	272
POS_NC_001803_1_F0.001_R2_611	NC_012920.1	100.000	150	150	1.58e-77	278
POS_NC_001803_1_F0.001_R2_612	NC_012920.1	99.333	150	150	7.34e-76	272
POS_NC_001803_1_F0.001_R2_613	NC_012920.1	100.000	150	150	1.58e-77	278
POS_NC_001803_1_F0.001_R2_614	NC_012920.1	100.000	150	150	1.58e-77	278
POS_NC_001803_1_F0.001_R2_615	NC_012920.1	100.000	150	150	1.58e-77	278
POS_NC_001803_1_F0.001_R2_616	NC_012920.1	100.000	150	150	1.58e-77	278
POS_NC_001803_1_F0.001_R2_617	NC_012920.1	100.000	150	150	1.58e-77	278
POS_NC_001803_1_F0.001_R2_618	NC_012920.1	100.000	150	150	1.58e-77	278
POS_NC_001803_1_F0.001_R2_619	NC_012920.1	99.333	150	150	7.34e-76	272
POS_NC_001803_1_F0.001_R2_620	NC_012920.1	100.000	150	150	1.58e-77	278
POS_NC_001803_1_F0.001_R2_621	NC_012920.1	99.333	150	150	7.34e-76	272
POS_NC_001803_1_F0.001_R2_622	NC_012920.1	100.000	150	150	1.58e-77	278
POS_NC_001803_1_F0.001_R2_623	NC_012920.1	99.333	150	150	7.34e-76	272
POS_NC_001803_1_F0.001_R2_624	NC_012920.1	100.000	150	150	1.58e-77	278
POS_NC_001803_1_F0.001_R2_625	NC_012920.1	99.333	150	150	7.34e-76	272
POS_NC_001803_1_F0.001_R2_626	NC_012920.1	99.333	150	150	7.34e-76	272
POS_NC_001803_1_F0.001_R2_627	NC_012920.1	99.333	150	150	7.34e-76	272
POS_NC_001803_1_F0.001_R2_628	NC_012920.1	99.333	150	150	7.34e-76	272
POS_NC_001803_1_F0.001_R2_629	NC_012920.1	100.000	150	150	1.58e-77	278
POS_NC_001803_1_F0.001_R2_630	NC_012920.1	99.333	150	150	9.50e-75	268
POS_NC_001803_1_F0.001_R2_631	NC_012920.1	100.000	150	150	1.58e-77	278
POS_NC_001803_1_F0.001_R2_632	NC_012920.1	100.000	150	150	1.58e-77	278
POS_NC_001803_1_F0.001_R2_633	NC_012920.1	100.000	150	150	1.58e-77	278
POS_NC_001803_1_F0.001_R2_634	NC_012920.1	99.333	150	150	7.34e-76	272
POS_NC_001803_1_F0.001_R2_635	NC_012920.1	100.000	150	150	1.58e-77	278
POS_NC_001803_1_F0.001_R2_636	NC_012920.1	100.000	150	150	1.58e-77	278
POS_NC_001803_1_F0.001_R2_637	NC_012920.1	100.000	150	150	1.58e-77	278
POS_NC_001803_1_F0.001_R2_638	NC_012920.1	99.333	150	150	7.34e-76	272
POS_NC_001803_1_F0.001_R2_639	NC_012920.1	100.000	150	150	1.58e-77	278
POS_NC_001803_1_F0.001_R2_640	NC_012920.1	100.000	150	150	1.58e-77	278
POS_NC_001803_1_F0.001_R2_641	NC_012920.1	99.333	150	150	7.34e-76	272
POS_NC_001803_1_F0.001_R2_642	NC_012920.1	100.000	150	150	1.58e-77	278
POS_NC_001803_1_F0.001_R2_643	NC_012920.1	100.000	150	150	1.58e-77	278
POS_NC_001803_1_F0.001_R2_644	NC_012920.1	100.000	150	150	1.58e-77	278
POS_NC_001803_1_F0.001_R2_645	NC_012920.1	100.000	150	150	1.58e-77	278
POS_NC_001803_1_F0.001_R2_646	NC_012920.1	99.333	150	150	7.34e-76	272
POS_NC_001803_1_F0.001_R2_647	NC_012920.1	100.000	150	150	1.58e-77	278
POS_NC_001803_1_F0.001_R2_648	NC_012920.1	100.000	150	150	1.58e-77	278
POS_NC_001803_1_F0.001_R2_649	NC_012920.1	99.333	150	150	7.34e-76	272
POS_NC_001803_1_F0.001_R2_650	NC_012920.1	100.000	150	150	1.58e-77	278
POS_NC_001803_1_F0.001_R2_651	NC_012920.1	100.000	150	150	1.58e-77	278
POS_NC_001803_1_F0.001_R2_652	NC_012920.1	100.000	150	150	1.58e-77	278
POS_NC_001803_1_F0.001_R2_653	NC_012920.1	100.000	150	150	1.58e-77	278
POS_NC_001803_1_F0.001_R2_654	NC_012920.1	100.000	150	150	1.58e-77	278
POS_NC_001803_1_F0.001_R2_655	NC_012920.1	100.000	150	150	1.58e-77	278
POS_NC_001803_1_F0.001_R2_656	NC_012920.1	99.333	150	150	7.34e-76	272
POS_NC_001803_1_F0.001_R2_657	NC_012920.1	100.000	150	150	1.58e-77	278
POS_NC_001803_1_F0.001_R2_658	NC_012920.1	100.000	150	150	1.58e-77	278
POS_NC_001803_1_F0.001_R2_659	NC_012920.1	100.000	150	150	1.58e-77	278
POS_NC_001803_1_F0.001_R2_660	NC_012920.1	100.000	150	150	1.58e-77	278
POS_NC_001803_1_F0.001_R2_661	NC_012920.1	99.333	150	150	7.34e-76	272
POS_NC_001803_1_F0.001_R2_662	NC_012920.1	100.000	150	150	1.58e-77	278
POS_NC_001803_1_F0.001_R2_663	NC_012920.1	100.000	150	150	1.58e-77	278
POS_NC_001803_1_F0.001_R2_664	NC_012920.1	98.667	150	150	3.42e-74	267
POS_NC_001803_1_F0.001_R2_665	NC_012920.1	100.000	150	150	1.58e-77	278
POS_NC_001803_1_F0.001_R2_666	NC_012920.1	100.000	150	150	1.58e-77	278
POS_NC_001803_1_F0.001_R2_667	NC_012920.1	100.000	150	150	1.58e-77	278
POS_NC_001803_1_F0.001_R2_668	NC_012920.1	100.000	150	150	1.58e-77	278
POS_NC_001803_1_F0.001_R2_669	NC_012920.1	100.000	150	150	1.58e-77	278
POS_NC_001803_1_F0.001_R2_670	NC_012920.1	99.333	150	150	7.34e-76	272
POS_NC_001803_1_F0.001_R2_671	NC_012920.1	100.000	150	150	1.58e-77	278
POS_NC_001803_1_F0.001_R2_672	NC_012920.1	100.000	150	150	1.58e-77	278
POS_NC_001803_1_F0.001_R2_673	NC_012920.1	100.000	150	150	1.58e-77	278
POS_NC_001803_1_F0.001_R2_674	NC_012920.1	100.000	150	150	1.58e-77	278
POS_NC_001803_1_F0.001_R2_675	NC_012920.1	100.000	150	150	1.58e-77	278
POS_NC_001803_1_F0.001_R2_676	NC_012920.1	100.000	150	150	1.58e-77	278
POS_NC_001803_1_F0.001_R2_677	NC_012920.1	99.333	150	150	7.34e-76	272
POS_NC_001803_1_F0.001_R2_678	NC_012920.1	100.000	150	150	1.58e-77	278
POS_NC_001803_1_F0.001_R2_679	NC_012920.1	100.000	150	150	1.58e-77	278
POS_NC_001803_1_F0.001_R2_680	NC_012920.1	99.333	150	150	7.34e-76	272
POS_NC_001803_1_F0.001_R2_681	NC_012920.1	100.000	150	150	1.58e-77	278
POS_NC_001803_1_F0.001_R2_682	NC_012920.1	100.000	150	150	1.58e-77	278
POS_NC_001803_1_F0.001_R2_683	NC_012920.1	100.000	150	150	1.58e-77	278
POS_NC_001803_1_F0.001_R2_684	NC_012920.1	100.000	150	150	1.58e-77	278
POS_NC_001803_1_F0.001_R2_685	NC_012920.1	100.000	150	150	1.58e-77	278
POS_NC_001803_1_F0.001_R2_686	NC_012920.1	100.000	150	150	1.58e-77	278
POS_NC_001803_1_F0.001_R2_687	NC_012920.1	100.000	150	150	1.58e-77	278
POS_NC_001803_1_F0.001_R2_688	NC_012920.1	100.000	150	150	1.58e-77	278
POS_NC_001803_1_F0.001_R2_689	NC_012920.1	99.333	150	150	7.34e-76	272
POS_NC_001803_1_F0.001_R2_690	NC_012920.1	100.000	150	150	1.58e-77	278
POS_NC_001803_1_F0.001_R2_691	NC_012920.1	100.000	150	150	1.58e-77	278
POS_NC_001803_1_F0.001_R2_692	NC_012920.1	100.000	150	150	1.58e-77	278
POS_NC_001803_1_F0.001_R2_693	NC_012920.1	99.333	150	150	7.34e-76	272
POS_NC_001803_1_F0.001_R2_694	NC_012920.1	100.000	150	150	1.58e-77	278
POS_NC_001803_1_F0.001_R2_695	NC_012920.1	100.000	150	150	1.58e-77	278
POS_NC_001803_1_F0.001_R2_696	NC_012920.1	100.000	150	150	1.58e-77	278
POS_NC_001803_1_F0.001_R2_697	NC_012920.1	100.000	150	150	1.58e-77	278
POS_NC_001803_1_F0.001_R2_698	NC_012920.1	99.333	150	150	7.34e-76	272
POS_NC_001803_1_F0.001_R2_699	NC_012920.1	99.333	150	150	7.34e-76	272
POS_NC_001803_1_F0.001_R2_700	NC_012920.1	100.000	150	150	1.58e-77	278
POS_NC_001803_1_F0.001_R2_701	NC_012920.1	98.667	150	150	3.42e-74	267
POS_NC_001803_1_F0.001_R2_702	NC_012920.1	100.000	150	150	1.58e-77	278
POS_NC_001803_1_F0.001_R2_703	NC_012920.1	100.000	150	150	1.58e-77	278
POS_NC_001803_1_F0.001_R2_704	NC_012920.1	99.333	150	150	7.34e-76	272
POS_NC_001803_1_F0.001_R2_705	NC_012920.1	100.000	150	150	1.58e-77	278
POS_NC_001803_1_F0.001_R2_706	NC_012920.1	100.000	150	150	1.58e-77	278
POS_NC_001803_1_F0.001_R2_707	NC_012920.1	100.000	150	150	1.58e-77	278
POS_NC_001803_1_F0.001_R2_708	NC_012920.1	100.000	150	150	1.58e-77	278
POS_NC_001803_1_F0.001_R2_709	NC_012920.1	100.000	150	150	1.58e-77	278
POS_NC_001803_1_F0.001_R2_710	NC_012920.1	99.333	150	150	7.34e-76	272
POS_NC_001803_1_F0.001_R2_711	NC_012920.1	100.000	150	150	1.58e-77	278
POS_NC_001803_1_F0.001_R2_712	NC_012920.1	98.667	150	150	3.42e-74	267
POS_NC_001803_1_F0.001_R2_713	NC_012920.1	100.000	150	150	1.58e-77	278
POS_NC_001803_1_F0.001_R2_714	NC_012920.1	100.000	150	150	1.58e-77	278
POS_NC_001803_1_F0.001_R2_715	NC_012920.1	100.000	150	150	1.58e-77	278
POS_NC_001803_1_F0.001_R2_716	NC_012920.1	100.000	150	150	1.58e-77	278
POS_NC_001803_1_F0.001_R2_717	NC_012920.1	100.000	150	150	1.58e-77	278
POS_NC_001803_1_F0.001_R2_718	NC_012920.1	100.000	150	150	1.58e-77	278
POS_NC_001803_1_F0.001_R2_719	NC_012920.1	100.000	150	150	1.58e-77	278
POS_NC_001803_1_F0.001_R2_720	NC_012920.1	100.000	150	150	1.58e-77	278
POS_NC_001803_1_F0.001_R2_721	NC_012920.1	98.000	150	150	1.59e-72	261
POS_NC_001803_1_F0.001_R2_722	NC_012920.1	100.000	150	150	1.58e-77	278
POS_NC_001803_1_F0.001_R2_723	NC_012920.1	100.000	150	150	1.58e-77	278
POS_NC_001803_1_F0.001_R2_724	NC_012920.1	99.333	150	150	7.34e-76	272
POS_NC_001803_1_F0.001_R2_725	NC_012920.1	100.000	150	150	1.58e-77	278
POS_NC_001803_1_F0.001_R2_726	NC_012920.1	100.000	150	150	1.58e-77	278
POS_NC_001803_1_F0.001_R2_727	NC_012920.1	100.000	150	150	1.58e-77	278
POS_NC_001803_1_F0.001_R2_728	NC_012920.1	100.000	150	150	1.58e-77	278
POS_NC_001803_1_F0.001_R2_729	NC_012920.1	99.333	150	150	7.34e-76	272
POS_NC_001803_1_F0.001_R2_730	NC_012920.1	100.000	150	150	1.58e-77	278
POS_NC_001803_1_F0.001_R2_731	NC_012920.1	100.000	150	150	1.58e-77	278
POS_NC_001803_1_F0.001_R2_732	NC_012920.1	100.000	150	150	1.58e-77	278
POS_NC_001803_1_F0.001_R2_733	NC_012920.1	99.333	150	150	7.34e-76	272
POS_NC_001803_1_F0.001_R2_734	NC_012920.1	100.000	150	150	1.58e-77	278
POS_NC_001803_1_F0.001_R2_735	NC_012920.1	100.000	150	150	1.58e-77	278
POS_NC_001803_1_F0.001_R2_736	NC_012920.1	100.000	150	150	1.58e-77	278
POS_NC_001803_1_F0.001_R2_737	NC_012920.1	99.333	150	150	7.34e-76	272
POS_NC_001803_1_F0.001_R2_738	NC_012920.1	100.000	150	150	1.58e-77	278
POS_NC_001803_1_F0.001_R2_739	NC_012920.1	100.000	150	150	1.58e-77	278
POS_NC_001803_1_F0.001_R2_740	NC_012920.1	99.329	149	150	2.64e-75	270
POS_NC_001803_1_F0.001_R2_741	NC_012920.1	98.667	150	150	3.42e-74	267
POS_NC_001803_1_F0.001_R2_742	NC_012920.1	100.000	150	150	1.58e-77	278
POS_NC_001803_1_F0.001_R2_743	NC_012920.1	100.000	150	150	1.58e-77	278
POS_NC_001803_1_F0.001_R2_744	NC_012920.1	100.000	150	150	1.58e-77	278
POS_NC_001803_1_F0.001_R2_745	NC_012920.1	100.000	150	150	1.58e-77	278
POS_NC_001803_1_F0.001_R2_746	NC_012920.1	100.000	150	150	1.58e-77	278
POS_NC_001803_1_F0.001_R2_747	NC_012920.1	99.333	150	150	7.34e-76	272
POS_NC_001803_1_F0.001_R2_748	NC_012920.1	100.000	150	150	1.58e-77	278
POS_NC_001803_1_F0.001_R2_749	NC_012920.1	100.000	150	150	1.58e-77	278
POS_NC_001803_1_F0.001_R2_750	NC_012920.1	100.000	150	150	1.58e-77	278
POS_NC_001803_1_F0.001_R2_751	NC_012920.1	100.000	150	150	1.58e-77	278
POS_NC_001803_1_F0.001_R2_752	NC_012920.1	100.000	150	150	1.58e-77	278
POS_NC_001803_1_F0.001_R2_753	NC_012920.1	100.000	150	150	1.58e-77	278
POS_NC_001803_1_F0.001_R2_754	NC_012920.1	100.000	150	150	1.58e-77	278
POS_NC_001803_1_F0.001_R2_755	NC_012920.1	99.333	150	150	7.34e-76	272
POS_NC_001803_1_F0.001_R2_756	NC_012920.1	100.000	150	150	1.58e-77	278
POS_NC_001803_1_F0.001_R2_757	NC_012920.1	100.000	150	150	1.58e-77	278
POS_NC_001803_1_F0.001_R2_758	NC_012920.1	99.333	150	150	7.34e-76	272
POS_NC_001803_1_F0.001_R2_759	NC_012920.1	99.333	150	150	7.34e-76	272
POS_NC_001803_1_F0.001_R2_760	NC_012920.1	100.000	150	150	1.58e-77	278
POS_NC_001803_1_F0.001_R2_761	NC_012920.1	100.000	150	150	1.58e-77	278
POS_NC_001803_1_F0.001_R2_762	NC_012920.1	100.000	149	150	5.68e-77	276
POS_NC_001803_1_F0.001_R2_763	NC_012920.1	100.000	150	150	1.58e-77	278
POS_NC_001803_1_F0.001_R2_764	NC_012920.1	99.333	150	150	7.34e-76	272
POS_NC_001803_1_F0.001_R2_765	NC_012920.1	100.000	150	150	1.58e-77	278
POS_NC_001803_1_F0.001_R2_766	NC_012920.1	99.333	150	150	7.34e-76	272
POS_NC_001803_1_F0.001_R2_767	NC_012920.1	99.333	150	150	7.34e-76	272
POS_NC_001803_1_F0.001_R2_768	NC_012920.1	100.000	150	150	1.58e-77	278
POS_NC_001803_1_F0.001_R2_769	NC_012920.1	100.000	150	150	1.58e-77	278
POS_NC_001803_1_F0.001_R2_770	NC_012920.1	99.333	150	150	7.34e-76	272
POS_NC_001803_1_F0.001_R2_771	NC_012920.1	100.000	150	150	1.58e-77	278
POS_NC_001803_1_F0.001_R2_772	NC_012920.1	100.000	150	150	1.58e-77	278
POS_NC_001803_1_F0.001_R2_773	NC_012920.1	100.000	150	150	1.58e-77	278
POS_NC_001803_1_F0.001_R2_774	NC_012920.1	100.000	150	150	1.58e-77	278
POS_NC_001803_1_F0.001_R2_775	NC_012920.1	100.000	150	150	1.58e-77	278
POS_NC_001803_1_F0.001_R2_776	NC_012920.1	100.000	150	150	1.58e-77	278
POS_NC_001803_1_F0.001_R2_777	NC_012920.1	99.333	150	150	7.34e-76	272
POS_NC_001803_1_F0.001_R2_778	NC_012920.1	100.000	150	150	1.58e-77	278
POS_NC_001803_1_F0.001_R2_779	NC_012920.1	100.000	150	150	1.58e-77	278
POS_NC_001803_1_F0.001_R2_780	NC_012920.1	100.000	150	150	1.58e-77	278
POS_NC_001803_1_F0.001_R2_781	NC_012920.1	100.000	150	150	1.58e-77	278
POS_NC_001803_1_F0.001_R2_782	NC_012920.1	100.000	150	150	1.58e-77	278
POS_NC_001803_1_F0.001_R2_783	NC_012920.1	100.000	150	150	1.58e-77	278
POS_NC_001803_1_F0.001_R2_784	NC_012920.1	100.000	150	150	1.58e-77	278
POS_NC_001803_1_F0.001_R2_785	NC_012920.1	99.333	150	150	7.34e-76	272
POS_NC_001803_1_F0.001_R2_786	NC_012920.1	100.000	150	150	1.58e-77	278
POS_NC_001803_1_F0.001_R2_787	NC_012920.1	100.000	150	150	1.58e-77	278
POS_NC_001803_1_F0.001_R2_788	NC_012920.1	100.000	150	150	1.58e-77	278
POS_NC_001803_1_F0.001_R2_789	NC_012920.1	100.000	150	150	1.58e-77	278
POS_NC_001803_1_F0.001_R2_790	NC_012920.1	99.333	150	150	7.34e-76	272
POS_NC_001803_1_F0.001_R2_791	NC_012920.1	100.000	150	150	1.58e-77	278
POS_NC_001803_1_F0.001_R2_792	NC_012920.1	100.000	150	150	1.58e-77	278
POS_NC_001803_1_F0.001_R2_793	NC_012920.1	99.333	150	150	7.34e-76	272
POS_NC_001803_1_F0.001_R2_794	NC_012920.1	100.000	150	150	1.58e-77	278
POS_NC_001803_1_F0.001_R2_795	NC_012920.1	100.000	150	150	1.58e-77	278
POS_NC_001803_1_F0.001_R2_796	NC_012920.1	100.000	150	150	1.58e-77	278
POS_NC_001803_1_F0.001_R2_797	NC_012920.1	100.000	150	150	1.58e-77	278
POS_NC_001803_1_F0.001_R2_798	NC_012920.1	100.000	150	150	1.58e-77	278
POS_NC_001803_1_F0.001_R2_799	NC_012920.1	99.333	150	150	7.34e-76	272
POS_NC_001803_1_F0.001_R2_800	NC_012920.1	100.000	150	150	1.58e-77	278
POS_NC_001803_1_F0.001_R2_801	NC_012920.1	100.000	150	150	1.58e-77	278
POS_NC_001803_1_F0.001_R2_802	NC_012920.1	100.000	150	150	1.58e-77	278
POS_NC_001803_1_F0.001_R2_803	NC_012920.1	100.000	150	150	1.58e-77	278
POS_NC_001803_1_F0.001_R2_804	NC_012920.1	100.000	150	150	1.58e-77	278
POS_NC_001803_1_F0.001_R2_805	NC_012920.1	99.333	150	150	7.34e-76	272
POS_NC_001803_1_F0.001_R2_806	NC_012920.1	99.333	150	150	7.34e-76	272
POS_NC_001803_1_F0.001_R2_807	NC_012920.1	100.000	150	150	1.58e-77	278
POS_NC_001803_1_F0.001_R2_808	NC_012920.1	99.333	150	150	7.34e-76	272
POS_NC_001803_1_F0.001_R2_809	NC_012920.1	99.333	150	150	7.34e-76	272
POS_NC_001803_1_F0.001_R2_810	NC_012920.1	99.333	150	150	7.34e-76	272
POS_NC_001803_1_F0.001_R2_811	NC_012920.1	100.000	150	150	1.58e-77	278
POS_NC_001803_1_F0.001_R2_812	NC_012920.1	100.000	150	150	1.58e-77	278
POS_NC_001803_1_F0.001_R2_813	NC_012920.1	99.333	150	150	7.34e-76	272
POS_NC_001803_1_F0.001_R2_814	NC_012920.1	100.000	150	150	1.58e-77	278
POS_NC_001803_1_F0.001_R2_815	NC_012920.1	100.000	150	150	1.58e-77	278
POS_NC_001803_1_F0.001_R2_816	NC_012920.1	100.000	150	150	1.58e-77	278
POS_NC_001803_1_F0.001_R2_817	NC_012920.1	100.000	150	150	1.58e-77	278
POS_NC_001803_1_F0.001_R2_818	NC_012920.1	99.333	150	150	7.34e-76	272
POS_NC_001803_1_F0.001_R2_819	NC_012920.1	100.000	150	150	1.58e-77	278
POS_NC_001803_1_F0.001_R2_820	NC_012920.1	100.000	150	150	1.58e-77	278
POS_NC_001803_1_F0.001_R2_821	NC_012920.1	99.333	150	150	7.34e-76	272
POS_NC_001803_1_F0.001_R2_822	NC_012920.1	100.000	150	150	1.58e-77	278
POS_NC_001803_1_F0.001_R2_823	NC_012920.1	98.667	150	150	3.42e-74	267
POS_NC_001803_1_F0.001_R2_824	NC_012920.1	100.000	150	150	1.58e-77	278
POS_NC_001803_1_F0.001_R2_825	NC_012920.1	100.000	150	150	1.58e-77	278
POS_NC_001803_1_F0.001_R2_826	NC_012920.1	100.000	150	150	1.58e-77	278
POS_NC_001803_1_F0.001_R2_827	NC_012920.1	99.333	150	150	7.34e-76	272
POS_NC_001803_1_F0.001_R2_828	NC_012920.1	100.000	150	150	1.58e-77	278
POS_NC_001803_1_F0.001_R2_829	NC_012920.1	100.000	150	150	1.58e-77	278
POS_NC_001803_1_F0.001_R2_830	NC_012920.1	99.333	150	150	7.34e-76	272
POS_NC_001803_1_F0.001_R2_831	NC_012920.1	100.000	150	150	1.58e-77	278
POS_NC_001803_1_F0.001_R2_832	NC_012920.1	99.329	149	150	2.64e-75	270
POS_NC_001803_1_F0.001_R2_833	NC_012920.1	99.333	150	150	7.34e-76	272
POS_NC_001803_1_F0.001_R2_834	NC_012920.1	99.333	150	150	7.34e-76	272
POS_NC_001803_1_F0.001_R2_835	NC_012920.1	100.000	150	150	1.58e-77	278
POS_NC_001803_1_F0.001_R2_836	NC_012920.1	100.000	150	150	1.58e-77	278
POS_NC_001803_1_F0.001_R2_837	NC_012920.1	100.000	150	150	1.58e-77	278
POS_NC_001803_1_F0.001_R2_838	NC_012920.1	100.000	150	150	1.58e-77	278
POS_NC_001803_1_F0.001_R2_839	NC_012920.1	100.000	150	150	1.58e-77	278
POS_NC_001803_1_F0.001_R2_840	NC_012920.1	100.000	150	150	1.58e-77	278
POS_NC_001803_1_F0.001_R2_841	NC_012920.1	99.333	150	150	7.34e-76	272
POS_NC_001803_1_F0.001_R2_842	NC_012920.1	100.000	150	150	1.58e-77	278
POS_NC_001803_1_F0.001_R2_843	NC_012920.1	100.000	150	150	1.58e-77	278
POS_NC_001803_1_F0.001_R2_844	NC_012920.1	100.000	150	150	1.58e-77	278
POS_NC_001803_1_F0.001_R2_845	NC_012920.1	99.333	150	150	7.34e-76	272
POS_NC_001803_1_F0.001_R2_846	NC_012920.1	100.000	150	150	1.58e-77	278
POS_NC_001803_1_F0.001_R2_847	NC_012920.1	100.000	150	150	1.58e-77	278
POS_NC_001803_1_F0.001_R2_848	NC_012920.1	100.000	150	150	1.58e-77	278
POS_NC_001803_1_F0.001_R2_849	NC_012920.1	100.000	150	150	1.58e-77	278
POS_NC_001803_1_F0.001_R2_850	NC_012920.1	100.000	150	150	2.04e-76	274
POS_NC_001803_1_F0.001_R2_851	NC_012920.1	99.333	150	150	7.34e-76	272
POS_NC_001803_1_F0.001_R2_852	NC_012920.1	100.000	150	150	1.58e-77	278
POS_NC_001803_1_F0.001_R2_853	NC_012920.1	100.000	150	150	1.58e-77	278
POS_NC_001803_1_F0.001_R2_854	NC_012920.1	100.000	150	150	1.58e-77	278
POS_NC_001803_1_F0.001_R2_855	NC_012920.1	100.000	150	150	1.58e-77	278
POS_NC_001803_1_F0.001_R2_856	NC_012920.1	100.000	150	150	1.58e-77	278
POS_NC_001803_1_F0.001_R2_857	NC_012920.1	99.333	150	150	7.34e-76	272
POS_NC_001803_1_F0.001_R2_858	NC_012920.1	99.333	150	150	7.34e-76	272
POS_NC_001803_1_F0.001_R2_859	NC_012920.1	99.333	150	150	7.34e-76	272
POS_NC_001803_1_F0.001_R2_860	NC_012920.1	99.333	150	150	7.34e-76	272
POS_NC_001803_1_F0.001_R2_861	NC_012920.1	100.000	150	150	1.58e-77	278
POS_NC_001803_1_F0.001_R2_862	NC_012920.1	100.000	150	150	1.58e-77	278
POS_NC_001803_1_F0.001_R2_863	NC_012920.1	99.333	150	150	7.34e-76	272
POS_NC_001803_1_F0.001_R2_864	NC_012920.1	100.000	150	150	1.58e-77	278
POS_NC_001803_1_F0.001_R2_865	NC_012920.1	100.000	150	150	1.58e-77	278
POS_NC_001803_1_F0.001_R2_866	NC_012920.1	100.000	150	150	1.58e-77	278
POS_NC_001803_1_F0.001_R2_867	NC_012920.1	100.000	150	150	1.58e-77	278
POS_NC_001803_1_F0.001_R2_868	NC_012920.1	100.000	150	150	1.58e-77	278
POS_NC_001803_1_F0.001_R2_869	NC_012920.1	100.000	150	150	1.58e-77	278
POS_NC_001803_1_F0.001_R2_870	NC_012920.1	98.667	150	150	3.42e-74	267
POS_NC_001803_1_F0.001_R2_871	NC_012920.1	99.333	150	150	7.34e-76	272
POS_NC_001803_1_F0.001_R2_872	NC_012920.1	100.000	150	150	1.58e-77	278
POS_NC_001803_1_F0.001_R2_873	NC_012920.1	100.000	150	150	1.58e-77	278
POS_NC_001803_1_F0.001_R2_874	NC_012920.1	99.333	150	150	7.34e-76	272
POS_NC_001803_1_F0.001_R2_875	NC_012920.1	100.000	150	150	1.58e-77	278
POS_NC_001803_1_F0.001_R2_876	NC_012920.1	100.000	150	150	1.58e-77	278
POS_NC_001803_1_F0.001_R2_877	NC_012920.1	100.000	150	150	1.58e-77	278
POS_NC_001803_1_F0.001_R2_878	NC_012920.1	100.000	150	150	1.58e-77	278
POS_NC_001803_1_F0.001_R2_879	NC_012920.1	100.000	150	150	1.58e-77	278
POS_NC_001803_1_F0.001_R2_880	NC_012920.1	100.000	150	150	1.58e-77	278
POS_NC_001803_1_F0.001_R2_881	NC_012920.1	98.667	150	150	3.42e-74	267
POS_NC_001803_1_F0.001_R2_882	NC_012920.1	100.000	150	150	1.58e-77	278
POS_NC_001803_1_F0.001_R2_883	NC_012920.1	100.000	150	150	1.58e-77	278
POS_NC_001803_1_F0.001_R2_884	NC_012920.1	100.000	150	150	1.58e-77	278
POS_NC_001803_1_F0.001_R2_885	NC_012920.1	100.000	150	150	1.58e-77	278
POS_NC_001803_1_F0.001_R2_886	NC_012920.1	100.000	150	150	1.58e-77	278
POS_NC_001803_1_F0.001_R2_887	NC_012920.1	99.333	150	150	7.34e-76	272
POS_NC_001803_1_F0.001_R2_888	NC_012920.1	100.000	150	150	1.58e-77	278
POS_NC_001803_1_F0.001_R2_889	NC_012920.1	98.667	150	150	3.42e-74	267
POS_NC_001803_1_F0.001_R2_890	NC_012920.1	100.000	150	150	1.58e-77	278
POS_NC_001803_1_F0.001_R2_891	NC_012920.1	100.000	150	150	1.58e-77	278
POS_NC_001803_1_F0.001_R2_892	NC_012920.1	100.000	150	150	1.58e-77	278
POS_NC_001803_1_F0.001_R2_893	NC_012920.1	100.000	150	150	1.58e-77	278
POS_NC_001803_1_F0.001_R2_894	NC_012920.1	100.000	150	150	1.58e-77	278
POS_NC_001803_1_F0.001_R2_895	NC_012920.1	100.000	150	150	1.58e-77	278
POS_NC_001803_1_F0.001_R2_896	NC_012920.1	100.000	150	150	1.58e-77	278
POS_NC_001803_1_F0.001_R2_897	NC_012920.1	100.000	150	150	1.58e-77	278
POS_NC_001803_1_F0.001_R2_898	NC_012920.1	100.000	150	150	1.58e-77	278
POS_NC_001803_1_F0.001_R2_899	NC_012920.1	99.333	150	150	7.34e-76	272
POS_NC_001803_1_F0.001_R2_900	NC_012920.1	100.000	150	150	1.58e-77	278
POS_NC_001803_1_F0.001_R2_901	NC_012920.1	100.000	150	150	1.58e-77	278
POS_NC_001803_1_F0.001_R2_902	NC_012920.1	100.000	150	150	1.58e-77	278
POS_NC_001803_1_F0.001_R2_903	NC_012920.1	100.000	150	150	1.58e-77	278
POS_NC_001803_1_F0.001_R2_904	NC_012920.1	100.000	150	150	1.58e-77	278
POS_NC_001803_1_F0.001_R2_905	NC_012920.1	100.000	150	150	1.58e-77	278
POS_NC_001803_1_F0.001_R2_906	NC_012920.1	100.000	150	150	1.58e-77	278
POS_NC_001803_1_F0.001_R2_907	NC_012920.1	100.000	150	150	1.58e-77	278
POS_NC_001803_1_F0.001_R2_908	NC_012920.1	100.000	150	150	1.58e-77	278
POS_NC_001803_1_F0.001_R2_909	NC_012920.1	99.333	150	150	7.34e-76	272
POS_NC_001803_1_F0.001_R2_910	NC_012920.1	100.000	150	150	1.58e-77	278
POS_NC_001803_1_F0.001_R2_911	NC_012920.1	100.000	150	150	1.58e-77	278
POS_NC_001803_1_F0.001_R2_912	NC_012920.1	100.000	150	150	1.58e-77	278
POS_NC_001803_1_F0.001_R2_913	NC_012920.1	100.000	150	150	1.58e-77	278
POS_NC_001803_1_F0.001_R2_914	NC_012920.1	100.000	150	150	1.58e-77	278
POS_NC_001803_1_F0.001_R2_915	NC_012920.1	100.000	150	150	1.58e-77	278
POS_NC_001803_1_F0.001_R2_916	NC_012920.1	100.000	148	150	2.04e-76	274
POS_NC_001803_1_F0.001_R2_917	NC_012920.1	100.000	150	150	1.58e-77	278
POS_NC_001803_1_F0.001_R2_918	NC_012920.1	99.333	150	150	7.34e-76	272
POS_NC_001803_1_F0.001_R2_919	NC_012920.1	100.000	150	150	1.58e-77	278
POS_NC_001803_1_F0.001_R2_920	NC_012920.1	100.000	150	150	1.58e-77	278
POS_NC_001803_1_F0.001_R2_921	NC_012920.1	100.000	150	150	1.58e-77	278
POS_NC_001803_1_F0.001_R2_922	NC_012920.1	100.000	150	150	1.58e-77	278
POS_NC_001803_1_F0.001_R2_923	NC_012920.1	100.000	150	150	1.58e-77	278
POS_NC_001803_1_F0.001_R2_924	NC_012920.1	100.000	150	150	1.58e-77	278
POS_NC_001803_1_F0.001_R2_925	NC_012920.1	99.333	150	150	7.34e-76	272
POS_NC_001803_1_F0.001_R2_926	NC_012920.1	100.000	150	150	1.58e-77	278
POS_NC_001803_1_F0.001_R2_927	NC_012920.1	100.000	150	150	1.58e-77	278
POS_NC_001803_1_F0.001_R2_928	NC_012920.1	100.000	150	150	1.58e-77	278
POS_NC_001803_1_F0.001_R2_929	NC_012920.1	100.000	150	150	1.58e-77	278
POS_NC_001803_1_F0.001_R2_930	NC_012920.1	99.324	148	150	9.50e-75	268
POS_NC_001803_1_F0.001_R2_931	NC_012920.1	100.000	150	150	1.58e-77	278
POS_NC_001803_1_F0.001_R2_932	NC_012920.1	99.333	150	150	7.34e-76	272
POS_NC_001803_1_F0.001_R2_933	NC_012920.1	100.000	150	150	1.58e-77	278
POS_NC_001803_1_F0.001_R2_934	NC_012920.1	100.000	150	150	1.58e-77	278
POS_NC_001803_1_F0.001_R2_935	NC_012920.1	100.000	150	150	1.58e-77	278
POS_NC_001803_1_F0.001_R2_936	NC_012920.1	100.000	150	150	1.58e-77	278
POS_NC_001803_1_F0.001_R2_937	NC_012920.1	100.000	150	150	1.58e-77	278
POS_NC_001803_1_F0.001_R2_938	NC_012920.1	100.000	150	150	1.58e-77	278
POS_NC_001803_1_F0.001_R2_939	NC_012920.1	99.333	150	150	7.34e-76	272
POS_NC_001803_1_F0.001_R2_940	NC_012920.1	100.000	150	150	1.58e-77	278
POS_NC_001803_1_F0.001_R2_941	NC_012920.1	100.000	150	150	1.58e-77	278
POS_NC_001803_1_F0.001_R2_942	NC_012920.1	100.000	150	150	1.58e-77	278
POS_NC_001803_1_F0.001_R2_943	NC_012920.1	100.000	150	150	1.58e-77	278
POS_NC_001803_1_F0.001_R2_944	NC_012920.1	100.000	150	150	1.58e-77	278
POS_NC_001803_1_F0.001_R2_945	NC_012920.1	100.000	150	150	1.58e-77	278
POS_NC_001803_1_F0.001_R2_946	NC_012920.1	99.333	150	150	7.34e-76	272
POS_NC_001803_1_F0.001_R2_947	NC_012920.1	100.000	150	150	1.58e-77	278
POS_NC_001803_1_F0.001_R2_948	NC_012920.1	100.000	150	150	1.58e-77	278
POS_NC_001803_1_F0.001_R2_949	NC_012920.1	100.000	150	150	1.58e-77	278
POS_NC_001803_1_F0.001_R2_950	NC_012920.1	99.333	150	150	7.34e-76	272
POS_NC_001803_1_F0.001_R2_951	NC_012920.1	99.333	150	150	7.34e-76	272
POS_NC_001803_1_F0.001_R2_952	NC_012920.1	100.000	150	150	1.58e-77	278
POS_NC_001803_1_F0.001_R2_953	NC_012920.1	98.667	150	150	3.42e-74	267
POS_NC_001803_1_F0.001_R2_954	NC_012920.1	99.333	150	150	7.34e-76	272
POS_NC_001803_1_F0.001_R2_955	NC_012920.1	100.000	150	150	1.58e-77	278
POS_NC_001803_1_F0.001_R2_956	NC_012920.1	100.000	150	150	1.58e-77	278
POS_NC_001803_1_F0.001_R2_957	NC_012920.1	99.333	150	150	7.34e-76	272
POS_NC_001803_1_F0.001_R2_958	NC_012920.1	100.000	150	150	1.58e-77	278
POS_NC_001803_1_F0.001_R2_959	NC_012920.1	100.000	150	150	1.58e-77	278
POS_NC_001803_1_F0.001_R2_960	NC_012920.1	100.000	150	150	1.58e-77	278
POS_NC_001803_1_F0.001_R2_961	NC_012920.1	100.000	150	150	1.58e-77	278
POS_NC_001803_1_F0.001_R2_962	NC_012920.1	100.000	150	150	1.58e-77	278
POS_NC_001803_1_F0.001_R2_963	NC_012920.1	100.000	150	150	1.58e-77	278
POS_NC_001803_1_F0.001_R2_964	NC_012920.1	99.333	150	150	7.34e-76	272
POS_NC_001803_1_F0.001_R2_965	NC_012920.1	99.333	150	150	7.34e-76	272
POS_NC_001803_1_F0.001_R2_966	NC_012920.1	100.000	150	150	1.58e-77	278
POS_NC_001803_1_F0.001_R2_967	NC_012920.1	100.000	150	150	1.58e-77	278
POS_NC_001803_1_F0.001_R2_968	NC_012920.1	100.000	150	150	1.58e-77	278
POS_NC_001803_1_F0.001_R2_969	NC_012920.1	100.000	150	150	1.58e-77	278
POS_NC_001803_1_F0.001_R2_970	NC_012920.1	99.333	150	150	7.34e-76	272
POS_NC_001803_1_F0.001_R2_971	NC_012920.1	99.333	150	150	7.34e-76	272
POS_NC_001803_1_F0.001_R2_972	NC_012920.1	100.000	150	150	1.58e-77	278
POS_NC_001803_1_F0.001_R2_973	NC_012920.1	99.333	150	150	7.34e-76	272
POS_NC_001803_1_F0.001_R2_974	NC_012920.1	100.000	150	150	1.58e-77	278
POS_NC_001803_1_F0.001_R2_975	NC_012920.1	100.000	150	150	1.58e-77	278
POS_NC_001803_1_F0.001_R2_976	NC_012920.1	100.000	150	150	1.58e-77	278
POS_NC_001803_1_F0.001_R2_977	NC_012920.1	100.000	150	150	1.58e-77	278
POS_NC_001803_1_F0.001_R2_978	NC_012920.1	100.000	150	150	1.58e-77	278
POS_NC_001803_1_F0.001_R2_979	NC_012920.1	100.000	150	150	1.58e-77	278
POS_NC_001803_1_F0.001_R2_980	NC_012920.1	100.000	150	150	1.58e-77	278
POS_NC_001803_1_F0.001_R2_981	NC_012920.1	100.000	150	150	1.58e-77	278
POS_NC_001803_1_F0.001_R2_982	NC_012920.1	100.000	150	150	1.58e-77	278
POS_NC_001803_1_F0.001_R2_983	NC_012920.1	100.000	150	150	1.58e-77	278
POS_NC_001803_1_F0.001_R2_984	NC_012920.1	98.000	150	150	1.59e-72	261
POS_NC_001803_1_F0.001_R2_985	NC_012920.1	100.000	150	150	1.58e-77	278
POS_NC_001803_1_F0.001_R2_986	NC_012920.1	99.333	150	150	7.34e-76	272
POS_NC_001803_1_F0.001_R2_987	NC_012920.1	100.000	150	150	1.58e-77	278
POS_NC_001803_1_F0.001_R2_988	NC_012920.1	100.000	150	150	1.58e-77	278
POS_NC_001803_1_F0.001_R2_989	NC_012920.1	100.000	150	150	1.58e-77	278
POS_NC_001803_1_F0.001_R2_990	NC_012920.1	100.000	150	150	1.58e-77	278
POS_NC_001803_1_F0.001_R2_991	NC_012920.1	99.333	150	150	7.34e-76	272
POS_NC_001803_1_F0.001_R2_992	NC_012920.1	100.000	150	150	1.58e-77	278
POS_NC_001803_1_F0.001_R2_993	NC_012920.1	100.000	150	150	1.58e-77	278
POS_NC_001803_1_F0.001_R2_994	NC_012920.1	100.000	150	150	1.58e-77	278
POS_NC_001803_1_F0.001_R2_995	NC_012920.1	100.000	150	150	1.58e-77	278
POS_NC_001803_1_F0.001_R2_996	NC_012920.1	100.000	150	150	1.58e-77	278
POS_NC_001803_1_F0.001_R2_997	NC_012920.1	100.000	150	150	1.58e-77	278
POS_NC_001803_1_F0.001_R2_998	NC_012920.1	100.000	150	150	1.58e-77	278
POS_NC_001803_1_F0.001_R2_999	NC_012920.1	99.333	150	150	7.34e-76	272
POS_NC_001803_1_F0.001_R2_1000	NC_012920.1	98.667	150	150	3.42e-74	267
POS_NC_001803_1_F0.001_R2_1001	NC_012920.1	99.333	150	150	7.34e-76	272
POS_NC_001803_1_F0.001_R2_1002	NC_012920.1	99.333	150	150	7.34e-76	272
POS_NC_001803_1_F0.001_R2_1003	NC_012920.1	100.000	150	150	1.58e-77	278
POS_NC_001803_1_F0.001_R2_1004	NC_012920.1	100.000	150	150	1.58e-77	278
POS_NC_001803_1_F0.001_R2_1005	NC_012920.1	100.000	150	150	1.58e-77	278
POS_NC_001803_1_F0.001_R2_1006	NC_012920.1	100.000	150	150	1.58e-77	278
POS_NC_001803_1_F0.001_R2_1007	NC_012920.1	100.000	150	150	1.58e-77	278
POS_NC_001803_1_F0.001_R2_1008	NC_012920.1	99.333	150	150	7.34e-76	272
POS_NC_001803_1_F0.001_R2_1009	NC_012920.1	100.000	150	150	1.58e-77	278
POS_NC_001803_1_F0.001_R2_1010	NC_012920.1	98.667	150	150	3.42e-74	267
POS_NC_001803_1_F0.001_R2_1011	NC_012920.1	100.000	150	150	1.58e-77	278
POS_NC_001803_1_F0.001_R2_1012	NC_012920.1	100.000	150	150	1.58e-77	278
POS_NC_001803_1_F0.001_R2_1013	NC_012920.1	100.000	150	150	1.58e-77	278
POS_NC_001803_1_F0.001_R2_1014	NC_012920.1	100.000	150	150	1.58e-77	278
POS_NC_001803_1_F0.001_R2_1015	NC_012920.1	99.333	150	150	7.34e-76	272
POS_NC_001803_1_F0.001_R2_1016	NC_012920.1	99.333	150	150	7.34e-76	272
POS_NC_001803_1_F0.001_R2_1017	NC_012920.1	100.000	150	150	1.58e-77	278
POS_NC_001803_1_F0.001_R2_1018	NC_012920.1	100.000	150	150	1.58e-77	278
POS_NC_001803_1_F0.001_R2_1019	NC_012920.1	100.000	150	150	1.58e-77	278
POS_NC_001803_1_F0.001_R2_1020	NC_012920.1	100.000	150	150	1.58e-77	278
POS_NC_001803_1_F0.001_R2_1021	NC_012920.1	99.333	150	150	7.34e-76	272
POS_NC_001803_1_F0.001_R2_1022	NC_012920.1	100.000	150	150	1.58e-77	278
POS_NC_001803_1_F0.001_R2_1023	NC_012920.1	100.000	150	150	1.58e-77	278
POS_NC_001803_1_F0.001_R2_1024	NC_012920.1	98.667	150	150	3.42e-74	267
POS_NC_001803_1_F0.001_R2_1025	NC_012920.1	100.000	150	150	1.58e-77	278
POS_NC_001803_1_F0.001_R2_1026	NC_012920.1	99.333	150	150	7.34e-76	272
POS_NC_001803_1_F0.001_R2_1027	NC_012920.1	100.000	150	150	1.58e-77	278
POS_NC_001803_1_F0.001_R2_1028	NC_012920.1	100.000	150	150	1.58e-77	278
POS_NC_001803_1_F0.001_R2_1029	NC_012920.1	100.000	150	150	1.58e-77	278
POS_NC_001803_1_F0.001_R2_1030	NC_012920.1	100.000	150	150	1.58e-77	278
POS_NC_001803_1_F0.001_R2_1031	NC_012920.1	100.000	150	150	1.58e-77	278
POS_NC_001803_1_F0.001_R2_1032	NC_012920.1	100.000	150	150	1.58e-77	278
POS_NC_001803_1_F0.001_R2_1033	NC_012920.1	100.000	150	150	1.58e-77	278
POS_NC_001803_1_F0.001_R2_1034	NC_012920.1	100.000	150	150	1.58e-77	278
POS_NC_001803_1_F0.001_R2_1035	NC_012920.1	100.000	150	150	1.58e-77	278
POS_NC_001803_1_F0.001_R2_1036	NC_012920.1	99.333	150	150	7.34e-76	272
POS_NC_001803_1_F0.001_R2_1037	NC_012920.1	100.000	150	150	1.58e-77	278
POS_NC_001803_1_F0.001_R2_1038	NC_012920.1	100.000	150	150	1.58e-77	278
POS_NC_001803_1_F0.001_R2_1039	NC_012920.1	99.333	150	150	7.34e-76	272
POS_NC_001803_1_F0.001_R2_1040	NC_012920.1	100.000	150	150	1.58e-77	278
POS_NC_001803_1_F0.001_R2_1041	NC_012920.1	100.000	150	150	1.58e-77	278
POS_NC_001803_1_F0.001_R2_1042	NC_012920.1	99.333	150	150	7.34e-76	272
POS_NC_001803_1_F0.001_R2_1043	NC_012920.1	100.000	150	150	1.58e-77	278
POS_NC_001803_1_F0.001_R2_1044	NC_012920.1	100.000	150	150	1.58e-77	278
POS_NC_001803_1_F0.001_R2_1045	NC_012920.1	100.000	150	150	1.58e-77	278
POS_NC_001803_1_F0.001_R2_1046	NC_012920.1	100.000	150	150	1.58e-77	278
POS_NC_001803_1_F0.001_R2_1047	NC_012920.1	100.000	150	150	1.58e-77	278
POS_NC_001803_1_F0.001_R2_1048	NC_012920.1	100.000	150	150	1.58e-77	278
POS_NC_001803_1_F0.001_R2_1049	NC_012920.1	100.000	150	150	1.58e-77	278
POS_NC_001803_1_F0.001_R2_1050	NC_012920.1	100.000	150	150	1.58e-77	278
POS_NC_001803_1_F0.001_R2_1051	NC_012920.1	99.333	150	150	7.34e-76	272
POS_NC_001803_1_F0.001_R2_1052	NC_012920.1	100.000	150	150	1.58e-77	278
POS_NC_001803_1_F0.001_R2_1053	NC_012920.1	99.333	150	150	7.34e-76	272
POS_NC_001803_1_F0.001_R2_1054	NC_012920.1	100.000	150	150	1.58e-77	278
POS_NC_001803_1_F0.001_R2_1055	NC_012920.1	99.333	150	150	7.34e-76	272
POS_NC_001803_1_F0.001_R2_1056	NC_012920.1	100.000	150	150	1.58e-77	278
POS_NC_001803_1_F0.001_R2_1057	NC_012920.1	99.333	150	150	7.34e-76	272
POS_NC_001803_1_F0.001_R2_1058	NC_012920.1	100.000	150	150	1.58e-77	278
POS_NC_001803_1_F0.001_R2_1059	NC_012920.1	100.000	150	150	1.58e-77	278
POS_NC_001803_1_F0.001_R2_1060	NC_012920.1	100.000	150	150	1.58e-77	278
POS_NC_001803_1_F0.001_R2_1061	NC_012920.1	99.333	150	150	7.34e-76	272
POS_NC_001803_1_F0.001_R2_1062	NC_012920.1	100.000	150	150	1.58e-77	278
POS_NC_001803_1_F0.001_R2_1063	NC_012920.1	100.000	150	150	1.58e-77	278
POS_NC_001803_1_F0.001_R2_1064	NC_012920.1	100.000	150	150	1.58e-77	278
POS_NC_001803_1_F0.001_R2_1065	NC_012920.1	100.000	150	150	1.58e-77	278
POS_NC_001803_1_F0.001_R2_1066	NC_012920.1	100.000	150	150	1.58e-77	278
POS_NC_001803_1_F0.001_R2_1067	NC_012920.1	100.000	150	150	1.58e-77	278
POS_NC_001803_1_F0.001_R2_1068	NC_012920.1	100.000	150	150	1.58e-77	278
POS_NC_001803_1_F0.001_R2_1069	NC_012920.1	99.333	150	150	7.34e-76	272
POS_NC_001803_1_F0.001_R2_1070	NC_012920.1	99.333	150	150	7.34e-76	272
POS_NC_001803_1_F0.001_R2_1071	NC_012920.1	100.000	150	150	1.58e-77	278
POS_NC_001803_1_F0.001_R2_1072	NC_012920.1	99.333	150	150	7.34e-76	272
POS_NC_001803_1_F0.001_R2_1073	NC_012920.1	98.667	150	150	3.42e-74	267
POS_NC_001803_1_F0.001_R2_1074	NC_012920.1	100.000	150	150	1.58e-77	278
POS_NC_001803_1_F0.001_R2_1075	NC_012920.1	100.000	150	150	1.58e-77	278
POS_NC_001803_1_F0.001_R2_1076	NC_012920.1	100.000	150	150	1.58e-77	278
POS_NC_001803_1_F0.001_R2_1077	NC_012920.1	100.000	150	150	1.58e-77	278
POS_NC_001803_1_F0.001_R2_1078	NC_012920.1	99.333	150	150	7.34e-76	272
POS_NC_001803_1_F0.001_R2_1079	NC_012920.1	100.000	150	150	1.58e-77	278
POS_NC_001803_1_F0.001_R2_1080	NC_012920.1	100.000	150	150	1.58e-77	278
POS_NC_001803_1_F0.001_R2_1081	NC_012920.1	100.000	150	150	1.58e-77	278
POS_NC_001803_1_F0.001_R2_1082	NC_012920.1	100.000	150	150	1.58e-77	278
POS_NC_001803_1_F0.001_R2_1083	NC_012920.1	100.000	150	150	1.58e-77	278
POS_NC_001803_1_F0.001_R2_1084	NC_012920.1	99.333	150	150	7.34e-76	272
POS_NC_001803_1_F0.001_R2_1085	NC_012920.1	100.000	150	150	1.58e-77	278
POS_NC_001803_1_F0.001_R2_1086	NC_012920.1	100.000	150	150	1.58e-77	278
POS_NC_001803_1_F0.001_R2_1087	NC_012920.1	100.000	150	150	1.58e-77	278
POS_NC_001803_1_F0.001_R2_1088	NC_012920.1	100.000	150	150	1.58e-77	278
POS_NC_001803_1_F0.001_R2_1089	NC_012920.1	100.000	150	150	1.58e-77	278
POS_NC_001803_1_F0.001_R2_1090	NC_012920.1	100.000	150	150	1.58e-77	278
POS_NC_001803_1_F0.001_R2_1091	NC_012920.1	100.000	150	150	1.58e-77	278
POS_NC_001803_1_F0.001_R2_1092	NC_012920.1	100.000	150	150	1.58e-77	278
POS_NC_001803_1_F0.001_R2_1093	NC_012920.1	100.000	150	150	1.58e-77	278
POS_NC_001803_1_F0.001_R2_1094	NC_012920.1	100.000	150	150	1.58e-77	278
POS_NC_001803_1_F0.001_R2_1095	NC_012920.1	100.000	150	150	1.58e-77	278
POS_NC_001803_1_F0.001_R2_1096	NC_012920.1	100.000	150	150	1.58e-77	278
POS_NC_001803_1_F0.001_R2_1097	NC_012920.1	100.000	150	150	1.58e-77	278
POS_NC_001803_1_F0.001_R2_1098	NC_012920.1	100.000	150	150	1.58e-77	278
POS_NC_001803_1_F0.001_R2_1099	NC_012920.1	100.000	150	150	1.58e-77	278
POS_NC_001803_1_F0.001_R2_1100	NC_012920.1	99.333	150	150	7.34e-76	272
POS_NC_001803_1_F0.001_R2_1101	NC_012920.1	99.333	150	150	7.34e-76	272
POS_NC_001803_1_F0.001_R2_1102	NC_012920.1	100.000	150	150	1.58e-77	278
POS_NC_001803_1_F0.001_R2_1103	NC_012920.1	100.000	150	150	1.58e-77	278
POS_NC_001803_1_F0.001_R2_1104	NC_012920.1	100.000	150	150	1.58e-77	278
POS_NC_001803_1_F0.001_R2_1105	NC_012920.1	99.333	150	150	7.34e-76	272
POS_NC_001803_1_F0.001_R2_1106	NC_012920.1	98.667	150	150	3.42e-74	267
POS_NC_001803_1_F0.001_R2_1107	NC_012920.1	100.000	150	150	1.58e-77	278
POS_NC_001803_1_F0.001_R2_1108	NC_012920.1	100.000	150	150	1.58e-77	278
POS_NC_001803_1_F0.001_R2_1109	NC_012920.1	100.000	150	150	1.58e-77	278
POS_NC_001803_1_F0.001_R2_1110	NC_012920.1	99.333	150	150	7.34e-76	272
POS_NC_001803_1_F0.001_R2_1111	NC_012920.1	100.000	150	150	1.58e-77	278
POS_NC_001803_1_F0.001_R2_1112	NC_012920.1	100.000	150	150	1.58e-77	278
POS_NC_001803_1_F0.001_R2_1113	NC_012920.1	100.000	150	150	1.58e-77	278
POS_NC_001803_1_F0.001_R2_1114	NC_012920.1	100.000	150	150	1.58e-77	278
POS_NC_001803_1_F0.001_R2_1115	NC_012920.1	100.000	150	150	1.58e-77	278
POS_NC_001803_1_F0.001_R2_1116	NC_012920.1	100.000	150	150	1.58e-77	278
POS_NC_001803_1_F0.001_R2_1117	NC_012920.1	99.333	150	150	7.34e-76	272
POS_NC_001803_1_F0.001_R2_1118	NC_012920.1	100.000	150	150	1.58e-77	278
POS_NC_001803_1_F0.001_R2_1119	NC_012920.1	100.000	150	150	1.58e-77	278
POS_NC_001803_1_F0.001_R2_1120	NC_012920.1	100.000	150	150	1.58e-77	278
POS_NC_001803_1_F0.001_R2_1121	NC_012920.1	100.000	150	150	1.58e-77	278
POS_NC_001803_1_F0.001_R2_1122	NC_012920.1	100.000	150	150	1.58e-77	278
POS_NC_001803_1_F0.001_R2_1123	NC_012920.1	100.000	150	150	1.58e-77	278
POS_NC_001803_1_F0.001_R2_1124	NC_012920.1	100.000	150	150	1.58e-77	278
POS_NC_001803_1_F0.001_R2_1125	NC_012920.1	100.000	150	150	1.58e-77	278
POS_NC_001803_1_F0.001_R2_1126	NC_012920.1	100.000	150	150	1.58e-77	278
POS_NC_001803_1_F0.001_R2_1127	NC_012920.1	100.000	150	150	1.58e-77	278
POS_NC_001803_1_F0.001_R2_1128	NC_012920.1	100.000	150	150	1.58e-77	278
POS_NC_001803_1_F0.001_R2_1129	NC_012920.1	100.000	150	150	1.58e-77	278
POS_NC_001803_1_F0.001_R2_1130	NC_012920.1	100.000	150	150	1.58e-77	278
POS_NC_001803_1_F0.001_R2_1131	NC_012920.1	100.000	150	150	1.58e-77	278
POS_NC_001803_1_F0.001_R2_1132	NC_012920.1	100.000	150	150	1.58e-77	278
POS_NC_001803_1_F0.001_R2_1133	NC_012920.1	100.000	150	150	1.58e-77	278
POS_NC_001803_1_F0.001_R2_1134	NC_012920.1	100.000	150	150	1.58e-77	278
POS_NC_001803_1_F0.001_R2_1135	NC_012920.1	100.000	150	150	1.58e-77	278
POS_NC_001803_1_F0.001_R2_1136	NC_012920.1	100.000	150	150	1.58e-77	278
POS_NC_001803_1_F0.001_R2_1137	NC_012920.1	99.333	150	150	7.34e-76	272
POS_NC_001803_1_F0.001_R2_1138	NC_012920.1	100.000	150	150	1.58e-77	278
POS_NC_001803_1_F0.001_R2_1139	NC_012920.1	100.000	150	150	1.58e-77	278
POS_NC_001803_1_F0.001_R2_1140	NC_012920.1	100.000	150	150	1.58e-77	278
POS_NC_001803_1_F0.001_R2_1141	NC_012920.1	100.000	150	150	1.58e-77	278
POS_NC_001803_1_F0.001_R2_1142	NC_012920.1	100.000	150	150	1.58e-77	278
POS_NC_001803_1_F0.001_R2_1143	NC_012920.1	100.000	150	150	1.58e-77	278
POS_NC_001803_1_F0.001_R2_1144	NC_012920.1	100.000	150	150	1.58e-77	278
POS_NC_001803_1_F0.001_R2_1145	NC_012920.1	100.000	150	150	1.58e-77	278
POS_NC_001803_1_F0.001_R2_1146	NC_012920.1	100.000	150	150	1.58e-77	278
POS_NC_001803_1_F0.001_R2_1147	NC_012920.1	100.000	150	150	1.58e-77	278
POS_NC_001803_1_F0.001_R2_1148	NC_012920.1	100.000	150	150	1.58e-77	278
POS_NC_001803_1_F0.001_R2_1149	NC_012920.1	100.000	150	150	1.58e-77	278
POS_NC_001803_1_F0.001_R2_1150	NC_012920.1	100.000	150	150	1.58e-77	278
POS_NC_001803_1_F0.001_R2_1151	NC_012920.1	100.000	150	150	1.58e-77	278
POS_NC_001803_1_F0.001_R2_1152	NC_012920.1	100.000	150	150	1.58e-77	278
POS_NC_001803_1_F0.001_R2_1153	NC_012920.1	100.000	150	150	1.58e-77	278
POS_NC_001803_1_F0.001_R2_1154	NC_012920.1	100.000	150	150	1.58e-77	278
POS_NC_001803_1_F0.001_R2_1155	NC_012920.1	100.000	150	150	1.58e-77	278
POS_NC_001803_1_F0.001_R2_1156	NC_012920.1	100.000	150	150	1.58e-77	278
POS_NC_001803_1_F0.001_R2_1157	NC_012920.1	100.000	150	150	1.58e-77	278
POS_NC_001803_1_F0.001_R2_1158	NC_012920.1	100.000	150	150	1.58e-77	278
POS_NC_001803_1_F0.001_R2_1159	NC_012920.1	99.333	150	150	7.34e-76	272
POS_NC_001803_1_F0.001_R2_1160	NC_012920.1	100.000	150	150	1.58e-77	278
POS_NC_001803_1_F0.001_R2_1161	NC_012920.1	100.000	150	150	1.58e-77	278
POS_NC_001803_1_F0.001_R2_1162	NC_012920.1	100.000	150	150	1.58e-77	278
POS_NC_001803_1_F0.001_R2_1163	NC_012920.1	100.000	150	150	1.58e-77	278
POS_NC_001803_1_F0.001_R2_1164	NC_012920.1	100.000	150	150	1.58e-77	278
POS_NC_001803_1_F0.001_R2_1165	NC_012920.1	100.000	150	150	1.58e-77	278
POS_NC_001803_1_F0.001_R2_1166	NC_012920.1	99.333	150	150	7.34e-76	272
POS_NC_001803_1_F0.001_R2_1167	NC_012920.1	100.000	150	150	1.58e-77	278
POS_NC_001803_1_F0.001_R2_1168	NC_012920.1	100.000	150	150	1.58e-77	278
POS_NC_001803_1_F0.001_R2_1169	NC_012920.1	100.000	150	150	1.58e-77	278
POS_NC_001803_1_F0.001_R2_1170	NC_012920.1	100.000	150	150	1.58e-77	278
POS_NC_001803_1_F0.001_R2_1171	NC_012920.1	99.333	150	150	7.34e-76	272
POS_NC_001803_1_F0.001_R2_1172	NC_012920.1	100.000	150	150	1.58e-77	278
POS_NC_001803_1_F0.001_R2_1173	NC_012920.1	99.333	150	150	7.34e-76	272
POS_NC_001803_1_F0.001_R2_1174	NC_012920.1	100.000	150	150	1.58e-77	278
POS_NC_001803_1_F0.001_R2_1175	NC_012920.1	100.000	150	150	1.58e-77	278
POS_NC_001803_1_F0.001_R2_1176	NC_012920.1	99.333	150	150	7.34e-76	272
POS_NC_001803_1_F0.001_R2_1177	NC_012920.1	100.000	150	150	1.58e-77	278
POS_NC_001803_1_F0.001_R2_1178	NC_012920.1	100.000	150	150	1.58e-77	278
POS_NC_001803_1_F0.001_R2_1179	NC_012920.1	100.000	150	150	1.58e-77	278
POS_NC_001803_1_F0.001_R2_1180	NC_012920.1	100.000	150	150	1.58e-77	278
POS_NC_001803_1_F0.001_R2_1181	NC_012920.1	99.333	150	150	7.34e-76	272
POS_NC_001803_1_F0.001_R2_1182	NC_012920.1	100.000	150	150	1.58e-77	278
POS_NC_001803_1_F0.001_R2_1183	NC_012920.1	99.333	150	150	7.34e-76	272
POS_NC_001803_1_F0.001_R2_1184	NC_012920.1	100.000	150	150	1.58e-77	278
POS_NC_001803_1_F0.001_R2_1185	NC_012920.1	100.000	150	150	1.58e-77	278
POS_NC_001803_1_F0.001_R2_1186	NC_012920.1	100.000	150	150	1.58e-77	278
POS_NC_001803_1_F0.001_R2_1187	NC_012920.1	100.000	150	150	1.58e-77	278
POS_NC_001803_1_F0.001_R2_1188	NC_012920.1	100.000	150	150	1.58e-77	278
POS_NC_001803_1_F0.001_R2_1189	NC_012920.1	100.000	150	150	1.58e-77	278
POS_NC_001803_1_F0.001_R2_1190	NC_012920.1	99.333	150	150	7.34e-76	272
POS_NC_001803_1_F0.001_R2_1191	NC_012920.1	100.000	150	150	1.58e-77	278
POS_NC_001803_1_F0.001_R2_1192	NC_012920.1	100.000	150	150	1.58e-77	278
POS_NC_001803_1_F0.001_R2_1193	NC_012920.1	100.000	150	150	1.58e-77	278
POS_NC_001803_1_F0.001_R2_1194	NC_012920.1	100.000	150	150	1.58e-77	278
POS_NC_001803_1_F0.001_R2_1195	NC_012920.1	99.333	150	150	7.34e-76	272
POS_NC_001803_1_F0.001_R2_1196	NC_012920.1	100.000	150	150	1.58e-77	278
POS_NC_001803_1_F0.001_R2_1197	NC_012920.1	100.000	150	150	1.58e-77	278
POS_NC_001803_1_F0.001_R2_1198	NC_012920.1	100.000	150	150	1.58e-77	278
POS_NC_001803_1_F0.001_R2_1199	NC_012920.1	100.000	150	150	1.58e-77	278
POS_NC_001803_1_F0.001_R2_1200	NC_012920.1	100.000	150	150	1.58e-77	278
POS_NC_001803_1_F0.001_R2_1201	NC_012920.1	98.667	150	150	3.42e-74	267
POS_NC_001803_1_F0.001_R2_1202	NC_012920.1	100.000	150	150	1.58e-77	278
POS_NC_001803_1_F0.001_R2_1203	NC_012920.1	100.000	150	150	2.04e-76	274
POS_NC_001803_1_F0.001_R2_1204	NC_012920.1	99.333	150	150	7.34e-76	272
POS_NC_001803_1_F0.001_R2_1205	NC_012920.1	100.000	150	150	1.58e-77	278
POS_NC_001803_1_F0.001_R2_1206	NC_012920.1	100.000	150	150	1.58e-77	278
POS_NC_001803_1_F0.001_R2_1207	NC_012920.1	100.000	150	150	1.58e-77	278
POS_NC_001803_1_F0.001_R2_1208	NC_012920.1	100.000	150	150	1.58e-77	278
POS_NC_001803_1_F0.001_R2_1209	NC_012920.1	100.000	150	150	1.58e-77	278
POS_NC_001803_1_F0.001_R2_1210	NC_012920.1	98.667	150	150	3.42e-74	267
POS_NC_001803_1_F0.001_R2_1211	NC_012920.1	99.333	150	150	7.34e-76	272
POS_NC_001803_1_F0.001_R2_1212	NC_012920.1	100.000	150	150	1.58e-77	278
POS_NC_001803_1_F0.001_R2_1213	NC_012920.1	99.333	150	150	7.34e-76	272
POS_NC_001803_1_F0.001_R2_1214	NC_012920.1	99.333	150	150	7.34e-76	272
POS_NC_001803_1_F0.001_R2_1215	NC_012920.1	99.333	150	150	7.34e-76	272
POS_NC_001803_1_F0.001_R2_1216	NC_012920.1	100.000	150	150	1.58e-77	278
POS_NC_001803_1_F0.001_R2_1217	NC_012920.1	98.667	150	150	3.42e-74	267
POS_NC_001803_1_F0.001_R2_1218	NC_012920.1	99.333	150	150	9.50e-75	268
POS_NC_001803_1_F0.001_R2_1219	NC_012920.1	98.667	150	150	3.42e-74	267
POS_NC_001803_1_F0.001_R2_1220	NC_012920.1	100.000	150	150	1.58e-77	278
POS_NC_001803_1_F0.001_R2_1221	NC_012920.1	99.333	150	150	7.34e-76	272
POS_NC_001803_1_F0.001_R2_1222	NC_012920.1	100.000	150	150	1.58e-77	278
POS_NC_001803_1_F0.001_R2_1223	NC_012920.1	98.667	150	150	3.42e-74	267
POS_NC_001803_1_F0.001_R2_1224	NC_012920.1	99.333	150	150	7.34e-76	272
POS_NC_001803_1_F0.001_R2_1225	NC_012920.1	98.667	150	150	3.42e-74	267
POS_NC_001803_1_F0.001_R2_1226	NC_012920.1	99.333	150	150	7.34e-76	272
POS_NC_001803_1_F0.001_R2_1227	NC_012920.1	100.000	150	150	1.58e-77	278
POS_NC_001803_1_F0.001_R2_1228	NC_012920.1	100.000	150	150	1.58e-77	278
POS_NC_001803_1_F0.001_R2_1229	NC_012920.1	100.000	150	150	1.58e-77	278
POS_NC_001803_1_F0.001_R2_1230	NC_012920.1	100.000	150	150	1.58e-77	278
POS_NC_001803_1_F0.001_R2_1231	NC_012920.1	100.000	150	150	1.58e-77	278
POS_NC_001803_1_F0.001_R2_1232	NC_012920.1	100.000	150	150	1.58e-77	278
POS_NC_001803_1_F0.001_R2_1233	NC_012920.1	100.000	150	150	1.58e-77	278
POS_NC_001803_1_F0.001_R2_1234	NC_012920.1	99.333	150	150	7.34e-76	272
POS_NC_001803_1_F0.001_R2_1235	NC_012920.1	100.000	150	150	1.58e-77	278
POS_NC_001803_1_F0.001_R2_1236	NC_012920.1	100.000	150	150	1.58e-77	278
POS_NC_001803_1_F0.001_R2_1237	NC_012920.1	100.000	150	150	1.58e-77	278
POS_NC_001803_1_F0.001_R2_1238	NC_012920.1	98.667	150	150	3.42e-74	267
POS_NC_001803_1_F0.001_R2_1239	NC_012920.1	100.000	150	150	1.58e-77	278
POS_NC_001803_1_F0.001_R2_1240	NC_012920.1	100.000	150	150	1.58e-77	278
POS_NC_001803_1_F0.001_R2_1241	NC_012920.1	100.000	150	150	1.58e-77	278
POS_NC_001803_1_F0.001_R2_1242	NC_012920.1	100.000	150	150	1.58e-77	278
POS_NC_001803_1_F0.001_R2_1243	NC_012920.1	100.000	150	150	1.58e-77	278
POS_NC_001803_1_F0.001_R2_1244	NC_012920.1	100.000	150	150	1.58e-77	278
POS_NC_001803_1_F0.001_R2_1245	NC_012920.1	99.333	150	150	7.34e-76	272
POS_NC_001803_1_F0.001_R2_1246	NC_012920.1	99.333	150	150	7.34e-76	272
POS_NC_001803_1_F0.001_R2_1247	NC_012920.1	99.333	150	150	7.34e-76	272
POS_NC_001803_1_F0.001_R2_1248	NC_012920.1	100.000	150	150	1.58e-77	278
POS_NC_001803_1_F0.001_R2_1249	NC_012920.1	100.000	150	150	1.58e-77	278
POS_NC_001803_1_F0.001_R2_1250	NC_012920.1	100.000	150	150	1.58e-77	278
POS_NC_001803_1_F0.001_R2_1251	NC_012920.1	100.000	150	150	1.58e-77	278
POS_NC_001803_1_F0.001_R2_1252	NC_012920.1	100.000	150	150	1.58e-77	278
POS_NC_001803_1_F0.001_R2_1253	NC_012920.1	100.000	150	150	1.58e-77	278
POS_NC_001803_1_F0.001_R2_1254	NC_012920.1	100.000	150	150	1.58e-77	278
POS_NC_001803_1_F0.001_R2_1255	NC_012920.1	100.000	150	150	1.58e-77	278
POS_NC_001803_1_F0.001_R2_1256	NC_012920.1	100.000	150	150	1.58e-77	278
POS_NC_001803_1_F0.001_R2_1257	NC_012920.1	98.667	150	150	3.42e-74	267
POS_NC_001803_1_F0.001_R2_1258	NC_012920.1	100.000	150	150	1.58e-77	278
POS_NC_001803_1_F0.001_R2_1259	NC_012920.1	100.000	150	150	1.58e-77	278
POS_NC_001803_1_F0.001_R2_1260	NC_012920.1	99.333	150	150	7.34e-76	272
POS_NC_001803_1_F0.001_R2_1261	NC_012920.1	100.000	150	150	1.58e-77	278
POS_NC_001803_1_F0.001_R2_1262	NC_012920.1	99.333	150	150	7.34e-76	272
POS_NC_001803_1_F0.001_R2_1263	NC_012920.1	100.000	150	150	1.58e-77	278
POS_NC_001803_1_F0.001_R2_1264	NC_012920.1	100.000	150	150	1.58e-77	278
POS_NC_001803_1_F0.001_R2_1265	NC_012920.1	100.000	150	150	1.58e-77	278
POS_NC_001803_1_F0.001_R2_1266	NC_012920.1	100.000	150	150	1.58e-77	278
POS_NC_001803_1_F0.001_R2_1267	NC_012920.1	100.000	150	150	1.58e-77	278
POS_NC_001803_1_F0.001_R2_1268	NC_012920.1	99.333	150	150	7.34e-76	272
POS_NC_001803_1_F0.001_R2_1269	NC_012920.1	99.333	150	150	7.34e-76	272
POS_NC_001803_1_F0.001_R2_1270	NC_012920.1	99.333	150	150	7.34e-76	272
POS_NC_001803_1_F0.001_R2_1271	NC_012920.1	100.000	148	150	2.04e-76	274
POS_NC_001803_1_F0.001_R2_1272	NC_012920.1	100.000	150	150	1.58e-77	278
POS_NC_001803_1_F0.001_R2_1273	NC_012920.1	100.000	150	150	1.58e-77	278
POS_NC_001803_1_F0.001_R2_1274	NC_012920.1	100.000	150	150	1.58e-77	278
POS_NC_001803_1_F0.001_R2_1275	NC_012920.1	100.000	150	150	1.58e-77	278
POS_NC_001803_1_F0.001_R2_1276	NC_012920.1	99.333	150	150	7.34e-76	272
POS_NC_001803_1_F0.001_R2_1277	NC_012920.1	100.000	150	150	1.58e-77	278
POS_NC_001803_1_F0.001_R2_1278	NC_012920.1	100.000	150	150	1.58e-77	278
POS_NC_001803_1_F0.001_R2_1279	NC_012920.1	100.000	149	150	5.68e-77	276
POS_NC_001803_1_F0.001_R2_1280	NC_012920.1	100.000	150	150	1.58e-77	278
POS_NC_001803_1_F0.001_R2_1281	NC_012920.1	100.000	150	150	1.58e-77	278
POS_NC_001803_1_F0.001_R2_1282	NC_012920.1	99.333	150	150	7.34e-76	272
POS_NC_001803_1_F0.001_R2_1283	NC_012920.1	100.000	150	150	1.58e-77	278
POS_NC_001803_1_F0.001_R2_1284	NC_012920.1	100.000	150	150	1.58e-77	278
POS_NC_001803_1_F0.001_R2_1285	NC_012920.1	100.000	150	150	1.58e-77	278
POS_NC_001803_1_F0.001_R2_1286	NC_012920.1	97.333	150	150	7.40e-71	255
POS_NC_001803_1_F0.001_R2_1287	NC_012920.1	100.000	150	150	1.58e-77	278
POS_NC_001803_1_F0.001_R2_1288	NC_012920.1	100.000	144	150	3.42e-74	267
POS_NC_001803_1_F0.001_R2_1289	NC_012920.1	99.333	150	150	7.34e-76	272
POS_NC_001803_1_F0.001_R2_1290	NC_012920.1	100.000	150	150	1.58e-77	278
POS_NC_001803_1_F0.001_R2_1291	NC_012920.1	100.000	150	150	1.58e-77	278
POS_NC_001803_1_F0.001_R2_1292	NC_012920.1	100.000	150	150	1.58e-77	278
POS_NC_001803_1_F0.001_R2_1293	NC_012920.1	100.000	150	150	1.58e-77	278
POS_NC_001803_1_F0.001_R2_1294	NC_012920.1	100.000	150	150	1.58e-77	278
POS_NC_001803_1_F0.001_R2_1295	NC_012920.1	100.000	150	150	1.58e-77	278
POS_NC_001803_1_F0.001_R2_1296	NC_012920.1	100.000	150	150	1.58e-77	278
POS_NC_001803_1_F0.001_R2_1297	NC_012920.1	100.000	150	150	1.58e-77	278
POS_NC_001803_1_F0.001_R2_1298	NC_012920.1	100.000	150	150	1.58e-77	278
POS_NC_001803_1_F0.001_R2_1299	NC_012920.1	99.333	150	150	7.34e-76	272
POS_NC_001803_1_F0.001_R2_1300	NC_012920.1	100.000	150	150	1.58e-77	278
POS_NC_001803_1_F0.001_R2_1301	NC_012920.1	100.000	150	150	1.58e-77	278
POS_NC_001803_1_F0.001_R2_1302	NC_012920.1	100.000	150	150	1.58e-77	278
POS_NC_001803_1_F0.001_R2_1303	NC_012920.1	99.333	150	150	7.34e-76	272
POS_NC_001803_1_F0.001_R2_1304	NC_012920.1	100.000	150	150	1.58e-77	278
POS_NC_001803_1_F0.001_R2_1305	NC_012920.1	100.000	150	150	1.58e-77	278
POS_NC_001803_1_F0.001_R2_1306	NC_012920.1	100.000	150	150	1.58e-77	278
POS_NC_001803_1_F0.001_R2_1307	NC_012920.1	100.000	150	150	1.58e-77	278
POS_NC_001803_1_F0.001_R2_1308	NC_012920.1	100.000	150	150	1.58e-77	278
POS_NC_001803_1_F0.001_R2_1309	NC_012920.1	100.000	150	150	1.58e-77	278
POS_NC_001803_1_F0.001_R2_1310	NC_012920.1	99.333	150	150	7.34e-76	272
POS_NC_001803_1_F0.001_R2_1311	NC_012920.1	100.000	150	150	1.58e-77	278
POS_NC_001803_1_F0.001_R2_1312	NC_012920.1	99.333	150	150	7.34e-76	272
POS_NC_001803_1_F0.001_R2_1313	NC_012920.1	99.333	150	150	7.34e-76	272
POS_NC_001803_1_F0.001_R2_1314	NC_012920.1	99.333	150	150	7.34e-76	272
POS_NC_001803_1_F0.001_R2_1315	NC_012920.1	100.000	150	150	1.58e-77	278
POS_NC_001803_1_F0.001_R2_1316	NC_012920.1	100.000	150	150	1.58e-77	278
POS_NC_001803_1_F0.001_R2_1317	NC_012920.1	99.333	150	150	7.34e-76	272
POS_NC_001803_1_F0.001_R2_1318	NC_012920.1	99.333	150	150	7.34e-76	272
POS_NC_001803_1_F0.001_R2_1319	NC_012920.1	100.000	150	150	1.58e-77	278
POS_NC_001803_1_F0.001_R2_1320	NC_012920.1	100.000	150	150	1.58e-77	278
POS_NC_001803_1_F0.001_R2_1321	NC_012920.1	100.000	150	150	1.58e-77	278
POS_NC_001803_1_F0.001_R2_1322	NC_012920.1	100.000	150	150	1.58e-77	278
POS_NC_001803_1_F0.001_R2_1323	NC_012920.1	100.000	150	150	1.58e-77	278
POS_NC_001803_1_F0.001_R2_1324	NC_012920.1	100.000	150	150	1.58e-77	278
POS_NC_001803_1_F0.001_R2_1325	NC_012920.1	98.667	150	150	3.42e-74	267
POS_NC_001803_1_F0.001_R2_1326	NC_012920.1	100.000	150	150	1.58e-77	278
POS_NC_001803_1_F0.001_R2_1327	NC_012920.1	99.333	150	150	7.34e-76	272
POS_NC_001803_1_F0.001_R2_1328	NC_012920.1	100.000	150	150	1.58e-77	278
POS_NC_001803_1_F0.001_R2_1329	NC_012920.1	98.667	150	150	3.42e-74	267
POS_NC_001803_1_F0.001_R2_1330	NC_012920.1	100.000	150	150	1.58e-77	278
POS_NC_001803_1_F0.001_R2_1331	NC_012920.1	100.000	150	150	1.58e-77	278
POS_NC_001803_1_F0.001_R2_1332	NC_012920.1	100.000	150	150	1.58e-77	278
POS_NC_001803_1_F0.001_R2_1333	NC_012920.1	100.000	150	150	1.58e-77	278
POS_NC_001803_1_F0.001_R2_1334	NC_012920.1	100.000	150	150	1.58e-77	278
POS_NC_001803_1_F0.001_R2_1335	NC_012920.1	99.333	150	150	7.34e-76	272
POS_NC_001803_1_F0.001_R2_1336	NC_012920.1	100.000	150	150	1.58e-77	278
POS_NC_001803_1_F0.001_R2_1337	NC_012920.1	100.000	150	150	1.58e-77	278
POS_NC_001803_1_F0.001_R2_1338	NC_012920.1	100.000	150	150	1.58e-77	278
POS_NC_001803_1_F0.001_R2_1339	NC_012920.1	100.000	150	150	1.58e-77	278
POS_NC_001803_1_F0.001_R2_1340	NC_012920.1	99.333	150	150	7.34e-76	272
POS_NC_001803_1_F0.001_R2_1341	NC_012920.1	100.000	150	150	1.58e-77	278
POS_NC_001803_1_F0.001_R2_1342	NC_012920.1	100.000	150	150	1.58e-77	278
POS_NC_001803_1_F0.001_R2_1343	NC_012920.1	100.000	150	150	1.58e-77	278
POS_NC_001803_1_F0.001_R2_1344	NC_012920.1	99.333	150	150	7.34e-76	272
POS_NC_001803_1_F0.001_R2_1345	NC_012920.1	98.000	150	150	1.59e-72	261
POS_NC_001803_1_F0.001_R2_1346	NC_012920.1	100.000	150	150	1.58e-77	278
POS_NC_001803_1_F0.001_R2_1347	NC_012920.1	100.000	150	150	1.58e-77	278
POS_NC_001803_1_F0.001_R2_1348	NC_012920.1	99.333	150	150	7.34e-76	272
POS_NC_001803_1_F0.001_R2_1349	NC_012920.1	100.000	150	150	1.58e-77	278
POS_NC_001803_1_F0.001_R2_1350	NC_012920.1	100.000	150	150	1.58e-77	278
POS_NC_001803_1_F0.001_R2_1351	NC_012920.1	99.333	150	150	7.34e-76	272
POS_NC_001803_1_F0.001_R2_1352	NC_012920.1	100.000	150	150	1.58e-77	278
POS_NC_001803_1_F0.001_R2_1353	NC_012920.1	98.649	148	150	4.42e-73	263
POS_NC_001803_1_F0.001_R2_1354	NC_012920.1	100.000	150	150	1.58e-77	278
POS_NC_001803_1_F0.001_R2_1355	NC_012920.1	100.000	150	150	1.58e-77	278
POS_NC_001803_1_F0.001_R2_1356	NC_012920.1	100.000	150	150	1.58e-77	278
POS_NC_001803_1_F0.001_R2_1357	NC_012920.1	99.333	150	150	7.34e-76	272
POS_NC_001803_1_F0.001_R2_1358	NC_012920.1	100.000	150	150	1.58e-77	278
POS_NC_001803_1_F0.001_R2_1359	NC_012920.1	100.000	150	150	1.58e-77	278
POS_NC_001803_1_F0.001_R2_1360	NC_012920.1	100.000	150	150	1.58e-77	278
POS_NC_001803_1_F0.001_R2_1361	NC_012920.1	100.000	150	150	1.58e-77	278
POS_NC_001803_1_F0.001_R2_1362	NC_012920.1	99.333	150	150	7.34e-76	272
POS_NC_001803_1_F0.001_R2_1363	NC_012920.1	100.000	150	150	1.58e-77	278
POS_NC_001803_1_F0.001_R2_1364	NC_012920.1	100.000	150	150	1.58e-77	278
POS_NC_001803_1_F0.001_R2_1365	NC_012920.1	100.000	150	150	1.58e-77	278
POS_NC_001803_1_F0.001_R2_1366	NC_012920.1	100.000	150	150	1.58e-77	278
POS_NC_001803_1_F0.001_R2_1367	NC_012920.1	100.000	150	150	1.58e-77	278
POS_NC_001803_1_F0.001_R2_1368	NC_012920.1	100.000	150	150	1.58e-77	278
POS_NC_001803_1_F0.001_R2_1369	NC_012920.1	99.333	150	150	7.34e-76	272
POS_NC_001803_1_F0.001_R2_1370	NC_012920.1	98.667	150	150	3.42e-74	267
POS_NC_001803_1_F0.001_R2_1371	NC_012920.1	100.000	150	150	1.58e-77	278
POS_NC_001803_1_F0.001_R2_1372	NC_012920.1	100.000	150	150	1.58e-77	278
POS_NC_001803_1_F0.001_R2_1373	NC_012920.1	99.333	150	150	7.34e-76	272
POS_NC_001803_1_F0.001_R2_1374	NC_012920.1	99.333	150	150	7.34e-76	272
POS_NC_001803_1_F0.001_R2_1375	NC_012920.1	100.000	150	150	1.58e-77	278
POS_NC_001803_1_F0.001_R2_1376	NC_012920.1	100.000	150	150	1.58e-77	278
POS_NC_001803_1_F0.001_R2_1377	NC_012920.1	99.333	150	150	9.50e-75	268
POS_NC_001803_1_F0.001_R2_1378	NC_012920.1	100.000	150	150	1.58e-77	278
POS_NC_001803_1_F0.001_R2_1379	NC_012920.1	100.000	150	150	1.58e-77	278
POS_NC_001803_1_F0.001_R2_1380	NC_012920.1	100.000	150	150	1.58e-77	278
POS_NC_001803_1_F0.001_R2_1381	NC_012920.1	100.000	150	150	1.58e-77	278
POS_NC_001803_1_F0.001_R2_1382	NC_012920.1	100.000	150	150	1.58e-77	278
POS_NC_001803_1_F0.001_R2_1383	NC_012920.1	100.000	150	150	1.58e-77	278
POS_NC_001803_1_F0.001_R2_1384	NC_012920.1	100.000	150	150	1.58e-77	278
POS_NC_001803_1_F0.001_R2_1385	NC_012920.1	100.000	150	150	1.58e-77	278
POS_NC_001803_1_F0.001_R2_1386	NC_012920.1	100.000	150	150	1.58e-77	278
POS_NC_001803_1_F0.001_R2_1387	NC_012920.1	100.000	150	150	1.58e-77	278
POS_NC_001803_1_F0.001_R2_1388	NC_012920.1	100.000	150	150	1.58e-77	278
POS_NC_001803_1_F0.001_R2_1389	NC_012920.1	100.000	150	150	1.58e-77	278
POS_NC_001803_1_F0.001_R2_1390	NC_012920.1	100.000	150	150	1.58e-77	278
POS_NC_001803_1_F0.001_R2_1391	NC_012920.1	100.000	150	150	1.58e-77	278
POS_NC_001803_1_F0.001_R2_1392	NC_012920.1	99.333	150	150	7.34e-76	272
POS_NC_001803_1_F0.001_R2_1393	NC_012920.1	100.000	150	150	1.58e-77	278
POS_NC_001803_1_F0.001_R2_1394	NC_012920.1	99.333	150	150	7.34e-76	272
POS_NC_001803_1_F0.001_R2_1395	NC_012920.1	99.333	150	150	7.34e-76	272
POS_NC_001803_1_F0.001_R2_1396	NC_012920.1	100.000	150	150	1.58e-77	278
POS_NC_001803_1_F0.001_R2_1397	NC_012920.1	100.000	150	150	1.58e-77	278
POS_NC_001803_1_F0.001_R2_1398	NC_012920.1	100.000	150	150	1.58e-77	278
POS_NC_001803_1_F0.001_R2_1399	NC_012920.1	98.667	150	150	3.42e-74	267
POS_NC_001803_1_F0.001_R2_1400	NC_012920.1	100.000	150	150	1.58e-77	278
POS_NC_001803_1_F0.001_R2_1401	NC_012920.1	100.000	150	150	1.58e-77	278
POS_NC_001803_1_F0.001_R2_1402	NC_012920.1	100.000	150	150	1.58e-77	278
POS_NC_001803_1_F0.001_R2_1403	NC_012920.1	100.000	150	150	2.04e-76	274
POS_NC_001803_1_F0.001_R2_1404	NC_012920.1	100.000	150	150	1.58e-77	278
POS_NC_001803_1_F0.001_R2_1405	NC_012920.1	100.000	150	150	1.58e-77	278
POS_NC_001803_1_F0.001_R2_1406	NC_012920.1	99.333	150	150	7.34e-76	272
POS_NC_001803_1_F0.001_R2_1407	NC_012920.1	100.000	150	150	1.58e-77	278
POS_NC_001803_1_F0.001_R2_1408	NC_012920.1	100.000	150	150	1.58e-77	278
POS_NC_001803_1_F0.001_R2_1409	NC_012920.1	100.000	150	150	1.58e-77	278
POS_NC_001803_1_F0.001_R2_1410	NC_012920.1	100.000	150	150	1.58e-77	278
POS_NC_001803_1_F0.001_R2_1411	NC_012920.1	100.000	150	150	1.58e-77	278
POS_NC_001803_1_F0.001_R2_1412	NC_012920.1	100.000	150	150	1.58e-77	278
POS_NC_001803_1_F0.001_R2_1413	NC_012920.1	100.000	150	150	1.58e-77	278
POS_NC_001803_1_F0.001_R2_1414	NC_012920.1	99.333	150	150	7.34e-76	272
POS_NC_001803_1_F0.001_R2_1415	NC_012920.1	99.333	150	150	7.34e-76	272
POS_NC_001803_1_F0.001_R2_1416	NC_012920.1	100.000	150	150	1.58e-77	278
POS_NC_001803_1_F0.001_R2_1417	NC_012920.1	99.333	150	150	7.34e-76	272
POS_NC_001803_1_F0.001_R2_1418	NC_012920.1	100.000	150	150	1.58e-77	278
POS_NC_001803_1_F0.001_R2_1419	NC_012920.1	100.000	150	150	1.58e-77	278
POS_NC_001803_1_F0.001_R2_1420	NC_012920.1	100.000	150	150	1.58e-77	278
POS_NC_001803_1_F0.001_R2_1421	NC_012920.1	100.000	150	150	1.58e-77	278
POS_NC_001803_1_F0.001_R2_1422	NC_012920.1	100.000	150	150	1.58e-77	278
POS_NC_001803_1_F0.001_R2_1423	NC_012920.1	100.000	150	150	1.58e-77	278
POS_NC_001803_1_F0.001_R2_1424	NC_012920.1	100.000	150	150	1.58e-77	278
POS_NC_001803_1_F0.001_R2_1425	NC_012920.1	100.000	150	150	1.58e-77	278
POS_NC_001803_1_F0.001_R2_1426	NC_012920.1	100.000	150	150	1.58e-77	278
POS_NC_001803_1_F0.001_R2_1427	NC_012920.1	99.333	150	150	7.34e-76	272
POS_NC_001803_1_F0.001_R2_1428	NC_012920.1	100.000	150	150	1.58e-77	278
POS_NC_001803_1_F0.001_R2_1429	NC_012920.1	98.649	148	150	4.42e-73	263
POS_NC_001803_1_F0.001_R2_1430	NC_012920.1	99.333	150	150	7.34e-76	272
POS_NC_001803_1_F0.001_R2_1431	NC_012920.1	100.000	150	150	1.58e-77	278
POS_NC_001803_1_F0.001_R2_1432	NC_012920.1	100.000	150	150	1.58e-77	278
POS_NC_001803_1_F0.001_R2_1433	NC_012920.1	99.333	150	150	7.34e-76	272
POS_NC_001803_1_F0.001_R2_1434	NC_012920.1	99.333	150	150	7.34e-76	272
POS_NC_001803_1_F0.001_R2_1435	NC_012920.1	100.000	150	150	1.58e-77	278
POS_NC_001803_1_F0.001_R2_1436	NC_012920.1	98.000	150	150	1.59e-72	261
POS_NC_001803_1_F0.001_R2_1437	NC_012920.1	100.000	150	150	1.58e-77	278
POS_NC_001803_1_F0.001_R2_1438	NC_012920.1	100.000	150	150	1.58e-77	278
POS_NC_001803_1_F0.001_R2_1439	NC_012920.1	100.000	150	150	1.58e-77	278
POS_NC_001803_1_F0.001_R2_1440	NC_012920.1	100.000	150	150	1.58e-77	278
POS_NC_001803_1_F0.001_R2_1441	NC_012920.1	99.333	150	150	7.34e-76	272
POS_NC_001803_1_F0.001_R2_1442	NC_012920.1	100.000	150	150	1.58e-77	278
POS_NC_001803_1_F0.001_R2_1443	NC_012920.1	99.333	150	150	7.34e-76	272
POS_NC_001803_1_F0.001_R2_1444	NC_012920.1	99.333	150	150	7.34e-76	272
POS_NC_001803_1_F0.001_R2_1445	NC_012920.1	100.000	150	150	1.58e-77	278
POS_NC_001803_1_F0.001_R2_1446	NC_012920.1	100.000	150	150	1.58e-77	278
POS_NC_001803_1_F0.001_R2_1447	NC_012920.1	100.000	150	150	1.58e-77	278
POS_NC_001803_1_F0.001_R2_1448	NC_012920.1	99.333	150	150	7.34e-76	272
POS_NC_001803_1_F0.001_R2_1449	NC_012920.1	100.000	150	150	1.58e-77	278
POS_NC_001803_1_F0.001_R2_1450	NC_012920.1	99.333	150	150	7.34e-76	272
POS_NC_001803_1_F0.001_R2_1451	NC_012920.1	99.333	150	150	7.34e-76	272
POS_NC_001803_1_F0.001_R2_1452	NC_012920.1	99.333	150	150	7.34e-76	272
POS_NC_001803_1_F0.001_R2_1453	NC_012920.1	100.000	150	150	1.58e-77	278
POS_NC_001803_1_F0.001_R2_1454	NC_012920.1	100.000	150	150	1.58e-77	278
POS_NC_001803_1_F0.001_R2_1455	NC_012920.1	100.000	150	150	1.58e-77	278
POS_NC_001803_1_F0.001_R2_1456	NC_012920.1	100.000	150	150	1.58e-77	278
POS_NC_001803_1_F0.001_R2_1457	NC_012920.1	100.000	150	150	1.58e-77	278
POS_NC_001803_1_F0.001_R2_1458	NC_012920.1	100.000	150	150	1.58e-77	278
POS_NC_001803_1_F0.001_R2_1459	NC_012920.1	100.000	150	150	1.58e-77	278
POS_NC_001803_1_F0.001_R2_1460	NC_012920.1	100.000	150	150	1.58e-77	278
POS_NC_001803_1_F0.001_R2_1461	NC_012920.1	100.000	150	150	1.58e-77	278
POS_NC_001803_1_F0.001_R2_1462	NC_012920.1	100.000	150	150	1.58e-77	278
POS_NC_001803_1_F0.001_R2_1463	NC_012920.1	100.000	150	150	1.58e-77	278
POS_NC_001803_1_F0.001_R2_1464	NC_012920.1	100.000	150	150	1.58e-77	278
POS_NC_001803_1_F0.001_R2_1465	NC_012920.1	100.000	150	150	1.58e-77	278
POS_NC_001803_1_F0.001_R2_1466	NC_012920.1	100.000	150	150	1.58e-77	278
POS_NC_001803_1_F0.001_R2_1467	NC_012920.1	100.000	150	150	1.58e-77	278
POS_NC_001803_1_F0.001_R2_1468	NC_012920.1	100.000	150	150	1.58e-77	278
POS_NC_001803_1_F0.001_R2_1469	NC_012920.1	100.000	150	150	1.58e-77	278
POS_NC_001803_1_F0.001_R2_1470	NC_012920.1	100.000	150	150	1.58e-77	278
POS_NC_001803_1_F0.001_R2_1471	NC_012920.1	100.000	150	150	1.58e-77	278
POS_NC_001803_1_F0.001_R2_1472	NC_012920.1	99.333	150	150	7.34e-76	272
POS_NC_001803_1_F0.001_R2_1473	NC_012920.1	100.000	150	150	1.58e-77	278
POS_NC_001803_1_F0.001_R2_1474	NC_012920.1	100.000	150	150	1.58e-77	278
POS_NC_001803_1_F0.001_R2_1475	NC_012920.1	99.333	150	150	7.34e-76	272
POS_NC_001803_1_F0.001_R2_1476	NC_012920.1	100.000	150	150	1.58e-77	278
POS_NC_001803_1_F0.001_R2_1477	NC_012920.1	99.333	150	150	7.34e-76	272
POS_NC_001803_1_F0.001_R2_1478	NC_012920.1	100.000	150	150	1.58e-77	278
POS_NC_001803_1_F0.001_R2_1479	NC_012920.1	99.333	150	150	7.34e-76	272
POS_NC_001803_1_F0.001_R2_1480	NC_012920.1	100.000	150	150	1.58e-77	278
POS_NC_001803_1_F0.001_R2_1481	NC_012920.1	100.000	150	150	1.58e-77	278
POS_NC_001803_1_F0.001_R2_1482	NC_012920.1	100.000	150	150	1.58e-77	278
POS_NC_001803_1_F0.001_R2_1483	NC_012920.1	100.000	150	150	1.58e-77	278
POS_NC_001803_1_F0.001_R2_1484	NC_012920.1	100.000	150	150	1.58e-77	278
POS_NC_001803_1_F0.001_R2_1485	NC_012920.1	99.333	150	150	7.34e-76	272
POS_NC_001803_1_F0.001_R2_1486	NC_012920.1	99.333	150	150	7.34e-76	272
POS_NC_001803_1_F0.001_R2_1487	NC_012920.1	100.000	150	150	1.58e-77	278
POS_NC_001803_1_F0.001_R2_1488	NC_012920.1	100.000	150	150	1.58e-77	278
POS_NC_001803_1_F0.001_R2_1489	NC_012920.1	99.333	150	150	7.34e-76	272
POS_NC_001803_1_F0.001_R2_1490	NC_012920.1	100.000	150	150	1.58e-77	278
POS_NC_001803_1_F0.001_R2_1491	NC_012920.1	99.333	150	150	7.34e-76	272
POS_NC_001803_1_F0.001_R2_1492	NC_012920.1	99.333	150	150	7.34e-76	272
POS_NC_001803_1_F0.001_R2_1493	NC_012920.1	100.000	150	150	1.58e-77	278
POS_NC_001803_1_F0.001_R2_1494	NC_012920.1	100.000	150	150	1.58e-77	278
POS_NC_001803_1_F0.001_R2_1495	NC_012920.1	99.333	150	150	7.34e-76	272
POS_NC_001803_1_F0.001_R2_1496	NC_012920.1	100.000	150	150	1.58e-77	278
POS_NC_001803_1_F0.001_R2_1497	NC_012920.1	99.333	150	150	7.34e-76	272
POS_NC_001803_1_F0.001_R2_1498	NC_012920.1	100.000	150	150	1.58e-77	278
POS_NC_001803_1_F0.001_R2_1499	NC_012920.1	100.000	150	150	1.58e-77	278
POS_NC_001803_1_F0.001_R2_1500	NC_012920.1	100.000	150	150	1.58e-77	278
POS_NC_001803_1_F0.001_R2_1501	NC_012920.1	100.000	150	150	1.58e-77	278
POS_NC_001803_1_F0.001_R2_1502	NC_012920.1	100.000	150	150	1.58e-77	278
POS_NC_001803_1_F0.001_R2_1503	NC_012920.1	99.333	150	150	7.34e-76	272
POS_NC_001803_1_F0.001_R2_1504	NC_012920.1	100.000	150	150	1.58e-77	278
POS_NC_001803_1_F0.001_R2_1505	NC_012920.1	100.000	150	150	1.58e-77	278
POS_NC_001803_1_F0.001_R2_1506	NC_012920.1	99.333	150	150	7.34e-76	272
POS_NC_001803_1_F0.001_R2_1507	NC_012920.1	100.000	150	150	1.58e-77	278
POS_NC_001803_1_F0.001_R2_1508	NC_012920.1	98.667	150	150	3.42e-74	267
POS_NC_001803_1_F0.001_R2_1509	NC_012920.1	100.000	150	150	1.58e-77	278
POS_NC_001803_1_F0.001_R2_1510	NC_012920.1	100.000	150	150	1.58e-77	278
POS_NC_001803_1_F0.001_R2_1511	NC_012920.1	100.000	150	150	1.58e-77	278
POS_NC_001803_1_F0.001_R2_1512	NC_012920.1	99.333	150	150	7.34e-76	272
POS_NC_001803_1_F0.001_R2_1513	NC_012920.1	99.333	150	150	7.34e-76	272
POS_NC_001803_1_F0.001_R2_1514	NC_012920.1	100.000	150	150	1.58e-77	278
POS_NC_001803_1_F0.001_R2_1515	NC_012920.1	99.333	150	150	7.34e-76	272
POS_NC_001803_1_F0.001_R2_1516	NC_012920.1	100.000	150	150	1.58e-77	278
POS_NC_001803_1_F0.001_R2_1517	NC_012920.1	99.333	150	150	7.34e-76	272
POS_NC_001803_1_F0.001_R2_1518	NC_012920.1	100.000	150	150	1.58e-77	278
POS_NC_001803_1_F0.001_R2_1519	NC_012920.1	99.333	150	150	7.34e-76	272
POS_NC_001803_1_F0.001_R2_1520	NC_012920.1	100.000	150	150	1.58e-77	278
POS_NC_001803_1_F0.001_R2_1521	NC_012920.1	100.000	150	150	1.58e-77	278
POS_NC_001803_1_F0.001_R2_1522	NC_012920.1	100.000	150	150	1.58e-77	278
POS_NC_001803_1_F0.001_R2_1523	NC_012920.1	100.000	150	150	1.58e-77	278
POS_NC_001803_1_F0.001_R2_1524	NC_012920.1	100.000	150	150	1.58e-77	278
POS_NC_001803_1_F0.001_R2_1525	NC_012920.1	100.000	150	150	1.58e-77	278
POS_NC_001803_1_F0.001_R2_1526	NC_012920.1	100.000	150	150	1.58e-77	278
POS_NC_001803_1_F0.001_R2_1527	NC_012920.1	100.000	150	150	1.58e-77	278
POS_NC_001803_1_F0.001_R2_1528	NC_012920.1	98.667	150	150	3.42e-74	267
POS_NC_001803_1_F0.001_R2_1529	NC_012920.1	100.000	150	150	1.58e-77	278
POS_NC_001803_1_F0.001_R2_1530	NC_012920.1	100.000	150	150	1.58e-77	278
POS_NC_001803_1_F0.001_R2_1531	NC_012920.1	100.000	148	150	2.04e-76	274
POS_NC_001803_1_F0.001_R2_1532	NC_012920.1	100.000	150	150	1.58e-77	278
POS_NC_001803_1_F0.001_R2_1533	NC_012920.1	99.333	150	150	7.34e-76	272
POS_NC_001803_1_F0.001_R2_1534	NC_012920.1	100.000	150	150	1.58e-77	278
POS_NC_001803_1_F0.001_R2_1535	NC_012920.1	99.333	150	150	7.34e-76	272
POS_NC_001803_1_F0.001_R2_1536	NC_012920.1	100.000	150	150	1.58e-77	278
POS_NC_001803_1_F0.001_R2_1537	NC_012920.1	99.333	150	150	7.34e-76	272
POS_NC_001803_1_F0.001_R2_1538	NC_012920.1	100.000	150	150	1.58e-77	278
POS_NC_001803_1_F0.001_R2_1539	NC_012920.1	100.000	150	150	1.58e-77	278
POS_NC_001803_1_F0.001_R2_1540	NC_012920.1	100.000	150	150	1.58e-77	278
POS_NC_001803_1_F0.001_R2_1541	NC_012920.1	100.000	150	150	1.58e-77	278
POS_NC_001803_1_F0.001_R2_1542	NC_012920.1	100.000	150	150	1.58e-77	278
POS_NC_001803_1_F0.001_R2_1543	NC_012920.1	100.000	150	150	1.58e-77	278
POS_NC_001803_1_F0.001_R2_1544	NC_012920.1	100.000	150	150	1.58e-77	278
POS_NC_001803_1_F0.001_R2_1545	NC_012920.1	100.000	150	150	1.58e-77	278
POS_NC_001803_1_F0.001_R2_1546	NC_012920.1	100.000	150	150	1.58e-77	278
POS_NC_001803_1_F0.001_R2_1547	NC_012920.1	100.000	150	150	1.58e-77	278
POS_NC_001803_1_F0.001_R2_1548	NC_012920.1	100.000	150	150	1.58e-77	278
POS_NC_001803_1_F0.001_R2_1549	NC_012920.1	100.000	150	150	1.58e-77	278
POS_NC_001803_1_F0.001_R2_1550	NC_012920.1	100.000	150	150	1.58e-77	278
POS_NC_001803_1_F0.001_R2_1551	NC_012920.1	100.000	150	150	1.58e-77	278
POS_NC_001803_1_F0.001_R2_1552	NC_012920.1	98.667	150	150	3.42e-74	267
POS_NC_001803_1_F0.001_R2_1553	NC_012920.1	100.000	150	150	1.58e-77	278
POS_NC_001803_1_F0.001_R2_1554	NC_012920.1	100.000	150	150	1.58e-77	278
POS_NC_001803_1_F0.001_R2_1555	NC_012920.1	99.333	150	150	7.34e-76	272
POS_NC_001803_1_F0.001_R2_1556	NC_012920.1	100.000	150	150	1.58e-77	278
POS_NC_001803_1_F0.001_R2_1557	NC_012920.1	100.000	150	150	1.58e-77	278
POS_NC_001803_1_F0.001_R2_1558	NC_012920.1	100.000	150	150	1.58e-77	278
POS_NC_001803_1_F0.001_R2_1559	NC_012920.1	100.000	150	150	1.58e-77	278
POS_NC_001803_1_F0.001_R2_1560	NC_012920.1	100.000	150	150	1.58e-77	278
POS_NC_001803_1_F0.001_R2_1561	NC_012920.1	99.333	150	150	7.34e-76	272
POS_NC_001803_1_F0.001_R2_1562	NC_012920.1	99.333	150	150	7.34e-76	272
POS_NC_001803_1_F0.001_R2_1563	NC_012920.1	100.000	150	150	1.58e-77	278
POS_NC_001803_1_F0.001_R2_1564	NC_012920.1	100.000	150	150	1.58e-77	278
POS_NC_001803_1_F0.001_R2_1565	NC_012920.1	100.000	150	150	1.58e-77	278
POS_NC_001803_1_F0.001_R2_1566	NC_012920.1	100.000	150	150	1.58e-77	278
POS_NC_001803_1_F0.001_R2_1567	NC_012920.1	100.000	150	150	1.58e-77	278
POS_NC_001803_1_F0.001_R2_1568	NC_012920.1	100.000	150	150	1.58e-77	278
POS_NC_001803_1_F0.001_R2_1569	NC_012920.1	100.000	150	150	1.58e-77	278
POS_NC_001803_1_F0.001_R2_1570	NC_012920.1	100.000	150	150	1.58e-77	278
POS_NC_001803_1_F0.001_R2_1571	NC_012920.1	100.000	150	150	1.58e-77	278
POS_NC_001803_1_F0.001_R2_1572	NC_012920.1	100.000	150	150	1.58e-77	278
POS_NC_001803_1_F0.001_R2_1573	NC_012920.1	100.000	150	150	1.58e-77	278
POS_NC_001803_1_F0.001_R2_1574	NC_012920.1	100.000	150	150	1.58e-77	278
POS_NC_001803_1_F0.001_R2_1575	NC_012920.1	99.333	150	150	7.34e-76	272
POS_NC_001803_1_F0.001_R2_1576	NC_012920.1	100.000	150	150	1.58e-77	278
POS_NC_001803_1_F0.001_R2_1577	NC_012920.1	100.000	150	150	1.58e-77	278
POS_NC_001803_1_F0.001_R2_1578	NC_012920.1	99.333	150	150	7.34e-76	272
POS_NC_001803_1_F0.001_R2_1579	NC_012920.1	99.333	150	150	7.34e-76	272
POS_NC_001803_1_F0.001_R2_1580	NC_012920.1	100.000	150	150	1.58e-77	278
POS_NC_001803_1_F0.001_R2_1581	NC_012920.1	100.000	150	150	1.58e-77	278
POS_NC_001803_1_F0.001_R2_1582	NC_012920.1	99.333	150	150	7.34e-76	272
POS_NC_001803_1_F0.001_R2_1583	NC_012920.1	100.000	150	150	1.58e-77	278
POS_NC_001803_1_F0.001_R2_1584	NC_012920.1	100.000	150	150	1.58e-77	278
POS_NC_001803_1_F0.001_R2_1585	NC_012920.1	99.333	150	150	7.34e-76	272
POS_NC_001803_1_F0.001_R2_1586	NC_012920.1	99.333	150	150	7.34e-76	272
POS_NC_001803_1_F0.001_R2_1587	NC_012920.1	100.000	150	150	1.58e-77	278
POS_NC_001803_1_F0.001_R2_1588	NC_012920.1	100.000	150	150	1.58e-77	278
POS_NC_001803_1_F0.001_R2_1589	NC_012920.1	100.000	150	150	1.58e-77	278
POS_NC_001803_1_F0.001_R2_1590	NC_012920.1	100.000	150	150	1.58e-77	278
POS_NC_001803_1_F0.001_R2_1591	NC_012920.1	99.333	150	150	7.34e-76	272
POS_NC_001803_1_F0.001_R2_1592	NC_012920.1	100.000	150	150	1.58e-77	278
POS_NC_001803_1_F0.001_R2_1593	NC_012920.1	100.000	150	150	1.58e-77	278
POS_NC_001803_1_F0.001_R2_1594	NC_012920.1	100.000	150	150	1.58e-77	278
POS_NC_001803_1_F0.001_R2_1595	NC_012920.1	100.000	150	150	1.58e-77	278
POS_NC_001803_1_F0.001_R2_1596	NC_012920.1	100.000	150	150	1.58e-77	278
POS_NC_001803_1_F0.001_R2_1597	NC_012920.1	100.000	150	150	1.58e-77	278
POS_NC_001803_1_F0.001_R2_1598	NC_012920.1	100.000	150	150	1.58e-77	278
POS_NC_001803_1_F0.001_R2_1599	NC_012920.1	100.000	150	150	1.58e-77	278
POS_NC_001803_1_F0.001_R2_1600	NC_012920.1	100.000	150	150	1.58e-77	278
POS_NC_001803_1_F0.001_R2_1601	NC_012920.1	100.000	150	150	1.58e-77	278
POS_NC_001803_1_F0.001_R2_1602	NC_012920.1	100.000	150	150	1.58e-77	278
POS_NC_001803_1_F0.001_R2_1603	NC_012920.1	100.000	150	150	1.58e-77	278
POS_NC_001803_1_F0.001_R2_1604	NC_012920.1	99.333	150	150	7.34e-76	272
POS_NC_001803_1_F0.001_R2_1605	NC_012920.1	100.000	149	150	5.68e-77	276
POS_NC_001803_1_F0.001_R2_1606	NC_012920.1	100.000	150	150	1.58e-77	278
POS_NC_001803_1_F0.001_R2_1607	NC_012920.1	100.000	150	150	1.58e-77	278
POS_NC_001803_1_F0.001_R2_1608	NC_012920.1	100.000	150	150	1.58e-77	278
POS_NC_001803_1_F0.001_R2_1609	NC_012920.1	99.333	150	150	7.34e-76	272
POS_NC_001803_1_F0.001_R2_1610	NC_012920.1	98.000	150	150	1.59e-72	261
POS_NC_001803_1_F0.001_R2_1611	NC_012920.1	100.000	150	150	1.58e-77	278
POS_NC_001803_1_F0.001_R2_1612	NC_012920.1	100.000	150	150	1.58e-77	278
POS_NC_001803_1_F0.001_R2_1613	NC_012920.1	100.000	149	150	5.68e-77	276
POS_NC_001803_1_F0.001_R2_1614	NC_012920.1	100.000	150	150	1.58e-77	278
POS_NC_001803_1_F0.001_R2_1615	NC_012920.1	100.000	150	150	1.58e-77	278
POS_NC_001803_1_F0.001_R2_1616	NC_012920.1	100.000	150	150	1.58e-77	278
POS_NC_001803_1_F0.001_R2_1617	NC_012920.1	100.000	150	150	1.58e-77	278
POS_NC_001803_1_F0.001_R2_1618	NC_012920.1	100.000	150	150	1.58e-77	278
POS_NC_001803_1_F0.001_R2_1619	NC_012920.1	99.333	150	150	7.34e-76	272
POS_NC_001803_1_F0.001_R2_1620	NC_012920.1	100.000	150	150	1.58e-77	278
POS_NC_001803_1_F0.001_R2_1621	NC_012920.1	99.333	150	150	7.34e-76	272
POS_NC_001803_1_F0.001_R2_1622	NC_012920.1	100.000	150	150	1.58e-77	278
POS_NC_001803_1_F0.001_R2_1623	NC_012920.1	100.000	150	150	1.58e-77	278
POS_NC_001803_1_F0.001_R2_1624	NC_012920.1	100.000	150	150	1.58e-77	278
POS_NC_001803_1_F0.001_R2_1625	NC_012920.1	100.000	150	150	1.58e-77	278
POS_NC_001803_1_F0.001_R2_1626	NC_012920.1	100.000	150	150	1.58e-77	278
POS_NC_001803_1_F0.001_R2_1627	NC_012920.1	100.000	150	150	1.58e-77	278
POS_NC_001803_1_F0.001_R2_1628	NC_012920.1	100.000	150	150	1.58e-77	278
POS_NC_001803_1_F0.001_R2_1629	NC_012920.1	100.000	150	150	1.58e-77	278
POS_NC_001803_1_F0.001_R2_1630	NC_012920.1	100.000	150	150	2.04e-76	274
POS_NC_001803_1_F0.001_R2_1631	NC_012920.1	100.000	150	150	1.58e-77	278
POS_NC_001803_1_F0.001_R2_1632	NC_012920.1	100.000	150	150	1.58e-77	278
POS_NC_001803_1_F0.001_R2_1633	NC_012920.1	100.000	150	150	1.58e-77	278
POS_NC_001803_1_F0.001_R2_1634	NC_012920.1	100.000	150	150	1.58e-77	278
POS_NC_001803_1_F0.001_R2_1635	NC_012920.1	100.000	150	150	1.58e-77	278
POS_NC_001803_1_F0.001_R2_1636	NC_012920.1	99.333	150	150	7.34e-76	272
POS_NC_001803_1_F0.001_R2_1637	NC_012920.1	98.667	150	150	3.42e-74	267
POS_NC_001803_1_F0.001_R2_1638	NC_012920.1	100.000	150	150	1.58e-77	278
POS_NC_001803_1_F0.001_R2_1639	NC_012920.1	100.000	150	150	1.58e-77	278
POS_NC_001803_1_F0.001_R2_1640	NC_012920.1	100.000	150	150	1.58e-77	278
POS_NC_001803_1_F0.001_R2_1641	NC_012920.1	99.333	150	150	7.34e-76	272
POS_NC_001803_1_F0.001_R2_1642	NC_012920.1	100.000	150	150	1.58e-77	278
POS_NC_001803_1_F0.001_R2_1643	NC_012920.1	99.333	150	150	7.34e-76	272
POS_NC_001803_1_F0.001_R2_1644	NC_012920.1	100.000	150	150	1.58e-77	278
POS_NC_001803_1_F0.001_R2_1645	NC_012920.1	97.973	148	150	2.06e-71	257
POS_NC_001803_1_F0.001_R2_1646	NC_012920.1	99.333	150	150	7.34e-76	272
POS_NC_001803_1_F0.001_R2_1647	NC_012920.1	100.000	150	150	1.58e-77	278
POS_NC_001803_1_F0.001_R2_1648	NC_012920.1	99.333	150	150	7.34e-76	272
POS_NC_001803_1_F0.001_R2_1649	NC_012920.1	100.000	150	150	1.58e-77	278
POS_NC_001803_1_F0.001_R2_1650	NC_012920.1	100.000	150	150	1.58e-77	278
POS_NC_001803_1_F0.001_R2_1651	NC_012920.1	99.333	150	150	7.34e-76	272
POS_NC_001803_1_F0.001_R2_1652	NC_012920.1	98.667	150	150	4.42e-73	263
POS_NC_001803_1_F0.001_R2_1653	NC_012920.1	99.333	150	150	7.34e-76	272
POS_NC_001803_1_F0.001_R2_1654	NC_012920.1	100.000	150	150	1.58e-77	278
POS_NC_001803_1_F0.001_R2_1655	NC_012920.1	99.333	150	150	7.34e-76	272
POS_NC_001803_1_F0.001_R2_1656	NC_012920.1	100.000	150	150	1.58e-77	278
POS_NC_001803_1_F0.001_R2_1657	NC_012920.1	99.333	150	150	7.34e-76	272
POS_NC_001803_1_F0.001_R2_1658	NC_012920.1	100.000	150	150	1.58e-77	278
POS_NC_001803_1_F0.001_R2_1659	NC_012920.1	100.000	150	150	1.58e-77	278
POS_NC_001803_1_F0.001_R2_1660	NC_012920.1	100.000	150	150	1.58e-77	278
POS_NC_001803_1_F0.001_R2_1661	NC_012920.1	100.000	150	150	1.58e-77	278
POS_NC_001803_1_F0.001_R2_1662	NC_012920.1	99.333	150	150	7.34e-76	272
POS_NC_001803_1_F0.001_R2_1663	NC_012920.1	100.000	150	150	1.58e-77	278
POS_NC_001803_1_F0.001_R2_1664	NC_012920.1	99.333	150	150	7.34e-76	272
POS_NC_001803_1_F0.001_R2_1665	NC_012920.1	100.000	150	150	1.58e-77	278
POS_NC_001803_1_F0.001_R2_1666	NC_012920.1	100.000	150	150	1.58e-77	278
POS_NC_001803_1_F0.001_R2_1667	NC_012920.1	99.333	150	150	7.34e-76	272
POS_NC_001803_1_F0.001_R2_1668	NC_012920.1	98.667	150	150	3.42e-74	267
POS_NC_001803_1_F0.001_R2_1669	NC_012920.1	100.000	150	150	1.58e-77	278
POS_NC_001803_1_F0.001_R2_1670	NC_012920.1	100.000	150	150	1.58e-77	278
POS_NC_001803_1_F0.001_R2_1671	NC_012920.1	100.000	150	150	1.58e-77	278
POS_NC_001803_1_F0.001_R2_1672	NC_012920.1	100.000	150	150	1.58e-77	278
POS_NC_001803_1_F0.001_R2_1673	NC_012920.1	100.000	150	150	1.58e-77	278
POS_NC_001803_1_F0.001_R2_1674	NC_012920.1	100.000	150	150	1.58e-77	278
POS_NC_001803_1_F0.001_R2_1675	NC_012920.1	100.000	150	150	1.58e-77	278
POS_NC_001803_1_F0.001_R2_1676	NC_012920.1	100.000	150	150	1.58e-77	278
POS_NC_001803_1_F0.001_R2_1677	NC_012920.1	100.000	150	150	1.58e-77	278
POS_NC_001803_1_F0.001_R2_1678	NC_012920.1	100.000	150	150	1.58e-77	278
POS_NC_001803_1_F0.001_R2_1679	NC_012920.1	100.000	150	150	1.58e-77	278
POS_NC_001803_1_F0.001_R2_1680	NC_012920.1	100.000	150	150	1.58e-77	278
POS_NC_001803_1_F0.001_R2_1681	NC_012920.1	100.000	150	150	1.58e-77	278
POS_NC_001803_1_F0.001_R2_1682	NC_012920.1	99.333	150	150	7.34e-76	272
POS_NC_001803_1_F0.001_R2_1683	NC_012920.1	100.000	150	150	1.58e-77	278
POS_NC_001803_1_F0.001_R2_1684	NC_012920.1	100.000	150	150	1.58e-77	278
POS_NC_001803_1_F0.001_R2_1685	NC_012920.1	100.000	150	150	1.58e-77	278
POS_NC_001803_1_F0.001_R2_1686	NC_012920.1	100.000	150	150	1.58e-77	278
POS_NC_001803_1_F0.001_R2_1687	NC_012920.1	100.000	150	150	1.58e-77	278
POS_NC_001803_1_F0.001_R2_1688	NC_012920.1	100.000	150	150	1.58e-77	278
POS_NC_001803_1_F0.001_R2_1689	NC_012920.1	99.333	150	150	7.34e-76	272
POS_NC_001803_1_F0.001_R2_1690	NC_012920.1	100.000	150	150	1.58e-77	278
POS_NC_001803_1_F0.001_R2_1691	NC_012920.1	100.000	150	150	1.58e-77	278
POS_NC_001803_1_F0.001_R2_1692	NC_012920.1	100.000	150	150	1.58e-77	278
POS_NC_001803_1_F0.001_R2_1693	NC_012920.1	100.000	150	150	1.58e-77	278
POS_NC_001803_1_F0.001_R2_1694	NC_012920.1	99.333	150	150	7.34e-76	272
POS_NC_001803_1_F0.001_R2_1695	NC_012920.1	100.000	150	150	1.58e-77	278
POS_NC_001803_1_F0.001_R2_1696	NC_012920.1	99.333	150	150	7.34e-76	272
POS_NC_001803_1_F0.001_R2_1697	NC_012920.1	100.000	150	150	1.58e-77	278
POS_NC_001803_1_F0.001_R2_1698	NC_012920.1	100.000	150	150	1.58e-77	278
POS_NC_001803_1_F0.001_R2_1699	NC_012920.1	100.000	150	150	1.58e-77	278
POS_NC_001803_1_F0.001_R2_1700	NC_012920.1	99.333	150	150	7.34e-76	272
POS_NC_001803_1_F0.001_R2_1701	NC_012920.1	99.333	150	150	7.34e-76	272
POS_NC_001803_1_F0.001_R2_1702	NC_012920.1	100.000	150	150	1.58e-77	278
POS_NC_001803_1_F0.001_R2_1703	NC_012920.1	100.000	150	150	1.58e-77	278
POS_NC_001803_1_F0.001_R2_1704	NC_012920.1	99.333	150	150	7.34e-76	272
POS_NC_001803_1_F0.001_R2_1705	NC_012920.1	99.333	150	150	7.34e-76	272
POS_NC_001803_1_F0.001_R2_1706	NC_012920.1	100.000	150	150	1.58e-77	278
POS_NC_001803_1_F0.001_R2_1707	NC_012920.1	99.333	150	150	7.34e-76	272
POS_NC_001803_1_F0.001_R2_1708	NC_012920.1	99.333	150	150	7.34e-76	272
POS_NC_001803_1_F0.001_R2_1709	NC_012920.1	99.333	150	150	7.34e-76	272
POS_NC_001803_1_F0.001_R2_1710	NC_012920.1	99.333	150	150	7.34e-76	272
POS_NC_001803_1_F0.001_R2_1711	NC_012920.1	100.000	150	150	1.58e-77	278
POS_NC_001803_1_F0.001_R2_1712	NC_012920.1	98.667	150	150	3.42e-74	267
POS_NC_001803_1_F0.001_R2_1713	NC_012920.1	100.000	150	150	1.58e-77	278
POS_NC_001803_1_F0.001_R2_1714	NC_012920.1	100.000	150	150	1.58e-77	278
POS_NC_001803_1_F0.001_R2_1715	NC_012920.1	100.000	150	150	1.58e-77	278
POS_NC_001803_1_F0.001_R2_1716	NC_012920.1	100.000	150	150	1.58e-77	278
POS_NC_001803_1_F0.001_R2_1717	NC_012920.1	100.000	150	150	1.58e-77	278
POS_NC_001803_1_F0.001_R2_1718	NC_012920.1	100.000	150	150	1.58e-77	278
POS_NC_001803_1_F0.001_R2_1719	NC_012920.1	100.000	150	150	1.58e-77	278
POS_NC_001803_1_F0.001_R2_1720	NC_012920.1	100.000	150	150	1.58e-77	278
POS_NC_001803_1_F0.001_R2_1721	NC_012920.1	99.333	150	150	7.34e-76	272
POS_NC_001803_1_F0.001_R2_1722	NC_012920.1	100.000	150	150	1.58e-77	278
POS_NC_001803_1_F0.001_R2_1723	NC_012920.1	100.000	150	150	1.58e-77	278
POS_NC_001803_1_F0.001_R2_1724	NC_012920.1	99.333	150	150	7.34e-76	272
POS_NC_001803_1_F0.001_R2_1725	NC_012920.1	100.000	150	150	1.58e-77	278
POS_NC_001803_1_F0.001_R2_1726	NC_012920.1	100.000	150	150	1.58e-77	278
POS_NC_001803_1_F0.001_R2_1727	NC_012920.1	99.333	150	150	7.34e-76	272
POS_NC_001803_1_F0.001_R2_1728	NC_012920.1	100.000	150	150	1.58e-77	278
POS_NC_001803_1_F0.001_R2_1729	NC_012920.1	100.000	150	150	1.58e-77	278
POS_NC_001803_1_F0.001_R2_1730	NC_012920.1	100.000	150	150	1.58e-77	278
POS_NC_001803_1_F0.001_R2_1731	NC_012920.1	100.000	150	150	1.58e-77	278
POS_NC_001803_1_F0.001_R2_1732	NC_012920.1	100.000	150	150	1.58e-77	278
POS_NC_001803_1_F0.001_R2_1733	NC_012920.1	100.000	150	150	1.58e-77	278
POS_NC_001803_1_F0.001_R2_1734	NC_012920.1	99.333	150	150	7.34e-76	272
POS_NC_001803_1_F0.001_R2_1735	NC_012920.1	100.000	150	150	1.58e-77	278
POS_NC_001803_1_F0.001_R2_1736	NC_012920.1	100.000	150	150	2.04e-76	274
POS_NC_001803_1_F0.001_R2_1737	NC_012920.1	100.000	150	150	1.58e-77	278
POS_NC_001803_1_F0.001_R2_1738	NC_012920.1	100.000	150	150	1.58e-77	278
POS_NC_001803_1_F0.001_R2_1739	NC_012920.1	100.000	150	150	1.58e-77	278
POS_NC_001803_1_F0.001_R2_1740	NC_012920.1	100.000	150	150	1.58e-77	278
POS_NC_001803_1_F0.001_R2_1741	NC_012920.1	99.333	150	150	7.34e-76	272
POS_NC_001803_1_F0.001_R2_1742	NC_012920.1	100.000	150	150	1.58e-77	278
POS_NC_001803_1_F0.001_R2_1743	NC_012920.1	100.000	150	150	1.58e-77	278
POS_NC_001803_1_F0.001_R2_1744	NC_012920.1	99.333	150	150	7.34e-76	272
POS_NC_001803_1_F0.001_R2_1745	NC_012920.1	100.000	150	150	1.58e-77	278
POS_NC_001803_1_F0.001_R2_1746	NC_012920.1	99.333	150	150	7.34e-76	272
POS_NC_001803_1_F0.001_R2_1747	NC_012920.1	100.000	150	150	1.58e-77	278
POS_NC_001803_1_F0.001_R2_1748	NC_012920.1	100.000	150	150	1.58e-77	278
POS_NC_001803_1_F0.001_R2_1749	NC_012920.1	99.333	150	150	7.34e-76	272
POS_NC_001803_1_F0.001_R2_1750	NC_012920.1	99.333	150	150	7.34e-76	272
POS_NC_001803_1_F0.001_R2_1751	NC_012920.1	100.000	150	150	1.58e-77	278
POS_NC_001803_1_F0.001_R2_1752	NC_012920.1	100.000	150	150	1.58e-77	278
POS_NC_001803_1_F0.001_R2_1753	NC_012920.1	100.000	150	150	1.58e-77	278
POS_NC_001803_1_F0.001_R2_1754	NC_012920.1	100.000	150	150	1.58e-77	278
POS_NC_001803_1_F0.001_R2_1755	NC_012920.1	100.000	150	150	2.04e-76	274
POS_NC_001803_1_F0.001_R2_1756	NC_012920.1	99.333	150	150	7.34e-76	272
POS_NC_001803_1_F0.001_R2_1757	NC_012920.1	100.000	150	150	1.58e-77	278
POS_NC_001803_1_F0.001_R2_1758	NC_012920.1	100.000	150	150	1.58e-77	278
POS_NC_001803_1_F0.001_R2_1759	NC_012920.1	100.000	150	150	1.58e-77	278
POS_NC_001803_1_F0.001_R2_1760	NC_012920.1	99.333	150	150	7.34e-76	272
POS_NC_001803_1_F0.001_R2_1761	NC_012920.1	99.333	150	150	7.34e-76	272
POS_NC_001803_1_F0.001_R2_1762	NC_012920.1	99.333	150	150	7.34e-76	272
POS_NC_001803_1_F0.001_R2_1763	NC_012920.1	100.000	150	150	1.58e-77	278
POS_NC_001803_1_F0.001_R2_1764	NC_012920.1	100.000	150	150	1.58e-77	278
POS_NC_001803_1_F0.001_R2_1765	NC_012920.1	100.000	150	150	1.58e-77	278
POS_NC_001803_1_F0.001_R2_1766	NC_012920.1	100.000	150	150	1.58e-77	278
POS_NC_001803_1_F0.001_R2_1767	NC_012920.1	100.000	150	150	1.58e-77	278
POS_NC_001803_1_F0.001_R2_1768	NC_012920.1	99.333	150	150	7.34e-76	272
POS_NC_001803_1_F0.001_R2_1769	NC_012920.1	100.000	150	150	1.58e-77	278
POS_NC_001803_1_F0.001_R2_1770	NC_012920.1	100.000	150	150	2.04e-76	274
POS_NC_001803_1_F0.001_R2_1771	NC_012920.1	100.000	150	150	1.58e-77	278
POS_NC_001803_1_F0.001_R2_1772	NC_012920.1	100.000	150	150	1.58e-77	278
POS_NC_001803_1_F0.001_R2_1773	NC_012920.1	99.333	150	150	7.34e-76	272
POS_NC_001803_1_F0.001_R2_1774	NC_012920.1	100.000	150	150	1.58e-77	278
POS_NC_001803_1_F0.001_R2_1775	NC_012920.1	100.000	150	150	1.58e-77	278
POS_NC_001803_1_F0.001_R2_1776	NC_012920.1	100.000	150	150	1.58e-77	278
POS_NC_001803_1_F0.001_R2_1777	NC_012920.1	100.000	150	150	1.58e-77	278
POS_NC_001803_1_F0.001_R2_1778	NC_012920.1	99.333	150	150	7.34e-76	272
POS_NC_001803_1_F0.001_R2_1779	NC_012920.1	100.000	150	150	1.58e-77	278
POS_NC_001803_1_F0.001_R2_1780	NC_012920.1	100.000	150	150	1.58e-77	278
POS_NC_001803_1_F0.001_R2_1781	NC_012920.1	100.000	150	150	1.58e-77	278
POS_NC_001803_1_F0.001_R2_1782	NC_012920.1	99.333	150	150	7.34e-76	272
POS_NC_001803_1_F0.001_R2_1783	NC_012920.1	100.000	150	150	1.58e-77	278
POS_NC_001803_1_F0.001_R2_1784	NC_012920.1	100.000	150	150	1.58e-77	278
POS_NC_001803_1_F0.001_R2_1785	NC_012920.1	100.000	150	150	1.58e-77	278
POS_NC_001803_1_F0.001_R2_1786	NC_012920.1	100.000	150	150	1.58e-77	278
POS_NC_001803_1_F0.001_R2_1787	NC_012920.1	100.000	150	150	1.58e-77	278
POS_NC_001803_1_F0.001_R2_1788	NC_012920.1	100.000	150	150	1.58e-77	278
POS_NC_001803_1_F0.001_R2_1789	NC_012920.1	99.333	150	150	7.34e-76	272
POS_NC_001803_1_F0.001_R2_1790	NC_012920.1	100.000	150	150	1.58e-77	278
POS_NC_001803_1_F0.001_R2_1791	NC_012920.1	98.667	150	150	3.42e-74	267
POS_NC_001803_1_F0.001_R2_1792	NC_012920.1	100.000	150	150	1.58e-77	278
POS_NC_001803_1_F0.001_R2_1793	NC_012920.1	100.000	150	150	1.58e-77	278
POS_NC_001803_1_F0.001_R2_1794	NC_012920.1	100.000	150	150	1.58e-77	278
POS_NC_001803_1_F0.001_R2_1795	NC_012920.1	100.000	150	150	1.58e-77	278
POS_NC_001803_1_F0.001_R2_1796	NC_012920.1	99.333	150	150	7.34e-76	272
POS_NC_001803_1_F0.001_R2_1797	NC_012920.1	99.333	150	150	7.34e-76	272
POS_NC_001803_1_F0.001_R2_1798	NC_012920.1	100.000	150	150	1.58e-77	278
POS_NC_001803_1_F0.001_R2_1799	NC_012920.1	100.000	150	150	1.58e-77	278
POS_NC_001803_1_F0.001_R2_1800	NC_012920.1	100.000	150	150	1.58e-77	278
POS_NC_001803_1_F0.001_R2_1801	NC_012920.1	99.333	150	150	7.34e-76	272
POS_NC_001803_1_F0.001_R2_1802	NC_012920.1	100.000	150	150	1.58e-77	278
POS_NC_001803_1_F0.001_R2_1803	NC_012920.1	100.000	150	150	1.58e-77	278
POS_NC_001803_1_F0.001_R2_1804	NC_012920.1	100.000	150	150	1.58e-77	278
POS_NC_001803_1_F0.001_R2_1805	NC_012920.1	100.000	150	150	1.58e-77	278
POS_NC_001803_1_F0.001_R2_1806	NC_012920.1	100.000	150	150	1.58e-77	278
POS_NC_001803_1_F0.001_R2_1807	NC_012920.1	99.333	150	150	7.34e-76	272
POS_NC_001803_1_F0.001_R2_1808	NC_012920.1	99.333	150	150	7.34e-76	272
POS_NC_001803_1_F0.001_R2_1809	NC_012920.1	100.000	150	150	1.58e-77	278
POS_NC_001803_1_F0.001_R2_1810	NC_012920.1	99.333	150	150	7.34e-76	272
POS_NC_001803_1_F0.001_R2_1811	NC_012920.1	99.333	150	150	7.34e-76	272
POS_NC_001803_1_F0.001_R2_1812	NC_012920.1	100.000	150	150	1.58e-77	278
POS_NC_001803_1_F0.001_R2_1813	NC_012920.1	100.000	150	150	1.58e-77	278
POS_NC_001803_1_F0.001_R2_1814	NC_012920.1	100.000	150	150	1.58e-77	278
POS_NC_001803_1_F0.001_R2_1815	NC_012920.1	100.000	150	150	1.58e-77	278
POS_NC_001803_1_F0.001_R2_1816	NC_012920.1	99.333	150	150	7.34e-76	272
POS_NC_001803_1_F0.001_R2_1817	NC_012920.1	100.000	150	150	1.58e-77	278
POS_NC_001803_1_F0.001_R2_1818	NC_012920.1	100.000	150	150	1.58e-77	278
POS_NC_001803_1_F0.001_R2_1819	NC_012920.1	100.000	150	150	1.58e-77	278
POS_NC_001803_1_F0.001_R2_1820	NC_012920.1	98.667	150	150	3.42e-74	267
POS_NC_001803_1_F0.001_R2_1821	NC_012920.1	99.333	150	150	7.34e-76	272
POS_NC_001803_1_F0.001_R2_1822	NC_012920.1	100.000	150	150	1.58e-77	278
POS_NC_001803_1_F0.001_R2_1823	NC_012920.1	100.000	150	150	1.58e-77	278
POS_NC_001803_1_F0.001_R2_1824	NC_012920.1	100.000	150	150	1.58e-77	278
POS_NC_001803_1_F0.001_R2_1825	NC_012920.1	100.000	150	150	1.58e-77	278
POS_NC_001803_1_F0.001_R2_1826	NC_012920.1	100.000	150	150	1.58e-77	278
POS_NC_001803_1_F0.001_R2_1827	NC_012920.1	100.000	150	150	1.58e-77	278
POS_NC_001803_1_F0.001_R2_1828	NC_012920.1	99.333	150	150	7.34e-76	272
POS_NC_001803_1_F0.001_R2_1829	NC_012920.1	100.000	150	150	1.58e-77	278
POS_NC_001803_1_F0.001_R2_1830	NC_012920.1	100.000	150	150	1.58e-77	278
POS_NC_001803_1_F0.001_R2_1831	NC_012920.1	100.000	150	150	1.58e-77	278
POS_NC_001803_1_F0.001_R2_1832	NC_012920.1	100.000	150	150	1.58e-77	278
POS_NC_001803_1_F0.001_R2_1833	NC_012920.1	100.000	150	150	1.58e-77	278
POS_NC_001803_1_F0.001_R2_1834	NC_012920.1	100.000	150	150	1.58e-77	278
POS_NC_001803_1_F0.001_R2_1835	NC_012920.1	99.333	150	150	7.34e-76	272
POS_NC_001803_1_F0.001_R2_1836	NC_012920.1	100.000	150	150	1.58e-77	278
POS_NC_001803_1_F0.001_R2_1837	NC_012920.1	100.000	150	150	1.58e-77	278
POS_NC_001803_1_F0.001_R2_1838	NC_012920.1	100.000	150	150	1.58e-77	278
POS_NC_001803_1_F0.001_R2_1839	NC_012920.1	100.000	150	150	1.58e-77	278
POS_NC_001803_1_F0.001_R2_1840	NC_012920.1	100.000	150	150	1.58e-77	278
POS_NC_001803_1_F0.001_R2_1841	NC_012920.1	100.000	150	150	1.58e-77	278
POS_NC_001803_1_F0.001_R2_1842	NC_012920.1	98.667	150	150	3.42e-74	267
POS_NC_001803_1_F0.001_R2_1843	NC_012920.1	99.333	150	150	7.34e-76	272
POS_NC_001803_1_F0.001_R2_1844	NC_012920.1	100.000	150	150	1.58e-77	278
POS_NC_001803_1_F0.001_R2_1845	NC_012920.1	100.000	150	150	1.58e-77	278
POS_NC_001803_1_F0.001_R2_1846	NC_012920.1	100.000	150	150	1.58e-77	278
POS_NC_001803_1_F0.001_R2_1847	NC_012920.1	100.000	150	150	1.58e-77	278
POS_NC_001803_1_F0.001_R2_1848	NC_012920.1	100.000	150	150	1.58e-77	278
POS_NC_001803_1_F0.001_R2_1849	NC_012920.1	100.000	150	150	1.58e-77	278
POS_NC_001803_1_F0.001_R2_1850	NC_012920.1	99.333	150	150	7.34e-76	272
POS_NC_001803_1_F0.001_R2_1851	NC_012920.1	100.000	150	150	1.58e-77	278
POS_NC_001803_1_F0.001_R2_1852	NC_012920.1	100.000	150	150	1.58e-77	278
POS_NC_001803_1_F0.001_R2_1853	NC_012920.1	99.333	150	150	7.34e-76	272
POS_NC_001803_1_F0.001_R2_1854	NC_012920.1	100.000	150	150	1.58e-77	278
POS_NC_001803_1_F0.001_R2_1855	NC_012920.1	100.000	150	150	1.58e-77	278
POS_NC_001803_1_F0.001_R2_1856	NC_012920.1	100.000	150	150	1.58e-77	278
POS_NC_001803_1_F0.001_R2_1857	NC_012920.1	100.000	150	150	1.58e-77	278
POS_NC_001803_1_F0.001_R2_1858	NC_012920.1	99.333	150	150	7.34e-76	272
POS_NC_001803_1_F0.001_R2_1859	NC_012920.1	99.333	150	150	7.34e-76	272
POS_NC_001803_1_F0.001_R2_1860	NC_012920.1	100.000	150	150	1.58e-77	278
POS_NC_001803_1_F0.001_R2_1861	NC_012920.1	99.333	150	150	7.34e-76	272
POS_NC_001803_1_F0.001_R2_1862	NC_012920.1	100.000	150	150	1.58e-77	278
POS_NC_001803_1_F0.001_R2_1863	NC_012920.1	99.333	150	150	7.34e-76	272
POS_NC_001803_1_F0.001_R2_1864	NC_012920.1	100.000	150	150	1.58e-77	278
POS_NC_001803_1_F0.001_R2_1865	NC_012920.1	100.000	150	150	1.58e-77	278
POS_NC_001803_1_F0.001_R2_1866	NC_012920.1	100.000	150	150	1.58e-77	278
POS_NC_001803_1_F0.001_R2_1867	NC_012920.1	100.000	150	150	1.58e-77	278
POS_NC_001803_1_F0.001_R2_1868	NC_012920.1	100.000	150	150	1.58e-77	278
POS_NC_001803_1_F0.001_R2_1869	NC_012920.1	99.333	150	150	7.34e-76	272
POS_NC_001803_1_F0.001_R2_1870	NC_012920.1	100.000	150	150	1.58e-77	278
POS_NC_001803_1_F0.001_R2_1871	NC_012920.1	99.333	150	150	7.34e-76	272
POS_NC_001803_1_F0.001_R2_1872	NC_012920.1	100.000	150	150	1.58e-77	278
POS_NC_001803_1_F0.001_R2_1873	NC_012920.1	100.000	150	150	1.58e-77	278
POS_NC_001803_1_F0.001_R2_1874	NC_012920.1	100.000	150	150	1.58e-77	278
POS_NC_001803_1_F0.001_R2_1875	NC_012920.1	100.000	150	150	1.58e-77	278
POS_NC_001803_1_F0.001_R2_1876	NC_012920.1	100.000	150	150	1.58e-77	278
POS_NC_001803_1_F0.001_R2_1877	NC_012920.1	98.667	150	150	3.42e-74	267
POS_NC_001803_1_F0.001_R2_1878	NC_012920.1	100.000	150	150	1.58e-77	278
POS_NC_001803_1_F0.001_R2_1879	NC_012920.1	99.333	150	150	7.34e-76	272
POS_NC_001803_1_F0.001_R2_1880	NC_012920.1	99.333	150	150	7.34e-76	272
POS_NC_001803_1_F0.001_R2_1881	NC_012920.1	99.333	150	150	7.34e-76	272
POS_NC_001803_1_F0.001_R2_1882	NC_012920.1	100.000	150	150	2.04e-76	274
POS_NC_001803_1_F0.001_R2_1883	NC_012920.1	100.000	150	150	1.58e-77	278
POS_NC_001803_1_F0.001_R2_1884	NC_012920.1	99.333	150	150	7.34e-76	272
POS_NC_001803_1_F0.001_R2_1885	NC_012920.1	100.000	150	150	1.58e-77	278
POS_NC_001803_1_F0.001_R2_1886	NC_012920.1	100.000	150	150	1.58e-77	278
POS_NC_001803_1_F0.001_R2_1887	NC_012920.1	100.000	150	150	1.58e-77	278
POS_NC_001803_1_F0.001_R2_1888	NC_012920.1	100.000	150	150	1.58e-77	278
POS_NC_001803_1_F0.001_R2_1889	NC_012920.1	100.000	150	150	1.58e-77	278
POS_NC_001803_1_F0.001_R2_1890	NC_012920.1	100.000	150	150	1.58e-77	278
POS_NC_001803_1_F0.001_R2_1891	NC_012920.1	100.000	150	150	1.58e-77	278
POS_NC_001803_1_F0.001_R2_1892	NC_012920.1	100.000	150	150	1.58e-77	278
POS_NC_001803_1_F0.001_R2_1893	NC_012920.1	100.000	150	150	1.58e-77	278
POS_NC_001803_1_F0.001_R2_1894	NC_012920.1	100.000	150	150	1.58e-77	278
POS_NC_001803_1_F0.001_R2_1895	NC_012920.1	100.000	150	150	1.58e-77	278
POS_NC_001803_1_F0.001_R2_1896	NC_012920.1	99.333	150	150	7.34e-76	272
POS_NC_001803_1_F0.001_R2_1897	NC_012920.1	99.333	150	150	7.34e-76	272
POS_NC_001803_1_F0.001_R2_1898	NC_012920.1	100.000	150	150	1.58e-77	278
POS_NC_001803_1_F0.001_R2_1899	NC_012920.1	100.000	150	150	1.58e-77	278
POS_NC_001803_1_F0.001_R2_1900	NC_012920.1	99.333	150	150	7.34e-76	272
POS_NC_001803_1_F0.001_R2_1901	NC_012920.1	100.000	150	150	1.58e-77	278
POS_NC_001803_1_F0.001_R2_1902	NC_012920.1	99.333	150	150	7.34e-76	272
POS_NC_001803_1_F0.001_R2_1903	NC_012920.1	100.000	150	150	1.58e-77	278
POS_NC_001803_1_F0.001_R2_1904	NC_012920.1	100.000	150	150	1.58e-77	278
POS_NC_001803_1_F0.001_R2_1905	NC_012920.1	100.000	150	150	1.58e-77	278
POS_NC_001803_1_F0.001_R2_1906	NC_012920.1	100.000	150	150	1.58e-77	278
POS_NC_001803_1_F0.001_R2_1907	NC_012920.1	100.000	150	150	1.58e-77	278
POS_NC_001803_1_F0.001_R2_1908	NC_012920.1	100.000	150	150	1.58e-77	278
POS_NC_001803_1_F0.001_R2_1909	NC_012920.1	99.333	150	150	7.34e-76	272
POS_NC_001803_1_F0.001_R2_1910	NC_012920.1	100.000	150	150	1.58e-77	278
POS_NC_001803_1_F0.001_R2_1911	NC_012920.1	99.333	150	150	7.34e-76	272
POS_NC_001803_1_F0.001_R2_1912	NC_012920.1	100.000	150	150	1.58e-77	278
POS_NC_001803_1_F0.001_R2_1913	NC_012920.1	100.000	150	150	1.58e-77	278
POS_NC_001803_1_F0.001_R2_1914	NC_012920.1	100.000	150	150	1.58e-77	278
POS_NC_001803_1_F0.001_R2_1915	NC_012920.1	100.000	150	150	1.58e-77	278
POS_NC_001803_1_F0.001_R2_1916	NC_012920.1	99.333	150	150	7.34e-76	272
POS_NC_001803_1_F0.001_R2_1917	NC_012920.1	100.000	150	150	1.58e-77	278
POS_NC_001803_1_F0.001_R2_1918	NC_012920.1	99.333	150	150	7.34e-76	272
POS_NC_001803_1_F0.001_R2_1919	NC_012920.1	100.000	150	150	1.58e-77	278
POS_NC_001803_1_F0.001_R2_1920	NC_012920.1	100.000	150	150	1.58e-77	278
POS_NC_001803_1_F0.001_R2_1921	NC_012920.1	100.000	150	150	1.58e-77	278
POS_NC_001803_1_F0.001_R2_1922	NC_012920.1	100.000	150	150	1.58e-77	278
POS_NC_001803_1_F0.001_R2_1923	NC_012920.1	100.000	150	150	1.58e-77	278
POS_NC_001803_1_F0.001_R2_1924	NC_012920.1	100.000	150	150	1.58e-77	278
POS_NC_001803_1_F0.001_R2_1925	NC_012920.1	100.000	150	150	1.58e-77	278
POS_NC_001803_1_F0.001_R2_1926	NC_012920.1	100.000	150	150	1.58e-77	278
POS_NC_001803_1_F0.001_R2_1927	NC_012920.1	99.333	150	150	7.34e-76	272
POS_NC_001803_1_F0.001_R2_1928	NC_012920.1	100.000	150	150	1.58e-77	278
POS_NC_001803_1_F0.001_R2_1929	NC_012920.1	100.000	150	150	1.58e-77	278
POS_NC_001803_1_F0.001_R2_1930	NC_012920.1	100.000	150	150	1.58e-77	278
POS_NC_001803_1_F0.001_R2_1931	NC_012920.1	100.000	150	150	1.58e-77	278
POS_NC_001803_1_F0.001_R2_1932	NC_012920.1	100.000	150	150	1.58e-77	278
POS_NC_001803_1_F0.001_R2_1933	NC_012920.1	100.000	150	150	1.58e-77	278
POS_NC_001803_1_F0.001_R2_1934	NC_012920.1	99.333	150	150	7.34e-76	272
POS_NC_001803_1_F0.001_R2_1935	NC_012920.1	100.000	150	150	1.58e-77	278
POS_NC_001803_1_F0.001_R2_1936	NC_012920.1	100.000	150	150	1.58e-77	278
POS_NC_001803_1_F0.001_R2_1937	NC_012920.1	100.000	150	150	1.58e-77	278
POS_NC_001803_1_F0.001_R2_1938	NC_012920.1	100.000	150	150	1.58e-77	278
POS_NC_001803_1_F0.001_R2_1939	NC_012920.1	99.333	150	150	7.34e-76	272
POS_NC_001803_1_F0.001_R2_1940	NC_012920.1	100.000	150	150	1.58e-77	278
POS_NC_001803_1_F0.001_R2_1941	NC_012920.1	100.000	150	150	1.58e-77	278
POS_NC_001803_1_F0.001_R2_1942	NC_012920.1	99.333	150	150	7.34e-76	272
POS_NC_001803_1_F0.001_R2_1943	NC_012920.1	100.000	150	150	1.58e-77	278
POS_NC_001803_1_F0.001_R2_1944	NC_012920.1	100.000	150	150	1.58e-77	278
POS_NC_001803_1_F0.001_R2_1945	NC_012920.1	99.333	150	150	7.34e-76	272
POS_NC_001803_1_F0.001_R2_1946	NC_012920.1	100.000	150	150	1.58e-77	278
POS_NC_001803_1_F0.001_R2_1947	NC_012920.1	100.000	150	150	1.58e-77	278
POS_NC_001803_1_F0.001_R2_1948	NC_012920.1	98.667	150	150	3.42e-74	267
POS_NC_001803_1_F0.001_R2_1949	NC_012920.1	100.000	150	150	1.58e-77	278
POS_NC_001803_1_F0.001_R2_1950	NC_012920.1	100.000	150	150	1.58e-77	278
POS_NC_001803_1_F0.001_R2_1951	NC_012920.1	100.000	150	150	1.58e-77	278
POS_NC_001803_1_F0.001_R2_1952	NC_012920.1	98.667	150	150	3.42e-74	267
POS_NC_001803_1_F0.001_R2_1953	NC_012920.1	99.333	150	150	7.34e-76	272
POS_NC_001803_1_F0.001_R2_1954	NC_012920.1	100.000	150	150	1.58e-77	278
POS_NC_001803_1_F0.001_R2_1955	NC_012920.1	100.000	150	150	1.58e-77	278
POS_NC_001803_1_F0.001_R2_1956	NC_012920.1	100.000	150	150	1.58e-77	278
POS_NC_001803_1_F0.001_R2_1957	NC_012920.1	99.333	150	150	7.34e-76	272
POS_NC_001803_1_F0.001_R2_1958	NC_012920.1	100.000	150	150	1.58e-77	278
POS_NC_001803_1_F0.001_R2_1959	NC_012920.1	100.000	150	150	1.58e-77	278
POS_NC_001803_1_F0.001_R2_1960	NC_012920.1	99.333	150	150	7.34e-76	272
POS_NC_001803_1_F0.001_R2_1961	NC_012920.1	100.000	150	150	1.58e-77	278
POS_NC_001803_1_F0.001_R2_1962	NC_012920.1	100.000	150	150	1.58e-77	278
POS_NC_001803_1_F0.001_R2_1963	NC_012920.1	100.000	150	150	1.58e-77	278
POS_NC_001803_1_F0.001_R2_1964	NC_012920.1	99.333	150	150	7.34e-76	272
POS_NC_001803_1_F0.001_R2_1965	NC_012920.1	100.000	150	150	1.58e-77	278
POS_NC_001803_1_F0.001_R2_1966	NC_012920.1	100.000	150	150	1.58e-77	278
POS_NC_001803_1_F0.001_R2_1967	NC_012920.1	100.000	150	150	1.58e-77	278
POS_NC_001803_1_F0.001_R2_1968	NC_012920.1	100.000	150	150	1.58e-77	278
POS_NC_001803_1_F0.001_R2_1969	NC_012920.1	100.000	150	150	1.58e-77	278
POS_NC_001803_1_F0.001_R2_1970	NC_012920.1	100.000	150	150	1.58e-77	278
POS_NC_001803_1_F0.001_R2_1971	NC_012920.1	99.333	150	150	7.34e-76	272
POS_NC_001803_1_F0.001_R2_1972	NC_012920.1	100.000	150	150	1.58e-77	278
POS_NC_001803_1_F0.001_R2_1973	NC_012920.1	100.000	150	150	1.58e-77	278
POS_NC_001803_1_F0.001_R2_1974	NC_012920.1	100.000	150	150	1.58e-77	278
POS_NC_001803_1_F0.001_R2_1975	NC_012920.1	100.000	150	150	1.58e-77	278
POS_NC_001803_1_F0.001_R2_1976	NC_012920.1	100.000	150	150	1.58e-77	278
POS_NC_001803_1_F0.001_R2_1977	NC_012920.1	100.000	150	150	1.58e-77	278
POS_NC_001803_1_F0.001_R2_1978	NC_012920.1	100.000	150	150	1.58e-77	278
POS_NC_001803_1_F0.001_R2_1979	NC_012920.1	100.000	150	150	1.58e-77	278
POS_NC_001803_1_F0.001_R2_1980	NC_012920.1	100.000	150	150	1.58e-77	278
POS_NC_001803_1_F0.001_R2_1981	NC_012920.1	100.000	150	150	1.58e-77	278
POS_NC_001803_1_F0.001_R2_1982	NC_012920.1	100.000	150	150	1.58e-77	278
POS_NC_001803_1_F0.001_R2_1983	NC_012920.1	100.000	150	150	1.58e-77	278
POS_NC_001803_1_F0.001_R2_1984	NC_012920.1	99.333	150	150	7.34e-76	272
POS_NC_001803_1_F0.001_R2_1985	NC_012920.1	100.000	150	150	1.58e-77	278
POS_NC_001803_1_F0.001_R2_1986	NC_012920.1	99.333	150	150	7.34e-76	272
POS_NC_001803_1_F0.001_R2_1987	NC_012920.1	100.000	150	150	1.58e-77	278
POS_NC_001803_1_F0.001_R2_1988	NC_012920.1	99.333	150	150	7.34e-76	272
POS_NC_001803_1_F0.001_R2_1989	NC_012920.1	99.333	150	150	7.34e-76	272
POS_NC_001803_1_F0.001_R2_1990	NC_012920.1	100.000	150	150	1.58e-77	278
POS_NC_001803_1_F0.001_R2_1991	NC_012920.1	99.333	150	150	7.34e-76	272
POS_NC_001803_1_F0.001_R2_1992	NC_012920.1	99.333	150	150	7.34e-76	272
POS_NC_001803_1_F0.001_R2_1993	NC_012920.1	98.667	150	150	3.42e-74	267
POS_NC_001803_1_F0.001_R2_1994	NC_012920.1	99.333	150	150	7.34e-76	272
POS_NC_001803_1_F0.001_R2_1995	NC_012920.1	100.000	150	150	1.58e-77	278
POS_NC_001803_1_F0.001_R2_1996	NC_012920.1	99.333	150	150	7.34e-76	272
POS_NC_001803_1_F0.001_R2_1997	NC_012920.1	100.000	150	150	1.58e-77	278
POS_NC_001803_1_F0.001_R2_1998	NC_012920.1	100.000	150	150	1.58e-77	278
POS_NC_001803_1_F0.001_R2_1999	NC_012920.1	99.333	150	150	7.34e-76	272
POS_NC_001803_1_F0.001_R2_2000	NC_012920.1	100.000	150	150	1.58e-77	278
POS_NC_001803_1_F0.001_R2_2001	NC_012920.1	100.000	150	150	1.58e-77	278
POS_NC_001803_1_F0.001_R2_2002	NC_012920.1	99.333	150	150	7.34e-76	272
POS_NC_001803_1_F0.001_R2_2003	NC_012920.1	100.000	150	150	1.58e-77	278
POS_NC_001803_1_F0.001_R2_2004	NC_012920.1	98.667	150	150	3.42e-74	267
POS_NC_001803_1_F0.001_R2_2005	NC_012920.1	100.000	150	150	1.58e-77	278
POS_NC_001803_1_F0.001_R2_2006	NC_012920.1	100.000	150	150	1.58e-77	278
POS_NC_001803_1_F0.001_R2_2007	NC_012920.1	100.000	150	150	1.58e-77	278
POS_NC_001803_1_F0.001_R2_2008	NC_012920.1	99.333	150	150	7.34e-76	272
POS_NC_001803_1_F0.001_R2_2009	NC_012920.1	100.000	150	150	1.58e-77	278
POS_NC_001803_1_F0.001_R2_2010	NC_012920.1	100.000	150	150	1.58e-77	278
POS_NC_001803_1_F0.001_R2_2011	NC_012920.1	100.000	150	150	2.04e-76	274
POS_NC_001803_1_F0.001_R2_2012	NC_012920.1	100.000	150	150	1.58e-77	278
POS_NC_001803_1_F0.001_R2_2013	NC_012920.1	99.333	150	150	7.34e-76	272
POS_NC_001803_1_F0.001_R2_2014	NC_012920.1	100.000	150	150	1.58e-77	278
POS_NC_001803_1_F0.001_R2_2015	NC_012920.1	100.000	150	150	1.58e-77	278
POS_NC_001803_1_F0.001_R2_2016	NC_012920.1	100.000	150	150	1.58e-77	278
POS_NC_001803_1_F0.001_R2_2017	NC_012920.1	100.000	150	150	1.58e-77	278
POS_NC_001803_1_F0.001_R2_2018	NC_012920.1	100.000	150	150	1.58e-77	278
POS_NC_001803_1_F0.001_R2_2019	NC_012920.1	100.000	150	150	1.58e-77	278
POS_NC_001803_1_F0.001_R2_2020	NC_012920.1	100.000	150	150	1.58e-77	278
POS_NC_001803_1_F0.001_R2_2021	NC_012920.1	98.667	150	150	3.42e-74	267
POS_NC_001803_1_F0.001_R2_2022	NC_012920.1	100.000	150	150	1.58e-77	278
POS_NC_001803_1_F0.001_R2_2023	NC_012920.1	99.333	150	150	7.34e-76	272
POS_NC_001803_1_F0.001_R2_2024	NC_012920.1	100.000	150	150	1.58e-77	278
POS_NC_001803_1_F0.001_R2_2025	NC_012920.1	100.000	150	150	1.58e-77	278
POS_NC_001803_1_F0.001_R2_2026	NC_012920.1	99.333	150	150	7.34e-76	272
POS_NC_001803_1_F0.001_R2_2027	NC_012920.1	100.000	150	150	1.58e-77	278
POS_NC_001803_1_F0.001_R2_2028	NC_012920.1	100.000	150	150	1.58e-77	278
POS_NC_001803_1_F0.001_R2_2029	NC_012920.1	100.000	150	150	1.58e-77	278
POS_NC_001803_1_F0.001_R2_2030	NC_012920.1	100.000	150	150	1.58e-77	278
POS_NC_001803_1_F0.001_R2_2031	NC_012920.1	100.000	150	150	1.58e-77	278
POS_NC_001803_1_F0.001_R2_2032	NC_012920.1	100.000	150	150	1.58e-77	278
POS_NC_001803_1_F0.001_R2_2033	NC_012920.1	99.333	150	150	7.34e-76	272
POS_NC_001803_1_F0.001_R2_2034	NC_012920.1	100.000	150	150	1.58e-77	278
POS_NC_001803_1_F0.001_R2_2035	NC_012920.1	100.000	150	150	1.58e-77	278
POS_NC_001803_1_F0.001_R2_2036	NC_012920.1	100.000	150	150	1.58e-77	278
POS_NC_001803_1_F0.001_R2_2037	NC_012920.1	100.000	150	150	1.58e-77	278
POS_NC_001803_1_F0.001_R2_2038	NC_012920.1	99.333	150	150	7.34e-76	272
POS_NC_001803_1_F0.001_R2_2039	NC_012920.1	100.000	150	150	1.58e-77	278
POS_NC_001803_1_F0.001_R2_2040	NC_012920.1	100.000	150	150	1.58e-77	278
POS_NC_001803_1_F0.001_R2_2041	NC_012920.1	100.000	150	150	1.58e-77	278
POS_NC_001803_1_F0.001_R2_2042	NC_012920.1	99.333	150	150	7.34e-76	272
POS_NC_001803_1_F0.001_R2_2043	NC_012920.1	100.000	150	150	1.58e-77	278
POS_NC_001803_1_F0.001_R2_2044	NC_012920.1	100.000	150	150	1.58e-77	278
POS_NC_001803_1_F0.001_R2_2045	NC_012920.1	99.333	150	150	7.34e-76	272
POS_NC_001803_1_F0.001_R2_2046	NC_012920.1	100.000	150	150	1.58e-77	278
POS_NC_001803_1_F0.001_R2_2047	NC_012920.1	99.333	150	150	7.34e-76	272
POS_NC_001803_1_F0.001_R2_2048	NC_012920.1	100.000	150	150	2.04e-76	274
POS_NC_001803_1_F0.001_R2_2049	NC_012920.1	100.000	150	150	1.58e-77	278
POS_NC_001803_1_F0.001_R2_2050	NC_012920.1	99.333	150	150	7.34e-76	272
POS_NC_001803_1_F0.001_R2_2051	NC_012920.1	100.000	150	150	1.58e-77	278
POS_NC_001803_1_F0.001_R2_2052	NC_012920.1	100.000	150	150	1.58e-77	278
POS_NC_001803_1_F0.001_R2_2053	NC_012920.1	100.000	150	150	1.58e-77	278
POS_NC_001803_1_F0.001_R2_2054	NC_012920.1	99.333	150	150	7.34e-76	272
POS_NC_001803_1_F0.001_R2_2055	NC_012920.1	100.000	150	150	1.58e-77	278
POS_NC_001803_1_F0.001_R2_2056	NC_012920.1	100.000	150	150	1.58e-77	278
POS_NC_001803_1_F0.001_R2_2057	NC_012920.1	100.000	150	150	1.58e-77	278
POS_NC_001803_1_F0.001_R2_2058	NC_012920.1	99.333	150	150	7.34e-76	272
POS_NC_001803_1_F0.001_R2_2059	NC_012920.1	100.000	150	150	1.58e-77	278
POS_NC_001803_1_F0.001_R2_2060	NC_012920.1	99.333	150	150	7.34e-76	272
POS_NC_001803_1_F0.001_R2_2061	NC_012920.1	100.000	150	150	1.58e-77	278
POS_NC_001803_1_F0.001_R2_2062	NC_012920.1	100.000	150	150	1.58e-77	278
POS_NC_001803_1_F0.001_R2_2063	NC_012920.1	99.333	150	150	7.34e-76	272
POS_NC_001803_1_F0.001_R2_2064	NC_012920.1	98.667	150	150	3.42e-74	267
POS_NC_001803_1_F0.001_R2_2065	NC_012920.1	99.333	150	150	7.34e-76	272
POS_NC_001803_1_F0.001_R2_2066	NC_012920.1	100.000	150	150	1.58e-77	278
POS_NC_001803_1_F0.001_R2_2067	NC_012920.1	100.000	150	150	1.58e-77	278
POS_NC_001803_1_F0.001_R2_2068	NC_012920.1	99.333	150	150	7.34e-76	272
POS_NC_001803_1_F0.001_R2_2069	NC_012920.1	98.667	150	150	3.42e-74	267
POS_NC_001803_1_F0.001_R2_2070	NC_012920.1	100.000	150	150	1.58e-77	278
POS_NC_001803_1_F0.001_R2_2071	NC_012920.1	100.000	150	150	1.58e-77	278
POS_NC_001803_1_F0.001_R2_2072	NC_012920.1	100.000	150	150	1.58e-77	278
POS_NC_001803_1_F0.001_R2_2073	NC_012920.1	100.000	150	150	1.58e-77	278
POS_NC_001803_1_F0.001_R2_2074	NC_012920.1	99.333	150	150	7.34e-76	272
POS_NC_001803_1_F0.001_R2_2075	NC_012920.1	100.000	150	150	1.58e-77	278
POS_NC_001803_1_F0.001_R2_2076	NC_012920.1	100.000	150	150	1.58e-77	278
POS_NC_001803_1_F0.001_R2_2077	NC_012920.1	100.000	150	150	1.58e-77	278
POS_NC_001803_1_F0.001_R2_2078	NC_012920.1	100.000	150	150	1.58e-77	278
POS_NC_001803_1_F0.001_R2_2079	NC_012920.1	99.333	150	150	7.34e-76	272
POS_NC_001803_1_F0.001_R2_2080	NC_012920.1	100.000	150	150	1.58e-77	278
POS_NC_001803_1_F0.001_R2_2081	NC_012920.1	100.000	150	150	1.58e-77	278
POS_NC_001803_1_F0.001_R2_2082	NC_012920.1	100.000	150	150	1.58e-77	278
POS_NC_001803_1_F0.001_R2_2083	NC_012920.1	100.000	150	150	1.58e-77	278
POS_NC_001803_1_F0.001_R2_2084	NC_012920.1	98.667	150	150	3.42e-74	267
POS_NC_001803_1_F0.001_R2_2085	NC_012920.1	100.000	150	150	1.58e-77	278
POS_NC_001803_1_F0.001_R2_2086	NC_012920.1	100.000	150	150	1.58e-77	278
POS_NC_001803_1_F0.001_R2_2087	NC_012920.1	100.000	150	150	1.58e-77	278
POS_NC_001803_1_F0.001_R2_2088	NC_012920.1	99.333	150	150	7.34e-76	272
POS_NC_001803_1_F0.001_R2_2089	NC_012920.1	100.000	150	150	1.58e-77	278
POS_NC_001803_1_F0.001_R2_2090	NC_012920.1	100.000	150	150	1.58e-77	278
POS_NC_001803_1_F0.001_R2_2091	NC_012920.1	100.000	150	150	1.58e-77	278
POS_NC_001803_1_F0.001_R2_2092	NC_012920.1	99.333	150	150	7.34e-76	272
POS_NC_001803_1_F0.001_R2_2093	NC_012920.1	100.000	150	150	1.58e-77	278
POS_NC_001803_1_F0.001_R2_2094	NC_012920.1	100.000	150	150	1.58e-77	278
POS_NC_001803_1_F0.001_R2_2095	NC_012920.1	99.333	150	150	7.34e-76	272
POS_NC_001803_1_F0.001_R2_2096	NC_012920.1	100.000	150	150	1.58e-77	278
POS_NC_001803_1_F0.001_R2_2097	NC_012920.1	100.000	150	150	1.58e-77	278
POS_NC_001803_1_F0.001_R2_2098	NC_012920.1	100.000	150	150	1.58e-77	278
POS_NC_001803_1_F0.001_R2_2099	NC_012920.1	100.000	150	150	1.58e-77	278
POS_NC_001803_1_F0.001_R2_2100	NC_012920.1	100.000	150	150	1.58e-77	278
POS_NC_001803_1_F0.001_R2_2101	NC_012920.1	100.000	150	150	1.58e-77	278
POS_NC_001803_1_F0.001_R2_2102	NC_012920.1	100.000	150	150	1.58e-77	278
POS_NC_001803_1_F0.001_R2_2103	NC_012920.1	100.000	150	150	1.58e-77	278
POS_NC_001803_1_F0.001_R2_2104	NC_012920.1	100.000	150	150	1.58e-77	278
POS_NC_001803_1_F0.001_R2_2105	NC_012920.1	99.333	150	150	7.34e-76	272
POS_NC_001803_1_F0.001_R2_2106	NC_012920.1	100.000	150	150	1.58e-77	278
POS_NC_001803_1_F0.001_R2_2107	NC_012920.1	100.000	150	150	1.58e-77	278
POS_NC_001803_1_F0.001_R2_2108	NC_012920.1	100.000	150	150	1.58e-77	278
POS_NC_001803_1_F0.001_R2_2109	NC_012920.1	100.000	150	150	1.58e-77	278
POS_NC_001803_1_F0.001_R2_2110	NC_012920.1	99.333	150	150	7.34e-76	272
POS_NC_001803_1_F0.001_R2_2111	NC_012920.1	100.000	150	150	1.58e-77	278
POS_NC_001803_1_F0.001_R2_2112	NC_012920.1	100.000	150	150	1.58e-77	278
POS_NC_001803_1_F0.001_R2_2113	NC_012920.1	100.000	150	150	1.58e-77	278
POS_NC_001803_1_F0.001_R2_2114	NC_012920.1	99.333	150	150	7.34e-76	272
POS_NC_001803_1_F0.001_R2_2115	NC_012920.1	99.333	150	150	7.34e-76	272
POS_NC_001803_1_F0.001_R2_2116	NC_012920.1	99.333	150	150	7.34e-76	272
POS_NC_001803_1_F0.001_R2_2117	NC_012920.1	99.333	150	150	7.34e-76	272
POS_NC_001803_1_F0.001_R2_2118	NC_012920.1	100.000	150	150	1.58e-77	278
POS_NC_001803_1_F0.001_R2_2119	NC_012920.1	99.333	150	150	7.34e-76	272
POS_NC_001803_1_F0.001_R2_2120	NC_012920.1	98.649	148	150	4.42e-73	263
POS_NC_001803_1_F0.001_R2_2121	NC_012920.1	100.000	150	150	1.58e-77	278
POS_NC_001803_1_F0.001_R2_2122	NC_012920.1	100.000	150	150	1.58e-77	278
POS_NC_001803_1_F0.001_R2_2123	NC_012920.1	100.000	150	150	1.58e-77	278
POS_NC_001803_1_F0.001_R2_2124	NC_012920.1	100.000	150	150	1.58e-77	278
POS_NC_001803_1_F0.001_R2_2125	NC_012920.1	100.000	150	150	1.58e-77	278
POS_NC_001803_1_F0.001_R2_2126	NC_012920.1	99.333	150	150	7.34e-76	272
POS_NC_001803_1_F0.001_R2_2127	NC_012920.1	99.333	150	150	7.34e-76	272
POS_NC_001803_1_F0.001_R2_2128	NC_012920.1	100.000	150	150	1.58e-77	278
POS_NC_001803_1_F0.001_R2_2129	NC_012920.1	100.000	150	150	1.58e-77	278
POS_NC_001803_1_F0.001_R2_2130	NC_012920.1	100.000	150	150	1.58e-77	278
POS_NC_001803_1_F0.001_R2_2131	NC_012920.1	100.000	150	150	1.58e-77	278
POS_NC_001803_1_F0.001_R2_2132	NC_012920.1	99.333	150	150	7.34e-76	272
POS_NC_001803_1_F0.001_R2_2133	NC_012920.1	100.000	150	150	1.58e-77	278
POS_NC_001803_1_F0.001_R2_2134	NC_012920.1	99.333	150	150	7.34e-76	272
POS_NC_001803_1_F0.001_R2_2135	NC_012920.1	100.000	150	150	1.58e-77	278
POS_NC_001803_1_F0.001_R2_2136	NC_012920.1	99.333	150	150	7.34e-76	272
POS_NC_001803_1_F0.001_R2_2137	NC_012920.1	100.000	150	150	1.58e-77	278
POS_NC_001803_1_F0.001_R2_2138	NC_012920.1	100.000	150	150	1.58e-77	278
POS_NC_001803_1_F0.001_R2_2139	NC_012920.1	100.000	150	150	1.58e-77	278
POS_NC_001803_1_F0.001_R2_2140	NC_012920.1	100.000	150	150	1.58e-77	278
POS_NC_001803_1_F0.001_R2_2141	NC_012920.1	100.000	150	150	1.58e-77	278
POS_NC_001803_1_F0.001_R2_2142	NC_012920.1	100.000	150	150	1.58e-77	278
POS_NC_001803_1_F0.001_R2_2143	NC_012920.1	99.333	150	150	7.34e-76	272
POS_NC_001803_1_F0.001_R2_2144	NC_012920.1	100.000	150	150	1.58e-77	278
POS_NC_001803_1_F0.001_R2_2145	NC_012920.1	99.333	150	150	7.34e-76	272
POS_NC_001803_1_F0.001_R2_2146	NC_012920.1	100.000	150	150	1.58e-77	278
POS_NC_001803_1_F0.001_R2_2147	NC_012920.1	99.333	150	150	7.34e-76	272
POS_NC_001803_1_F0.001_R2_2148	NC_012920.1	99.333	150	150	7.34e-76	272
POS_NC_001803_1_F0.001_R2_2149	NC_012920.1	100.000	150	150	1.58e-77	278
POS_NC_001803_1_F0.001_R2_2150	NC_012920.1	100.000	150	150	1.58e-77	278
POS_NC_001803_1_F0.001_R2_2151	NC_012920.1	99.333	150	150	7.34e-76	272
POS_NC_001803_1_F0.001_R2_2152	NC_012920.1	100.000	150	150	1.58e-77	278
POS_NC_001803_1_F0.001_R2_2153	NC_012920.1	99.333	150	150	7.34e-76	272
POS_NC_001803_1_F0.001_R2_2154	NC_012920.1	100.000	150	150	1.58e-77	278
POS_NC_001803_1_F0.001_R2_2155	NC_012920.1	100.000	150	150	1.58e-77	278
POS_NC_001803_1_F0.001_R2_2156	NC_012920.1	100.000	150	150	1.58e-77	278
POS_NC_001803_1_F0.001_R2_2157	NC_012920.1	100.000	150	150	1.58e-77	278
POS_NC_001803_1_F0.001_R2_2158	NC_012920.1	100.000	150	150	1.58e-77	278
POS_NC_001803_1_F0.001_R2_2159	NC_012920.1	100.000	150	150	1.58e-77	278
POS_NC_001803_1_F0.001_R2_2160	NC_012920.1	100.000	150	150	1.58e-77	278
POS_NC_001803_1_F0.001_R2_2161	NC_012920.1	100.000	150	150	1.58e-77	278
POS_NC_001803_1_F0.001_R2_2162	NC_012920.1	99.333	150	150	7.34e-76	272
POS_NC_001803_1_F0.001_R2_2163	NC_012920.1	100.000	150	150	1.58e-77	278
POS_NC_001803_1_F0.001_R2_2164	NC_012920.1	100.000	150	150	1.58e-77	278
POS_NC_001803_1_F0.001_R2_2165	NC_012920.1	100.000	150	150	1.58e-77	278
POS_NC_001803_1_F0.001_R2_2166	NC_012920.1	99.333	150	150	7.34e-76	272
POS_NC_001803_1_F0.001_R2_2167	NC_012920.1	100.000	150	150	1.58e-77	278
POS_NC_001803_1_F0.001_R2_2168	NC_012920.1	99.333	150	150	7.34e-76	272
POS_NC_001803_1_F0.001_R2_2169	NC_012920.1	100.000	150	150	1.58e-77	278
POS_NC_001803_1_F0.001_R2_2170	NC_012920.1	100.000	150	150	1.58e-77	278
POS_NC_001803_1_F0.001_R2_2171	NC_012920.1	100.000	150	150	1.58e-77	278
POS_NC_001803_1_F0.001_R2_2172	NC_012920.1	100.000	150	150	1.58e-77	278
POS_NC_001803_1_F0.001_R2_2173	NC_012920.1	99.333	150	150	7.34e-76	272
POS_NC_001803_1_F0.001_R2_2174	NC_012920.1	100.000	150	150	1.58e-77	278
POS_NC_001803_1_F0.001_R2_2175	NC_012920.1	99.333	150	150	7.34e-76	272
POS_NC_001803_1_F0.001_R2_2176	NC_012920.1	100.000	150	150	1.58e-77	278
POS_NC_001803_1_F0.001_R2_2177	NC_012920.1	100.000	150	150	1.58e-77	278
POS_NC_001803_1_F0.001_R2_2178	NC_012920.1	100.000	150	150	1.58e-77	278
POS_NC_001803_1_F0.001_R2_2179	NC_012920.1	99.333	150	150	7.34e-76	272
POS_NC_001803_1_F0.001_R2_2180	NC_012920.1	99.333	150	150	7.34e-76	272
POS_NC_001803_1_F0.001_R2_2181	NC_012920.1	99.333	150	150	7.34e-76	272
POS_NC_001803_1_F0.001_R2_2182	NC_012920.1	100.000	150	150	1.58e-77	278
POS_NC_001803_1_F0.001_R2_2183	NC_012920.1	99.333	150	150	7.34e-76	272
POS_NC_001803_1_F0.001_R2_2184	NC_012920.1	100.000	150	150	1.58e-77	278
POS_NC_001803_1_F0.001_R2_2185	NC_012920.1	99.333	150	150	7.34e-76	272
POS_NC_001803_1_F0.001_R2_2186	NC_012920.1	100.000	150	150	1.58e-77	278
POS_NC_001803_1_F0.001_R2_2187	NC_012920.1	100.000	147	150	7.34e-76	272
POS_NC_001803_1_F0.001_R2_2188	NC_012920.1	100.000	150	150	1.58e-77	278
POS_NC_001803_1_F0.001_R2_2189	NC_012920.1	100.000	150	150	1.58e-77	278
POS_NC_001803_1_F0.001_R2_2190	NC_012920.1	99.333	150	150	7.34e-76	272
POS_NC_001803_1_F0.001_R2_2191	NC_012920.1	99.333	150	150	7.34e-76	272
POS_NC_001803_1_F0.001_R2_2192	NC_012920.1	99.333	150	150	7.34e-76	272
POS_NC_001803_1_F0.001_R2_2193	NC_012920.1	100.000	150	150	1.58e-77	278
POS_NC_001803_1_F0.001_R2_2194	NC_012920.1	100.000	150	150	1.58e-77	278
POS_NC_001803_1_F0.001_R2_2195	NC_012920.1	99.333	150	150	7.34e-76	272
POS_NC_001803_1_F0.001_R2_2196	NC_012920.1	100.000	150	150	1.58e-77	278
POS_NC_001803_1_F0.001_R2_2197	NC_012920.1	100.000	150	150	1.58e-77	278
POS_NC_001803_1_F0.001_R2_2198	NC_012920.1	100.000	150	150	1.58e-77	278
POS_NC_001803_1_F0.001_R2_2199	NC_012920.1	100.000	150	150	1.58e-77	278
POS_NC_001803_1_F0.001_R2_2200	NC_012920.1	100.000	150	150	1.58e-77	278
POS_NC_001803_1_F0.001_R2_2201	NC_012920.1	99.333	150	150	7.34e-76	272
POS_NC_001803_1_F0.001_R2_2202	NC_012920.1	100.000	150	150	1.58e-77	278
POS_NC_001803_1_F0.001_R2_2203	NC_012920.1	100.000	150	150	1.58e-77	278
POS_NC_001803_1_F0.001_R2_2204	NC_012920.1	100.000	150	150	1.58e-77	278
POS_NC_001803_1_F0.001_R2_2205	NC_012920.1	99.333	150	150	7.34e-76	272
POS_NC_001803_1_F0.001_R2_2206	NC_012920.1	100.000	150	150	1.58e-77	278
POS_NC_001803_1_F0.001_R2_2207	NC_012920.1	100.000	150	150	1.58e-77	278
POS_NC_001803_1_F0.001_R2_2208	NC_012920.1	98.667	150	150	3.42e-74	267
POS_NC_001803_1_F0.001_R2_2209	NC_012920.1	99.333	150	150	7.34e-76	272
POS_NC_001803_1_F0.001_R2_2210	NC_012920.1	99.333	150	150	7.34e-76	272
POS_NC_001803_1_F0.001_R2_2211	NC_012920.1	100.000	150	150	1.58e-77	278
POS_NC_001803_1_F0.001_R2_2212	NC_012920.1	99.333	150	150	7.34e-76	272
POS_NC_001803_1_F0.001_R2_2213	NC_012920.1	100.000	150	150	1.58e-77	278
POS_NC_001803_1_F0.001_R2_2214	NC_012920.1	100.000	150	150	1.58e-77	278
POS_NC_001803_1_F0.001_R2_2215	NC_012920.1	100.000	150	150	1.58e-77	278
POS_NC_001803_1_F0.001_R2_2216	NC_012920.1	100.000	150	150	1.58e-77	278
POS_NC_001803_1_F0.001_R2_2217	NC_012920.1	100.000	150	150	1.58e-77	278
POS_NC_001803_1_F0.001_R2_2218	NC_012920.1	100.000	150	150	1.58e-77	278
POS_NC_001803_1_F0.001_R2_2219	NC_012920.1	100.000	150	150	1.58e-77	278
POS_NC_001803_1_F0.001_R2_2220	NC_012920.1	98.667	150	150	3.42e-74	267
POS_NC_001803_1_F0.001_R2_2221	NC_012920.1	100.000	150	150	1.58e-77	278
POS_NC_001803_1_F0.001_R2_2222	NC_012920.1	98.667	150	150	3.42e-74	267
POS_NC_001803_1_F0.001_R2_2223	NC_012920.1	100.000	150	150	1.58e-77	278
POS_NC_001803_1_F0.001_R2_2224	NC_012920.1	100.000	150	150	1.58e-77	278
POS_NC_001803_1_F0.001_R2_2225	NC_012920.1	100.000	150	150	1.58e-77	278
POS_NC_001803_1_F0.001_R2_2226	NC_012920.1	100.000	150	150	1.58e-77	278
POS_NC_001803_1_F0.001_R2_2227	NC_012920.1	99.333	150	150	7.34e-76	272
POS_NC_001803_1_F0.001_R2_2228	NC_012920.1	99.333	150	150	7.34e-76	272
POS_NC_001803_1_F0.001_R2_2229	NC_012920.1	99.333	150	150	7.34e-76	272
POS_NC_001803_1_F0.001_R2_2230	NC_012920.1	100.000	150	150	1.58e-77	278
POS_NC_001803_1_F0.001_R2_2231	NC_012920.1	100.000	150	150	1.58e-77	278
POS_NC_001803_1_F0.001_R2_2232	NC_012920.1	99.333	150	150	7.34e-76	272
POS_NC_001803_1_F0.001_R2_2233	NC_012920.1	100.000	150	150	1.58e-77	278
POS_NC_001803_1_F0.001_R2_2234	NC_012920.1	100.000	150	150	1.58e-77	278
POS_NC_001803_1_F0.001_R2_2235	NC_012920.1	100.000	150	150	1.58e-77	278
POS_NC_001803_1_F0.001_R2_2236	NC_012920.1	100.000	150	150	1.58e-77	278
POS_NC_001803_1_F0.001_R2_2237	NC_012920.1	99.333	150	150	7.34e-76	272
POS_NC_001803_1_F0.001_R2_2238	NC_012920.1	100.000	150	150	1.58e-77	278
POS_NC_001803_1_F0.001_R2_2239	NC_012920.1	100.000	150	150	1.58e-77	278
POS_NC_001803_1_F0.001_R2_2240	NC_012920.1	100.000	150	150	1.58e-77	278
POS_NC_001803_1_F0.001_R2_2241	NC_012920.1	100.000	150	150	1.58e-77	278
POS_NC_001803_1_F0.001_R2_2242	NC_012920.1	99.333	150	150	7.34e-76	272
POS_NC_001803_1_F0.001_R2_2243	NC_012920.1	100.000	150	150	1.58e-77	278
POS_NC_001803_1_F0.001_R2_2244	NC_012920.1	100.000	150	150	1.58e-77	278
POS_NC_001803_1_F0.001_R2_2245	NC_012920.1	99.333	150	150	7.34e-76	272
POS_NC_001803_1_F0.001_R2_2246	NC_012920.1	100.000	150	150	1.58e-77	278
POS_NC_001803_1_F0.001_R2_2247	NC_012920.1	100.000	150	150	1.58e-77	278
POS_NC_001803_1_F0.001_R2_2248	NC_012920.1	100.000	150	150	1.58e-77	278
POS_NC_001803_1_F0.001_R2_2249	NC_012920.1	99.333	150	150	7.34e-76	272
POS_NC_001803_1_F0.001_R2_2250	NC_012920.1	100.000	150	150	1.58e-77	278
POS_NC_001803_1_F0.001_R2_2251	NC_012920.1	100.000	150	150	1.58e-77	278
POS_NC_001803_1_F0.001_R2_2252	NC_012920.1	100.000	150	150	1.58e-77	278
POS_NC_001803_1_F0.001_R2_2253	NC_012920.1	100.000	150	150	1.58e-77	278
POS_NC_001803_1_F0.001_R2_2254	NC_012920.1	100.000	150	150	1.58e-77	278
POS_NC_001803_1_F0.001_R2_2255	NC_012920.1	100.000	150	150	1.58e-77	278
POS_NC_001803_1_F0.001_R2_2256	NC_012920.1	98.667	150	150	3.42e-74	267
POS_NC_001803_1_F0.001_R2_2257	NC_012920.1	100.000	150	150	1.58e-77	278
POS_NC_001803_1_F0.001_R2_2258	NC_012920.1	99.333	150	150	7.34e-76	272
POS_NC_001803_1_F0.001_R2_2259	NC_012920.1	99.333	150	150	7.34e-76	272
POS_NC_001803_1_F0.001_R2_2260	NC_012920.1	100.000	150	150	1.58e-77	278
POS_NC_001803_1_F0.001_R2_2261	NC_012920.1	100.000	150	150	1.58e-77	278
POS_NC_001803_1_F0.001_R2_2262	NC_012920.1	99.333	150	150	7.34e-76	272
POS_NC_001803_1_F0.001_R2_2263	NC_012920.1	100.000	150	150	1.58e-77	278
POS_NC_001803_1_F0.001_R2_2264	NC_012920.1	100.000	150	150	1.58e-77	278
POS_NC_001803_1_F0.001_R2_2265	NC_012920.1	100.000	150	150	1.58e-77	278
POS_NC_001803_1_F0.001_R2_2266	NC_012920.1	100.000	150	150	1.58e-77	278
POS_NC_001803_1_F0.001_R2_2267	NC_012920.1	100.000	150	150	1.58e-77	278
POS_NC_001803_1_F0.001_R2_2268	NC_012920.1	99.333	150	150	7.34e-76	272
POS_NC_001803_1_F0.001_R2_2269	NC_012920.1	100.000	150	150	1.58e-77	278
POS_NC_001803_1_F0.001_R2_2270	NC_012920.1	100.000	150	150	1.58e-77	278
POS_NC_001803_1_F0.001_R2_2271	NC_012920.1	100.000	150	150	1.58e-77	278
POS_NC_001803_1_F0.001_R2_2272	NC_012920.1	100.000	150	150	1.58e-77	278
POS_NC_001803_1_F0.001_R2_2273	NC_012920.1	100.000	150	150	1.58e-77	278
POS_NC_001803_1_F0.001_R2_2274	NC_012920.1	100.000	150	150	1.58e-77	278
POS_NC_001803_1_F0.001_R2_2275	NC_012920.1	100.000	150	150	1.58e-77	278
POS_NC_001803_1_F0.001_R2_2276	NC_012920.1	100.000	150	150	1.58e-77	278
POS_NC_001803_1_F0.001_R2_2277	NC_012920.1	100.000	150	150	1.58e-77	278
POS_NC_001803_1_F0.001_R2_2278	NC_012920.1	100.000	150	150	1.58e-77	278
POS_NC_001803_1_F0.001_R2_2279	NC_012920.1	100.000	150	150	1.58e-77	278
POS_NC_001803_1_F0.001_R2_2280	NC_012920.1	99.333	150	150	7.34e-76	272
POS_NC_001803_1_F0.001_R2_2281	NC_012920.1	100.000	148	150	2.04e-76	274
POS_NC_001803_1_F0.001_R2_2282	NC_012920.1	100.000	150	150	1.58e-77	278
POS_NC_001803_1_F0.001_R2_2283	NC_012920.1	100.000	150	150	1.58e-77	278
POS_NC_001803_1_F0.001_R2_2284	NC_012920.1	100.000	150	150	1.58e-77	278
POS_NC_001803_1_F0.001_R2_2285	NC_012920.1	100.000	150	150	1.58e-77	278
POS_NC_001803_1_F0.001_R2_2286	NC_012920.1	100.000	150	150	1.58e-77	278
POS_NC_001803_1_F0.001_R2_2287	NC_012920.1	100.000	150	150	1.58e-77	278
POS_NC_001803_1_F0.001_R2_2288	NC_012920.1	100.000	150	150	1.58e-77	278
POS_NC_001803_1_F0.001_R2_2289	NC_012920.1	99.333	150	150	7.34e-76	272
POS_NC_001803_1_F0.001_R2_2290	NC_012920.1	99.333	150	150	7.34e-76	272
POS_NC_001803_1_F0.001_R2_2291	NC_012920.1	99.333	150	150	7.34e-76	272
POS_NC_001803_1_F0.001_R2_2292	NC_012920.1	99.333	150	150	7.34e-76	272
POS_NC_001803_1_F0.001_R2_2293	NC_012920.1	100.000	150	150	1.58e-77	278
POS_NC_001803_1_F0.001_R2_2294	NC_012920.1	99.333	150	150	7.34e-76	272
POS_NC_001803_1_F0.001_R2_2295	NC_012920.1	100.000	150	150	1.58e-77	278
POS_NC_001803_1_F0.001_R2_2296	NC_012920.1	100.000	150	150	1.58e-77	278
POS_NC_001803_1_F0.001_R2_2297	NC_012920.1	100.000	150	150	1.58e-77	278
POS_NC_001803_1_F0.001_R2_2298	NC_012920.1	100.000	150	150	1.58e-77	278
POS_NC_001803_1_F0.001_R2_2299	NC_012920.1	99.333	150	150	7.34e-76	272
POS_NC_001803_1_F0.001_R2_2300	NC_012920.1	100.000	150	150	1.58e-77	278
POS_NC_001803_1_F0.001_R2_2301	NC_012920.1	100.000	150	150	1.58e-77	278
POS_NC_001803_1_F0.001_R2_2302	NC_012920.1	99.333	150	150	7.34e-76	272
POS_NC_001803_1_F0.001_R2_2303	NC_012920.1	99.333	150	150	7.34e-76	272
POS_NC_001803_1_F0.001_R2_2304	NC_012920.1	100.000	150	150	1.58e-77	278
POS_NC_001803_1_F0.001_R2_2305	NC_012920.1	100.000	150	150	1.58e-77	278
POS_NC_001803_1_F0.001_R2_2306	NC_012920.1	99.333	150	150	7.34e-76	272
POS_NC_001803_1_F0.001_R2_2307	NC_012920.1	100.000	150	150	1.58e-77	278
POS_NC_001803_1_F0.001_R2_2308	NC_012920.1	99.333	150	150	7.34e-76	272
POS_NC_001803_1_F0.001_R2_2309	NC_012920.1	100.000	150	150	1.58e-77	278
POS_NC_001803_1_F0.001_R2_2310	NC_012920.1	100.000	150	150	1.58e-77	278
POS_NC_001803_1_F0.001_R2_2311	NC_012920.1	99.324	148	150	9.50e-75	268
POS_NC_001803_1_F0.001_R2_2312	NC_012920.1	100.000	150	150	1.58e-77	278
POS_NC_001803_1_F0.001_R2_2313	NC_012920.1	99.333	150	150	7.34e-76	272
POS_NC_001803_1_F0.001_R2_2314	NC_012920.1	100.000	150	150	1.58e-77	278
POS_NC_001803_1_F0.001_R2_2315	NC_012920.1	99.333	150	150	7.34e-76	272
POS_NC_001803_1_F0.001_R2_2316	NC_012920.1	100.000	150	150	1.58e-77	278
POS_NC_001803_1_F0.001_R2_2317	NC_012920.1	100.000	150	150	1.58e-77	278
POS_NC_001803_1_F0.001_R2_2318	NC_012920.1	100.000	150	150	1.58e-77	278
POS_NC_001803_1_F0.001_R2_2319	NC_012920.1	100.000	150	150	1.58e-77	278
POS_NC_001803_1_F0.001_R2_2320	NC_012920.1	99.333	150	150	7.34e-76	272
POS_NC_001803_1_F0.001_R2_2321	NC_012920.1	100.000	150	150	1.58e-77	278
POS_NC_001803_1_F0.001_R2_2322	NC_012920.1	100.000	150	150	1.58e-77	278
POS_NC_001803_1_F0.001_R2_2323	NC_012920.1	100.000	150	150	1.58e-77	278
POS_NC_001803_1_F0.001_R2_2324	NC_012920.1	100.000	150	150	1.58e-77	278
POS_NC_001803_1_F0.001_R2_2325	NC_012920.1	99.333	150	150	7.34e-76	272
POS_NC_001803_1_F0.001_R2_2326	NC_012920.1	100.000	150	150	1.58e-77	278
POS_NC_001803_1_F0.001_R2_2327	NC_012920.1	98.667	150	150	3.42e-74	267
POS_NC_001803_1_F0.001_R2_2328	NC_012920.1	100.000	150	150	1.58e-77	278
POS_NC_001803_1_F0.001_R2_2329	NC_012920.1	100.000	150	150	1.58e-77	278
POS_NC_001803_1_F0.001_R2_2330	NC_012920.1	100.000	150	150	1.58e-77	278
POS_NC_001803_1_F0.001_R2_2331	NC_012920.1	98.667	150	150	3.42e-74	267
POS_NC_001803_1_F0.001_R2_2332	NC_012920.1	99.333	150	150	7.34e-76	272
POS_NC_001803_1_F0.001_R2_2333	NC_012920.1	100.000	150	150	1.58e-77	278
POS_NC_001803_1_F0.001_R2_2334	NC_012920.1	100.000	150	150	1.58e-77	278
POS_NC_001803_1_F0.001_R2_2335	NC_012920.1	100.000	150	150	1.58e-77	278
POS_NC_001803_1_F0.001_R2_2336	NC_012920.1	100.000	150	150	1.58e-77	278
POS_NC_001803_1_F0.001_R2_2337	NC_012920.1	100.000	150	150	1.58e-77	278
POS_NC_001803_1_F0.001_R2_2338	NC_012920.1	98.667	150	150	3.42e-74	267
POS_NC_001803_1_F0.001_R2_2339	NC_012920.1	100.000	150	150	1.58e-77	278
POS_NC_001803_1_F0.001_R2_2340	NC_012920.1	100.000	150	150	1.58e-77	278
POS_NC_001803_1_F0.001_R2_2341	NC_012920.1	100.000	150	150	1.58e-77	278
POS_NC_001803_1_F0.001_R2_2342	NC_012920.1	100.000	150	150	1.58e-77	278
POS_NC_001803_1_F0.001_R2_2343	NC_012920.1	100.000	150	150	1.58e-77	278
POS_NC_001803_1_F0.001_R2_2344	NC_012920.1	99.333	150	150	7.34e-76	272
POS_NC_001803_1_F0.001_R2_2345	NC_012920.1	100.000	150	150	1.58e-77	278
POS_NC_001803_1_F0.001_R2_2346	NC_012920.1	99.333	150	150	7.34e-76	272
POS_NC_001803_1_F0.001_R2_2347	NC_012920.1	100.000	150	150	1.58e-77	278
POS_NC_001803_1_F0.001_R2_2348	NC_012920.1	100.000	150	150	1.58e-77	278
POS_NC_001803_1_F0.001_R2_2349	NC_012920.1	100.000	150	150	1.58e-77	278
POS_NC_001803_1_F0.001_R2_2350	NC_012920.1	99.333	150	150	7.34e-76	272
POS_NC_001803_1_F0.001_R2_2351	NC_012920.1	99.333	150	150	7.34e-76	272
POS_NC_001803_1_F0.001_R2_2352	NC_012920.1	100.000	150	150	1.58e-77	278
POS_NC_001803_1_F0.001_R2_2353	NC_012920.1	100.000	150	150	1.58e-77	278
POS_NC_001803_1_F0.001_R2_2354	NC_012920.1	100.000	150	150	1.58e-77	278
POS_NC_001803_1_F0.001_R2_2355	NC_012920.1	100.000	150	150	1.58e-77	278
POS_NC_001803_1_F0.001_R2_2356	NC_012920.1	100.000	150	150	1.58e-77	278
POS_NC_001803_1_F0.001_R2_2357	NC_012920.1	99.333	150	150	7.34e-76	272
POS_NC_001803_1_F0.001_R2_2358	NC_012920.1	100.000	150	150	1.58e-77	278
POS_NC_001803_1_F0.001_R2_2359	NC_012920.1	100.000	150	150	1.58e-77	278
POS_NC_001803_1_F0.001_R2_2360	NC_012920.1	100.000	150	150	1.58e-77	278
POS_NC_001803_1_F0.001_R2_2361	NC_012920.1	99.333	150	150	7.34e-76	272
POS_NC_001803_1_F0.001_R2_2362	NC_012920.1	99.333	150	150	7.34e-76	272
POS_NC_001803_1_F0.001_R2_2363	NC_012920.1	100.000	150	150	1.58e-77	278
POS_NC_001803_1_F0.001_R2_2364	NC_012920.1	99.333	150	150	7.34e-76	272
POS_NC_001803_1_F0.001_R2_2365	NC_012920.1	100.000	150	150	1.58e-77	278
POS_NC_001803_1_F0.001_R2_2366	NC_012920.1	100.000	150	150	1.58e-77	278
POS_NC_001803_1_F0.001_R2_2367	NC_012920.1	99.333	150	150	7.34e-76	272
POS_NC_001803_1_F0.001_R2_2368	NC_012920.1	100.000	150	150	1.58e-77	278
POS_NC_001803_1_F0.001_R2_2369	NC_012920.1	100.000	150	150	1.58e-77	278
POS_NC_001803_1_F0.001_R2_2370	NC_012920.1	99.333	150	150	7.34e-76	272
POS_NC_001803_1_F0.001_R2_2371	NC_012920.1	100.000	150	150	1.58e-77	278
POS_NC_001803_1_F0.001_R2_2372	NC_012920.1	99.333	150	150	7.34e-76	272
POS_NC_001803_1_F0.001_R2_2373	NC_012920.1	100.000	150	150	1.58e-77	278
POS_NC_001803_1_F0.001_R2_2374	NC_012920.1	100.000	150	150	1.58e-77	278
POS_NC_001803_1_F0.001_R2_2375	NC_012920.1	100.000	150	150	1.58e-77	278
POS_NC_001803_1_F0.001_R2_2376	NC_012920.1	100.000	150	150	1.58e-77	278
POS_NC_001803_1_F0.001_R2_2377	NC_012920.1	100.000	150	150	1.58e-77	278
POS_NC_001803_1_F0.001_R2_2378	NC_012920.1	100.000	150	150	1.58e-77	278
POS_NC_001803_1_F0.001_R2_2379	NC_012920.1	100.000	150	150	1.58e-77	278
POS_NC_001803_1_F0.001_R2_2380	NC_012920.1	100.000	150	150	1.58e-77	278
POS_NC_001803_1_F0.001_R2_2381	NC_012920.1	100.000	150	150	1.58e-77	278
POS_NC_001803_1_F0.001_R2_2382	NC_012920.1	99.333	150	150	7.34e-76	272
POS_NC_001803_1_F0.001_R2_2383	NC_012920.1	100.000	150	150	1.58e-77	278
POS_NC_001803_1_F0.001_R2_2384	NC_012920.1	100.000	150	150	1.58e-77	278
POS_NC_001803_1_F0.001_R2_2385	NC_012920.1	99.333	150	150	7.34e-76	272
POS_NC_001803_1_F0.001_R2_2386	NC_012920.1	100.000	150	150	1.58e-77	278
POS_NC_001803_1_F0.001_R2_2387	NC_012920.1	99.333	150	150	7.34e-76	272
POS_NC_001803_1_F0.001_R2_2388	NC_012920.1	99.333	150	150	7.34e-76	272
POS_NC_001803_1_F0.001_R2_2389	NC_012920.1	100.000	150	150	1.58e-77	278
POS_NC_001803_1_F0.001_R2_2390	NC_012920.1	100.000	150	150	1.58e-77	278
POS_NC_001803_1_F0.001_R2_2391	NC_012920.1	100.000	150	150	1.58e-77	278
POS_NC_001803_1_F0.001_R2_2392	NC_012920.1	100.000	150	150	1.58e-77	278
POS_NC_001803_1_F0.001_R2_2393	NC_012920.1	100.000	150	150	1.58e-77	278
POS_NC_001803_1_F0.001_R2_2394	NC_012920.1	100.000	150	150	1.58e-77	278
POS_NC_001803_1_F0.001_R2_2395	NC_012920.1	100.000	150	150	1.58e-77	278
POS_NC_001803_1_F0.001_R2_2396	NC_012920.1	99.333	150	150	7.34e-76	272
POS_NC_001803_1_F0.001_R2_2397	NC_012920.1	100.000	150	150	1.58e-77	278
POS_NC_001803_1_F0.001_R2_2398	NC_012920.1	100.000	150	150	1.58e-77	278
POS_NC_001803_1_F0.001_R2_2399	NC_012920.1	99.333	150	150	7.34e-76	272
POS_NC_001803_1_F0.001_R2_2400	NC_012920.1	99.333	150	150	7.34e-76	272
POS_NC_001803_1_F0.001_R2_2401	NC_012920.1	100.000	150	150	1.58e-77	278
POS_NC_001803_1_F0.001_R2_2402	NC_012920.1	99.333	150	150	7.34e-76	272
POS_NC_001803_1_F0.001_R2_2403	NC_012920.1	100.000	150	150	1.58e-77	278
POS_NC_001803_1_F0.001_R2_2404	NC_012920.1	99.333	150	150	7.34e-76	272
POS_NC_001803_1_F0.001_R2_2405	NC_012920.1	100.000	150	150	1.58e-77	278
POS_NC_001803_1_F0.001_R2_2406	NC_012920.1	100.000	150	150	1.58e-77	278
POS_NC_001803_1_F0.001_R2_2407	NC_012920.1	100.000	150	150	1.58e-77	278
POS_NC_001803_1_F0.001_R2_2408	NC_012920.1	100.000	150	150	1.58e-77	278
POS_NC_001803_1_F0.001_R2_2409	NC_012920.1	100.000	150	150	1.58e-77	278
POS_NC_001803_1_F0.001_R2_2410	NC_012920.1	99.333	150	150	7.34e-76	272
POS_NC_001803_1_F0.001_R2_2411	NC_012920.1	100.000	150	150	1.58e-77	278
POS_NC_001803_1_F0.001_R2_2412	NC_012920.1	100.000	150	150	1.58e-77	278
POS_NC_001803_1_F0.001_R2_2413	NC_012920.1	100.000	150	150	1.58e-77	278
POS_NC_001803_1_F0.001_R2_2414	NC_012920.1	99.333	150	150	7.34e-76	272
POS_NC_001803_1_F0.001_R2_2415	NC_012920.1	99.333	150	150	7.34e-76	272
POS_NC_001803_1_F0.001_R2_2416	NC_012920.1	99.333	150	150	7.34e-76	272
POS_NC_001803_1_F0.001_R2_2417	NC_012920.1	100.000	150	150	1.58e-77	278
POS_NC_001803_1_F0.001_R2_2418	NC_012920.1	100.000	150	150	1.58e-77	278
POS_NC_001803_1_F0.001_R2_2419	NC_012920.1	100.000	150	150	1.58e-77	278
POS_NC_001803_1_F0.001_R2_2420	NC_012920.1	99.333	150	150	7.34e-76	272
POS_NC_001803_1_F0.001_R2_2421	NC_012920.1	100.000	150	150	1.58e-77	278
POS_NC_001803_1_F0.001_R2_2422	NC_012920.1	100.000	150	150	1.58e-77	278
POS_NC_001803_1_F0.001_R2_2423	NC_012920.1	100.000	150	150	1.58e-77	278
POS_NC_001803_1_F0.001_R2_2424	NC_012920.1	100.000	150	150	1.58e-77	278
POS_NC_001803_1_F0.001_R2_2425	NC_012920.1	99.333	150	150	7.34e-76	272
POS_NC_001803_1_F0.001_R2_2426	NC_012920.1	100.000	150	150	1.58e-77	278
POS_NC_001803_1_F0.001_R2_2427	NC_012920.1	100.000	150	150	1.58e-77	278
POS_NC_001803_1_F0.001_R2_2428	NC_012920.1	100.000	150	150	1.58e-77	278
POS_NC_001803_1_F0.001_R2_2429	NC_012920.1	100.000	150	150	1.58e-77	278
POS_NC_001803_1_F0.001_R2_2430	NC_012920.1	100.000	150	150	1.58e-77	278
POS_NC_001803_1_F0.001_R2_2431	NC_012920.1	99.333	150	150	7.34e-76	272
POS_NC_001803_1_F0.001_R2_2432	NC_012920.1	100.000	150	150	1.58e-77	278
POS_NC_001803_1_F0.001_R2_2433	NC_012920.1	100.000	150	150	1.58e-77	278
POS_NC_001803_1_F0.001_R2_2434	NC_012920.1	100.000	150	150	1.58e-77	278
POS_NC_001803_1_F0.001_R2_2435	NC_012920.1	98.667	150	150	3.42e-74	267
POS_NC_001803_1_F0.001_R2_2436	NC_012920.1	99.333	150	150	7.34e-76	272
POS_NC_001803_1_F0.001_R2_2437	NC_012920.1	100.000	150	150	1.58e-77	278
POS_NC_001803_1_F0.001_R2_2438	NC_012920.1	99.333	150	150	7.34e-76	272
POS_NC_001803_1_F0.001_R2_2439	NC_012920.1	99.329	149	150	2.64e-75	270
POS_NC_001803_1_F0.001_R2_2440	NC_012920.1	100.000	150	150	1.58e-77	278
POS_NC_001803_1_F0.001_R2_2441	NC_012920.1	100.000	150	150	1.58e-77	278
POS_NC_001803_1_F0.001_R2_2442	NC_012920.1	100.000	150	150	1.58e-77	278
POS_NC_001803_1_F0.001_R2_2443	NC_012920.1	100.000	150	150	1.58e-77	278
POS_NC_001803_1_F0.001_R2_2444	NC_012920.1	100.000	150	150	1.58e-77	278
POS_NC_001803_1_F0.001_R2_2445	NC_012920.1	100.000	150	150	1.58e-77	278
POS_NC_001803_1_F0.001_R2_2446	NC_012920.1	99.333	150	150	7.34e-76	272
POS_NC_001803_1_F0.001_R2_2447	NC_012920.1	100.000	150	150	1.58e-77	278
POS_NC_001803_1_F0.001_R2_2448	NC_012920.1	99.333	150	150	7.34e-76	272
POS_NC_001803_1_F0.001_R2_2449	NC_012920.1	100.000	150	150	1.58e-77	278
POS_NC_001803_1_F0.001_R2_2450	NC_012920.1	99.333	150	150	7.34e-76	272
POS_NC_001803_1_F0.001_R2_2451	NC_012920.1	98.000	150	150	1.59e-72	261
POS_NC_001803_1_F0.001_R2_2452	NC_012920.1	100.000	150	150	1.58e-77	278
POS_NC_001803_1_F0.001_R2_2453	NC_012920.1	100.000	150	150	1.58e-77	278
POS_NC_001803_1_F0.001_R2_2454	NC_012920.1	99.333	150	150	7.34e-76	272
POS_NC_001803_1_F0.001_R2_2455	NC_012920.1	100.000	150	150	1.58e-77	278
POS_NC_001803_1_F0.001_R2_2456	NC_012920.1	100.000	150	150	1.58e-77	278
POS_NC_001803_1_F0.001_R2_2457	NC_012920.1	100.000	150	150	1.58e-77	278
POS_NC_001803_1_F0.001_R2_2458	NC_012920.1	99.333	150	150	7.34e-76	272
POS_NC_001803_1_F0.001_R2_2459	NC_012920.1	100.000	150	150	1.58e-77	278
POS_NC_001803_1_F0.001_R2_2460	NC_012920.1	99.333	150	150	7.34e-76	272
POS_NC_001803_1_F0.001_R2_2461	NC_012920.1	100.000	150	150	1.58e-77	278
POS_NC_001803_1_F0.001_R2_2462	NC_012920.1	100.000	150	150	1.58e-77	278
POS_NC_001803_1_F0.001_R2_2463	NC_012920.1	100.000	150	150	1.58e-77	278
POS_NC_001803_1_F0.001_R2_2464	NC_012920.1	100.000	150	150	1.58e-77	278
POS_NC_001803_1_F0.001_R2_2465	NC_012920.1	99.333	150	150	7.34e-76	272
POS_NC_001803_1_F0.001_R2_2466	NC_012920.1	100.000	150	150	1.58e-77	278
POS_NC_001803_1_F0.001_R2_2467	NC_012920.1	99.333	150	150	7.34e-76	272
POS_NC_001803_1_F0.001_R2_2468	NC_012920.1	100.000	150	150	1.58e-77	278
POS_NC_001803_1_F0.001_R2_2469	NC_012920.1	100.000	150	150	1.58e-77	278
POS_NC_001803_1_F0.001_R2_2470	NC_012920.1	100.000	150	150	1.58e-77	278
POS_NC_001803_1_F0.001_R2_2471	NC_012920.1	99.333	150	150	7.34e-76	272
POS_NC_001803_1_F0.001_R2_2472	NC_012920.1	100.000	150	150	1.58e-77	278
POS_NC_001803_1_F0.001_R2_2473	NC_012920.1	100.000	150	150	1.58e-77	278
POS_NC_001803_1_F0.001_R2_2474	NC_012920.1	100.000	150	150	1.58e-77	278
POS_NC_001803_1_F0.001_R2_2475	NC_012920.1	100.000	150	150	1.58e-77	278
POS_NC_001803_1_F0.001_R2_2476	NC_012920.1	100.000	150	150	1.58e-77	278
POS_NC_001803_1_F0.001_R2_2477	NC_012920.1	100.000	150	150	1.58e-77	278
POS_NC_001803_1_F0.001_R2_2478	NC_012920.1	100.000	150	150	1.58e-77	278
POS_NC_001803_1_F0.001_R2_2479	NC_012920.1	99.333	150	150	7.34e-76	272
POS_NC_001803_1_F0.001_R2_2480	NC_012920.1	100.000	150	150	1.58e-77	278
POS_NC_001803_1_F0.001_R2_2481	NC_012920.1	100.000	150	150	1.58e-77	278
POS_NC_001803_1_F0.001_R2_2482	NC_012920.1	100.000	150	150	1.58e-77	278
POS_NC_001803_1_F0.001_R2_2483	NC_012920.1	99.333	150	150	7.34e-76	272
POS_NC_001803_1_F0.001_R2_2484	NC_012920.1	99.333	150	150	7.34e-76	272
POS_NC_001803_1_F0.001_R2_2485	NC_012920.1	99.324	148	150	9.50e-75	268
POS_NC_001803_1_F0.001_R2_2486	NC_012920.1	100.000	150	150	1.58e-77	278
POS_NC_001803_1_F0.001_R2_2487	NC_012920.1	99.333	150	150	7.34e-76	272
POS_NC_001803_1_F0.001_R2_2488	NC_012920.1	100.000	150	150	1.58e-77	278
POS_NC_001803_1_F0.001_R2_2489	NC_012920.1	100.000	150	150	1.58e-77	278
POS_NC_001803_1_F0.001_R2_2490	NC_012920.1	100.000	150	150	1.58e-77	278
POS_NC_001803_1_F0.001_R2_2491	NC_012920.1	100.000	150	150	1.58e-77	278
POS_NC_001803_1_F0.001_R2_2492	NC_012920.1	100.000	150	150	1.58e-77	278
POS_NC_001803_1_F0.001_R2_2493	NC_012920.1	99.333	150	150	7.34e-76	272
POS_NC_001803_1_F0.001_R2_2494	NC_012920.1	98.667	150	150	3.42e-74	267
POS_NC_001803_1_F0.001_R2_2495	NC_012920.1	100.000	150	150	1.58e-77	278
POS_NC_001803_1_F0.001_R2_2496	NC_012920.1	100.000	150	150	1.58e-77	278
POS_NC_001803_1_F0.001_R2_2497	NC_012920.1	100.000	150	150	1.58e-77	278
POS_NC_001803_1_F0.001_R2_2498	NC_012920.1	100.000	150	150	1.58e-77	278
POS_NC_001803_1_F0.001_R2_2499	NC_012920.1	100.000	150	150	1.58e-77	278
POS_NC_001803_1_F0.001_R2_2500	NC_012920.1	100.000	150	150	1.58e-77	278
POS_NC_001803_1_F0.001_R2_2501	NC_012920.1	100.000	150	150	1.58e-77	278
POS_NC_001803_1_F0.001_R2_2502	NC_012920.1	100.000	150	150	1.58e-77	278
POS_NC_001803_1_F0.001_R2_2503	NC_012920.1	100.000	150	150	1.58e-77	278
POS_NC_001803_1_F0.001_R2_2504	NC_012920.1	100.000	150	150	1.58e-77	278
POS_NC_001803_1_F0.001_R2_2505	NC_012920.1	100.000	150	150	1.58e-77	278
POS_NC_001803_1_F0.001_R2_2506	NC_012920.1	100.000	150	150	1.58e-77	278
POS_NC_001803_1_F0.001_R2_2507	NC_012920.1	100.000	150	150	1.58e-77	278
POS_NC_001803_1_F0.001_R2_2508	NC_012920.1	100.000	150	150	1.58e-77	278
POS_NC_001803_1_F0.001_R2_2509	NC_012920.1	100.000	150	150	1.58e-77	278
POS_NC_001803_1_F0.001_R2_2510	NC_012920.1	100.000	150	150	1.58e-77	278
POS_NC_001803_1_F0.001_R2_2511	NC_012920.1	100.000	150	150	1.58e-77	278
POS_NC_001803_1_F0.001_R2_2512	NC_012920.1	100.000	150	150	1.58e-77	278
POS_NC_001803_1_F0.001_R2_2513	NC_012920.1	100.000	150	150	1.58e-77	278
POS_NC_001803_1_F0.001_R2_2514	NC_012920.1	100.000	150	150	1.58e-77	278
POS_NC_001803_1_F0.001_R2_2515	NC_012920.1	100.000	150	150	1.58e-77	278
POS_NC_001803_1_F0.001_R2_2516	NC_012920.1	100.000	150	150	1.58e-77	278
POS_NC_001803_1_F0.001_R2_2517	NC_012920.1	100.000	150	150	1.58e-77	278
POS_NC_001803_1_F0.001_R2_2518	NC_012920.1	98.667	150	150	3.42e-74	267
POS_NC_001803_1_F0.001_R2_2519	NC_012920.1	100.000	150	150	1.58e-77	278
POS_NC_001803_1_F0.001_R2_2520	NC_012920.1	100.000	150	150	1.58e-77	278
POS_NC_001803_1_F0.001_R2_2521	NC_012920.1	99.333	150	150	7.34e-76	272
POS_NC_001803_1_F0.001_R2_2522	NC_012920.1	99.333	150	150	7.34e-76	272
POS_NC_001803_1_F0.001_R2_2523	NC_012920.1	100.000	150	150	1.58e-77	278
POS_NC_001803_1_F0.001_R2_2524	NC_012920.1	100.000	150	150	1.58e-77	278
POS_NC_001803_1_F0.001_R2_2525	NC_012920.1	100.000	150	150	1.58e-77	278
POS_NC_001803_1_F0.001_R2_2526	NC_012920.1	100.000	150	150	1.58e-77	278
POS_NC_001803_1_F0.001_R2_2527	NC_012920.1	98.667	150	150	3.42e-74	267
POS_NC_001803_1_F0.001_R2_2528	NC_012920.1	100.000	150	150	1.58e-77	278
POS_NC_001803_1_F0.001_R2_2529	NC_012920.1	100.000	150	150	1.58e-77	278
POS_NC_001803_1_F0.001_R2_2530	NC_012920.1	100.000	150	150	1.58e-77	278
POS_NC_001803_1_F0.001_R2_2531	NC_012920.1	100.000	150	150	1.58e-77	278
POS_NC_001803_1_F0.001_R2_2532	NC_012920.1	100.000	150	150	1.58e-77	278
POS_NC_001803_1_F0.001_R2_2533	NC_012920.1	100.000	150	150	1.58e-77	278
POS_NC_001803_1_F0.001_R2_2534	NC_012920.1	100.000	150	150	1.58e-77	278
POS_NC_001803_1_F0.001_R2_2535	NC_012920.1	100.000	150	150	1.58e-77	278
POS_NC_001803_1_F0.001_R2_2536	NC_012920.1	99.333	150	150	7.34e-76	272
POS_NC_001803_1_F0.001_R2_2537	NC_012920.1	100.000	150	150	1.58e-77	278
POS_NC_001803_1_F0.001_R2_2538	NC_012920.1	100.000	150	150	1.58e-77	278
POS_NC_001803_1_F0.001_R2_2539	NC_012920.1	99.333	150	150	7.34e-76	272
POS_NC_001803_1_F0.001_R2_2540	NC_012920.1	100.000	150	150	1.58e-77	278
POS_NC_001803_1_F0.001_R2_2541	NC_012920.1	99.333	150	150	7.34e-76	272
POS_NC_001803_1_F0.001_R2_2542	NC_012920.1	98.658	149	150	1.23e-73	265
POS_NC_001803_1_F0.001_R2_2543	NC_012920.1	100.000	150	150	1.58e-77	278
POS_NC_001803_1_F0.001_R2_2544	NC_012920.1	100.000	150	150	1.58e-77	278
POS_NC_001803_1_F0.001_R2_2545	NC_012920.1	100.000	150	150	1.58e-77	278
POS_NC_001803_1_F0.001_R2_2546	NC_012920.1	100.000	150	150	1.58e-77	278
POS_NC_001803_1_F0.001_R2_2547	NC_012920.1	99.333	150	150	7.34e-76	272
POS_NC_001803_1_F0.001_R2_2548	NC_012920.1	100.000	150	150	1.58e-77	278
POS_NC_001803_1_F0.001_R2_2549	NC_012920.1	100.000	150	150	1.58e-77	278
POS_NC_001803_1_F0.001_R2_2550	NC_012920.1	99.333	150	150	7.34e-76	272
POS_NC_001803_1_F0.001_R2_2551	NC_012920.1	100.000	150	150	1.58e-77	278
POS_NC_001803_1_F0.001_R2_2552	NC_012920.1	100.000	150	150	1.58e-77	278
POS_NC_001803_1_F0.001_R2_2553	NC_012920.1	100.000	150	150	1.58e-77	278
POS_NC_001803_1_F0.001_R2_2554	NC_012920.1	100.000	150	150	1.58e-77	278
POS_NC_001803_1_F0.001_R2_2555	NC_012920.1	100.000	150	150	1.58e-77	278
POS_NC_001803_1_F0.001_R2_2556	NC_012920.1	100.000	150	150	1.58e-77	278
POS_NC_001803_1_F0.001_R2_2557	NC_012920.1	99.333	150	150	7.34e-76	272
POS_NC_001803_1_F0.001_R2_2558	NC_012920.1	100.000	150	150	1.58e-77	278
POS_NC_001803_1_F0.001_R2_2559	NC_012920.1	100.000	150	150	1.58e-77	278
POS_NC_001803_1_F0.001_R2_2560	NC_012920.1	100.000	150	150	1.58e-77	278
POS_NC_001803_1_F0.001_R2_2561	NC_012920.1	99.333	150	150	7.34e-76	272
POS_NC_001803_1_F0.001_R2_2562	NC_012920.1	100.000	150	150	1.58e-77	278
POS_NC_001803_1_F0.001_R2_2563	NC_012920.1	100.000	150	150	1.58e-77	278
POS_NC_001803_1_F0.001_R2_2564	NC_012920.1	100.000	150	150	1.58e-77	278
POS_NC_001803_1_F0.001_R2_2565	NC_012920.1	99.333	150	150	7.34e-76	272
POS_NC_001803_1_F0.001_R2_2566	NC_012920.1	99.333	150	150	7.34e-76	272
POS_NC_001803_1_F0.001_R2_2567	NC_012920.1	100.000	150	150	1.58e-77	278
POS_NC_001803_1_F0.001_R2_2568	NC_012920.1	100.000	150	150	1.58e-77	278
POS_NC_001803_1_F0.001_R2_2569	NC_012920.1	99.333	150	150	7.34e-76	272
POS_NC_001803_1_F0.001_R2_2570	NC_012920.1	99.333	150	150	7.34e-76	272
POS_NC_001803_1_F0.001_R2_2571	NC_012920.1	100.000	150	150	1.58e-77	278
POS_NC_001803_1_F0.001_R2_2572	NC_012920.1	100.000	150	150	1.58e-77	278
POS_NC_001803_1_F0.001_R2_2573	NC_012920.1	99.333	150	150	7.34e-76	272
POS_NC_001803_1_F0.001_R2_2574	NC_012920.1	100.000	150	150	2.04e-76	274
POS_NC_001803_1_F0.001_R2_2575	NC_012920.1	100.000	149	150	5.68e-77	276
POS_NC_001803_1_F0.001_R2_2576	NC_012920.1	98.667	150	150	3.42e-74	267
POS_NC_001803_1_F0.001_R2_2577	NC_012920.1	99.333	150	150	7.34e-76	272
POS_NC_001803_1_F0.001_R2_2578	NC_012920.1	98.667	150	150	3.42e-74	267
POS_NC_001803_1_F0.001_R2_2579	NC_012920.1	100.000	150	150	1.58e-77	278
POS_NC_001803_1_F0.001_R2_2580	NC_012920.1	98.667	150	150	3.42e-74	267
POS_NC_001803_1_F0.001_R2_2581	NC_012920.1	100.000	150	150	1.58e-77	278
POS_NC_001803_1_F0.001_R2_2582	NC_012920.1	100.000	150	150	1.58e-77	278
POS_NC_001803_1_F0.001_R2_2583	NC_012920.1	100.000	147	150	7.34e-76	272
POS_NC_001803_1_F0.001_R2_2584	NC_012920.1	100.000	150	150	1.58e-77	278
POS_NC_001803_1_F0.001_R2_2585	NC_012920.1	100.000	150	150	1.58e-77	278
POS_NC_001803_1_F0.001_R2_2586	NC_012920.1	100.000	150	150	1.58e-77	278
POS_NC_001803_1_F0.001_R2_2587	NC_012920.1	99.333	150	150	7.34e-76	272
POS_NC_001803_1_F0.001_R2_2588	NC_012920.1	100.000	150	150	1.58e-77	278
POS_NC_001803_1_F0.001_R2_2589	NC_012920.1	100.000	150	150	1.58e-77	278
POS_NC_001803_1_F0.001_R2_2590	NC_012920.1	99.333	150	150	7.34e-76	272
POS_NC_001803_1_F0.001_R2_2591	NC_012920.1	100.000	150	150	1.58e-77	278
POS_NC_001803_1_F0.001_R2_2592	NC_012920.1	99.333	150	150	7.34e-76	272
POS_NC_001803_1_F0.001_R2_2593	NC_012920.1	100.000	150	150	1.58e-77	278
POS_NC_001803_1_F0.001_R2_2594	NC_012920.1	100.000	150	150	1.58e-77	278
POS_NC_001803_1_F0.001_R2_2595	NC_012920.1	99.333	150	150	7.34e-76	272
POS_NC_001803_1_F0.001_R2_2596	NC_012920.1	100.000	150	150	1.58e-77	278
POS_NC_001803_1_F0.001_R2_2597	NC_012920.1	100.000	150	150	1.58e-77	278
POS_NC_001803_1_F0.001_R2_2598	NC_012920.1	100.000	150	150	1.58e-77	278
POS_NC_001803_1_F0.001_R2_2599	NC_012920.1	100.000	150	150	1.58e-77	278
POS_NC_001803_1_F0.001_R2_2600	NC_012920.1	98.667	150	150	3.42e-74	267
POS_NC_001803_1_F0.001_R2_2601	NC_012920.1	100.000	150	150	1.58e-77	278
POS_NC_001803_1_F0.001_R2_2602	NC_012920.1	100.000	150	150	1.58e-77	278
POS_NC_001803_1_F0.001_R2_2603	NC_012920.1	100.000	150	150	1.58e-77	278
POS_NC_001803_1_F0.001_R2_2604	NC_012920.1	100.000	150	150	1.58e-77	278
POS_NC_001803_1_F0.001_R2_2605	NC_012920.1	99.333	150	150	7.34e-76	272
POS_NC_001803_1_F0.001_R2_2606	NC_012920.1	100.000	150	150	1.58e-77	278
POS_NC_001803_1_F0.001_R2_2607	NC_012920.1	100.000	150	150	1.58e-77	278
POS_NC_001803_1_F0.001_R2_2608	NC_012920.1	98.667	150	150	3.42e-74	267
POS_NC_001803_1_F0.001_R2_2609	NC_012920.1	100.000	150	150	1.58e-77	278
POS_NC_001803_1_F0.001_R2_2610	NC_012920.1	100.000	150	150	1.58e-77	278
POS_NC_001803_1_F0.001_R2_2611	NC_012920.1	98.667	150	150	3.42e-74	267
POS_NC_001803_1_F0.001_R2_2612	NC_012920.1	100.000	150	150	1.58e-77	278
POS_NC_001803_1_F0.001_R2_2613	NC_012920.1	100.000	150	150	1.58e-77	278
POS_NC_001803_1_F0.001_R2_2614	NC_012920.1	100.000	150	150	1.58e-77	278
POS_NC_001803_1_F0.001_R2_2615	NC_012920.1	99.333	150	150	7.34e-76	272
POS_NC_001803_1_F0.001_R2_2616	NC_012920.1	100.000	150	150	1.58e-77	278
POS_NC_001803_1_F0.001_R2_2617	NC_012920.1	99.333	150	150	7.34e-76	272
POS_NC_001803_1_F0.001_R2_2618	NC_012920.1	100.000	150	150	1.58e-77	278
POS_NC_001803_1_F0.001_R2_2619	NC_012920.1	100.000	150	150	1.58e-77	278
POS_NC_001803_1_F0.001_R2_2620	NC_012920.1	100.000	150	150	1.58e-77	278
POS_NC_001803_1_F0.001_R2_2621	NC_012920.1	100.000	150	150	1.58e-77	278
POS_NC_001803_1_F0.001_R2_2622	NC_012920.1	100.000	150	150	1.58e-77	278
POS_NC_001803_1_F0.001_R2_2623	NC_012920.1	100.000	150	150	1.58e-77	278
POS_NC_001803_1_F0.001_R2_2624	NC_012920.1	100.000	150	150	1.58e-77	278
POS_NC_001803_1_F0.001_R2_2625	NC_012920.1	99.333	150	150	7.34e-76	272
POS_NC_001803_1_F0.001_R2_2626	NC_012920.1	100.000	150	150	1.58e-77	278
POS_NC_001803_1_F0.001_R2_2627	NC_012920.1	100.000	150	150	1.58e-77	278
POS_NC_001803_1_F0.001_R2_2628	NC_012920.1	100.000	150	150	1.58e-77	278
POS_NC_001803_1_F0.001_R2_2629	NC_012920.1	100.000	150	150	1.58e-77	278
POS_NC_001803_1_F0.001_R2_2630	NC_012920.1	100.000	150	150	1.58e-77	278
POS_NC_001803_1_F0.001_R2_2631	NC_012920.1	100.000	150	150	1.58e-77	278
POS_NC_001803_1_F0.001_R2_2632	NC_012920.1	100.000	150	150	1.58e-77	278
POS_NC_001803_1_F0.001_R2_2633	NC_012920.1	100.000	150	150	1.58e-77	278
POS_NC_001803_1_F0.001_R2_2634	NC_012920.1	100.000	150	150	1.58e-77	278
POS_NC_001803_1_F0.001_R2_2635	NC_012920.1	100.000	150	150	1.58e-77	278
POS_NC_001803_1_F0.001_R2_2636	NC_012920.1	100.000	150	150	1.58e-77	278
POS_NC_001803_1_F0.001_R2_2637	NC_012920.1	100.000	150	150	1.58e-77	278
POS_NC_001803_1_F0.001_R2_2638	NC_012920.1	100.000	150	150	1.58e-77	278
POS_NC_001803_1_F0.001_R2_2639	NC_012920.1	99.333	150	150	7.34e-76	272
POS_NC_001803_1_F0.001_R2_2640	NC_012920.1	99.333	150	150	7.34e-76	272
POS_NC_001803_1_F0.001_R2_2641	NC_012920.1	100.000	150	150	1.58e-77	278
POS_NC_001803_1_F0.001_R2_2642	NC_012920.1	100.000	150	150	1.58e-77	278
POS_NC_001803_1_F0.001_R2_2643	NC_012920.1	100.000	150	150	1.58e-77	278
POS_NC_001803_1_F0.001_R2_2644	NC_012920.1	100.000	150	150	1.58e-77	278
POS_NC_001803_1_F0.001_R2_2645	NC_012920.1	100.000	150	150	1.58e-77	278
POS_NC_001803_1_F0.001_R2_2646	NC_012920.1	100.000	150	150	1.58e-77	278
POS_NC_001803_1_F0.001_R2_2647	NC_012920.1	100.000	150	150	1.58e-77	278
POS_NC_001803_1_F0.001_R2_2648	NC_012920.1	100.000	150	150	1.58e-77	278
POS_NC_001803_1_F0.001_R2_2649	NC_012920.1	100.000	150	150	1.58e-77	278
POS_NC_001803_1_F0.001_R2_2650	NC_012920.1	100.000	150	150	1.58e-77	278
POS_NC_001803_1_F0.001_R2_2651	NC_012920.1	100.000	150	150	1.58e-77	278
POS_NC_001803_1_F0.001_R2_2652	NC_012920.1	100.000	150	150	1.58e-77	278
POS_NC_001803_1_F0.001_R2_2653	NC_012920.1	100.000	150	150	1.58e-77	278
POS_NC_001803_1_F0.001_R2_2654	NC_012920.1	100.000	150	150	1.58e-77	278
POS_NC_001803_1_F0.001_R2_2655	NC_012920.1	100.000	150	150	1.58e-77	278
POS_NC_001803_1_F0.001_R2_2656	NC_012920.1	100.000	150	150	1.58e-77	278
POS_NC_001803_1_F0.001_R2_2657	NC_012920.1	99.333	150	150	7.34e-76	272
POS_NC_001803_1_F0.001_R2_2658	NC_012920.1	100.000	150	150	1.58e-77	278
POS_NC_001803_1_F0.001_R2_2659	NC_012920.1	100.000	148	150	2.04e-76	274
POS_NC_001803_1_F0.001_R2_2660	NC_012920.1	100.000	150	150	1.58e-77	278
POS_NC_001803_1_F0.001_R2_2661	NC_012920.1	98.667	150	150	3.42e-74	267
POS_NC_001803_1_F0.001_R2_2662	NC_012920.1	100.000	150	150	1.58e-77	278
POS_NC_001803_1_F0.001_R2_2663	NC_012920.1	100.000	150	150	1.58e-77	278
POS_NC_001803_1_F0.001_R2_2664	NC_012920.1	100.000	150	150	1.58e-77	278
POS_NC_001803_1_F0.001_R2_2665	NC_012920.1	100.000	150	150	1.58e-77	278
POS_NC_001803_1_F0.001_R2_2666	NC_012920.1	100.000	150	150	1.58e-77	278
POS_NC_001803_1_F0.001_R2_2667	NC_012920.1	100.000	150	150	1.58e-77	278
POS_NC_001803_1_F0.001_R2_2668	NC_012920.1	100.000	150	150	1.58e-77	278
POS_NC_001803_1_F0.001_R2_2669	NC_012920.1	100.000	150	150	1.58e-77	278
POS_NC_001803_1_F0.001_R2_2670	NC_012920.1	100.000	150	150	1.58e-77	278
POS_NC_001803_1_F0.001_R2_2671	NC_012920.1	100.000	150	150	1.58e-77	278
POS_NC_001803_1_F0.001_R2_2672	NC_012920.1	100.000	150	150	1.58e-77	278
POS_NC_001803_1_F0.001_R2_2673	NC_012920.1	99.333	150	150	7.34e-76	272
POS_NC_001803_1_F0.001_R2_2674	NC_012920.1	100.000	150	150	1.58e-77	278
POS_NC_001803_1_F0.001_R2_2675	NC_012920.1	100.000	150	150	1.58e-77	278
POS_NC_001803_1_F0.001_R2_2676	NC_012920.1	100.000	150	150	1.58e-77	278
POS_NC_001803_1_F0.001_R2_2677	NC_012920.1	100.000	150	150	1.58e-77	278
POS_NC_001803_1_F0.001_R2_2678	NC_012920.1	99.333	150	150	7.34e-76	272
POS_NC_001803_1_F0.001_R2_2679	NC_012920.1	98.667	150	150	3.42e-74	267
POS_NC_001803_1_F0.001_R2_2680	NC_012920.1	100.000	150	150	1.58e-77	278
POS_NC_001803_1_F0.001_R2_2681	NC_012920.1	100.000	150	150	1.58e-77	278
POS_NC_001803_1_F0.001_R2_2682	NC_012920.1	99.333	150	150	7.34e-76	272
POS_NC_001803_1_F0.001_R2_2683	NC_012920.1	100.000	149	150	5.68e-77	276
POS_NC_001803_1_F0.001_R2_2684	NC_012920.1	100.000	150	150	1.58e-77	278
POS_NC_001803_1_F0.001_R2_2685	NC_012920.1	100.000	150	150	1.58e-77	278
POS_NC_001803_1_F0.001_R2_2686	NC_012920.1	100.000	150	150	1.58e-77	278
POS_NC_001803_1_F0.001_R2_2687	NC_012920.1	100.000	150	150	1.58e-77	278
POS_NC_001803_1_F0.001_R2_2688	NC_012920.1	100.000	150	150	1.58e-77	278
POS_NC_001803_1_F0.001_R2_2689	NC_012920.1	100.000	150	150	1.58e-77	278
POS_NC_001803_1_F0.001_R2_2690	NC_012920.1	100.000	150	150	1.58e-77	278
POS_NC_001803_1_F0.001_R2_2691	NC_012920.1	100.000	150	150	1.58e-77	278
POS_NC_001803_1_F0.001_R2_2692	NC_012920.1	100.000	150	150	1.58e-77	278
POS_NC_001803_1_F0.001_R2_2693	NC_012920.1	100.000	150	150	1.58e-77	278
POS_NC_001803_1_F0.001_R2_2694	NC_012920.1	100.000	150	150	1.58e-77	278
POS_NC_001803_1_F0.001_R2_2695	NC_012920.1	100.000	150	150	1.58e-77	278
POS_NC_001803_1_F0.001_R2_2696	NC_012920.1	99.333	150	150	7.34e-76	272
POS_NC_001803_1_F0.001_R2_2697	NC_012920.1	100.000	150	150	1.58e-77	278
POS_NC_001803_1_F0.001_R2_2698	NC_012920.1	99.333	150	150	7.34e-76	272
POS_NC_001803_1_F0.001_R2_2699	NC_012920.1	100.000	150	150	1.58e-77	278
POS_NC_001803_1_F0.001_R2_2700	NC_012920.1	100.000	150	150	1.58e-77	278
POS_NC_001803_1_F0.001_R2_2701	NC_012920.1	100.000	150	150	1.58e-77	278
POS_NC_001803_1_F0.001_R2_2702	NC_012920.1	100.000	150	150	1.58e-77	278
POS_NC_001803_1_F0.001_R2_2703	NC_012920.1	100.000	150	150	1.58e-77	278
POS_NC_001803_1_F0.001_R2_2704	NC_012920.1	99.333	150	150	7.34e-76	272
POS_NC_001803_1_F0.001_R2_2705	NC_012920.1	100.000	150	150	1.58e-77	278
POS_NC_001803_1_F0.001_R2_2706	NC_012920.1	100.000	150	150	1.58e-77	278
POS_NC_001803_1_F0.001_R2_2707	NC_012920.1	100.000	150	150	1.58e-77	278
POS_NC_001803_1_F0.001_R2_2708	NC_012920.1	100.000	150	150	1.58e-77	278
POS_NC_001803_1_F0.001_R2_2709	NC_012920.1	100.000	150	150	1.58e-77	278
POS_NC_001803_1_F0.001_R2_2710	NC_012920.1	100.000	150	150	1.58e-77	278
POS_NC_001803_1_F0.001_R2_2711	NC_012920.1	99.333	150	150	7.34e-76	272
POS_NC_001803_1_F0.001_R2_2712	NC_012920.1	100.000	150	150	1.58e-77	278
POS_NC_001803_1_F0.001_R2_2713	NC_012920.1	100.000	150	150	1.58e-77	278
POS_NC_001803_1_F0.001_R2_2714	NC_012920.1	98.667	150	150	3.42e-74	267
POS_NC_001803_1_F0.001_R2_2715	NC_012920.1	99.333	150	150	7.34e-76	272
POS_NC_001803_1_F0.001_R2_2716	NC_012920.1	99.333	150	150	7.34e-76	272
POS_NC_001803_1_F0.001_R2_2717	NC_012920.1	100.000	150	150	1.58e-77	278
POS_NC_001803_1_F0.001_R2_2718	NC_012920.1	100.000	150	150	1.58e-77	278
POS_NC_001803_1_F0.001_R2_2719	NC_012920.1	100.000	150	150	1.58e-77	278
POS_NC_001803_1_F0.001_R2_2720	NC_012920.1	100.000	150	150	1.58e-77	278
POS_NC_001803_1_F0.001_R2_2721	NC_012920.1	100.000	150	150	1.58e-77	278
POS_NC_001803_1_F0.001_R2_2722	NC_012920.1	99.333	150	150	9.50e-75	268
POS_NC_001803_1_F0.001_R2_2723	NC_012920.1	99.333	150	150	7.34e-76	272
POS_NC_001803_1_F0.001_R2_2724	NC_012920.1	100.000	150	150	1.58e-77	278
POS_NC_001803_1_F0.001_R2_2725	NC_012920.1	100.000	150	150	1.58e-77	278
POS_NC_001803_1_F0.001_R2_2726	NC_012920.1	100.000	150	150	1.58e-77	278
POS_NC_001803_1_F0.001_R2_2727	NC_012920.1	100.000	150	150	1.58e-77	278
POS_NC_001803_1_F0.001_R2_2728	NC_012920.1	100.000	150	150	1.58e-77	278
POS_NC_001803_1_F0.001_R2_2729	NC_012920.1	100.000	150	150	1.58e-77	278
POS_NC_001803_1_F0.001_R2_2730	NC_012920.1	100.000	150	150	1.58e-77	278
POS_NC_001803_1_F0.001_R2_2731	NC_012920.1	100.000	150	150	1.58e-77	278
POS_NC_001803_1_F0.001_R2_2732	NC_012920.1	100.000	150	150	1.58e-77	278
POS_NC_001803_1_F0.001_R2_2733	NC_012920.1	99.333	150	150	7.34e-76	272
POS_NC_001803_1_F0.001_R2_2734	NC_012920.1	100.000	150	150	1.58e-77	278
POS_NC_001803_1_F0.001_R2_2735	NC_012920.1	100.000	150	150	1.58e-77	278
POS_NC_001803_1_F0.001_R2_2736	NC_012920.1	100.000	150	150	1.58e-77	278
POS_NC_001803_1_F0.001_R2_2737	NC_012920.1	98.667	150	150	3.42e-74	267
POS_NC_001803_1_F0.001_R2_2738	NC_012920.1	100.000	150	150	1.58e-77	278
POS_NC_001803_1_F0.001_R2_2739	NC_012920.1	100.000	150	150	1.58e-77	278
POS_NC_001803_1_F0.001_R2_2740	NC_012920.1	100.000	150	150	1.58e-77	278
POS_NC_001803_1_F0.001_R2_2741	NC_012920.1	100.000	150	150	1.58e-77	278
POS_NC_001803_1_F0.001_R2_2742	NC_012920.1	100.000	150	150	1.58e-77	278
POS_NC_001803_1_F0.001_R2_2743	NC_012920.1	100.000	150	150	1.58e-77	278
POS_NC_001803_1_F0.001_R2_2744	NC_012920.1	100.000	150	150	1.58e-77	278
POS_NC_001803_1_F0.001_R2_2745	NC_012920.1	100.000	150	150	1.58e-77	278
POS_NC_001803_1_F0.001_R2_2746	NC_012920.1	98.000	150	150	1.59e-72	261
POS_NC_001803_1_F0.001_R2_2747	NC_012920.1	99.333	150	150	7.34e-76	272
POS_NC_001803_1_F0.001_R2_2748	NC_012920.1	100.000	150	150	1.58e-77	278
POS_NC_001803_1_F0.001_R2_2749	NC_012920.1	100.000	150	150	1.58e-77	278
POS_NC_001803_1_F0.001_R2_2750	NC_012920.1	100.000	150	150	1.58e-77	278
POS_NC_001803_1_F0.001_R2_2751	NC_012920.1	100.000	150	150	1.58e-77	278
POS_NC_001803_1_F0.001_R2_2752	NC_012920.1	100.000	150	150	1.58e-77	278
POS_NC_001803_1_F0.001_R2_2753	NC_012920.1	100.000	150	150	1.58e-77	278
POS_NC_001803_1_F0.001_R2_2754	NC_012920.1	100.000	150	150	1.58e-77	278
POS_NC_001803_1_F0.001_R2_2755	NC_012920.1	100.000	150	150	1.58e-77	278
POS_NC_001803_1_F0.001_R2_2756	NC_012920.1	100.000	150	150	1.58e-77	278
POS_NC_001803_1_F0.001_R2_2757	NC_012920.1	100.000	150	150	1.58e-77	278
POS_NC_001803_1_F0.001_R2_2758	NC_012920.1	100.000	150	150	1.58e-77	278
POS_NC_001803_1_F0.001_R2_2759	NC_012920.1	100.000	150	150	1.58e-77	278
POS_NC_001803_1_F0.001_R2_2760	NC_012920.1	100.000	150	150	1.58e-77	278
POS_NC_001803_1_F0.001_R2_2761	NC_012920.1	99.333	150	150	7.34e-76	272
POS_NC_001803_1_F0.001_R2_2762	NC_012920.1	100.000	150	150	1.58e-77	278
POS_NC_001803_1_F0.001_R2_2763	NC_012920.1	98.667	150	150	3.42e-74	267
POS_NC_001803_1_F0.001_R2_2764	NC_012920.1	99.333	150	150	7.34e-76	272
POS_NC_001803_1_F0.001_R2_2765	NC_012920.1	100.000	150	150	1.58e-77	278
POS_NC_001803_1_F0.001_R2_2766	NC_012920.1	100.000	150	150	1.58e-77	278
POS_NC_001803_1_F0.001_R2_2767	NC_012920.1	100.000	150	150	1.58e-77	278
POS_NC_001803_1_F0.001_R2_2768	NC_012920.1	100.000	150	150	1.58e-77	278
POS_NC_001803_1_F0.001_R2_2769	NC_012920.1	99.333	150	150	7.34e-76	272
POS_NC_001803_1_F0.001_R2_2770	NC_012920.1	100.000	150	150	1.58e-77	278
POS_NC_001803_1_F0.001_R2_2771	NC_012920.1	100.000	150	150	1.58e-77	278
POS_NC_001803_1_F0.001_R2_2772	NC_012920.1	100.000	150	150	1.58e-77	278
POS_NC_001803_1_F0.001_R2_2773	NC_012920.1	99.333	150	150	7.34e-76	272
POS_NC_001803_1_F0.001_R2_2774	NC_012920.1	99.333	150	150	7.34e-76	272
POS_NC_001803_1_F0.001_R2_2775	NC_012920.1	100.000	150	150	1.58e-77	278
POS_NC_001803_1_F0.001_R2_2776	NC_012920.1	100.000	150	150	1.58e-77	278
POS_NC_001803_1_F0.001_R2_2777	NC_012920.1	100.000	150	150	1.58e-77	278
POS_NC_001803_1_F0.001_R2_2778	NC_012920.1	100.000	150	150	1.58e-77	278
POS_NC_001803_1_F0.001_R2_2779	NC_012920.1	99.333	150	150	7.34e-76	272
POS_NC_001803_1_F0.001_R2_2780	NC_012920.1	100.000	150	150	1.58e-77	278
POS_NC_001803_1_F0.001_R2_2781	NC_012920.1	99.333	150	150	7.34e-76	272
POS_NC_001803_1_F0.001_R2_2782	NC_012920.1	100.000	150	150	1.58e-77	278
POS_NC_001803_1_F0.001_R2_2783	NC_012920.1	99.333	150	150	7.34e-76	272
POS_NC_001803_1_F0.001_R2_2784	NC_012920.1	100.000	150	150	1.58e-77	278
POS_NC_001803_1_F0.001_R2_2785	NC_012920.1	98.667	150	150	3.42e-74	267
POS_NC_001803_1_F0.001_R2_2786	NC_012920.1	99.333	150	150	7.34e-76	272
POS_NC_001803_1_F0.001_R2_2787	NC_012920.1	100.000	150	150	1.58e-77	278
POS_NC_001803_1_F0.001_R2_2788	NC_012920.1	98.667	150	150	3.42e-74	267
POS_NC_001803_1_F0.001_R2_2789	NC_012920.1	100.000	150	150	1.58e-77	278
POS_NC_001803_1_F0.001_R2_2790	NC_012920.1	100.000	150	150	1.58e-77	278
POS_NC_001803_1_F0.001_R2_2791	NC_012920.1	100.000	150	150	1.58e-77	278
POS_NC_001803_1_F0.001_R2_2792	NC_012920.1	100.000	150	150	1.58e-77	278
POS_NC_001803_1_F0.001_R2_2793	NC_012920.1	100.000	150	150	1.58e-77	278
POS_NC_001803_1_F0.001_R2_2794	NC_012920.1	99.333	150	150	7.34e-76	272
POS_NC_001803_1_F0.001_R2_2795	NC_012920.1	100.000	150	150	1.58e-77	278
POS_NC_001803_1_F0.001_R2_2796	NC_012920.1	100.000	150	150	1.58e-77	278
POS_NC_001803_1_F0.001_R2_2797	NC_012920.1	100.000	150	150	1.58e-77	278
POS_NC_001803_1_F0.001_R2_2798	NC_012920.1	99.333	150	150	7.34e-76	272
POS_NC_001803_1_F0.001_R2_2799	NC_012920.1	100.000	150	150	1.58e-77	278
POS_NC_001803_1_F0.001_R2_2800	NC_012920.1	100.000	150	150	1.58e-77	278
POS_NC_001803_1_F0.001_R2_2801	NC_012920.1	100.000	150	150	1.58e-77	278
POS_NC_001803_1_F0.001_R2_2802	NC_012920.1	100.000	150	150	1.58e-77	278
POS_NC_001803_1_F0.001_R2_2803	NC_012920.1	100.000	150	150	1.58e-77	278
POS_NC_001803_1_F0.001_R2_2804	NC_012920.1	100.000	150	150	1.58e-77	278
POS_NC_001803_1_F0.001_R2_2805	NC_012920.1	100.000	150	150	2.04e-76	274
POS_NC_001803_1_F0.001_R2_2806	NC_012920.1	99.333	150	150	7.34e-76	272
POS_NC_001803_1_F0.001_R2_2807	NC_012920.1	99.333	150	150	7.34e-76	272
POS_NC_001803_1_F0.001_R2_2808	NC_012920.1	100.000	149	150	5.68e-77	276
POS_NC_001803_1_F0.001_R2_2809	NC_012920.1	99.333	150	150	7.34e-76	272
POS_NC_001803_1_F0.001_R2_2810	NC_012920.1	100.000	150	150	1.58e-77	278
POS_NC_001803_1_F0.001_R2_2811	NC_012920.1	100.000	150	150	1.58e-77	278
POS_NC_001803_1_F0.001_R2_2812	NC_012920.1	100.000	150	150	1.58e-77	278
POS_NC_001803_1_F0.001_R2_2813	NC_012920.1	100.000	150	150	1.58e-77	278
POS_NC_001803_1_F0.001_R2_2814	NC_012920.1	100.000	150	150	1.58e-77	278
POS_NC_001803_1_F0.001_R2_2815	NC_012920.1	99.333	150	150	7.34e-76	272
POS_NC_001803_1_F0.001_R2_2816	NC_012920.1	99.333	150	150	7.34e-76	272
POS_NC_001803_1_F0.001_R2_2817	NC_012920.1	99.333	150	150	7.34e-76	272
POS_NC_001803_1_F0.001_R2_2818	NC_012920.1	100.000	150	150	1.58e-77	278
POS_NC_001803_1_F0.001_R2_2819	NC_012920.1	100.000	150	150	1.58e-77	278
POS_NC_001803_1_F0.001_R2_2820	NC_012920.1	99.333	150	150	7.34e-76	272
POS_NC_001803_1_F0.001_R2_2821	NC_012920.1	99.333	150	150	7.34e-76	272
POS_NC_001803_1_F0.001_R2_2822	NC_012920.1	100.000	150	150	1.58e-77	278
POS_NC_001803_1_F0.001_R2_2823	NC_012920.1	100.000	150	150	1.58e-77	278
POS_NC_001803_1_F0.001_R2_2824	NC_012920.1	100.000	150	150	1.58e-77	278
POS_NC_001803_1_F0.001_R2_2825	NC_012920.1	100.000	150	150	1.58e-77	278
POS_NC_001803_1_F0.001_R2_2826	NC_012920.1	99.333	150	150	7.34e-76	272
POS_NC_001803_1_F0.001_R2_2827	NC_012920.1	100.000	150	150	1.58e-77	278
POS_NC_001803_1_F0.001_R2_2828	NC_012920.1	99.333	150	150	7.34e-76	272
POS_NC_001803_1_F0.001_R2_2829	NC_012920.1	100.000	150	150	1.58e-77	278
POS_NC_001803_1_F0.001_R2_2830	NC_012920.1	100.000	150	150	1.58e-77	278
POS_NC_001803_1_F0.001_R2_2831	NC_012920.1	100.000	150	150	1.58e-77	278
POS_NC_001803_1_F0.001_R2_2832	NC_012920.1	99.333	150	150	7.34e-76	272
POS_NC_001803_1_F0.001_R2_2833	NC_012920.1	99.333	150	150	7.34e-76	272
POS_NC_001803_1_F0.001_R2_2834	NC_012920.1	100.000	150	150	1.58e-77	278
POS_NC_001803_1_F0.001_R2_2835	NC_012920.1	100.000	150	150	1.58e-77	278
POS_NC_001803_1_F0.001_R2_2836	NC_012920.1	100.000	150	150	1.58e-77	278
POS_NC_001803_1_F0.001_R2_2837	NC_012920.1	100.000	150	150	1.58e-77	278
POS_NC_001803_1_F0.001_R2_2838	NC_012920.1	100.000	150	150	1.58e-77	278
POS_NC_001803_1_F0.001_R2_2839	NC_012920.1	100.000	150	150	1.58e-77	278
POS_NC_001803_1_F0.001_R2_2840	NC_012920.1	100.000	150	150	1.58e-77	278
POS_NC_001803_1_F0.001_R2_2841	NC_012920.1	99.333	150	150	7.34e-76	272
POS_NC_001803_1_F0.001_R2_2842	NC_012920.1	99.333	150	150	7.34e-76	272
POS_NC_001803_1_F0.001_R2_2843	NC_012920.1	100.000	150	150	1.58e-77	278
POS_NC_001803_1_F0.001_R2_2844	NC_012920.1	98.667	150	150	4.42e-73	263
POS_NC_001803_1_F0.001_R2_2845	NC_012920.1	100.000	150	150	1.58e-77	278
POS_NC_001803_1_F0.001_R2_2846	NC_012920.1	99.333	150	150	7.34e-76	272
POS_NC_001803_1_F0.001_R2_2847	NC_012920.1	99.333	150	150	7.34e-76	272
POS_NC_001803_1_F0.001_R2_2848	NC_012920.1	100.000	150	150	1.58e-77	278
POS_NC_001803_1_F0.001_R2_2849	NC_012920.1	100.000	150	150	1.58e-77	278
POS_NC_001803_1_F0.001_R2_2850	NC_012920.1	98.667	150	150	3.42e-74	267
POS_NC_001803_1_F0.001_R2_2851	NC_012920.1	100.000	150	150	1.58e-77	278
POS_NC_001803_1_F0.001_R2_2852	NC_012920.1	100.000	150	150	1.58e-77	278
POS_NC_001803_1_F0.001_R2_2853	NC_012920.1	100.000	150	150	1.58e-77	278
POS_NC_001803_1_F0.001_R2_2854	NC_012920.1	100.000	150	150	1.58e-77	278
POS_NC_001803_1_F0.001_R2_2855	NC_012920.1	100.000	150	150	1.58e-77	278
POS_NC_001803_1_F0.001_R2_2856	NC_012920.1	100.000	150	150	1.58e-77	278
POS_NC_001803_1_F0.001_R2_2857	NC_012920.1	100.000	150	150	1.58e-77	278
POS_NC_001803_1_F0.001_R2_2858	NC_012920.1	100.000	150	150	1.58e-77	278
POS_NC_001803_1_F0.001_R2_2859	NC_012920.1	99.333	150	150	7.34e-76	272
POS_NC_001803_1_F0.001_R2_2860	NC_012920.1	100.000	150	150	1.58e-77	278
POS_NC_001803_1_F0.001_R2_2861	NC_012920.1	99.333	150	150	7.34e-76	272
POS_NC_001803_1_F0.001_R2_2862	NC_012920.1	100.000	150	150	1.58e-77	278
POS_NC_001803_1_F0.001_R2_2863	NC_012920.1	99.333	150	150	7.34e-76	272
POS_NC_001803_1_F0.001_R2_2864	NC_012920.1	100.000	150	150	1.58e-77	278
POS_NC_001803_1_F0.001_R2_2865	NC_012920.1	100.000	150	150	1.58e-77	278
POS_NC_001803_1_F0.001_R2_2866	NC_012920.1	100.000	150	150	1.58e-77	278
POS_NC_001803_1_F0.001_R2_2867	NC_012920.1	99.333	150	150	7.34e-76	272
POS_NC_001803_1_F0.001_R2_2868	NC_012920.1	100.000	150	150	1.58e-77	278
POS_NC_001803_1_F0.001_R2_2869	NC_012920.1	100.000	150	150	1.58e-77	278
POS_NC_001803_1_F0.001_R2_2870	NC_012920.1	100.000	150	150	1.58e-77	278
POS_NC_001803_1_F0.001_R2_2871	NC_012920.1	100.000	150	150	1.58e-77	278
POS_NC_001803_1_F0.001_R2_2872	NC_012920.1	100.000	150	150	1.58e-77	278
POS_NC_001803_1_F0.001_R2_2873	NC_012920.1	100.000	150	150	1.58e-77	278
POS_NC_001803_1_F0.001_R2_2874	NC_012920.1	100.000	150	150	1.58e-77	278
POS_NC_001803_1_F0.001_R2_2875	NC_012920.1	100.000	150	150	1.58e-77	278
POS_NC_001803_1_F0.001_R2_2876	NC_012920.1	99.333	150	150	7.34e-76	272
POS_NC_001803_1_F0.001_R2_2877	NC_012920.1	100.000	150	150	1.58e-77	278
POS_NC_001803_1_F0.001_R2_2878	NC_012920.1	99.333	150	150	7.34e-76	272
POS_NC_001803_1_F0.001_R2_2879	NC_012920.1	99.333	150	150	7.34e-76	272
POS_NC_001803_1_F0.001_R2_2880	NC_012920.1	100.000	150	150	1.58e-77	278
POS_NC_001803_1_F0.001_R2_2881	NC_012920.1	100.000	150	150	1.58e-77	278
POS_NC_001803_1_F0.001_R2_2882	NC_012920.1	100.000	150	150	1.58e-77	278
POS_NC_001803_1_F0.001_R2_2883	NC_012920.1	99.333	150	150	7.34e-76	272
POS_NC_001803_1_F0.001_R2_2884	NC_012920.1	100.000	150	150	1.58e-77	278
POS_NC_001803_1_F0.001_R2_2885	NC_012920.1	100.000	150	150	1.58e-77	278
POS_NC_001803_1_F0.001_R2_2886	NC_012920.1	98.667	150	150	3.42e-74	267
POS_NC_001803_1_F0.001_R2_2887	NC_012920.1	100.000	150	150	1.58e-77	278
POS_NC_001803_1_F0.001_R2_2888	NC_012920.1	98.667	150	150	3.42e-74	267
POS_NC_001803_1_F0.001_R2_2889	NC_012920.1	100.000	150	150	1.58e-77	278
POS_NC_001803_1_F0.001_R2_2890	NC_012920.1	100.000	150	150	1.58e-77	278
POS_NC_001803_1_F0.001_R2_2891	NC_012920.1	100.000	150	150	1.58e-77	278
POS_NC_001803_1_F0.001_R2_2892	NC_012920.1	100.000	150	150	1.58e-77	278
POS_NC_001803_1_F0.001_R2_2893	NC_012920.1	100.000	150	150	1.58e-77	278
POS_NC_001803_1_F0.001_R2_2894	NC_012920.1	100.000	150	150	1.58e-77	278
POS_NC_001803_1_F0.001_R2_2895	NC_012920.1	99.333	150	150	7.34e-76	272
POS_NC_001803_1_F0.001_R2_2896	NC_012920.1	100.000	150	150	1.58e-77	278
POS_NC_001803_1_F0.001_R2_2897	NC_012920.1	100.000	150	150	1.58e-77	278
POS_NC_001803_1_F0.001_R2_2898	NC_012920.1	100.000	150	150	1.58e-77	278
POS_NC_001803_1_F0.001_R2_2899	NC_012920.1	100.000	150	150	1.58e-77	278
POS_NC_001803_1_F0.001_R2_2900	NC_012920.1	100.000	150	150	1.58e-77	278
POS_NC_001803_1_F0.001_R2_2901	NC_012920.1	100.000	150	150	1.58e-77	278
POS_NC_001803_1_F0.001_R2_2902	NC_012920.1	99.333	150	150	7.34e-76	272
POS_NC_001803_1_F0.001_R2_2903	NC_012920.1	100.000	150	150	1.58e-77	278
POS_NC_001803_1_F0.001_R2_2904	NC_012920.1	99.333	150	150	7.34e-76	272
POS_NC_001803_1_F0.001_R2_2905	NC_012920.1	100.000	150	150	1.58e-77	278
POS_NC_001803_1_F0.001_R2_2906	NC_012920.1	99.333	150	150	7.34e-76	272
POS_NC_001803_1_F0.001_R2_2907	NC_012920.1	99.333	150	150	7.34e-76	272
POS_NC_001803_1_F0.001_R2_2908	NC_012920.1	100.000	150	150	1.58e-77	278
POS_NC_001803_1_F0.001_R2_2909	NC_012920.1	100.000	150	150	1.58e-77	278
POS_NC_001803_1_F0.001_R2_2910	NC_012920.1	100.000	150	150	1.58e-77	278
POS_NC_001803_1_F0.001_R2_2911	NC_012920.1	100.000	150	150	1.58e-77	278
POS_NC_001803_1_F0.001_R2_2912	NC_012920.1	100.000	150	150	1.58e-77	278
POS_NC_001803_1_F0.001_R2_2913	NC_012920.1	100.000	150	150	1.58e-77	278
POS_NC_001803_1_F0.001_R2_2914	NC_012920.1	100.000	150	150	1.58e-77	278
POS_NC_001803_1_F0.001_R2_2915	NC_012920.1	99.333	150	150	7.34e-76	272
POS_NC_001803_1_F0.001_R2_2916	NC_012920.1	100.000	150	150	1.58e-77	278
POS_NC_001803_1_F0.001_R2_2917	NC_012920.1	100.000	150	150	1.58e-77	278
POS_NC_001803_1_F0.001_R2_2918	NC_012920.1	98.667	150	150	3.42e-74	267
POS_NC_001803_1_F0.001_R2_2919	NC_012920.1	100.000	150	150	1.58e-77	278
POS_NC_001803_1_F0.001_R2_2920	NC_012920.1	100.000	150	150	1.58e-77	278
POS_NC_001803_1_F0.001_R2_2921	NC_012920.1	100.000	150	150	1.58e-77	278
POS_NC_001803_1_F0.001_R2_2922	NC_012920.1	100.000	150	150	1.58e-77	278
POS_NC_001803_1_F0.001_R2_2923	NC_012920.1	100.000	150	150	1.58e-77	278
POS_NC_001803_1_F0.001_R2_2924	NC_012920.1	100.000	150	150	1.58e-77	278
POS_NC_001803_1_F0.001_R2_2925	NC_012920.1	100.000	150	150	1.58e-77	278
POS_NC_001803_1_F0.001_R2_2926	NC_012920.1	100.000	150	150	1.58e-77	278
POS_NC_001803_1_F0.001_R2_2927	NC_012920.1	100.000	150	150	1.58e-77	278
POS_NC_001803_1_F0.001_R2_2928	NC_012920.1	100.000	150	150	1.58e-77	278
POS_NC_001803_1_F0.001_R2_2929	NC_012920.1	100.000	150	150	1.58e-77	278
POS_NC_001803_1_F0.001_R2_2930	NC_012920.1	99.333	150	150	7.34e-76	272
POS_NC_001803_1_F0.001_R2_2931	NC_012920.1	100.000	150	150	1.58e-77	278
POS_NC_001803_1_F0.001_R2_2932	NC_012920.1	100.000	150	150	1.58e-77	278
POS_NC_001803_1_F0.001_R2_2933	NC_012920.1	99.333	150	150	7.34e-76	272
POS_NC_001803_1_F0.001_R2_2934	NC_012920.1	100.000	150	150	1.58e-77	278
POS_NC_001803_1_F0.001_R2_2935	NC_012920.1	100.000	150	150	1.58e-77	278
POS_NC_001803_1_F0.001_R2_2936	NC_012920.1	100.000	150	150	1.58e-77	278
POS_NC_001803_1_F0.001_R2_2937	NC_012920.1	99.333	150	150	7.34e-76	272
POS_NC_001803_1_F0.001_R2_2938	NC_012920.1	100.000	150	150	1.58e-77	278
POS_NC_001803_1_F0.001_R2_2939	NC_012920.1	100.000	150	150	1.58e-77	278
POS_NC_001803_1_F0.001_R2_2940	NC_012920.1	99.333	150	150	7.34e-76	272
POS_NC_001803_1_F0.001_R2_2941	NC_012920.1	100.000	150	150	1.58e-77	278
POS_NC_001803_1_F0.001_R2_2942	NC_012920.1	99.333	150	150	7.34e-76	272
POS_NC_001803_1_F0.001_R2_2943	NC_012920.1	100.000	150	150	1.58e-77	278
POS_NC_001803_1_F0.001_R2_2944	NC_012920.1	99.333	150	150	7.34e-76	272
POS_NC_001803_1_F0.001_R2_2945	NC_012920.1	100.000	150	150	1.58e-77	278
POS_NC_001803_1_F0.001_R2_2946	NC_012920.1	100.000	150	150	1.58e-77	278
POS_NC_001803_1_F0.001_R2_2947	NC_012920.1	100.000	150	150	1.58e-77	278
POS_NC_001803_1_F0.001_R2_2948	NC_012920.1	99.333	150	150	7.34e-76	272
POS_NC_001803_1_F0.001_R2_2949	NC_012920.1	99.333	150	150	7.34e-76	272
POS_NC_001803_1_F0.001_R2_2950	NC_012920.1	100.000	150	150	1.58e-77	278
POS_NC_001803_1_F0.001_R2_2951	NC_012920.1	99.333	150	150	7.34e-76	272
POS_NC_001803_1_F0.001_R2_2952	NC_012920.1	98.000	150	150	1.59e-72	261
POS_NC_001803_1_F0.001_R2_2953	NC_012920.1	99.333	150	150	7.34e-76	272
POS_NC_001803_1_F0.001_R2_2954	NC_012920.1	100.000	150	150	1.58e-77	278
POS_NC_001803_1_F0.001_R2_2955	NC_012920.1	99.333	150	150	7.34e-76	272
POS_NC_001803_1_F0.001_R2_2956	NC_012920.1	100.000	150	150	1.58e-77	278
POS_NC_001803_1_F0.001_R2_2957	NC_012920.1	100.000	150	150	1.58e-77	278
POS_NC_001803_1_F0.001_R2_2958	NC_012920.1	100.000	150	150	1.58e-77	278
POS_NC_001803_1_F0.001_R2_2959	NC_012920.1	99.333	150	150	7.34e-76	272
POS_NC_001803_1_F0.001_R2_2960	NC_012920.1	100.000	150	150	1.58e-77	278
POS_NC_001803_1_F0.001_R2_2961	NC_012920.1	100.000	150	150	1.58e-77	278
POS_NC_001803_1_F0.001_R2_2962	NC_012920.1	100.000	150	150	1.58e-77	278
POS_NC_001803_1_F0.001_R2_2963	NC_012920.1	100.000	150	150	1.58e-77	278
POS_NC_001803_1_F0.001_R2_2964	NC_012920.1	99.333	150	150	7.34e-76	272
POS_NC_001803_1_F0.001_R2_2965	NC_012920.1	100.000	150	150	1.58e-77	278
POS_NC_001803_1_F0.001_R2_2966	NC_012920.1	100.000	150	150	1.58e-77	278
POS_NC_001803_1_F0.001_R2_2967	NC_012920.1	100.000	150	150	1.58e-77	278
POS_NC_001803_1_F0.001_R2_2968	NC_012920.1	100.000	150	150	1.58e-77	278
POS_NC_001803_1_F0.001_R2_2969	NC_012920.1	98.667	150	150	3.42e-74	267
POS_NC_001803_1_F0.001_R2_2970	NC_012920.1	99.333	150	150	7.34e-76	272
POS_NC_001803_1_F0.001_R2_2971	NC_012920.1	100.000	150	150	1.58e-77	278
POS_NC_001803_1_F0.001_R2_2972	NC_012920.1	100.000	150	150	1.58e-77	278
POS_NC_001803_1_F0.001_R2_2973	NC_012920.1	99.333	150	150	7.34e-76	272
POS_NC_001803_1_F0.001_R2_2974	NC_012920.1	99.333	150	150	7.34e-76	272
POS_NC_001803_1_F0.001_R2_2975	NC_012920.1	100.000	150	150	1.58e-77	278
POS_NC_001803_1_F0.001_R2_2976	NC_012920.1	100.000	150	150	1.58e-77	278
POS_NC_001803_1_F0.001_R2_2977	NC_012920.1	100.000	150	150	1.58e-77	278
POS_NC_001803_1_F0.001_R2_2978	NC_012920.1	100.000	150	150	1.58e-77	278
POS_NC_001803_1_F0.001_R2_2979	NC_012920.1	99.333	150	150	7.34e-76	272
POS_NC_001803_1_F0.001_R2_2980	NC_012920.1	100.000	150	150	1.58e-77	278
POS_NC_001803_1_F0.001_R2_2981	NC_012920.1	100.000	150	150	1.58e-77	278
POS_NC_001803_1_F0.001_R2_2982	NC_012920.1	100.000	150	150	1.58e-77	278
POS_NC_001803_1_F0.001_R2_2983	NC_012920.1	100.000	150	150	1.58e-77	278
POS_NC_001803_1_F0.001_R2_2984	NC_012920.1	99.333	150	150	7.34e-76	272
POS_NC_001803_1_F0.001_R2_2985	NC_012920.1	100.000	150	150	1.58e-77	278
POS_NC_001803_1_F0.001_R2_2986	NC_012920.1	100.000	150	150	1.58e-77	278
POS_NC_001803_1_F0.001_R2_2987	NC_012920.1	100.000	150	150	1.58e-77	278
POS_NC_001803_1_F0.001_R2_2988	NC_012920.1	100.000	150	150	1.58e-77	278
POS_NC_001803_1_F0.001_R2_2989	NC_012920.1	100.000	150	150	1.58e-77	278
POS_NC_001803_1_F0.001_R2_2990	NC_012920.1	100.000	150	150	1.58e-77	278
POS_NC_001803_1_F0.001_R2_2991	NC_012920.1	100.000	150	150	1.58e-77	278
POS_NC_001803_1_F0.001_R2_2992	NC_012920.1	100.000	150	150	1.58e-77	278
POS_NC_001803_1_F0.001_R2_2993	NC_012920.1	100.000	150	150	1.58e-77	278
POS_NC_001803_1_F0.001_R2_2994	NC_012920.1	100.000	150	150	1.58e-77	278
POS_NC_001803_1_F0.001_R2_2995	NC_012920.1	100.000	150	150	1.58e-77	278
POS_NC_001803_1_F0.001_R2_2996	NC_012920.1	99.333	150	150	7.34e-76	272
POS_NC_001803_1_F0.001_R2_2997	NC_012920.1	100.000	150	150	1.58e-77	278
POS_NC_001803_1_F0.001_R2_2998	NC_012920.1	100.000	150	150	2.04e-76	274
POS_NC_001803_1_F0.001_R2_2999	NC_012920.1	100.000	150	150	1.58e-77	278
POS_NC_001803_1_F0.001_R2_3000	NC_012920.1	100.000	150	150	1.58e-77	278
POS_NC_001803_1_F0.001_R2_3001	NC_012920.1	99.333	150	150	7.34e-76	272
POS_NC_001803_1_F0.001_R2_3002	NC_012920.1	100.000	150	150	1.58e-77	278
POS_NC_001803_1_F0.001_R2_3003	NC_012920.1	100.000	150	150	1.58e-77	278
POS_NC_001803_1_F0.001_R2_3004	NC_012920.1	99.333	150	150	7.34e-76	272
POS_NC_001803_1_F0.001_R2_3005	NC_012920.1	100.000	150	150	1.58e-77	278
POS_NC_001803_1_F0.001_R2_3006	NC_012920.1	100.000	150	150	1.58e-77	278
POS_NC_001803_1_F0.001_R2_3007	NC_012920.1	100.000	150	150	1.58e-77	278
POS_NC_001803_1_F0.001_R2_3008	NC_012920.1	100.000	150	150	1.58e-77	278
POS_NC_001803_1_F0.001_R2_3009	NC_012920.1	100.000	150	150	1.58e-77	278
POS_NC_001803_1_F0.001_R2_3010	NC_012920.1	99.333	150	150	7.34e-76	272
POS_NC_001803_1_F0.001_R2_3011	NC_012920.1	100.000	150	150	1.58e-77	278
POS_NC_001803_1_F0.001_R2_3012	NC_012920.1	99.333	150	150	7.34e-76	272
POS_NC_001803_1_F0.001_R2_3013	NC_012920.1	97.333	150	150	7.40e-71	255
POS_NC_001803_1_F0.001_R2_3014	NC_012920.1	99.333	150	150	7.34e-76	272
POS_NC_001803_1_F0.001_R2_3015	NC_012920.1	100.000	150	150	1.58e-77	278
POS_NC_001803_1_F0.001_R2_3016	NC_012920.1	100.000	150	150	1.58e-77	278
POS_NC_001803_1_F0.001_R2_3017	NC_012920.1	100.000	150	150	1.58e-77	278
POS_NC_001803_1_F0.001_R2_3018	NC_012920.1	100.000	150	150	1.58e-77	278
POS_NC_001803_1_F0.001_R2_3019	NC_012920.1	100.000	150	150	1.58e-77	278
POS_NC_001803_1_F0.001_R2_3020	NC_012920.1	100.000	150	150	1.58e-77	278
POS_NC_001803_1_F0.001_R2_3021	NC_012920.1	100.000	150	150	1.58e-77	278
POS_NC_001803_1_F0.001_R2_3022	NC_012920.1	100.000	150	150	1.58e-77	278
POS_NC_001803_1_F0.001_R2_3023	NC_012920.1	100.000	150	150	1.58e-77	278
POS_NC_001803_1_F0.001_R2_3024	NC_012920.1	100.000	150	150	1.58e-77	278
POS_NC_001803_1_F0.001_R2_3025	NC_012920.1	100.000	150	150	1.58e-77	278
POS_NC_001803_1_F0.001_R2_3026	NC_012920.1	99.333	150	150	7.34e-76	272
POS_NC_001803_1_F0.001_R2_3027	NC_012920.1	100.000	150	150	1.58e-77	278
POS_NC_001803_1_F0.001_R2_3028	NC_012920.1	100.000	150	150	1.58e-77	278
POS_NC_001803_1_F0.001_R2_3029	NC_012920.1	99.333	150	150	7.34e-76	272
POS_NC_001803_1_F0.001_R2_3030	NC_012920.1	100.000	150	150	1.58e-77	278
POS_NC_001803_1_F0.001_R2_3031	NC_012920.1	100.000	150	150	1.58e-77	278
POS_NC_001803_1_F0.001_R2_3032	NC_012920.1	99.333	150	150	7.34e-76	272
POS_NC_001803_1_F0.001_R2_3033	NC_012920.1	99.333	150	150	7.34e-76	272
POS_NC_001803_1_F0.001_R2_3034	NC_012920.1	100.000	150	150	1.58e-77	278
POS_NC_001803_1_F0.001_R2_3035	NC_012920.1	100.000	150	150	1.58e-77	278
POS_NC_001803_1_F0.001_R2_3036	NC_012920.1	100.000	150	150	1.58e-77	278
POS_NC_001803_1_F0.001_R2_3037	NC_012920.1	99.333	150	150	7.34e-76	272
POS_NC_001803_1_F0.001_R2_3038	NC_012920.1	99.333	150	150	7.34e-76	272
POS_NC_001803_1_F0.001_R2_3039	NC_012920.1	100.000	150	150	1.58e-77	278
POS_NC_001803_1_F0.001_R2_3040	NC_012920.1	100.000	150	150	1.58e-77	278
POS_NC_001803_1_F0.001_R2_3041	NC_012920.1	100.000	150	150	1.58e-77	278
POS_NC_001803_1_F0.001_R2_3042	NC_012920.1	100.000	150	150	1.58e-77	278
POS_NC_001803_1_F0.001_R2_3043	NC_012920.1	99.333	150	150	7.34e-76	272
POS_NC_001803_1_F0.001_R2_3044	NC_012920.1	100.000	150	150	1.58e-77	278
POS_NC_001803_1_F0.001_R2_3045	NC_012920.1	100.000	150	150	1.58e-77	278
POS_NC_001803_1_F0.001_R2_3046	NC_012920.1	100.000	150	150	1.58e-77	278
POS_NC_001803_1_F0.001_R2_3047	NC_012920.1	100.000	150	150	1.58e-77	278
POS_NC_001803_1_F0.001_R2_3048	NC_012920.1	100.000	150	150	1.58e-77	278
POS_NC_001803_1_F0.001_R2_3049	NC_012920.1	99.333	150	150	7.34e-76	272
POS_NC_001803_1_F0.001_R2_3050	NC_012920.1	99.333	150	150	7.34e-76	272
POS_NC_001803_1_F0.001_R2_3051	NC_012920.1	100.000	150	150	1.58e-77	278
POS_NC_001803_1_F0.001_R2_3052	NC_012920.1	99.333	150	150	7.34e-76	272
POS_NC_001803_1_F0.001_R2_3053	NC_012920.1	100.000	150	150	1.58e-77	278
POS_NC_001803_1_F0.001_R2_3054	NC_012920.1	99.333	150	150	7.34e-76	272
POS_NC_001803_1_F0.001_R2_3055	NC_012920.1	100.000	150	150	1.58e-77	278
POS_NC_001803_1_F0.001_R2_3056	NC_012920.1	100.000	150	150	1.58e-77	278
POS_NC_001803_1_F0.001_R2_3057	NC_012920.1	100.000	150	150	1.58e-77	278
POS_NC_001803_1_F0.001_R2_3058	NC_012920.1	100.000	150	150	1.58e-77	278
POS_NC_001803_1_F0.001_R2_3059	NC_012920.1	100.000	150	150	1.58e-77	278
POS_NC_001803_1_F0.001_R2_3060	NC_012920.1	100.000	150	150	1.58e-77	278
POS_NC_001803_1_F0.001_R2_3061	NC_012920.1	100.000	150	150	1.58e-77	278
POS_NC_001803_1_F0.001_R2_3062	NC_012920.1	100.000	150	150	1.58e-77	278
POS_NC_001803_1_F0.001_R2_3063	NC_012920.1	100.000	150	150	1.58e-77	278
POS_NC_001803_1_F0.001_R2_3064	NC_012920.1	98.667	150	150	3.42e-74	267
POS_NC_001803_1_F0.001_R2_3065	NC_012920.1	100.000	150	150	1.58e-77	278
POS_NC_001803_1_F0.001_R2_3066	NC_012920.1	100.000	150	150	1.58e-77	278
POS_NC_001803_1_F0.001_R2_3067	NC_012920.1	100.000	150	150	1.58e-77	278
POS_NC_001803_1_F0.001_R2_3068	NC_012920.1	100.000	150	150	1.58e-77	278
POS_NC_001803_1_F0.001_R2_3069	NC_012920.1	100.000	150	150	1.58e-77	278
POS_NC_001803_1_F0.001_R2_3070	NC_012920.1	100.000	150	150	1.58e-77	278
POS_NC_001803_1_F0.001_R2_3071	NC_012920.1	98.000	150	150	1.59e-72	261
POS_NC_001803_1_F0.001_R2_3072	NC_012920.1	100.000	150	150	1.58e-77	278
POS_NC_001803_1_F0.001_R2_3073	NC_012920.1	100.000	150	150	1.58e-77	278
POS_NC_001803_1_F0.001_R2_3074	NC_012920.1	100.000	150	150	1.58e-77	278
POS_NC_001803_1_F0.001_R2_3075	NC_012920.1	100.000	150	150	1.58e-77	278
POS_NC_001803_1_F0.001_R2_3076	NC_012920.1	100.000	150	150	1.58e-77	278
POS_NC_001803_1_F0.001_R2_3077	NC_012920.1	100.000	150	150	1.58e-77	278
POS_NC_001803_1_F0.001_R2_3078	NC_012920.1	100.000	150	150	1.58e-77	278
POS_NC_001803_1_F0.001_R2_3079	NC_012920.1	100.000	150	150	1.58e-77	278
POS_NC_001803_1_F0.001_R2_3080	NC_012920.1	100.000	150	150	1.58e-77	278
POS_NC_001803_1_F0.001_R2_3081	NC_012920.1	100.000	150	150	1.58e-77	278
POS_NC_001803_1_F0.001_R2_3082	NC_012920.1	99.333	150	150	7.34e-76	272
POS_NC_001803_1_F0.001_R2_3083	NC_012920.1	100.000	150	150	1.58e-77	278
POS_NC_001803_1_F0.001_R2_3084	NC_012920.1	100.000	150	150	1.58e-77	278
POS_NC_001803_1_F0.001_R2_3085	NC_012920.1	100.000	150	150	1.58e-77	278
POS_NC_001803_1_F0.001_R2_3086	NC_012920.1	99.333	150	150	7.34e-76	272
POS_NC_001803_1_F0.001_R2_3087	NC_012920.1	99.333	150	150	7.34e-76	272
POS_NC_001803_1_F0.001_R2_3088	NC_012920.1	100.000	150	150	1.58e-77	278
POS_NC_001803_1_F0.001_R2_3089	NC_012920.1	99.333	150	150	7.34e-76	272
POS_NC_001803_1_F0.001_R2_3090	NC_012920.1	100.000	150	150	1.58e-77	278
POS_NC_001803_1_F0.001_R2_3091	NC_012920.1	100.000	150	150	1.58e-77	278
POS_NC_001803_1_F0.001_R2_3092	NC_012920.1	100.000	150	150	1.58e-77	278
POS_NC_001803_1_F0.001_R2_3093	NC_012920.1	100.000	150	150	1.58e-77	278
POS_NC_001803_1_F0.001_R2_3094	NC_012920.1	100.000	150	150	1.58e-77	278
POS_NC_001803_1_F0.001_R2_3095	NC_012920.1	99.333	150	150	7.34e-76	272
POS_NC_001803_1_F0.001_R2_3096	NC_012920.1	99.333	150	150	7.34e-76	272
POS_NC_001803_1_F0.001_R2_3097	NC_012920.1	100.000	150	150	1.58e-77	278
POS_NC_001803_1_F0.001_R2_3098	NC_012920.1	99.333	150	150	7.34e-76	272
POS_NC_001803_1_F0.001_R2_3099	NC_012920.1	100.000	150	150	1.58e-77	278
POS_NC_001803_1_F0.001_R2_3100	NC_012920.1	100.000	150	150	1.58e-77	278
POS_NC_001803_1_F0.001_R2_3101	NC_012920.1	100.000	150	150	1.58e-77	278
POS_NC_001803_1_F0.001_R2_3102	NC_012920.1	100.000	150	150	1.58e-77	278
POS_NC_001803_1_F0.001_R2_3103	NC_012920.1	100.000	150	150	1.58e-77	278
POS_NC_001803_1_F0.001_R2_3104	NC_012920.1	99.333	150	150	7.34e-76	272
POS_NC_001803_1_F0.001_R2_3105	NC_012920.1	100.000	150	150	1.58e-77	278
POS_NC_001803_1_F0.001_R2_3106	NC_012920.1	100.000	150	150	1.58e-77	278
POS_NC_001803_1_F0.001_R2_3107	NC_012920.1	100.000	150	150	1.58e-77	278
POS_NC_001803_1_F0.001_R2_3108	NC_012920.1	100.000	150	150	1.58e-77	278
POS_NC_001803_1_F0.001_R2_3109	NC_012920.1	100.000	150	150	1.58e-77	278
POS_NC_001803_1_F0.001_R2_3110	NC_012920.1	99.333	150	150	7.34e-76	272
POS_NC_001803_1_F0.001_R2_3111	NC_012920.1	99.333	150	150	7.34e-76	272
POS_NC_001803_1_F0.001_R2_3112	NC_012920.1	100.000	150	150	1.58e-77	278
POS_NC_001803_1_F0.001_R2_3113	NC_012920.1	99.333	150	150	7.34e-76	272
POS_NC_001803_1_F0.001_R2_3114	NC_012920.1	100.000	150	150	1.58e-77	278
POS_NC_001803_1_F0.001_R2_3115	NC_012920.1	100.000	150	150	1.58e-77	278
POS_NC_001803_1_F0.001_R2_3116	NC_012920.1	100.000	150	150	1.58e-77	278
POS_NC_001803_1_F0.001_R2_3117	NC_012920.1	100.000	150	150	1.58e-77	278
POS_NC_001803_1_F0.001_R2_3118	NC_012920.1	100.000	150	150	1.58e-77	278
POS_NC_001803_1_F0.001_R2_3119	NC_012920.1	100.000	150	150	1.58e-77	278
POS_NC_001803_1_F0.001_R2_3120	NC_012920.1	100.000	150	150	1.58e-77	278
POS_NC_001803_1_F0.001_R2_3121	NC_012920.1	99.333	150	150	7.34e-76	272
POS_NC_001803_1_F0.001_R2_3122	NC_012920.1	100.000	150	150	1.58e-77	278
POS_NC_001803_1_F0.001_R2_3123	NC_012920.1	100.000	150	150	1.58e-77	278
POS_NC_001803_1_F0.001_R2_3124	NC_012920.1	100.000	150	150	1.58e-77	278
POS_NC_001803_1_F0.001_R2_3125	NC_012920.1	100.000	150	150	1.58e-77	278
POS_NC_001803_1_F0.001_R2_3126	NC_012920.1	100.000	150	150	1.58e-77	278
POS_NC_001803_1_F0.001_R2_3127	NC_012920.1	100.000	150	150	1.58e-77	278
POS_NC_001803_1_F0.001_R2_3128	NC_012920.1	99.333	150	150	7.34e-76	272
POS_NC_001803_1_F0.001_R2_3129	NC_012920.1	100.000	150	150	1.58e-77	278
POS_NC_001803_1_F0.001_R2_3130	NC_012920.1	98.000	150	150	1.59e-72	261
POS_NC_001803_1_F0.001_R2_3131	NC_012920.1	100.000	150	150	1.58e-77	278
POS_NC_001803_1_F0.001_R2_3132	NC_012920.1	100.000	150	150	1.58e-77	278
POS_NC_001803_1_F0.001_R2_3133	NC_012920.1	100.000	150	150	1.58e-77	278
POS_NC_001803_1_F0.001_R2_3134	NC_012920.1	100.000	150	150	1.58e-77	278
POS_NC_001803_1_F0.001_R2_3135	NC_012920.1	100.000	150	150	1.58e-77	278
POS_NC_001803_1_F0.001_R2_3136	NC_012920.1	100.000	150	150	1.58e-77	278
POS_NC_001803_1_F0.001_R2_3137	NC_012920.1	99.329	149	150	2.64e-75	270
POS_NC_001803_1_F0.001_R2_3138	NC_012920.1	100.000	150	150	2.04e-76	274
POS_NC_001803_1_F0.001_R2_3139	NC_012920.1	99.333	150	150	7.34e-76	272
POS_NC_001803_1_F0.001_R2_3140	NC_012920.1	100.000	150	150	1.58e-77	278
POS_NC_001803_1_F0.001_R2_3141	NC_012920.1	100.000	148	150	2.04e-76	274
POS_NC_001803_1_F0.001_R2_3142	NC_012920.1	100.000	150	150	1.58e-77	278
POS_NC_001803_1_F0.001_R2_3143	NC_012920.1	100.000	150	150	1.58e-77	278
POS_NC_001803_1_F0.001_R2_3144	NC_012920.1	100.000	150	150	1.58e-77	278
POS_NC_001803_1_F0.001_R2_3145	NC_012920.1	100.000	150	150	1.58e-77	278
POS_NC_001803_1_F0.001_R2_3146	NC_012920.1	99.333	150	150	7.34e-76	272
POS_NC_001803_1_F0.001_R2_3147	NC_012920.1	100.000	150	150	1.58e-77	278
POS_NC_001803_1_F0.001_R2_3148	NC_012920.1	100.000	150	150	1.58e-77	278
POS_NC_001803_1_F0.001_R2_3149	NC_012920.1	99.333	150	150	7.34e-76	272
POS_NC_001803_1_F0.001_R2_3150	NC_012920.1	100.000	150	150	1.58e-77	278
POS_NC_001803_1_F0.001_R2_3151	NC_012920.1	100.000	150	150	1.58e-77	278
POS_NC_001803_1_F0.001_R2_3152	NC_012920.1	100.000	150	150	1.58e-77	278
POS_NC_001803_1_F0.001_R2_3153	NC_012920.1	100.000	150	150	1.58e-77	278
POS_NC_001803_1_F0.001_R2_3154	NC_012920.1	99.333	150	150	7.34e-76	272
POS_NC_001803_1_F0.001_R2_3155	NC_012920.1	99.333	150	150	7.34e-76	272
POS_NC_001803_1_F0.001_R2_3156	NC_012920.1	100.000	150	150	1.58e-77	278
POS_NC_001803_1_F0.001_R2_3157	NC_012920.1	100.000	150	150	1.58e-77	278
POS_NC_001803_1_F0.001_R2_3158	NC_012920.1	99.333	150	150	7.34e-76	272
POS_NC_001803_1_F0.001_R2_3159	NC_012920.1	100.000	150	150	1.58e-77	278
POS_NC_001803_1_F0.001_R2_3160	NC_012920.1	100.000	150	150	1.58e-77	278
POS_NC_001803_1_F0.001_R2_3161	NC_012920.1	100.000	150	150	1.58e-77	278
POS_NC_001803_1_F0.001_R2_3162	NC_012920.1	99.333	150	150	7.34e-76	272
POS_NC_001803_1_F0.001_R2_3163	NC_012920.1	99.333	150	150	9.50e-75	268
POS_NC_001803_1_F0.001_R2_3164	NC_012920.1	100.000	150	150	1.58e-77	278
POS_NC_001803_1_F0.001_R2_3165	NC_012920.1	98.667	150	150	3.42e-74	267
POS_NC_001803_1_F0.001_R2_3166	NC_012920.1	100.000	150	150	1.58e-77	278
POS_NC_001803_1_F0.001_R2_3167	NC_012920.1	100.000	150	150	1.58e-77	278
POS_NC_001803_1_F0.001_R2_3168	NC_012920.1	100.000	150	150	1.58e-77	278
POS_NC_001803_1_F0.001_R2_3169	NC_012920.1	99.333	150	150	7.34e-76	272
POS_NC_001803_1_F0.001_R2_3170	NC_012920.1	100.000	150	150	1.58e-77	278
POS_NC_001803_1_F0.001_R2_3171	NC_012920.1	100.000	150	150	1.58e-77	278
POS_NC_001803_1_F0.001_R2_3172	NC_012920.1	100.000	150	150	1.58e-77	278
POS_NC_001803_1_F0.001_R2_3173	NC_012920.1	98.667	150	150	3.42e-74	267
POS_NC_001803_1_F0.001_R2_3174	NC_012920.1	100.000	150	150	1.58e-77	278
POS_NC_001803_1_F0.001_R2_3175	NC_012920.1	100.000	150	150	1.58e-77	278
POS_NC_001803_1_F0.001_R2_3176	NC_012920.1	100.000	150	150	1.58e-77	278
POS_NC_001803_1_F0.001_R2_3177	NC_012920.1	100.000	150	150	1.58e-77	278
POS_NC_001803_1_F0.001_R2_3178	NC_012920.1	100.000	150	150	1.58e-77	278
POS_NC_001803_1_F0.001_R2_3179	NC_012920.1	100.000	150	150	1.58e-77	278
POS_NC_001803_1_F0.001_R2_3180	NC_012920.1	100.000	150	150	1.58e-77	278
POS_NC_001803_1_F0.001_R2_3181	NC_012920.1	100.000	150	150	1.58e-77	278
POS_NC_001803_1_F0.001_R2_3182	NC_012920.1	100.000	150	150	1.58e-77	278
POS_NC_001803_1_F0.001_R2_3183	NC_012920.1	100.000	150	150	1.58e-77	278
POS_NC_001803_1_F0.001_R2_3184	NC_012920.1	99.333	150	150	7.34e-76	272
POS_NC_001803_1_F0.001_R2_3185	NC_012920.1	99.333	150	150	7.34e-76	272
POS_NC_001803_1_F0.001_R2_3186	NC_012920.1	100.000	150	150	1.58e-77	278
POS_NC_001803_1_F0.001_R2_3187	NC_012920.1	100.000	150	150	1.58e-77	278
POS_NC_001803_1_F0.001_R2_3188	NC_012920.1	99.333	150	150	7.34e-76	272
POS_NC_001803_1_F0.001_R2_3189	NC_012920.1	100.000	150	150	1.58e-77	278
POS_NC_001803_1_F0.001_R2_3190	NC_012920.1	100.000	150	150	1.58e-77	278
POS_NC_001803_1_F0.001_R2_3191	NC_012920.1	100.000	150	150	1.58e-77	278
POS_NC_001803_1_F0.001_R2_3192	NC_012920.1	100.000	150	150	1.58e-77	278
POS_NC_001803_1_F0.001_R2_3193	NC_012920.1	100.000	150	150	1.58e-77	278
POS_NC_001803_1_F0.001_R2_3194	NC_012920.1	100.000	150	150	1.58e-77	278
POS_NC_001803_1_F0.001_R2_3195	NC_012920.1	100.000	150	150	1.58e-77	278
POS_NC_001803_1_F0.001_R2_3196	NC_012920.1	100.000	150	150	1.58e-77	278
POS_NC_001803_1_F0.001_R2_3197	NC_012920.1	99.333	150	150	7.34e-76	272
POS_NC_001803_1_F0.001_R2_3198	NC_012920.1	100.000	150	150	1.58e-77	278
POS_NC_001803_1_F0.001_R2_3199	NC_012920.1	100.000	150	150	1.58e-77	278
POS_NC_001803_1_F0.001_R2_3200	NC_012920.1	100.000	150	150	1.58e-77	278
POS_NC_001803_1_F0.001_R2_3201	NC_012920.1	100.000	150	150	1.58e-77	278
POS_NC_001803_1_F0.001_R2_3202	NC_012920.1	100.000	150	150	1.58e-77	278
POS_NC_001803_1_F0.001_R2_3203	NC_012920.1	100.000	150	150	1.58e-77	278
POS_NC_001803_1_F0.001_R2_3204	NC_012920.1	100.000	150	150	1.58e-77	278
POS_NC_001803_1_F0.001_R2_3205	NC_012920.1	100.000	150	150	1.58e-77	278
POS_NC_001803_1_F0.001_R2_3206	NC_012920.1	99.333	150	150	7.34e-76	272
POS_NC_001803_1_F0.001_R2_3207	NC_012920.1	100.000	150	150	1.58e-77	278
POS_NC_001803_1_F0.001_R2_3208	NC_012920.1	100.000	150	150	1.58e-77	278
POS_NC_001803_1_F0.001_R2_3209	NC_012920.1	100.000	150	150	1.58e-77	278
POS_NC_001803_1_F0.001_R2_3210	NC_012920.1	99.333	150	150	7.34e-76	272
POS_NC_001803_1_F0.001_R2_3211	NC_012920.1	100.000	150	150	1.58e-77	278
POS_NC_001803_1_F0.001_R2_3212	NC_012920.1	100.000	150	150	1.58e-77	278
POS_NC_001803_1_F0.001_R2_3213	NC_012920.1	100.000	150	150	1.58e-77	278
POS_NC_001803_1_F0.001_R2_3214	NC_012920.1	99.333	150	150	7.34e-76	272
POS_NC_001803_1_F0.001_R2_3215	NC_012920.1	100.000	150	150	1.58e-77	278
POS_NC_001803_1_F0.001_R2_3216	NC_012920.1	100.000	150	150	1.58e-77	278
POS_NC_001803_1_F0.001_R2_3217	NC_012920.1	100.000	150	150	1.58e-77	278
POS_NC_001803_1_F0.001_R2_3218	NC_012920.1	100.000	150	150	1.58e-77	278
POS_NC_001803_1_F0.001_R2_3219	NC_012920.1	100.000	150	150	1.58e-77	278
POS_NC_001803_1_F0.001_R2_3220	NC_012920.1	100.000	150	150	1.58e-77	278
POS_NC_001803_1_F0.001_R2_3221	NC_012920.1	100.000	150	150	1.58e-77	278
POS_NC_001803_1_F0.001_R2_3222	NC_012920.1	100.000	150	150	1.58e-77	278
POS_NC_001803_1_F0.001_R2_3223	NC_012920.1	100.000	150	150	1.58e-77	278
POS_NC_001803_1_F0.001_R2_3224	NC_012920.1	100.000	150	150	1.58e-77	278
POS_NC_001803_1_F0.001_R2_3225	NC_012920.1	100.000	150	150	1.58e-77	278
POS_NC_001803_1_F0.001_R2_3226	NC_012920.1	100.000	150	150	1.58e-77	278
POS_NC_001803_1_F0.001_R2_3227	NC_012920.1	99.333	150	150	7.34e-76	272
POS_NC_001803_1_F0.001_R2_3228	NC_012920.1	100.000	150	150	1.58e-77	278
POS_NC_001803_1_F0.001_R2_3229	NC_012920.1	100.000	150	150	1.58e-77	278
POS_NC_001803_1_F0.001_R2_3230	NC_012920.1	100.000	150	150	1.58e-77	278
POS_NC_001803_1_F0.001_R2_3231	NC_012920.1	100.000	150	150	1.58e-77	278
POS_NC_001803_1_F0.001_R2_3232	NC_012920.1	100.000	150	150	1.58e-77	278
POS_NC_001803_1_F0.001_R2_3233	NC_012920.1	100.000	150	150	1.58e-77	278
POS_NC_001803_1_F0.001_R2_3234	NC_012920.1	100.000	148	150	2.04e-76	274
POS_NC_001803_1_F0.001_R2_3235	NC_012920.1	100.000	150	150	1.58e-77	278
POS_NC_001803_1_F0.001_R2_3236	NC_012920.1	100.000	150	150	1.58e-77	278
POS_NC_001803_1_F0.001_R2_3237	NC_012920.1	99.333	150	150	7.34e-76	272
POS_NC_001803_1_F0.001_R2_3238	NC_012920.1	100.000	150	150	1.58e-77	278
POS_NC_001803_1_F0.001_R2_3239	NC_012920.1	100.000	150	150	1.58e-77	278
POS_NC_001803_1_F0.001_R2_3240	NC_012920.1	100.000	150	150	1.58e-77	278
POS_NC_001803_1_F0.001_R2_3241	NC_012920.1	100.000	150	150	1.58e-77	278
POS_NC_001803_1_F0.001_R2_3242	NC_012920.1	100.000	150	150	1.58e-77	278
POS_NC_001803_1_F0.001_R2_3243	NC_012920.1	100.000	150	150	1.58e-77	278
POS_NC_001803_1_F0.001_R2_3244	NC_012920.1	100.000	150	150	1.58e-77	278
POS_NC_001803_1_F0.001_R2_3245	NC_012920.1	100.000	150	150	1.58e-77	278
POS_NC_001803_1_F0.001_R2_3246	NC_012920.1	100.000	150	150	1.58e-77	278
POS_NC_001803_1_F0.001_R2_3247	NC_012920.1	99.333	150	150	7.34e-76	272
POS_NC_001803_1_F0.001_R2_3248	NC_012920.1	100.000	150	150	1.58e-77	278
POS_NC_001803_1_F0.001_R2_3249	NC_012920.1	99.333	150	150	7.34e-76	272
POS_NC_001803_1_F0.001_R2_3250	NC_012920.1	100.000	150	150	1.58e-77	278
POS_NC_001803_1_F0.001_R2_3251	NC_012920.1	100.000	150	150	1.58e-77	278
POS_NC_001803_1_F0.001_R2_3252	NC_012920.1	99.333	150	150	7.34e-76	272
POS_NC_001803_1_F0.001_R2_3253	NC_012920.1	99.333	150	150	7.34e-76	272
POS_NC_001803_1_F0.001_R2_3254	NC_012920.1	100.000	150	150	1.58e-77	278
POS_NC_001803_1_F0.001_R2_3255	NC_012920.1	100.000	150	150	1.58e-77	278
POS_NC_001803_1_F0.001_R2_3256	NC_012920.1	100.000	150	150	1.58e-77	278
POS_NC_001803_1_F0.001_R2_3257	NC_012920.1	98.667	150	150	3.42e-74	267
POS_NC_001803_1_F0.001_R2_3258	NC_012920.1	100.000	150	150	1.58e-77	278
POS_NC_001803_1_F0.001_R2_3259	NC_012920.1	100.000	150	150	1.58e-77	278
POS_NC_001803_1_F0.001_R2_3260	NC_012920.1	100.000	150	150	1.58e-77	278
POS_NC_001803_1_F0.001_R2_3261	NC_012920.1	100.000	150	150	1.58e-77	278
POS_NC_001803_1_F0.001_R2_3262	NC_012920.1	100.000	150	150	1.58e-77	278
POS_NC_001803_1_F0.001_R2_3263	NC_012920.1	100.000	150	150	1.58e-77	278
POS_NC_001803_1_F0.001_R2_3264	NC_012920.1	100.000	150	150	1.58e-77	278
POS_NC_001803_1_F0.001_R2_3265	NC_012920.1	99.333	150	150	7.34e-76	272
POS_NC_001803_1_F0.001_R2_3266	NC_012920.1	100.000	150	150	1.58e-77	278
POS_NC_001803_1_F0.001_R2_3267	NC_012920.1	100.000	150	150	1.58e-77	278
POS_NC_001803_1_F0.001_R2_3268	NC_012920.1	98.667	150	150	3.42e-74	267
POS_NC_001803_1_F0.001_R2_3269	NC_012920.1	100.000	150	150	1.58e-77	278
POS_NC_001803_1_F0.001_R2_3270	NC_012920.1	100.000	150	150	1.58e-77	278
POS_NC_001803_1_F0.001_R2_3271	NC_012920.1	99.333	150	150	7.34e-76	272
POS_NC_001803_1_F0.001_R2_3272	NC_012920.1	100.000	150	150	1.58e-77	278
POS_NC_001803_1_F0.001_R2_3273	NC_012920.1	100.000	150	150	1.58e-77	278
POS_NC_001803_1_F0.001_R2_3274	NC_012920.1	100.000	150	150	1.58e-77	278
POS_NC_001803_1_F0.001_R2_3275	NC_012920.1	99.333	150	150	7.34e-76	272
POS_NC_001803_1_F0.001_R2_3276	NC_012920.1	100.000	150	150	1.58e-77	278
POS_NC_001803_1_F0.001_R2_3277	NC_012920.1	100.000	150	150	1.58e-77	278
POS_NC_001803_1_F0.001_R2_3278	NC_012920.1	100.000	150	150	1.58e-77	278
POS_NC_001803_1_F0.001_R2_3279	NC_012920.1	100.000	150	150	1.58e-77	278
POS_NC_001803_1_F0.001_R2_3280	NC_012920.1	100.000	150	150	1.58e-77	278
POS_NC_001803_1_F0.001_R2_3281	NC_012920.1	100.000	150	150	1.58e-77	278
POS_NC_001803_1_F0.001_R2_3282	NC_012920.1	100.000	150	150	1.58e-77	278
POS_NC_001803_1_F0.001_R2_3283	NC_012920.1	100.000	150	150	1.58e-77	278
POS_NC_001803_1_F0.001_R2_3284	NC_012920.1	100.000	150	150	1.58e-77	278
POS_NC_001803_1_F0.001_R2_3285	NC_012920.1	100.000	150	150	1.58e-77	278
POS_NC_001803_1_F0.001_R2_3286	NC_012920.1	99.333	150	150	7.34e-76	272
POS_NC_001803_1_F0.001_R2_3287	NC_012920.1	100.000	150	150	1.58e-77	278
POS_NC_001803_1_F0.001_R2_3288	NC_012920.1	100.000	150	150	1.58e-77	278
POS_NC_001803_1_F0.001_R2_3289	NC_012920.1	100.000	150	150	1.58e-77	278
POS_NC_001803_1_F0.001_R2_3290	NC_012920.1	100.000	150	150	1.58e-77	278
POS_NC_001803_1_F0.001_R2_3291	NC_012920.1	100.000	150	150	1.58e-77	278
POS_NC_001803_1_F0.001_R2_3292	NC_012920.1	100.000	150	150	1.58e-77	278
POS_NC_001803_1_F0.001_R2_3293	NC_012920.1	100.000	150	150	1.58e-77	278
POS_NC_001803_1_F0.001_R2_3294	NC_012920.1	100.000	150	150	1.58e-77	278
POS_NC_001803_1_F0.001_R2_3295	NC_012920.1	100.000	150	150	1.58e-77	278
POS_NC_001803_1_F0.001_R2_3296	NC_012920.1	100.000	150	150	1.58e-77	278
POS_NC_001803_1_F0.001_R2_3297	NC_012920.1	100.000	150	150	1.58e-77	278
POS_NC_001803_1_F0.001_R2_3298	NC_012920.1	100.000	150	150	1.58e-77	278
POS_NC_001803_1_F0.001_R2_3299	NC_012920.1	100.000	150	150	1.58e-77	278
POS_NC_001803_1_F0.001_R2_3300	NC_012920.1	100.000	150	150	1.58e-77	278
POS_NC_001803_1_F0.001_R2_3301	NC_012920.1	100.000	150	150	1.58e-77	278
POS_NC_001803_1_F0.001_R2_3302	NC_012920.1	100.000	150	150	1.58e-77	278
POS_NC_001803_1_F0.001_R2_3303	NC_012920.1	100.000	150	150	1.58e-77	278
POS_NC_001803_1_F0.001_R2_3304	NC_012920.1	100.000	150	150	1.58e-77	278
POS_NC_001803_1_F0.001_R2_3305	NC_012920.1	100.000	150	150	1.58e-77	278
POS_NC_001803_1_F0.001_R2_3306	NC_012920.1	100.000	150	150	1.58e-77	278
POS_NC_001803_1_F0.001_R2_3307	NC_012920.1	100.000	150	150	1.58e-77	278
POS_NC_001803_1_F0.001_R2_3308	NC_012920.1	100.000	150	150	1.58e-77	278
POS_NC_001803_1_F0.001_R2_3309	NC_012920.1	100.000	150	150	1.58e-77	278
POS_NC_001803_1_F0.001_R2_3310	NC_012920.1	99.333	150	150	7.34e-76	272
POS_NC_001803_1_F0.001_R2_3311	NC_012920.1	99.333	150	150	7.34e-76	272
POS_NC_001803_1_F0.001_R2_3312	NC_012920.1	100.000	150	150	1.58e-77	278
POS_NC_001803_1_F0.001_R2_3313	NC_012920.1	100.000	150	150	1.58e-77	278
POS_NC_001803_1_F0.001_R2_3314	NC_012920.1	99.333	150	150	7.34e-76	272
POS_NC_001803_1_F0.001_R2_3315	NC_012920.1	100.000	150	150	1.58e-77	278
POS_NC_001803_1_F0.001_R2_3316	NC_012920.1	100.000	150	150	1.58e-77	278
POS_NC_001803_1_F0.001_R2_3317	NC_012920.1	99.333	150	150	7.34e-76	272
POS_NC_001803_1_F0.001_R2_3318	NC_012920.1	100.000	150	150	1.58e-77	278
POS_NC_001803_1_F0.001_R2_3319	NC_012920.1	100.000	150	150	1.58e-77	278
POS_NC_001803_1_F0.001_R2_3320	NC_012920.1	100.000	150	150	1.58e-77	278
POS_NC_001803_1_F0.001_R2_3321	NC_012920.1	100.000	150	150	1.58e-77	278
POS_NC_001803_1_F0.001_R2_3322	NC_012920.1	100.000	150	150	1.58e-77	278
POS_NC_001803_1_F0.001_R2_3323	NC_012920.1	100.000	150	150	1.58e-77	278
POS_NC_001803_1_F0.001_R2_3324	NC_012920.1	99.333	150	150	7.34e-76	272
POS_NC_001803_1_F0.001_R2_3325	NC_012920.1	100.000	150	150	1.58e-77	278
POS_NC_001803_1_F0.001_R2_3326	NC_012920.1	99.333	150	150	7.34e-76	272
POS_NC_001803_1_F0.001_R2_3327	NC_012920.1	100.000	150	150	1.58e-77	278
POS_NC_001803_1_F0.001_R2_3328	NC_012920.1	100.000	150	150	1.58e-77	278
POS_NC_001803_1_F0.001_R2_3329	NC_012920.1	100.000	150	150	1.58e-77	278
POS_NC_001803_1_F0.001_R2_3330	NC_012920.1	100.000	150	150	1.58e-77	278
POS_NC_001803_1_F0.001_R2_3331	NC_012920.1	99.333	150	150	7.34e-76	272
POS_NC_001803_1_F0.001_R2_3332	NC_012920.1	100.000	150	150	1.58e-77	278
POS_NC_001803_1_F0.001_R2_3333	NC_012920.1	100.000	150	150	1.58e-77	278
POS_NC_001803_1_F0.001_R2_3334	NC_012920.1	100.000	150	150	1.58e-77	278
POS_NC_001803_1_F0.001_R2_3335	NC_012920.1	100.000	150	150	1.58e-77	278
POS_NC_001803_1_F0.001_R2_3336	NC_012920.1	100.000	150	150	1.58e-77	278
POS_NC_001803_1_F0.001_R2_3337	NC_012920.1	100.000	150	150	1.58e-77	278
POS_NC_001803_1_F0.001_R2_3338	NC_012920.1	100.000	150	150	1.58e-77	278
POS_NC_001803_1_F0.001_R2_3339	NC_012920.1	100.000	150	150	1.58e-77	278
POS_NC_001803_1_F0.001_R2_3340	NC_012920.1	100.000	150	150	1.58e-77	278
POS_NC_001803_1_F0.001_R2_3341	NC_012920.1	100.000	150	150	2.04e-76	274
POS_NC_001803_1_F0.001_R2_3342	NC_012920.1	99.333	150	150	7.34e-76	272
POS_NC_001803_1_F0.001_R2_3343	NC_012920.1	100.000	150	150	1.58e-77	278
POS_NC_001803_1_F0.001_R2_3344	NC_012920.1	99.333	150	150	7.34e-76	272
POS_NC_001803_1_F0.001_R2_3345	NC_012920.1	100.000	150	150	1.58e-77	278
POS_NC_001803_1_F0.001_R2_3346	NC_012920.1	100.000	150	150	1.58e-77	278
POS_NC_001803_1_F0.001_R2_3347	NC_012920.1	99.333	150	150	7.34e-76	272
POS_NC_001803_1_F0.001_R2_3348	NC_012920.1	98.667	150	150	3.42e-74	267
POS_NC_001803_1_F0.001_R2_3349	NC_012920.1	100.000	150	150	1.58e-77	278
POS_NC_001803_1_F0.001_R2_3350	NC_012920.1	100.000	150	150	1.58e-77	278
POS_NC_001803_1_F0.001_R2_3351	NC_012920.1	99.333	150	150	7.34e-76	272
POS_NC_001803_1_F0.001_R2_3352	NC_012920.1	100.000	150	150	1.58e-77	278
POS_NC_001803_1_F0.001_R2_3353	NC_012920.1	100.000	150	150	1.58e-77	278
POS_NC_001803_1_F0.001_R2_3354	NC_012920.1	100.000	150	150	1.58e-77	278
POS_NC_001803_1_F0.001_R2_3355	NC_012920.1	99.333	150	150	7.34e-76	272
POS_NC_001803_1_F0.001_R2_3356	NC_012920.1	100.000	150	150	1.58e-77	278
POS_NC_001803_1_F0.001_R2_3357	NC_012920.1	99.333	150	150	7.34e-76	272
POS_NC_001803_1_F0.001_R2_3358	NC_012920.1	100.000	150	150	1.58e-77	278
POS_NC_001803_1_F0.001_R2_3359	NC_012920.1	100.000	150	150	1.58e-77	278
POS_NC_001803_1_F0.001_R2_3360	NC_012920.1	99.333	150	150	7.34e-76	272
POS_NC_001803_1_F0.001_R2_3361	NC_012920.1	99.333	150	150	7.34e-76	272
POS_NC_001803_1_F0.001_R2_3362	NC_012920.1	100.000	150	150	1.58e-77	278
POS_NC_001803_1_F0.001_R2_3363	NC_012920.1	100.000	150	150	1.58e-77	278
POS_NC_001803_1_F0.001_R2_3364	NC_012920.1	100.000	150	150	1.58e-77	278
POS_NC_001803_1_F0.001_R2_3365	NC_012920.1	100.000	150	150	1.58e-77	278
POS_NC_001803_1_F0.001_R2_3366	NC_012920.1	100.000	150	150	1.58e-77	278
POS_NC_001803_1_F0.001_R2_3367	NC_012920.1	100.000	150	150	1.58e-77	278
POS_NC_001803_1_F0.001_R2_3368	NC_012920.1	100.000	150	150	1.58e-77	278
POS_NC_001803_1_F0.001_R2_3369	NC_012920.1	100.000	150	150	1.58e-77	278
POS_NC_001803_1_F0.001_R2_3370	NC_012920.1	100.000	150	150	1.58e-77	278
POS_NC_001803_1_F0.001_R2_3371	NC_012920.1	100.000	150	150	1.58e-77	278
POS_NC_001803_1_F0.001_R2_3372	NC_012920.1	100.000	150	150	1.58e-77	278
POS_NC_001803_1_F0.001_R2_3373	NC_012920.1	100.000	150	150	2.04e-76	274
POS_NC_001803_1_F0.001_R2_3374	NC_012920.1	100.000	150	150	1.58e-77	278
POS_NC_001803_1_F0.001_R2_3375	NC_012920.1	100.000	150	150	1.58e-77	278
POS_NC_001803_1_F0.001_R2_3376	NC_012920.1	99.324	148	150	9.50e-75	268
POS_NC_001803_1_F0.001_R2_3377	NC_012920.1	100.000	150	150	1.58e-77	278
POS_NC_001803_1_F0.001_R2_3378	NC_012920.1	100.000	150	150	1.58e-77	278
POS_NC_001803_1_F0.001_R2_3379	NC_012920.1	100.000	150	150	1.58e-77	278
POS_NC_001803_1_F0.001_R2_3380	NC_012920.1	100.000	150	150	1.58e-77	278
POS_NC_001803_1_F0.001_R2_3381	NC_012920.1	100.000	150	150	1.58e-77	278
POS_NC_001803_1_F0.001_R2_3382	NC_012920.1	100.000	150	150	1.58e-77	278
POS_NC_001803_1_F0.001_R2_3383	NC_012920.1	99.333	150	150	7.34e-76	272
POS_NC_001803_1_F0.001_R2_3384	NC_012920.1	100.000	150	150	1.58e-77	278
POS_NC_001803_1_F0.001_R2_3385	NC_012920.1	100.000	150	150	1.58e-77	278
POS_NC_001803_1_F0.001_R2_3386	NC_012920.1	99.333	150	150	7.34e-76	272
POS_NC_001803_1_F0.001_R2_3387	NC_012920.1	100.000	150	150	1.58e-77	278
POS_NC_001803_1_F0.001_R2_3388	NC_012920.1	100.000	150	150	1.58e-77	278
POS_NC_001803_1_F0.001_R2_3389	NC_012920.1	99.333	150	150	7.34e-76	272
POS_NC_001803_1_F0.001_R2_3390	NC_012920.1	99.333	150	150	7.34e-76	272
POS_NC_001803_1_F0.001_R2_3391	NC_012920.1	99.333	150	150	7.34e-76	272
POS_NC_001803_1_F0.001_R2_3392	NC_012920.1	99.333	150	150	7.34e-76	272
POS_NC_001803_1_F0.001_R2_3393	NC_012920.1	100.000	150	150	1.58e-77	278
POS_NC_001803_1_F0.001_R2_3394	NC_012920.1	98.667	150	150	3.42e-74	267
POS_NC_001803_1_F0.001_R2_3395	NC_012920.1	100.000	150	150	1.58e-77	278
POS_NC_001803_1_F0.001_R2_3396	NC_012920.1	100.000	150	150	1.58e-77	278
POS_NC_001803_1_F0.001_R2_3397	NC_012920.1	100.000	150	150	1.58e-77	278
POS_NC_001803_1_F0.001_R2_3398	NC_012920.1	100.000	150	150	1.58e-77	278
POS_NC_001803_1_F0.001_R2_3399	NC_012920.1	100.000	150	150	1.58e-77	278
POS_NC_001803_1_F0.001_R2_3400	NC_012920.1	99.333	150	150	7.34e-76	272
POS_NC_001803_1_F0.001_R2_3401	NC_012920.1	100.000	150	150	1.58e-77	278
POS_NC_001803_1_F0.001_R2_3402	NC_012920.1	100.000	150	150	1.58e-77	278
POS_NC_001803_1_F0.001_R2_3403	NC_012920.1	99.333	150	150	7.34e-76	272
POS_NC_001803_1_F0.001_R2_3404	NC_012920.1	100.000	150	150	1.58e-77	278
POS_NC_001803_1_F0.001_R2_3405	NC_012920.1	100.000	150	150	1.58e-77	278
POS_NC_001803_1_F0.001_R2_3406	NC_012920.1	99.333	150	150	7.34e-76	272
POS_NC_001803_1_F0.001_R2_3407	NC_012920.1	100.000	150	150	1.58e-77	278
POS_NC_001803_1_F0.001_R2_3408	NC_012920.1	100.000	150	150	1.58e-77	278
POS_NC_001803_1_F0.001_R2_3409	NC_012920.1	100.000	150	150	1.58e-77	278
POS_NC_001803_1_F0.001_R2_3410	NC_012920.1	100.000	150	150	1.58e-77	278
POS_NC_001803_1_F0.001_R2_3411	NC_012920.1	100.000	150	150	1.58e-77	278
POS_NC_001803_1_F0.001_R2_3412	NC_012920.1	100.000	150	150	1.58e-77	278
POS_NC_001803_1_F0.001_R2_3413	NC_012920.1	100.000	150	150	1.58e-77	278
POS_NC_001803_1_F0.001_R2_3414	NC_012920.1	99.333	150	150	7.34e-76	272
POS_NC_001803_1_F0.001_R2_3415	NC_012920.1	100.000	150	150	1.58e-77	278
POS_NC_001803_1_F0.001_R2_3416	NC_012920.1	100.000	150	150	1.58e-77	278
POS_NC_001803_1_F0.001_R2_3417	NC_012920.1	100.000	150	150	1.58e-77	278
POS_NC_001803_1_F0.001_R2_3418	NC_012920.1	98.667	150	150	3.42e-74	267
POS_NC_001803_1_F0.001_R2_3419	NC_012920.1	99.333	150	150	7.34e-76	272
POS_NC_001803_1_F0.001_R2_3420	NC_012920.1	100.000	150	150	1.58e-77	278
POS_NC_001803_1_F0.001_R2_3421	NC_012920.1	100.000	150	150	1.58e-77	278
POS_NC_001803_1_F0.001_R2_3422	NC_012920.1	100.000	150	150	1.58e-77	278
POS_NC_001803_1_F0.001_R2_3423	NC_012920.1	99.333	150	150	7.34e-76	272
POS_NC_001803_1_F0.001_R2_3424	NC_012920.1	100.000	150	150	1.58e-77	278
POS_NC_001803_1_F0.001_R2_3425	NC_012920.1	100.000	150	150	1.58e-77	278
POS_NC_001803_1_F0.001_R2_3426	NC_012920.1	100.000	150	150	2.04e-76	274
POS_NC_001803_1_F0.001_R2_3427	NC_012920.1	100.000	150	150	1.58e-77	278
POS_NC_001803_1_F0.001_R2_3428	NC_012920.1	100.000	150	150	1.58e-77	278
POS_NC_001803_1_F0.001_R2_3429	NC_012920.1	100.000	150	150	1.58e-77	278
POS_NC_001803_1_F0.001_R2_3430	NC_012920.1	100.000	150	150	1.58e-77	278
POS_NC_001803_1_F0.001_R2_3431	NC_012920.1	99.333	150	150	7.34e-76	272
POS_NC_001803_1_F0.001_R2_3432	NC_012920.1	100.000	150	150	1.58e-77	278
POS_NC_001803_1_F0.001_R2_3433	NC_012920.1	100.000	150	150	1.58e-77	278
POS_NC_001803_1_F0.001_R2_3434	NC_012920.1	99.333	150	150	7.34e-76	272
POS_NC_001803_1_F0.001_R2_3435	NC_012920.1	98.667	150	150	3.42e-74	267
POS_NC_001803_1_F0.001_R2_3436	NC_012920.1	100.000	150	150	1.58e-77	278
POS_NC_001803_1_F0.001_R2_3437	NC_012920.1	100.000	150	150	1.58e-77	278
POS_NC_001803_1_F0.001_R2_3438	NC_012920.1	100.000	150	150	1.58e-77	278
POS_NC_001803_1_F0.001_R2_3439	NC_012920.1	100.000	150	150	1.58e-77	278
POS_NC_001803_1_F0.001_R2_3440	NC_012920.1	100.000	150	150	1.58e-77	278
POS_NC_001803_1_F0.001_R2_3441	NC_012920.1	100.000	150	150	1.58e-77	278
POS_NC_001803_1_F0.001_R2_3442	NC_012920.1	100.000	150	150	1.58e-77	278
POS_NC_001803_1_F0.001_R2_3443	NC_012920.1	100.000	150	150	1.58e-77	278
POS_NC_001803_1_F0.001_R2_3444	NC_012920.1	100.000	150	150	1.58e-77	278
POS_NC_001803_1_F0.001_R2_3445	NC_012920.1	100.000	150	150	1.58e-77	278
POS_NC_001803_1_F0.001_R2_3446	NC_012920.1	100.000	150	150	1.58e-77	278
POS_NC_001803_1_F0.001_R2_3447	NC_012920.1	100.000	150	150	1.58e-77	278
POS_NC_001803_1_F0.001_R2_3448	NC_012920.1	100.000	150	150	1.58e-77	278
POS_NC_001803_1_F0.001_R2_3449	NC_012920.1	100.000	150	150	1.58e-77	278
POS_NC_001803_1_F0.001_R2_3450	NC_012920.1	100.000	150	150	1.58e-77	278
POS_NC_001803_1_F0.001_R2_3451	NC_012920.1	100.000	150	150	1.58e-77	278
POS_NC_001803_1_F0.001_R2_3452	NC_012920.1	100.000	150	150	1.58e-77	278
POS_NC_001803_1_F0.001_R2_3453	NC_012920.1	100.000	150	150	1.58e-77	278
POS_NC_001803_1_F0.001_R2_3454	NC_012920.1	100.000	150	150	1.58e-77	278
POS_NC_001803_1_F0.001_R2_3455	NC_012920.1	100.000	150	150	1.58e-77	278
POS_NC_001803_1_F0.001_R2_3456	NC_012920.1	99.333	150	150	7.34e-76	272
POS_NC_001803_1_F0.001_R2_3457	NC_012920.1	100.000	150	150	1.58e-77	278
POS_NC_001803_1_F0.001_R2_3458	NC_012920.1	100.000	150	150	1.58e-77	278
POS_NC_001803_1_F0.001_R2_3459	NC_012920.1	100.000	150	150	1.58e-77	278
POS_NC_001803_1_F0.001_R2_3460	NC_012920.1	99.333	150	150	7.34e-76	272
POS_NC_001803_1_F0.001_R2_3461	NC_012920.1	99.333	150	150	7.34e-76	272
POS_NC_001803_1_F0.001_R2_3462	NC_012920.1	100.000	150	150	1.58e-77	278
POS_NC_001803_1_F0.001_R2_3463	NC_012920.1	100.000	150	150	1.58e-77	278
POS_NC_001803_1_F0.001_R2_3464	NC_012920.1	99.333	150	150	7.34e-76	272
POS_NC_001803_1_F0.001_R2_3465	NC_012920.1	100.000	150	150	1.58e-77	278
POS_NC_001803_1_F0.001_R2_3466	NC_012920.1	99.333	150	150	7.34e-76	272
POS_NC_001803_1_F0.001_R2_3467	NC_012920.1	100.000	150	150	1.58e-77	278
POS_NC_001803_1_F0.001_R2_3468	NC_012920.1	100.000	150	150	1.58e-77	278
POS_NC_001803_1_F0.001_R2_3469	NC_012920.1	100.000	150	150	1.58e-77	278
POS_NC_001803_1_F0.001_R2_3470	NC_012920.1	98.667	150	150	3.42e-74	267
POS_NC_001803_1_F0.001_R2_3471	NC_012920.1	99.333	150	150	7.34e-76	272
POS_NC_001803_1_F0.001_R2_3472	NC_012920.1	100.000	150	150	1.58e-77	278
POS_NC_001803_1_F0.001_R2_3473	NC_012920.1	100.000	150	150	1.58e-77	278
POS_NC_001803_1_F0.001_R2_3474	NC_012920.1	100.000	150	150	1.58e-77	278
POS_NC_001803_1_F0.001_R2_3475	NC_012920.1	99.333	150	150	7.34e-76	272
POS_NC_001803_1_F0.001_R2_3476	NC_012920.1	100.000	150	150	1.58e-77	278
POS_NC_001803_1_F0.001_R2_3477	NC_012920.1	99.333	150	150	7.34e-76	272
POS_NC_001803_1_F0.001_R2_3478	NC_012920.1	99.333	150	150	7.34e-76	272
POS_NC_001803_1_F0.001_R2_3479	NC_012920.1	100.000	150	150	1.58e-77	278
POS_NC_001803_1_F0.001_R2_3480	NC_012920.1	100.000	150	150	1.58e-77	278
POS_NC_001803_1_F0.001_R2_3481	NC_012920.1	99.333	150	150	7.34e-76	272
POS_NC_001803_1_F0.001_R2_3482	NC_012920.1	99.333	150	150	7.34e-76	272
POS_NC_001803_1_F0.001_R2_3483	NC_012920.1	100.000	150	150	1.58e-77	278
POS_NC_001803_1_F0.001_R2_3484	NC_012920.1	100.000	150	150	1.58e-77	278
POS_NC_001803_1_F0.001_R2_3485	NC_012920.1	100.000	150	150	1.58e-77	278
POS_NC_001803_1_F0.001_R2_3486	NC_012920.1	100.000	150	150	2.04e-76	274
POS_NC_001803_1_F0.001_R2_3487	NC_012920.1	100.000	150	150	1.58e-77	278
POS_NC_001803_1_F0.001_R2_3488	NC_012920.1	99.333	150	150	7.34e-76	272
POS_NC_001803_1_F0.001_R2_3489	NC_012920.1	99.333	150	150	9.50e-75	268
POS_NC_001803_1_F0.001_R2_3490	NC_012920.1	100.000	150	150	1.58e-77	278
POS_NC_001803_1_F0.001_R2_3491	NC_012920.1	100.000	150	150	1.58e-77	278
POS_NC_001803_1_F0.001_R2_3492	NC_012920.1	100.000	150	150	1.58e-77	278
POS_NC_001803_1_F0.001_R2_3493	NC_012920.1	100.000	150	150	1.58e-77	278
POS_NC_001803_1_F0.001_R2_3494	NC_012920.1	100.000	150	150	1.58e-77	278
POS_NC_001803_1_F0.001_R2_3495	NC_012920.1	100.000	150	150	1.58e-77	278
POS_NC_001803_1_F0.001_R2_3496	NC_012920.1	100.000	150	150	1.58e-77	278
POS_NC_001803_1_F0.001_R2_3497	NC_012920.1	100.000	150	150	1.58e-77	278
POS_NC_001803_1_F0.001_R2_3498	NC_012920.1	99.333	150	150	7.34e-76	272
POS_NC_001803_1_F0.001_R2_3499	NC_012920.1	100.000	150	150	1.58e-77	278
POS_NC_001803_1_F0.001_R2_3500	NC_012920.1	100.000	150	150	1.58e-77	278
POS_NC_001803_1_F0.001_R2_3501	NC_012920.1	100.000	150	150	1.58e-77	278
POS_NC_001803_1_F0.001_R2_3502	NC_012920.1	100.000	150	150	1.58e-77	278
POS_NC_001803_1_F0.001_R2_3503	NC_012920.1	99.333	150	150	7.34e-76	272
POS_NC_001803_1_F0.001_R2_3504	NC_012920.1	100.000	150	150	1.58e-77	278
POS_NC_001803_1_F0.001_R2_3505	NC_012920.1	100.000	150	150	1.58e-77	278
POS_NC_001803_1_F0.001_R2_3506	NC_012920.1	100.000	150	150	1.58e-77	278
POS_NC_001803_1_F0.001_R2_3507	NC_012920.1	99.333	150	150	7.34e-76	272
POS_NC_001803_1_F0.001_R2_3508	NC_012920.1	100.000	150	150	1.58e-77	278
POS_NC_001803_1_F0.001_R2_3509	NC_012920.1	100.000	150	150	1.58e-77	278
POS_NC_001803_1_F0.001_R2_3510	NC_012920.1	100.000	150	150	1.58e-77	278
POS_NC_001803_1_F0.001_R2_3511	NC_012920.1	99.333	150	150	7.34e-76	272
POS_NC_001803_1_F0.001_R2_3512	NC_012920.1	100.000	150	150	1.58e-77	278
POS_NC_001803_1_F0.001_R2_3513	NC_012920.1	100.000	150	150	1.58e-77	278
POS_NC_001803_1_F0.001_R2_3514	NC_012920.1	100.000	150	150	1.58e-77	278
POS_NC_001803_1_F0.001_R2_3515	NC_012920.1	99.333	150	150	7.34e-76	272
POS_NC_001803_1_F0.001_R2_3516	NC_012920.1	100.000	150	150	2.04e-76	274
POS_NC_001803_1_F0.001_R2_3517	NC_012920.1	100.000	150	150	1.58e-77	278
POS_NC_001803_1_F0.001_R2_3518	NC_012920.1	100.000	150	150	1.58e-77	278
POS_NC_001803_1_F0.001_R2_3519	NC_012920.1	99.333	150	150	7.34e-76	272
POS_NC_001803_1_F0.001_R2_3520	NC_012920.1	100.000	150	150	1.58e-77	278
POS_NC_001803_1_F0.001_R2_3521	NC_012920.1	99.333	150	150	7.34e-76	272
POS_NC_001803_1_F0.001_R2_3522	NC_012920.1	100.000	150	150	1.58e-77	278
POS_NC_001803_1_F0.001_R2_3523	NC_012920.1	100.000	150	150	1.58e-77	278
POS_NC_001803_1_F0.001_R2_3524	NC_012920.1	100.000	150	150	1.58e-77	278
POS_NC_001803_1_F0.001_R2_3525	NC_012920.1	99.333	150	150	7.34e-76	272
POS_NC_001803_1_F0.001_R2_3526	NC_012920.1	100.000	150	150	1.58e-77	278
POS_NC_001803_1_F0.001_R2_3527	NC_012920.1	100.000	150	150	1.58e-77	278
POS_NC_001803_1_F0.001_R2_3528	NC_012920.1	99.333	150	150	7.34e-76	272
POS_NC_001803_1_F0.001_R2_3529	NC_012920.1	100.000	150	150	1.58e-77	278
POS_NC_001803_1_F0.001_R2_3530	NC_012920.1	100.000	150	150	1.58e-77	278
POS_NC_001803_1_F0.001_R2_3531	NC_012920.1	100.000	150	150	1.58e-77	278
POS_NC_001803_1_F0.001_R2_3532	NC_012920.1	98.667	150	150	3.42e-74	267
POS_NC_001803_1_F0.001_R2_3533	NC_012920.1	98.000	150	150	1.59e-72	261
POS_NC_001803_1_F0.001_R2_3534	NC_012920.1	100.000	150	150	1.58e-77	278
POS_NC_001803_1_F0.001_R2_3535	NC_012920.1	100.000	150	150	1.58e-77	278
POS_NC_001803_1_F0.001_R2_3536	NC_012920.1	100.000	150	150	1.58e-77	278
POS_NC_001803_1_F0.001_R2_3537	NC_012920.1	100.000	150	150	1.58e-77	278
POS_NC_001803_1_F0.001_R2_3538	NC_012920.1	100.000	150	150	1.58e-77	278
POS_NC_001803_1_F0.001_R2_3539	NC_012920.1	100.000	150	150	1.58e-77	278
POS_NC_001803_1_F0.001_R2_3540	NC_012920.1	100.000	150	150	1.58e-77	278
POS_NC_001803_1_F0.001_R2_3541	NC_012920.1	100.000	150	150	1.58e-77	278
POS_NC_001803_1_F0.001_R2_3542	NC_012920.1	99.333	150	150	7.34e-76	272
POS_NC_001803_1_F0.001_R2_3543	NC_012920.1	100.000	150	150	1.58e-77	278
POS_NC_001803_1_F0.001_R2_3544	NC_012920.1	99.333	150	150	7.34e-76	272
POS_NC_001803_1_F0.001_R2_3545	NC_012920.1	100.000	150	150	1.58e-77	278
POS_NC_001803_1_F0.001_R2_3546	NC_012920.1	100.000	150	150	1.58e-77	278
POS_NC_001803_1_F0.001_R2_3547	NC_012920.1	99.333	150	150	7.34e-76	272
POS_NC_001803_1_F0.001_R2_3548	NC_012920.1	100.000	150	150	1.58e-77	278
POS_NC_001803_1_F0.001_R2_3549	NC_012920.1	99.333	150	150	7.34e-76	272
POS_NC_001803_1_F0.001_R2_3550	NC_012920.1	100.000	150	150	1.58e-77	278
POS_NC_001803_1_F0.001_R2_3551	NC_012920.1	100.000	150	150	1.58e-77	278
POS_NC_001803_1_F0.001_R2_3552	NC_012920.1	99.333	150	150	7.34e-76	272
POS_NC_001803_1_F0.001_R2_3553	NC_012920.1	100.000	150	150	1.58e-77	278
POS_NC_001803_1_F0.001_R2_3554	NC_012920.1	100.000	150	150	1.58e-77	278
POS_NC_001803_1_F0.001_R2_3555	NC_012920.1	100.000	150	150	1.58e-77	278
POS_NC_001803_1_F0.001_R2_3556	NC_012920.1	100.000	150	150	1.58e-77	278
POS_NC_001803_1_F0.001_R2_3557	NC_012920.1	100.000	150	150	1.58e-77	278
POS_NC_001803_1_F0.001_R2_3558	NC_012920.1	100.000	150	150	1.58e-77	278
POS_NC_001803_1_F0.001_R2_3559	NC_012920.1	100.000	150	150	1.58e-77	278
POS_NC_001803_1_F0.001_R2_3560	NC_012920.1	100.000	150	150	1.58e-77	278
POS_NC_001803_1_F0.001_R2_3561	NC_012920.1	100.000	150	150	1.58e-77	278
POS_NC_001803_1_F0.001_R2_3562	NC_012920.1	98.000	150	150	1.59e-72	261
POS_NC_001803_1_F0.001_R2_3563	NC_012920.1	100.000	150	150	1.58e-77	278
POS_NC_001803_1_F0.001_R2_3564	NC_012920.1	100.000	150	150	1.58e-77	278
POS_NC_001803_1_F0.001_R2_3565	NC_012920.1	100.000	150	150	1.58e-77	278
POS_NC_001803_1_F0.001_R2_3566	NC_012920.1	98.667	150	150	3.42e-74	267
POS_NC_001803_1_F0.001_R2_3567	NC_012920.1	99.333	150	150	7.34e-76	272
POS_NC_001803_1_F0.001_R2_3568	NC_012920.1	99.333	150	150	7.34e-76	272
POS_NC_001803_1_F0.001_R2_3569	NC_012920.1	100.000	150	150	1.58e-77	278
POS_NC_001803_1_F0.001_R2_3570	NC_012920.1	100.000	150	150	1.58e-77	278
POS_NC_001803_1_F0.001_R2_3571	NC_012920.1	100.000	150	150	1.58e-77	278
POS_NC_001803_1_F0.001_R2_3572	NC_012920.1	100.000	150	150	1.58e-77	278
POS_NC_001803_1_F0.001_R2_3573	NC_012920.1	100.000	150	150	1.58e-77	278
POS_NC_001803_1_F0.001_R2_3574	NC_012920.1	99.333	150	150	7.34e-76	272
POS_NC_001803_1_F0.001_R2_3575	NC_012920.1	99.333	150	150	7.34e-76	272
POS_NC_001803_1_F0.001_R2_3576	NC_012920.1	100.000	150	150	1.58e-77	278
POS_NC_001803_1_F0.001_R2_3577	NC_012920.1	100.000	150	150	1.58e-77	278
POS_NC_001803_1_F0.001_R2_3578	NC_012920.1	99.333	150	150	7.34e-76	272
POS_NC_001803_1_F0.001_R2_3579	NC_012920.1	100.000	150	150	1.58e-77	278
POS_NC_001803_1_F0.001_R2_3580	NC_012920.1	100.000	150	150	1.58e-77	278
POS_NC_001803_1_F0.001_R2_3581	NC_012920.1	100.000	150	150	1.58e-77	278
POS_NC_001803_1_F0.001_R2_3582	NC_012920.1	99.333	150	150	7.34e-76	272
POS_NC_001803_1_F0.001_R2_3583	NC_012920.1	98.667	150	150	3.42e-74	267
POS_NC_001803_1_F0.001_R2_3584	NC_012920.1	99.333	150	150	7.34e-76	272
POS_NC_001803_1_F0.001_R2_3585	NC_012920.1	100.000	150	150	1.58e-77	278
POS_NC_001803_1_F0.001_R2_3586	NC_012920.1	100.000	150	150	1.58e-77	278
POS_NC_001803_1_F0.001_R2_3587	NC_012920.1	100.000	150	150	1.58e-77	278
POS_NC_001803_1_F0.001_R2_3588	NC_012920.1	99.333	150	150	7.34e-76	272
POS_NC_001803_1_F0.001_R2_3589	NC_012920.1	99.333	150	150	7.34e-76	272
POS_NC_001803_1_F0.001_R2_3590	NC_012920.1	99.333	150	150	7.34e-76	272
POS_NC_001803_1_F0.001_R2_3591	NC_012920.1	99.333	150	150	7.34e-76	272
POS_NC_001803_1_F0.001_R2_3592	NC_012920.1	98.667	150	150	3.42e-74	267
POS_NC_001803_1_F0.001_R2_3593	NC_012920.1	100.000	150	150	1.58e-77	278
POS_NC_001803_1_F0.001_R2_3594	NC_012920.1	100.000	150	150	1.58e-77	278
POS_NC_001803_1_F0.001_R2_3595	NC_012920.1	100.000	150	150	1.58e-77	278
POS_NC_001803_1_F0.001_R2_3596	NC_012920.1	100.000	150	150	1.58e-77	278
POS_NC_001803_1_F0.001_R2_3597	NC_012920.1	100.000	150	150	1.58e-77	278
POS_NC_001803_1_F0.001_R2_3598	NC_012920.1	100.000	150	150	1.58e-77	278
POS_NC_001803_1_F0.001_R2_3599	NC_012920.1	100.000	150	150	1.58e-77	278
POS_NC_001803_1_F0.001_R2_3600	NC_012920.1	100.000	150	150	1.58e-77	278
POS_NC_001803_1_F0.001_R2_3601	NC_012920.1	99.333	150	150	7.34e-76	272
POS_NC_001803_1_F0.001_R2_3602	NC_012920.1	100.000	150	150	1.58e-77	278
POS_NC_001803_1_F0.001_R2_3603	NC_012920.1	100.000	150	150	1.58e-77	278
POS_NC_001803_1_F0.001_R2_3604	NC_012920.1	99.333	150	150	7.34e-76	272
POS_NC_001803_1_F0.001_R2_3605	NC_012920.1	99.333	150	150	7.34e-76	272
POS_NC_001803_1_F0.001_R2_3606	NC_012920.1	100.000	150	150	1.58e-77	278
POS_NC_001803_1_F0.001_R2_3607	NC_012920.1	100.000	150	150	1.58e-77	278
POS_NC_001803_1_F0.001_R2_3608	NC_012920.1	99.333	150	150	7.34e-76	272
POS_NC_001803_1_F0.001_R2_3609	NC_012920.1	100.000	150	150	1.58e-77	278
POS_NC_001803_1_F0.001_R2_3610	NC_012920.1	100.000	150	150	1.58e-77	278
POS_NC_001803_1_F0.001_R2_3611	NC_012920.1	100.000	150	150	1.58e-77	278
POS_NC_001803_1_F0.001_R2_3612	NC_012920.1	100.000	150	150	1.58e-77	278
POS_NC_001803_1_F0.001_R2_3613	NC_012920.1	100.000	150	150	1.58e-77	278
POS_NC_001803_1_F0.001_R2_3614	NC_012920.1	100.000	150	150	1.58e-77	278
POS_NC_001803_1_F0.001_R2_3615	NC_012920.1	100.000	150	150	1.58e-77	278
POS_NC_001803_1_F0.001_R2_3616	NC_012920.1	100.000	150	150	1.58e-77	278
POS_NC_001803_1_F0.001_R2_3617	NC_012920.1	100.000	150	150	1.58e-77	278
POS_NC_001803_1_F0.001_R2_3618	NC_012920.1	100.000	150	150	1.58e-77	278
POS_NC_001803_1_F0.001_R2_3619	NC_012920.1	100.000	150	150	1.58e-77	278
POS_NC_001803_1_F0.001_R2_3620	NC_012920.1	100.000	150	150	1.58e-77	278
POS_NC_001803_1_F0.001_R2_3621	NC_012920.1	100.000	150	150	1.58e-77	278
POS_NC_001803_1_F0.001_R2_3622	NC_012920.1	100.000	150	150	1.58e-77	278
POS_NC_001803_1_F0.001_R2_3623	NC_012920.1	100.000	150	150	1.58e-77	278
POS_NC_001803_1_F0.001_R2_3624	NC_012920.1	100.000	150	150	1.58e-77	278
POS_NC_001803_1_F0.001_R2_3625	NC_012920.1	99.333	150	150	7.34e-76	272
POS_NC_001803_1_F0.001_R2_3626	NC_012920.1	100.000	150	150	1.58e-77	278
POS_NC_001803_1_F0.001_R2_3627	NC_012920.1	100.000	150	150	1.58e-77	278
POS_NC_001803_1_F0.001_R2_3628	NC_012920.1	98.000	150	150	1.59e-72	261
POS_NC_001803_1_F0.001_R2_3629	NC_012920.1	100.000	150	150	1.58e-77	278
POS_NC_001803_1_F0.001_R2_3630	NC_012920.1	99.333	150	150	7.34e-76	272
POS_NC_001803_1_F0.001_R2_3631	NC_012920.1	100.000	150	150	1.58e-77	278
POS_NC_001803_1_F0.001_R2_3632	NC_012920.1	100.000	150	150	1.58e-77	278
POS_NC_001803_1_F0.001_R2_3633	NC_012920.1	100.000	150	150	1.58e-77	278
POS_NC_001803_1_F0.001_R2_3634	NC_012920.1	100.000	150	150	1.58e-77	278
POS_NC_001803_1_F0.001_R2_3635	NC_012920.1	100.000	150	150	1.58e-77	278
POS_NC_001803_1_F0.001_R2_3636	NC_012920.1	99.333	150	150	7.34e-76	272
POS_NC_001803_1_F0.001_R2_3637	NC_012920.1	100.000	150	150	1.58e-77	278
POS_NC_001803_1_F0.001_R2_3638	NC_012920.1	99.333	150	150	7.34e-76	272
POS_NC_001803_1_F0.001_R2_3639	NC_012920.1	100.000	150	150	1.58e-77	278
POS_NC_001803_1_F0.001_R2_3640	NC_012920.1	100.000	150	150	1.58e-77	278
POS_NC_001803_1_F0.001_R2_3641	NC_012920.1	100.000	150	150	1.58e-77	278
POS_NC_001803_1_F0.001_R2_3642	NC_012920.1	100.000	150	150	1.58e-77	278
POS_NC_001803_1_F0.001_R2_3643	NC_012920.1	100.000	150	150	1.58e-77	278
POS_NC_001803_1_F0.001_R2_3644	NC_012920.1	100.000	150	150	1.58e-77	278
POS_NC_001803_1_F0.001_R2_3645	NC_012920.1	99.333	150	150	7.34e-76	272
POS_NC_001803_1_F0.001_R2_3646	NC_012920.1	99.333	150	150	7.34e-76	272
POS_NC_001803_1_F0.001_R2_3647	NC_012920.1	99.333	150	150	7.34e-76	272
POS_NC_001803_1_F0.001_R2_3648	NC_012920.1	99.333	150	150	7.34e-76	272
POS_NC_001803_1_F0.001_R2_3649	NC_012920.1	100.000	150	150	1.58e-77	278
POS_NC_001803_1_F0.001_R2_3650	NC_012920.1	100.000	150	150	1.58e-77	278
POS_NC_001803_1_F0.001_R2_3651	NC_012920.1	99.333	150	150	7.34e-76	272
POS_NC_001803_1_F0.001_R2_3652	NC_012920.1	100.000	150	150	1.58e-77	278
POS_NC_001803_1_F0.001_R2_3653	NC_012920.1	100.000	150	150	1.58e-77	278
POS_NC_001803_1_F0.001_R2_3654	NC_012920.1	100.000	150	150	1.58e-77	278
POS_NC_001803_1_F0.001_R2_3655	NC_012920.1	100.000	150	150	1.58e-77	278
POS_NC_001803_1_F0.001_R2_3656	NC_012920.1	99.333	150	150	7.34e-76	272
POS_NC_001803_1_F0.001_R2_3657	NC_012920.1	99.333	150	150	7.34e-76	272
POS_NC_001803_1_F0.001_R2_3658	NC_012920.1	100.000	150	150	1.58e-77	278
POS_NC_001803_1_F0.001_R2_3659	NC_012920.1	98.000	150	150	1.59e-72	261
POS_NC_001803_1_F0.001_R2_3660	NC_012920.1	100.000	150	150	1.58e-77	278
POS_NC_001803_1_F0.001_R2_3661	NC_012920.1	100.000	150	150	1.58e-77	278
POS_NC_001803_1_F0.001_R2_3662	NC_012920.1	100.000	150	150	1.58e-77	278
POS_NC_001803_1_F0.001_R2_3663	NC_012920.1	100.000	150	150	1.58e-77	278
POS_NC_001803_1_F0.001_R2_3664	NC_012920.1	100.000	150	150	1.58e-77	278
POS_NC_001803_1_F0.001_R2_3665	NC_012920.1	100.000	150	150	1.58e-77	278
POS_NC_001803_1_F0.001_R2_3666	NC_012920.1	100.000	150	150	1.58e-77	278
POS_NC_001803_1_F0.001_R2_3667	NC_012920.1	100.000	150	150	1.58e-77	278
POS_NC_001803_1_F0.001_R2_3668	NC_012920.1	100.000	150	150	1.58e-77	278
POS_NC_001803_1_F0.001_R2_3669	NC_012920.1	100.000	150	150	1.58e-77	278
POS_NC_001803_1_F0.001_R2_3670	NC_012920.1	100.000	150	150	1.58e-77	278
POS_NC_001803_1_F0.001_R2_3671	NC_012920.1	99.333	150	150	7.34e-76	272
POS_NC_001803_1_F0.001_R2_3672	NC_012920.1	100.000	150	150	1.58e-77	278
POS_NC_001803_1_F0.001_R2_3673	NC_012920.1	100.000	150	150	1.58e-77	278
POS_NC_001803_1_F0.001_R2_3674	NC_012920.1	100.000	150	150	1.58e-77	278
POS_NC_001803_1_F0.001_R2_3675	NC_012920.1	100.000	150	150	1.58e-77	278
POS_NC_001803_1_F0.001_R2_3676	NC_012920.1	100.000	150	150	1.58e-77	278
POS_NC_001803_1_F0.001_R2_3677	NC_012920.1	99.333	150	150	7.34e-76	272
POS_NC_001803_1_F0.001_R2_3678	NC_012920.1	100.000	150	150	1.58e-77	278
POS_NC_001803_1_F0.001_R2_3679	NC_012920.1	100.000	150	150	1.58e-77	278
POS_NC_001803_1_F0.001_R2_3680	NC_012920.1	100.000	150	150	1.58e-77	278
POS_NC_001803_1_F0.001_R2_3681	NC_012920.1	100.000	150	150	1.58e-77	278
POS_NC_001803_1_F0.001_R2_3682	NC_012920.1	100.000	150	150	1.58e-77	278
POS_NC_001803_1_F0.001_R2_3683	NC_012920.1	100.000	150	150	1.58e-77	278
POS_NC_001803_1_F0.001_R2_3684	NC_012920.1	98.667	150	150	3.42e-74	267
POS_NC_001803_1_F0.001_R2_3685	NC_012920.1	100.000	150	150	1.58e-77	278
POS_NC_001803_1_F0.001_R2_3686	NC_012920.1	100.000	150	150	1.58e-77	278
POS_NC_001803_1_F0.001_R2_3687	NC_012920.1	100.000	150	150	1.58e-77	278
POS_NC_001803_1_F0.001_R2_3688	NC_012920.1	100.000	150	150	1.58e-77	278
POS_NC_001803_1_F0.001_R2_3689	NC_012920.1	100.000	150	150	1.58e-77	278
POS_NC_001803_1_F0.001_R2_3690	NC_012920.1	100.000	150	150	1.58e-77	278
POS_NC_001803_1_F0.001_R2_3691	NC_012920.1	100.000	150	150	1.58e-77	278
POS_NC_001803_1_F0.001_R2_3692	NC_012920.1	100.000	150	150	1.58e-77	278
POS_NC_001803_1_F0.001_R2_3693	NC_012920.1	99.333	150	150	7.34e-76	272
POS_NC_001803_1_F0.001_R2_3694	NC_012920.1	100.000	150	150	1.58e-77	278
POS_NC_001803_1_F0.001_R2_3695	NC_012920.1	100.000	150	150	1.58e-77	278
POS_NC_001803_1_F0.001_R2_3696	NC_012920.1	100.000	150	150	1.58e-77	278
POS_NC_001803_1_F0.001_R2_3697	NC_012920.1	100.000	150	150	1.58e-77	278
POS_NC_001803_1_F0.001_R2_3698	NC_012920.1	100.000	150	150	1.58e-77	278
POS_NC_001803_1_F0.001_R2_3699	NC_012920.1	100.000	150	150	1.58e-77	278
POS_NC_001803_1_F0.001_R2_3700	NC_012920.1	100.000	150	150	1.58e-77	278
POS_NC_001803_1_F0.001_R2_3701	NC_012920.1	100.000	150	150	1.58e-77	278
POS_NC_001803_1_F0.001_R2_3702	NC_012920.1	100.000	150	150	1.58e-77	278
POS_NC_001803_1_F0.001_R2_3703	NC_012920.1	99.333	150	150	7.34e-76	272
POS_NC_001803_1_F0.001_R2_3704	NC_012920.1	100.000	150	150	1.58e-77	278
POS_NC_001803_1_F0.001_R2_3705	NC_012920.1	99.333	150	150	7.34e-76	272
POS_NC_001803_1_F0.001_R2_3706	NC_012920.1	100.000	150	150	1.58e-77	278
POS_NC_001803_1_F0.001_R2_3707	NC_012920.1	100.000	150	150	1.58e-77	278
POS_NC_001803_1_F0.001_R2_3708	NC_012920.1	100.000	150	150	1.58e-77	278
POS_NC_001803_1_F0.001_R2_3709	NC_012920.1	100.000	150	150	1.58e-77	278
POS_NC_001803_1_F0.001_R2_3710	NC_012920.1	99.333	150	150	7.34e-76	272
POS_NC_001803_1_F0.001_R2_3711	NC_012920.1	100.000	150	150	1.58e-77	278
POS_NC_001803_1_F0.001_R2_3712	NC_012920.1	100.000	150	150	1.58e-77	278
POS_NC_001803_1_F0.001_R2_3713	NC_012920.1	100.000	150	150	1.58e-77	278
POS_NC_001803_1_F0.001_R2_3714	NC_012920.1	100.000	150	150	1.58e-77	278
POS_NC_001803_1_F0.001_R2_3715	NC_012920.1	100.000	150	150	1.58e-77	278
POS_NC_001803_1_F0.001_R2_3716	NC_012920.1	100.000	150	150	1.58e-77	278
POS_NC_001803_1_F0.001_R2_3717	NC_012920.1	100.000	150	150	1.58e-77	278
POS_NC_001803_1_F0.001_R2_3718	NC_012920.1	99.333	150	150	7.34e-76	272
POS_NC_001803_1_F0.001_R2_3719	NC_012920.1	100.000	150	150	1.58e-77	278
POS_NC_001803_1_F0.001_R2_3720	NC_012920.1	100.000	150	150	1.58e-77	278
POS_NC_001803_1_F0.001_R2_3721	NC_012920.1	99.333	150	150	7.34e-76	272
POS_NC_001803_1_F0.001_R2_3722	NC_012920.1	100.000	150	150	1.58e-77	278
POS_NC_001803_1_F0.001_R2_3723	NC_012920.1	100.000	150	150	1.58e-77	278
POS_NC_001803_1_F0.001_R2_3724	NC_012920.1	99.333	150	150	7.34e-76	272
POS_NC_001803_1_F0.001_R2_3725	NC_012920.1	100.000	150	150	1.58e-77	278
POS_NC_001803_1_F0.001_R2_3726	NC_012920.1	100.000	150	150	1.58e-77	278
POS_NC_001803_1_F0.001_R2_3727	NC_012920.1	100.000	150	150	1.58e-77	278
POS_NC_001803_1_F0.001_R2_3728	NC_012920.1	100.000	150	150	1.58e-77	278
POS_NC_001803_1_F0.001_R2_3729	NC_012920.1	99.333	150	150	7.34e-76	272
POS_NC_001803_1_F0.001_R2_3730	NC_012920.1	100.000	150	150	1.58e-77	278
POS_NC_001803_1_F0.001_R2_3731	NC_012920.1	100.000	150	150	1.58e-77	278
POS_NC_001803_1_F0.001_R2_3732	NC_012920.1	100.000	150	150	1.58e-77	278
POS_NC_001803_1_F0.001_R2_3733	NC_012920.1	100.000	150	150	1.58e-77	278
POS_NC_001803_1_F0.001_R2_3734	NC_012920.1	99.333	150	150	7.34e-76	272
POS_NC_001803_1_F0.001_R2_3735	NC_012920.1	99.333	150	150	7.34e-76	272
POS_NC_001803_1_F0.001_R2_3736	NC_012920.1	100.000	150	150	1.58e-77	278
POS_NC_001803_1_F0.001_R2_3737	NC_012920.1	100.000	150	150	1.58e-77	278
POS_NC_001803_1_F0.001_R2_3738	NC_012920.1	100.000	150	150	1.58e-77	278
POS_NC_001803_1_F0.001_R2_3739	NC_012920.1	98.649	148	150	4.42e-73	263
POS_NC_001803_1_F0.001_R2_3740	NC_012920.1	100.000	150	150	1.58e-77	278
POS_NC_001803_1_F0.001_R2_3741	NC_012920.1	98.667	150	150	3.42e-74	267
POS_NC_001803_1_F0.001_R2_3742	NC_012920.1	100.000	150	150	1.58e-77	278
POS_NC_001803_1_F0.001_R2_3743	NC_012920.1	100.000	150	150	1.58e-77	278
POS_NC_001803_1_F0.001_R2_3744	NC_012920.1	100.000	150	150	1.58e-77	278
POS_NC_001803_1_F0.001_R2_3745	NC_012920.1	100.000	150	150	1.58e-77	278
POS_NC_001803_1_F0.001_R2_3746	NC_012920.1	100.000	150	150	1.58e-77	278
POS_NC_001803_1_F0.001_R2_3747	NC_012920.1	100.000	150	150	1.58e-77	278
POS_NC_001803_1_F0.001_R2_3748	NC_012920.1	100.000	150	150	1.58e-77	278
POS_NC_001803_1_F0.001_R2_3749	NC_012920.1	100.000	150	150	1.58e-77	278
POS_NC_001803_1_F0.001_R2_3750	NC_012920.1	100.000	150	150	1.58e-77	278
POS_NC_001803_1_F0.001_R2_3751	NC_012920.1	100.000	150	150	1.58e-77	278
POS_NC_001803_1_F0.001_R2_3752	NC_012920.1	100.000	150	150	1.58e-77	278
POS_NC_001803_1_F0.001_R2_3753	NC_012920.1	99.333	150	150	7.34e-76	272
POS_NC_001803_1_F0.001_R2_3754	NC_012920.1	100.000	150	150	1.58e-77	278
POS_NC_001803_1_F0.001_R2_3755	NC_012920.1	100.000	150	150	1.58e-77	278
POS_NC_001803_1_F0.001_R2_3756	NC_012920.1	100.000	150	150	1.58e-77	278
POS_NC_001803_1_F0.001_R2_3757	NC_012920.1	99.333	150	150	9.50e-75	268
POS_NC_001803_1_F0.001_R2_3758	NC_012920.1	100.000	150	150	1.58e-77	278
POS_NC_001803_1_F0.001_R2_3759	NC_012920.1	100.000	150	150	1.58e-77	278
POS_NC_001803_1_F0.001_R2_3760	NC_012920.1	99.333	150	150	7.34e-76	272
POS_NC_001803_1_F0.001_R2_3761	NC_012920.1	100.000	150	150	1.58e-77	278
POS_NC_001803_1_F0.001_R2_3762	NC_012920.1	100.000	150	150	1.58e-77	278
POS_NC_001803_1_F0.001_R2_3763	NC_012920.1	99.333	150	150	7.34e-76	272
POS_NC_001803_1_F0.001_R2_3764	NC_012920.1	100.000	150	150	1.58e-77	278
POS_NC_001803_1_F0.001_R2_3765	NC_012920.1	100.000	150	150	1.58e-77	278
POS_NC_001803_1_F0.001_R2_3766	NC_012920.1	100.000	150	150	1.58e-77	278
POS_NC_001803_1_F0.001_R2_3767	NC_012920.1	100.000	150	150	1.58e-77	278
POS_NC_001803_1_F0.001_R2_3768	NC_012920.1	100.000	150	150	1.58e-77	278
POS_NC_001803_1_F0.001_R2_3769	NC_012920.1	100.000	150	150	1.58e-77	278
POS_NC_001803_1_F0.001_R2_3770	NC_012920.1	99.333	150	150	7.34e-76	272
POS_NC_001803_1_F0.001_R2_3771	NC_012920.1	100.000	150	150	1.58e-77	278
POS_NC_001803_1_F0.001_R2_3772	NC_012920.1	100.000	150	150	1.58e-77	278
POS_NC_001803_1_F0.001_R2_3773	NC_012920.1	100.000	150	150	1.58e-77	278
POS_NC_001803_1_F0.001_R2_3774	NC_012920.1	100.000	150	150	1.58e-77	278
POS_NC_001803_1_F0.001_R2_3775	NC_012920.1	100.000	150	150	1.58e-77	278
POS_NC_001803_1_F0.001_R2_3776	NC_012920.1	100.000	150	150	1.58e-77	278
POS_NC_001803_1_F0.001_R2_3777	NC_012920.1	100.000	150	150	1.58e-77	278
POS_NC_001803_1_F0.001_R2_3778	NC_012920.1	100.000	150	150	1.58e-77	278
POS_NC_001803_1_F0.001_R2_3779	NC_012920.1	99.333	150	150	7.34e-76	272
POS_NC_001803_1_F0.001_R2_3780	NC_012920.1	100.000	150	150	1.58e-77	278
POS_NC_001803_1_F0.001_R2_3781	NC_012920.1	100.000	150	150	1.58e-77	278
POS_NC_001803_1_F0.001_R2_3782	NC_012920.1	99.333	150	150	7.34e-76	272
POS_NC_001803_1_F0.001_R2_3783	NC_012920.1	100.000	150	150	1.58e-77	278
POS_NC_001803_1_F0.001_R2_3784	NC_012920.1	100.000	150	150	1.58e-77	278
POS_NC_001803_1_F0.001_R2_3785	NC_012920.1	99.333	150	150	7.34e-76	272
POS_NC_001803_1_F0.001_R2_3786	NC_012920.1	100.000	150	150	1.58e-77	278
POS_NC_001803_1_F0.001_R2_3787	NC_012920.1	99.333	150	150	7.34e-76	272
POS_NC_001803_1_F0.001_R2_3788	NC_012920.1	100.000	150	150	1.58e-77	278
POS_NC_001803_1_F0.001_R2_3789	NC_012920.1	100.000	150	150	1.58e-77	278
POS_NC_001803_1_F0.001_R2_3790	NC_012920.1	100.000	150	150	1.58e-77	278
POS_NC_001803_1_F0.001_R2_3791	NC_012920.1	99.333	150	150	7.34e-76	272
POS_NC_001803_1_F0.001_R2_3792	NC_012920.1	100.000	150	150	1.58e-77	278
POS_NC_001803_1_F0.001_R2_3793	NC_012920.1	100.000	150	150	1.58e-77	278
POS_NC_001803_1_F0.001_R2_3794	NC_012920.1	100.000	150	150	1.58e-77	278
POS_NC_001803_1_F0.001_R2_3795	NC_012920.1	99.333	150	150	7.34e-76	272
POS_NC_001803_1_F0.001_R2_3796	NC_012920.1	100.000	150	150	1.58e-77	278
POS_NC_001803_1_F0.001_R2_3797	NC_012920.1	100.000	150	150	1.58e-77	278
POS_NC_001803_1_F0.001_R2_3798	NC_012920.1	100.000	150	150	1.58e-77	278
POS_NC_001803_1_F0.001_R2_3799	NC_012920.1	100.000	150	150	1.58e-77	278
POS_NC_001803_1_F0.001_R2_3800	NC_012920.1	100.000	150	150	1.58e-77	278
POS_NC_001803_1_F0.001_R2_3801	NC_012920.1	100.000	150	150	1.58e-77	278
POS_NC_001803_1_F0.001_R2_3802	NC_012920.1	100.000	150	150	1.58e-77	278
POS_NC_001803_1_F0.001_R2_3803	NC_012920.1	100.000	150	150	1.58e-77	278
POS_NC_001803_1_F0.001_R2_3804	NC_012920.1	100.000	150	150	1.58e-77	278
POS_NC_001803_1_F0.001_R2_3805	NC_012920.1	100.000	150	150	1.58e-77	278
POS_NC_001803_1_F0.001_R2_3806	NC_012920.1	100.000	150	150	1.58e-77	278
POS_NC_001803_1_F0.001_R2_3807	NC_012920.1	100.000	150	150	1.58e-77	278
POS_NC_001803_1_F0.001_R2_3808	NC_012920.1	100.000	150	150	1.58e-77	278
POS_NC_001803_1_F0.001_R2_3809	NC_012920.1	100.000	150	150	1.58e-77	278
POS_NC_001803_1_F0.001_R2_3810	NC_012920.1	99.333	150	150	7.34e-76	272
POS_NC_001803_1_F0.001_R2_3811	NC_012920.1	100.000	150	150	1.58e-77	278
POS_NC_001803_1_F0.001_R2_3812	NC_012920.1	98.667	150	150	3.42e-74	267
POS_NC_001803_1_F0.001_R2_3813	NC_012920.1	99.333	150	150	7.34e-76	272
POS_NC_001803_1_F0.001_R2_3814	NC_012920.1	100.000	150	150	1.58e-77	278
POS_NC_001803_1_F0.001_R2_3815	NC_012920.1	100.000	150	150	1.58e-77	278
POS_NC_001803_1_F0.001_R2_3816	NC_012920.1	100.000	150	150	1.58e-77	278
POS_NC_001803_1_F0.001_R2_3817	NC_012920.1	99.333	150	150	9.50e-75	268
POS_NC_001803_1_F0.001_R2_3818	NC_012920.1	100.000	150	150	1.58e-77	278
POS_NC_001803_1_F0.001_R2_3819	NC_012920.1	100.000	150	150	1.58e-77	278
POS_NC_001803_1_F0.001_R2_3820	NC_012920.1	100.000	150	150	1.58e-77	278
POS_NC_001803_1_F0.001_R2_3821	NC_012920.1	99.333	150	150	7.34e-76	272
POS_NC_001803_1_F0.001_R2_3822	NC_012920.1	100.000	150	150	1.58e-77	278
POS_NC_001803_1_F0.001_R2_3823	NC_012920.1	98.667	150	150	3.42e-74	267
POS_NC_001803_1_F0.001_R2_3824	NC_012920.1	100.000	150	150	1.58e-77	278
POS_NC_001803_1_F0.001_R2_3825	NC_012920.1	99.333	150	150	7.34e-76	272
POS_NC_001803_1_F0.001_R2_3826	NC_012920.1	100.000	150	150	1.58e-77	278
POS_NC_001803_1_F0.001_R2_3827	NC_012920.1	100.000	150	150	1.58e-77	278
POS_NC_001803_1_F0.001_R2_3828	NC_012920.1	100.000	150	150	1.58e-77	278
POS_NC_001803_1_F0.001_R2_3829	NC_012920.1	100.000	150	150	1.58e-77	278
POS_NC_001803_1_F0.001_R2_3830	NC_012920.1	100.000	150	150	1.58e-77	278
POS_NC_001803_1_F0.001_R2_3831	NC_012920.1	98.667	150	150	3.42e-74	267
POS_NC_001803_1_F0.001_R2_3832	NC_012920.1	100.000	150	150	1.58e-77	278
POS_NC_001803_1_F0.001_R2_3833	NC_012920.1	100.000	150	150	2.04e-76	274
POS_NC_001803_1_F0.001_R2_3834	NC_012920.1	100.000	150	150	1.58e-77	278
POS_NC_001803_1_F0.001_R2_3835	NC_012920.1	100.000	150	150	1.58e-77	278
POS_NC_001803_1_F0.001_R2_3836	NC_012920.1	100.000	150	150	1.58e-77	278
POS_NC_001803_1_F0.001_R2_3837	NC_012920.1	98.667	150	150	3.42e-74	267
POS_NC_001803_1_F0.001_R2_3838	NC_012920.1	100.000	150	150	1.58e-77	278
POS_NC_001803_1_F0.001_R2_3839	NC_012920.1	100.000	150	150	1.58e-77	278
POS_NC_001803_1_F0.001_R2_3840	NC_012920.1	100.000	150	150	1.58e-77	278
POS_NC_001803_1_F0.001_R2_3841	NC_012920.1	100.000	150	150	1.58e-77	278
POS_NC_001803_1_F0.001_R2_3842	NC_012920.1	100.000	150	150	1.58e-77	278
POS_NC_001803_1_F0.001_R2_3843	NC_012920.1	99.333	150	150	7.34e-76	272
POS_NC_001803_1_F0.001_R2_3844	NC_012920.1	100.000	150	150	1.58e-77	278
POS_NC_001803_1_F0.001_R2_3845	NC_012920.1	100.000	150	150	1.58e-77	278
POS_NC_001803_1_F0.001_R2_3846	NC_012920.1	100.000	150	150	1.58e-77	278
POS_NC_001803_1_F0.001_R2_3847	NC_012920.1	100.000	150	150	1.58e-77	278
POS_NC_001803_1_F0.001_R2_3848	NC_012920.1	100.000	150	150	1.58e-77	278
POS_NC_001803_1_F0.001_R2_3849	NC_012920.1	100.000	150	150	1.58e-77	278
POS_NC_001803_1_F0.001_R2_3850	NC_012920.1	100.000	150	150	1.58e-77	278
POS_NC_001803_1_F0.001_R2_3851	NC_012920.1	98.667	150	150	3.42e-74	267
POS_NC_001803_1_F0.001_R2_3852	NC_012920.1	100.000	150	150	1.58e-77	278
POS_NC_001803_1_F0.001_R2_3853	NC_012920.1	100.000	150	150	1.58e-77	278
POS_NC_001803_1_F0.001_R2_3854	NC_012920.1	100.000	150	150	1.58e-77	278
POS_NC_001803_1_F0.001_R2_3855	NC_012920.1	100.000	150	150	1.58e-77	278
POS_NC_001803_1_F0.001_R2_3856	NC_012920.1	100.000	150	150	1.58e-77	278
POS_NC_001803_1_F0.001_R2_3857	NC_012920.1	100.000	150	150	1.58e-77	278
POS_NC_001803_1_F0.001_R2_3858	NC_012920.1	100.000	148	150	2.04e-76	274
POS_NC_001803_1_F0.001_R2_3859	NC_012920.1	100.000	150	150	1.58e-77	278
POS_NC_001803_1_F0.001_R2_3860	NC_012920.1	99.333	150	150	7.34e-76	272
POS_NC_001803_1_F0.001_R2_3861	NC_012920.1	99.333	150	150	7.34e-76	272
POS_NC_001803_1_F0.001_R2_3862	NC_012920.1	100.000	150	150	1.58e-77	278
POS_NC_001803_1_F0.001_R2_3863	NC_012920.1	100.000	150	150	1.58e-77	278
POS_NC_001803_1_F0.001_R2_3864	NC_012920.1	100.000	150	150	1.58e-77	278
POS_NC_001803_1_F0.001_R2_3865	NC_012920.1	100.000	150	150	1.58e-77	278
POS_NC_001803_1_F0.001_R2_3866	NC_012920.1	99.333	150	150	7.34e-76	272
POS_NC_001803_1_F0.001_R2_3867	NC_012920.1	100.000	150	150	1.58e-77	278
POS_NC_001803_1_F0.001_R2_3868	NC_012920.1	100.000	150	150	1.58e-77	278
POS_NC_001803_1_F0.001_R2_3869	NC_012920.1	100.000	150	150	1.58e-77	278
POS_NC_001803_1_F0.001_R2_3870	NC_012920.1	98.000	150	150	1.59e-72	261
POS_NC_001803_1_F0.001_R2_3871	NC_012920.1	99.333	150	150	7.34e-76	272
POS_NC_001803_1_F0.001_R2_3872	NC_012920.1	99.333	150	150	7.34e-76	272
POS_NC_001803_1_F0.001_R2_3873	NC_012920.1	100.000	150	150	1.58e-77	278
POS_NC_001803_1_F0.001_R2_3874	NC_012920.1	100.000	150	150	1.58e-77	278
POS_NC_001803_1_F0.001_R2_3875	NC_012920.1	100.000	150	150	2.04e-76	274
POS_NC_001803_1_F0.001_R2_3876	NC_012920.1	100.000	150	150	1.58e-77	278
POS_NC_001803_1_F0.001_R2_3877	NC_012920.1	100.000	150	150	1.58e-77	278
POS_NC_001803_1_F0.001_R2_3878	NC_012920.1	100.000	150	150	1.58e-77	278
POS_NC_001803_1_F0.001_R2_3879	NC_012920.1	100.000	150	150	1.58e-77	278
POS_NC_001803_1_F0.001_R2_3880	NC_012920.1	100.000	150	150	1.58e-77	278
POS_NC_001803_1_F0.001_R2_3881	NC_012920.1	100.000	150	150	1.58e-77	278
POS_NC_001803_1_F0.001_R2_3882	NC_012920.1	100.000	150	150	1.58e-77	278
POS_NC_001803_1_F0.001_R2_3883	NC_012920.1	99.333	150	150	7.34e-76	272
POS_NC_001803_1_F0.001_R2_3884	NC_012920.1	100.000	150	150	1.58e-77	278
POS_NC_001803_1_F0.001_R2_3885	NC_012920.1	100.000	150	150	1.58e-77	278
POS_NC_001803_1_F0.001_R2_3886	NC_012920.1	100.000	150	150	1.58e-77	278
POS_NC_001803_1_F0.001_R2_3887	NC_012920.1	99.333	150	150	7.34e-76	272
POS_NC_001803_1_F0.001_R2_3888	NC_012920.1	99.333	150	150	7.34e-76	272
POS_NC_001803_1_F0.001_R2_3889	NC_012920.1	100.000	150	150	1.58e-77	278
POS_NC_001803_1_F0.001_R2_3890	NC_012920.1	100.000	150	150	1.58e-77	278
POS_NC_001803_1_F0.001_R2_3891	NC_012920.1	100.000	150	150	1.58e-77	278
POS_NC_001803_1_F0.001_R2_3892	NC_012920.1	100.000	150	150	1.58e-77	278
POS_NC_001803_1_F0.001_R2_3893	NC_012920.1	100.000	150	150	1.58e-77	278
POS_NC_001803_1_F0.001_R2_3894	NC_012920.1	100.000	150	150	1.58e-77	278
POS_NC_001803_1_F0.001_R2_3895	NC_012920.1	100.000	150	150	1.58e-77	278
POS_NC_001803_1_F0.001_R2_3896	NC_012920.1	100.000	150	150	1.58e-77	278
POS_NC_001803_1_F0.001_R2_3897	NC_012920.1	100.000	150	150	1.58e-77	278
POS_NC_001803_1_F0.001_R2_3898	NC_012920.1	100.000	150	150	1.58e-77	278
POS_NC_001803_1_F0.001_R2_3899	NC_012920.1	100.000	150	150	1.58e-77	278
POS_NC_001803_1_F0.001_R2_3900	NC_012920.1	100.000	150	150	1.58e-77	278
POS_NC_001803_1_F0.001_R2_3901	NC_012920.1	99.333	150	150	7.34e-76	272
POS_NC_001803_1_F0.001_R2_3902	NC_012920.1	100.000	150	150	1.58e-77	278
POS_NC_001803_1_F0.001_R2_3903	NC_012920.1	100.000	150	150	1.58e-77	278
POS_NC_001803_1_F0.001_R2_3904	NC_012920.1	99.333	150	150	7.34e-76	272
POS_NC_001803_1_F0.001_R2_3905	NC_012920.1	100.000	150	150	1.58e-77	278
POS_NC_001803_1_F0.001_R2_3906	NC_012920.1	99.333	150	150	7.34e-76	272
POS_NC_001803_1_F0.001_R2_3907	NC_012920.1	100.000	150	150	1.58e-77	278
POS_NC_001803_1_F0.001_R2_3908	NC_012920.1	100.000	150	150	1.58e-77	278
POS_NC_001803_1_F0.001_R2_3909	NC_012920.1	100.000	150	150	1.58e-77	278
POS_NC_001803_1_F0.001_R2_3910	NC_012920.1	98.000	150	150	1.59e-72	261
POS_NC_001803_1_F0.001_R2_3911	NC_012920.1	99.333	150	150	7.34e-76	272
POS_NC_001803_1_F0.001_R2_3912	NC_012920.1	99.333	150	150	7.34e-76	272
POS_NC_001803_1_F0.001_R2_3913	NC_012920.1	99.333	150	150	7.34e-76	272
POS_NC_001803_1_F0.001_R2_3914	NC_012920.1	99.333	150	150	7.34e-76	272
POS_NC_001803_1_F0.001_R2_3915	NC_012920.1	100.000	150	150	1.58e-77	278
POS_NC_001803_1_F0.001_R2_3916	NC_012920.1	100.000	150	150	1.58e-77	278
POS_NC_001803_1_F0.001_R2_3917	NC_012920.1	100.000	150	150	1.58e-77	278
POS_NC_001803_1_F0.001_R2_3918	NC_012920.1	99.333	150	150	7.34e-76	272
POS_NC_001803_1_F0.001_R2_3919	NC_012920.1	99.333	150	150	7.34e-76	272
POS_NC_001803_1_F0.001_R2_3920	NC_012920.1	100.000	150	150	1.58e-77	278
POS_NC_001803_1_F0.001_R2_3921	NC_012920.1	100.000	150	150	1.58e-77	278
POS_NC_001803_1_F0.001_R2_3922	NC_012920.1	100.000	150	150	1.58e-77	278
POS_NC_001803_1_F0.001_R2_3923	NC_012920.1	100.000	150	150	1.58e-77	278
POS_NC_001803_1_F0.001_R2_3924	NC_012920.1	100.000	150	150	1.58e-77	278
POS_NC_001803_1_F0.001_R2_3925	NC_012920.1	99.333	150	150	7.34e-76	272
POS_NC_001803_1_F0.001_R2_3926	NC_012920.1	100.000	150	150	1.58e-77	278
POS_NC_001803_1_F0.001_R2_3927	NC_012920.1	100.000	150	150	1.58e-77	278
POS_NC_001803_1_F0.001_R2_3928	NC_012920.1	99.333	150	150	7.34e-76	272
POS_NC_001803_1_F0.001_R2_3929	NC_012920.1	100.000	150	150	1.58e-77	278
POS_NC_001803_1_F0.001_R2_3930	NC_012920.1	99.333	150	150	7.34e-76	272
POS_NC_001803_1_F0.001_R2_3931	NC_012920.1	100.000	150	150	1.58e-77	278
POS_NC_001803_1_F0.001_R2_3932	NC_012920.1	99.333	150	150	7.34e-76	272
POS_NC_001803_1_F0.001_R2_3933	NC_012920.1	99.333	150	150	7.34e-76	272
POS_NC_001803_1_F0.001_R2_3934	NC_012920.1	100.000	150	150	1.58e-77	278
POS_NC_001803_1_F0.001_R2_3935	NC_012920.1	100.000	150	150	1.58e-77	278
POS_NC_001803_1_F0.001_R2_3936	NC_012920.1	99.333	150	150	7.34e-76	272
POS_NC_001803_1_F0.001_R2_3937	NC_012920.1	100.000	150	150	1.58e-77	278
POS_NC_001803_1_F0.001_R2_3938	NC_012920.1	100.000	150	150	1.58e-77	278
POS_NC_001803_1_F0.001_R2_3939	NC_012920.1	100.000	150	150	1.58e-77	278
POS_NC_001803_1_F0.001_R2_3940	NC_012920.1	100.000	150	150	1.58e-77	278
POS_NC_001803_1_F0.001_R2_3941	NC_012920.1	99.333	150	150	7.34e-76	272
POS_NC_001803_1_F0.001_R2_3942	NC_012920.1	99.333	150	150	7.34e-76	272
POS_NC_001803_1_F0.001_R2_3943	NC_012920.1	100.000	149	150	5.68e-77	276
POS_NC_001803_1_F0.001_R2_3944	NC_012920.1	100.000	150	150	1.58e-77	278
POS_NC_001803_1_F0.001_R2_3945	NC_012920.1	100.000	150	150	1.58e-77	278
POS_NC_001803_1_F0.001_R2_3946	NC_012920.1	99.333	150	150	7.34e-76	272
POS_NC_001803_1_F0.001_R2_3947	NC_012920.1	99.333	150	150	7.34e-76	272
POS_NC_001803_1_F0.001_R2_3948	NC_012920.1	100.000	150	150	1.58e-77	278
POS_NC_001803_1_F0.001_R2_3949	NC_012920.1	100.000	150	150	1.58e-77	278
POS_NC_001803_1_F0.001_R2_3950	NC_012920.1	98.667	150	150	3.42e-74	267
POS_NC_001803_1_F0.001_R2_3951	NC_012920.1	99.333	150	150	7.34e-76	272
POS_NC_001803_1_F0.001_R2_3952	NC_012920.1	100.000	150	150	1.58e-77	278
POS_NC_001803_1_F0.001_R2_3953	NC_012920.1	99.333	150	150	7.34e-76	272
POS_NC_001803_1_F0.001_R2_3954	NC_012920.1	100.000	149	150	5.68e-77	276
POS_NC_001803_1_F0.001_R2_3955	NC_012920.1	100.000	150	150	1.58e-77	278
POS_NC_001803_1_F0.001_R2_3956	NC_012920.1	100.000	150	150	1.58e-77	278
POS_NC_001803_1_F0.001_R2_3957	NC_012920.1	100.000	150	150	1.58e-77	278
POS_NC_001803_1_F0.001_R2_3958	NC_012920.1	100.000	150	150	1.58e-77	278
POS_NC_001803_1_F0.001_R2_3959	NC_012920.1	100.000	150	150	1.58e-77	278
POS_NC_001803_1_F0.001_R2_3960	NC_012920.1	100.000	150	150	1.58e-77	278
POS_NC_001803_1_F0.001_R2_3961	NC_012920.1	100.000	150	150	1.58e-77	278
POS_NC_001803_1_F0.001_R2_3962	NC_012920.1	100.000	150	150	1.58e-77	278
POS_NC_001803_1_F0.001_R2_3963	NC_012920.1	100.000	150	150	1.58e-77	278
POS_NC_001803_1_F0.001_R2_3964	NC_012920.1	100.000	150	150	1.58e-77	278
POS_NC_001803_1_F0.001_R2_3965	NC_012920.1	100.000	150	150	1.58e-77	278
POS_NC_001803_1_F0.001_R2_3966	NC_012920.1	99.333	150	150	7.34e-76	272
POS_NC_001803_1_F0.001_R2_3967	NC_012920.1	99.333	150	150	7.34e-76	272
POS_NC_001803_1_F0.001_R2_3968	NC_012920.1	100.000	150	150	1.58e-77	278
POS_NC_001803_1_F0.001_R2_3969	NC_012920.1	100.000	150	150	1.58e-77	278
POS_NC_001803_1_F0.001_R2_3970	NC_012920.1	100.000	150	150	1.58e-77	278
POS_NC_001803_1_F0.001_R2_3971	NC_012920.1	99.333	150	150	7.34e-76	272
POS_NC_001803_1_F0.001_R2_3972	NC_012920.1	100.000	150	150	1.58e-77	278
POS_NC_001803_1_F0.001_R2_3973	NC_012920.1	100.000	150	150	1.58e-77	278
POS_NC_001803_1_F0.001_R2_3974	NC_012920.1	100.000	150	150	1.58e-77	278
POS_NC_001803_1_F0.001_R2_3975	NC_012920.1	100.000	150	150	1.58e-77	278
POS_NC_001803_1_F0.001_R2_3976	NC_012920.1	100.000	150	150	1.58e-77	278
POS_NC_001803_1_F0.001_R2_3977	NC_012920.1	100.000	150	150	1.58e-77	278
POS_NC_001803_1_F0.001_R2_3978	NC_012920.1	99.333	150	150	7.34e-76	272
POS_NC_001803_1_F0.001_R2_3979	NC_012920.1	100.000	150	150	1.58e-77	278
POS_NC_001803_1_F0.001_R2_3980	NC_012920.1	99.333	150	150	7.34e-76	272
POS_NC_001803_1_F0.001_R2_3981	NC_012920.1	100.000	150	150	1.58e-77	278
POS_NC_001803_1_F0.001_R2_3982	NC_012920.1	100.000	150	150	1.58e-77	278
POS_NC_001803_1_F0.001_R2_3983	NC_012920.1	99.333	150	150	7.34e-76	272
POS_NC_001803_1_F0.001_R2_3984	NC_012920.1	100.000	150	150	1.58e-77	278
POS_NC_001803_1_F0.001_R2_3985	NC_012920.1	100.000	150	150	1.58e-77	278
POS_NC_001803_1_F0.001_R2_3986	NC_012920.1	99.333	150	150	7.34e-76	272
POS_NC_001803_1_F0.001_R2_3987	NC_012920.1	100.000	150	150	1.58e-77	278
POS_NC_001803_1_F0.001_R2_3988	NC_012920.1	100.000	150	150	1.58e-77	278
POS_NC_001803_1_F0.001_R2_3989	NC_012920.1	100.000	150	150	1.58e-77	278
POS_NC_001803_1_F0.001_R2_3990	NC_012920.1	100.000	150	150	1.58e-77	278
POS_NC_001803_1_F0.001_R2_3991	NC_012920.1	100.000	150	150	1.58e-77	278
POS_NC_001803_1_F0.001_R2_3992	NC_012920.1	100.000	150	150	1.58e-77	278
POS_NC_001803_1_F0.001_R2_3993	NC_012920.1	100.000	150	150	1.58e-77	278
POS_NC_001803_1_F0.001_R2_3994	NC_012920.1	100.000	150	150	1.58e-77	278
POS_NC_001803_1_F0.001_R2_3995	NC_012920.1	99.333	150	150	7.34e-76	272
POS_NC_001803_1_F0.001_R2_3996	NC_012920.1	100.000	150	150	1.58e-77	278
POS_NC_001803_1_F0.001_R2_3997	NC_012920.1	100.000	150	150	1.58e-77	278
POS_NC_001803_1_F0.001_R2_3998	NC_012920.1	100.000	150	150	1.58e-77	278
POS_NC_001803_1_F0.001_R2_3999	NC_012920.1	100.000	150	150	1.58e-77	278
POS_NC_001803_1_F0.001_R2_4000	NC_012920.1	99.333	150	150	7.34e-76	272
POS_NC_001803_1_F0.001_R2_4001	NC_012920.1	100.000	150	150	1.58e-77	278
POS_NC_001803_1_F0.001_R2_4002	NC_012920.1	100.000	150	150	1.58e-77	278
POS_NC_001803_1_F0.001_R2_4003	NC_012920.1	99.333	150	150	7.34e-76	272
POS_NC_001803_1_F0.001_R2_4004	NC_012920.1	100.000	150	150	1.58e-77	278
POS_NC_001803_1_F0.001_R2_4005	NC_012920.1	99.333	150	150	7.34e-76	272
POS_NC_001803_1_F0.001_R2_4006	NC_012920.1	100.000	150	150	1.58e-77	278
POS_NC_001803_1_F0.001_R2_4007	NC_012920.1	99.333	150	150	7.34e-76	272
POS_NC_001803_1_F0.001_R2_4008	NC_012920.1	99.333	150	150	7.34e-76	272
POS_NC_001803_1_F0.001_R2_4009	NC_012920.1	100.000	150	150	1.58e-77	278
POS_NC_001803_1_F0.001_R2_4010	NC_012920.1	100.000	150	150	2.04e-76	274
POS_NC_001803_1_F0.001_R2_4011	NC_012920.1	100.000	150	150	1.58e-77	278
POS_NC_001803_1_F0.001_R2_4012	NC_012920.1	100.000	150	150	1.58e-77	278
POS_NC_001803_1_F0.001_R2_4013	NC_012920.1	100.000	150	150	1.58e-77	278
POS_NC_001803_1_F0.001_R2_4014	NC_012920.1	100.000	150	150	1.58e-77	278
POS_NC_001803_1_F0.001_R2_4015	NC_012920.1	100.000	150	150	1.58e-77	278
POS_NC_001803_1_F0.001_R2_4016	NC_012920.1	100.000	150	150	1.58e-77	278
POS_NC_001803_1_F0.001_R2_4017	NC_012920.1	100.000	150	150	1.58e-77	278
POS_NC_001803_1_F0.001_R2_4018	NC_012920.1	100.000	150	150	1.58e-77	278
POS_NC_001803_1_F0.001_R2_4019	NC_012920.1	100.000	148	150	2.04e-76	274
POS_NC_001803_1_F0.001_R2_4020	NC_012920.1	100.000	150	150	1.58e-77	278
POS_NC_001803_1_F0.001_R2_4021	NC_012920.1	100.000	150	150	1.58e-77	278
POS_NC_001803_1_F0.001_R2_4022	NC_012920.1	100.000	150	150	1.58e-77	278
POS_NC_001803_1_F0.001_R2_4023	NC_012920.1	100.000	150	150	1.58e-77	278
POS_NC_001803_1_F0.001_R2_4024	NC_012920.1	100.000	150	150	1.58e-77	278
POS_NC_001803_1_F0.001_R2_4025	NC_012920.1	100.000	150	150	1.58e-77	278
POS_NC_001803_1_F0.001_R2_4026	NC_012920.1	100.000	150	150	1.58e-77	278
POS_NC_001803_1_F0.001_R2_4027	NC_012920.1	99.333	150	150	7.34e-76	272
POS_NC_001803_1_F0.001_R2_4028	NC_012920.1	100.000	150	150	1.58e-77	278
POS_NC_001803_1_F0.001_R2_4029	NC_012920.1	99.333	150	150	7.34e-76	272
POS_NC_001803_1_F0.001_R2_4030	NC_012920.1	98.667	150	150	3.42e-74	267
POS_NC_001803_1_F0.001_R2_4031	NC_012920.1	100.000	150	150	1.58e-77	278
POS_NC_001803_1_F0.001_R2_4032	NC_012920.1	99.333	150	150	7.34e-76	272
POS_NC_001803_1_F0.001_R2_4033	NC_012920.1	100.000	150	150	1.58e-77	278
POS_NC_001803_1_F0.001_R2_4034	NC_012920.1	100.000	150	150	1.58e-77	278
POS_NC_001803_1_F0.001_R2_4035	NC_012920.1	100.000	150	150	1.58e-77	278
POS_NC_001803_1_F0.001_R2_4036	NC_012920.1	99.333	150	150	7.34e-76	272
POS_NC_001803_1_F0.001_R2_4037	NC_012920.1	100.000	150	150	1.58e-77	278
POS_NC_001803_1_F0.001_R2_4038	NC_012920.1	99.333	150	150	7.34e-76	272
POS_NC_001803_1_F0.001_R2_4039	NC_012920.1	100.000	150	150	1.58e-77	278
POS_NC_001803_1_F0.001_R2_4040	NC_012920.1	100.000	150	150	1.58e-77	278
POS_NC_001803_1_F0.001_R2_4041	NC_012920.1	100.000	150	150	1.58e-77	278
POS_NC_001803_1_F0.001_R2_4042	NC_012920.1	100.000	150	150	1.58e-77	278
POS_NC_001803_1_F0.001_R2_4043	NC_012920.1	100.000	150	150	1.58e-77	278
POS_NC_001803_1_F0.001_R2_4044	NC_012920.1	100.000	150	150	1.58e-77	278
POS_NC_001803_1_F0.001_R2_4045	NC_012920.1	100.000	150	150	1.58e-77	278
POS_NC_001803_1_F0.001_R2_4046	NC_012920.1	100.000	150	150	1.58e-77	278
POS_NC_001803_1_F0.001_R2_4047	NC_012920.1	100.000	150	150	1.58e-77	278
POS_NC_001803_1_F0.001_R2_4048	NC_012920.1	98.667	150	150	3.42e-74	267
POS_NC_001803_1_F0.001_R2_4049	NC_012920.1	100.000	150	150	1.58e-77	278
POS_NC_001803_1_F0.001_R2_4050	NC_012920.1	99.333	150	150	7.34e-76	272
POS_NC_001803_1_F0.001_R2_4051	NC_012920.1	99.333	150	150	7.34e-76	272
POS_NC_001803_1_F0.001_R2_4052	NC_012920.1	100.000	150	150	1.58e-77	278
POS_NC_001803_1_F0.001_R2_4053	NC_012920.1	100.000	150	150	1.58e-77	278
POS_NC_001803_1_F0.001_R2_4054	NC_012920.1	99.333	150	150	7.34e-76	272
POS_NC_001803_1_F0.001_R2_4055	NC_012920.1	100.000	150	150	1.58e-77	278
POS_NC_001803_1_F0.001_R2_4056	NC_012920.1	99.333	150	150	7.34e-76	272
POS_NC_001803_1_F0.001_R2_4057	NC_012920.1	99.333	150	150	7.34e-76	272
POS_NC_001803_1_F0.001_R2_4058	NC_012920.1	100.000	150	150	1.58e-77	278
POS_NC_001803_1_F0.001_R2_4059	NC_012920.1	100.000	150	150	1.58e-77	278
POS_NC_001803_1_F0.001_R2_4060	NC_012920.1	100.000	150	150	1.58e-77	278
POS_NC_001803_1_F0.001_R2_4061	NC_012920.1	100.000	150	150	1.58e-77	278
POS_NC_001803_1_F0.001_R2_4062	NC_012920.1	100.000	150	150	1.58e-77	278
POS_NC_001803_1_F0.001_R2_4063	NC_012920.1	100.000	150	150	1.58e-77	278
POS_NC_001803_1_F0.001_R2_4064	NC_012920.1	100.000	150	150	1.58e-77	278
POS_NC_001803_1_F0.001_R2_4065	NC_012920.1	100.000	150	150	1.58e-77	278
POS_NC_001803_1_F0.001_R2_4066	NC_012920.1	98.000	150	150	1.59e-72	261
POS_NC_001803_1_F0.001_R2_4067	NC_012920.1	100.000	150	150	1.58e-77	278
POS_NC_001803_1_F0.001_R2_4068	NC_012920.1	100.000	150	150	1.58e-77	278
POS_NC_001803_1_F0.001_R2_4069	NC_012920.1	100.000	150	150	1.58e-77	278
POS_NC_001803_1_F0.001_R2_4070	NC_012920.1	99.333	150	150	7.34e-76	272
POS_NC_001803_1_F0.001_R2_4071	NC_012920.1	100.000	150	150	1.58e-77	278
POS_NC_001803_1_F0.001_R2_4072	NC_012920.1	100.000	150	150	1.58e-77	278
POS_NC_001803_1_F0.001_R2_4073	NC_012920.1	100.000	150	150	1.58e-77	278
POS_NC_001803_1_F0.001_R2_4074	NC_012920.1	100.000	150	150	1.58e-77	278
POS_NC_001803_1_F0.001_R2_4075	NC_012920.1	100.000	150	150	1.58e-77	278
POS_NC_001803_1_F0.001_R2_4076	NC_012920.1	99.333	150	150	7.34e-76	272
POS_NC_001803_1_F0.001_R2_4077	NC_012920.1	100.000	150	150	1.58e-77	278
POS_NC_001803_1_F0.001_R2_4078	NC_012920.1	100.000	150	150	1.58e-77	278
POS_NC_001803_1_F0.001_R2_4079	NC_012920.1	100.000	150	150	1.58e-77	278
POS_NC_001803_1_F0.001_R2_4080	NC_012920.1	100.000	150	150	1.58e-77	278
POS_NC_001803_1_F0.001_R2_4081	NC_012920.1	100.000	150	150	1.58e-77	278
POS_NC_001803_1_F0.001_R2_4082	NC_012920.1	100.000	150	150	1.58e-77	278
POS_NC_001803_1_F0.001_R2_4083	NC_012920.1	100.000	150	150	1.58e-77	278
POS_NC_001803_1_F0.001_R2_4084	NC_012920.1	100.000	150	150	1.58e-77	278
POS_NC_001803_1_F0.001_R2_4085	NC_012920.1	100.000	150	150	1.58e-77	278
POS_NC_001803_1_F0.001_R2_4086	NC_012920.1	100.000	150	150	1.58e-77	278
POS_NC_001803_1_F0.001_R2_4087	NC_012920.1	100.000	150	150	1.58e-77	278
POS_NC_001803_1_F0.001_R2_4088	NC_012920.1	100.000	150	150	1.58e-77	278
POS_NC_001803_1_F0.001_R2_4089	NC_012920.1	100.000	150	150	1.58e-77	278
POS_NC_001803_1_F0.001_R2_4090	NC_012920.1	99.333	150	150	7.34e-76	272
POS_NC_001803_1_F0.001_R2_4091	NC_012920.1	100.000	150	150	1.58e-77	278
POS_NC_001803_1_F0.001_R2_4092	NC_012920.1	100.000	150	150	1.58e-77	278
POS_NC_001803_1_F0.001_R2_4093	NC_012920.1	98.667	150	150	3.42e-74	267
POS_NC_001803_1_F0.001_R2_4094	NC_012920.1	100.000	150	150	1.58e-77	278
POS_NC_001803_1_F0.001_R2_4095	NC_012920.1	99.333	150	150	7.34e-76	272
POS_NC_001803_1_F0.001_R2_4096	NC_012920.1	99.333	150	150	7.34e-76	272
POS_NC_001803_1_F0.001_R2_4097	NC_012920.1	99.333	150	150	7.34e-76	272
POS_NC_001803_1_F0.001_R2_4098	NC_012920.1	99.333	150	150	7.34e-76	272
POS_NC_001803_1_F0.001_R2_4099	NC_012920.1	100.000	150	150	1.58e-77	278
POS_NC_001803_1_F0.001_R2_4100	NC_012920.1	100.000	150	150	1.58e-77	278
POS_NC_001803_1_F0.001_R2_4101	NC_012920.1	100.000	150	150	1.58e-77	278
POS_NC_001803_1_F0.001_R2_4102	NC_012920.1	100.000	150	150	1.58e-77	278
POS_NC_001803_1_F0.001_R2_4103	NC_012920.1	99.333	150	150	7.34e-76	272
POS_NC_001803_1_F0.001_R2_4104	NC_012920.1	98.667	150	150	3.42e-74	267
POS_NC_001803_1_F0.001_R2_4105	NC_012920.1	100.000	150	150	1.58e-77	278
POS_NC_001803_1_F0.001_R2_4106	NC_012920.1	100.000	150	150	1.58e-77	278
POS_NC_001803_1_F0.001_R2_4107	NC_012920.1	100.000	150	150	1.58e-77	278
POS_NC_001803_1_F0.001_R2_4108	NC_012920.1	100.000	150	150	1.58e-77	278
POS_NC_001803_1_F0.001_R2_4109	NC_012920.1	100.000	150	150	1.58e-77	278
POS_NC_001803_1_F0.001_R2_4110	NC_012920.1	100.000	150	150	1.58e-77	278
POS_NC_001803_1_F0.001_R2_4111	NC_012920.1	99.333	150	150	7.34e-76	272
POS_NC_001803_1_F0.001_R2_4112	NC_012920.1	100.000	150	150	1.58e-77	278
POS_NC_001803_1_F0.001_R2_4113	NC_012920.1	100.000	150	150	1.58e-77	278
POS_NC_001803_1_F0.001_R2_4114	NC_012920.1	100.000	150	150	1.58e-77	278
POS_NC_001803_1_F0.001_R2_4115	NC_012920.1	100.000	150	150	1.58e-77	278
POS_NC_001803_1_F0.001_R2_4116	NC_012920.1	100.000	150	150	1.58e-77	278
POS_NC_001803_1_F0.001_R2_4117	NC_012920.1	100.000	150	150	1.58e-77	278
POS_NC_001803_1_F0.001_R2_4118	NC_012920.1	100.000	150	150	1.58e-77	278
POS_NC_001803_1_F0.001_R2_4119	NC_012920.1	100.000	150	150	1.58e-77	278
POS_NC_001803_1_F0.001_R2_4120	NC_012920.1	100.000	150	150	1.58e-77	278
POS_NC_001803_1_F0.001_R2_4121	NC_012920.1	100.000	150	150	1.58e-77	278
POS_NC_001803_1_F0.001_R2_4122	NC_012920.1	100.000	150	150	1.58e-77	278
POS_NC_001803_1_F0.001_R2_4123	NC_012920.1	100.000	150	150	1.58e-77	278
POS_NC_001803_1_F0.001_R2_4124	NC_012920.1	98.000	150	150	1.59e-72	261
POS_NC_001803_1_F0.001_R2_4125	NC_012920.1	100.000	150	150	1.58e-77	278
POS_NC_001803_1_F0.001_R2_4126	NC_012920.1	100.000	150	150	1.58e-77	278
POS_NC_001803_1_F0.001_R2_4127	NC_012920.1	100.000	150	150	1.58e-77	278
POS_NC_001803_1_F0.001_R2_4128	NC_012920.1	100.000	150	150	1.58e-77	278
POS_NC_001803_1_F0.001_R2_4129	NC_012920.1	100.000	150	150	1.58e-77	278
POS_NC_001803_1_F0.001_R2_4130	NC_012920.1	100.000	150	150	1.58e-77	278
POS_NC_001803_1_F0.001_R2_4131	NC_012920.1	100.000	150	150	1.58e-77	278
POS_NC_001803_1_F0.001_R2_4132	NC_012920.1	99.333	150	150	7.34e-76	272
POS_NC_001803_1_F0.001_R2_4133	NC_012920.1	100.000	150	150	1.58e-77	278
POS_NC_001803_1_F0.001_R2_4134	NC_012920.1	100.000	150	150	1.58e-77	278
POS_NC_001803_1_F0.001_R2_4135	NC_012920.1	100.000	150	150	1.58e-77	278
POS_NC_001803_1_F0.001_R2_4136	NC_012920.1	100.000	150	150	1.58e-77	278
POS_NC_001803_1_F0.001_R2_4137	NC_012920.1	100.000	150	150	1.58e-77	278
POS_NC_001803_1_F0.001_R2_4138	NC_012920.1	100.000	150	150	1.58e-77	278
POS_NC_001803_1_F0.001_R2_4139	NC_012920.1	100.000	150	150	1.58e-77	278
POS_NC_001803_1_F0.001_R2_4140	NC_012920.1	100.000	150	150	1.58e-77	278
POS_NC_001803_1_F0.001_R2_4141	NC_012920.1	100.000	150	150	1.58e-77	278
POS_NC_001803_1_F0.001_R2_4142	NC_012920.1	100.000	150	150	1.58e-77	278
POS_NC_001803_1_F0.001_R2_4143	NC_012920.1	100.000	150	150	1.58e-77	278
POS_NC_001803_1_F0.001_R2_4144	NC_012920.1	100.000	150	150	1.58e-77	278
POS_NC_001803_1_F0.001_R2_4145	NC_012920.1	100.000	150	150	1.58e-77	278
POS_NC_001803_1_F0.001_R2_4146	NC_012920.1	98.667	150	150	3.42e-74	267
POS_NC_001803_1_F0.001_R2_4147	NC_012920.1	100.000	150	150	1.58e-77	278
POS_NC_001803_1_F0.001_R2_4148	NC_012920.1	99.333	150	150	7.34e-76	272
POS_NC_001803_1_F0.001_R2_4149	NC_012920.1	100.000	150	150	1.58e-77	278
POS_NC_001803_1_F0.001_R2_4150	NC_012920.1	100.000	150	150	1.58e-77	278
POS_NC_001803_1_F0.001_R2_4151	NC_012920.1	99.333	150	150	7.34e-76	272
POS_NC_001803_1_F0.001_R2_4152	NC_012920.1	98.667	150	150	3.42e-74	267
POS_NC_001803_1_F0.001_R2_4153	NC_012920.1	99.333	150	150	7.34e-76	272
POS_NC_001803_1_F0.001_R2_4154	NC_012920.1	100.000	150	150	1.58e-77	278
POS_NC_001803_1_F0.001_R2_4155	NC_012920.1	100.000	150	150	1.58e-77	278
POS_NC_001803_1_F0.001_R2_4156	NC_012920.1	99.333	150	150	7.34e-76	272
POS_NC_001803_1_F0.001_R2_4157	NC_012920.1	100.000	150	150	1.58e-77	278
POS_NC_001803_1_F0.001_R2_4158	NC_012920.1	100.000	150	150	1.58e-77	278
POS_NC_001803_1_F0.001_R2_4159	NC_012920.1	98.667	150	150	3.42e-74	267
POS_NC_001803_1_F0.001_R2_4160	NC_012920.1	98.667	150	150	3.42e-74	267
POS_NC_001803_1_F0.001_R2_4161	NC_012920.1	100.000	150	150	1.58e-77	278
POS_NC_001803_1_F0.001_R2_4162	NC_012920.1	99.333	150	150	7.34e-76	272
POS_NC_001803_1_F0.001_R2_4163	NC_012920.1	100.000	150	150	1.58e-77	278
POS_NC_001803_1_F0.001_R2_4164	NC_012920.1	99.333	150	150	7.34e-76	272
POS_NC_001803_1_F0.001_R2_4165	NC_012920.1	100.000	150	150	1.58e-77	278
POS_NC_001803_1_F0.001_R2_4166	NC_012920.1	100.000	150	150	1.58e-77	278
POS_NC_001803_1_F0.001_R2_4167	NC_012920.1	100.000	150	150	1.58e-77	278
POS_NC_001803_1_F0.001_R2_4168	NC_012920.1	100.000	150	150	1.58e-77	278
POS_NC_001803_1_F0.001_R2_4169	NC_012920.1	100.000	150	150	1.58e-77	278
POS_NC_001803_1_F0.001_R2_4170	NC_012920.1	100.000	150	150	1.58e-77	278
POS_NC_001803_1_F0.001_R2_4171	NC_012920.1	100.000	150	150	1.58e-77	278
POS_NC_001803_1_F0.001_R2_4172	NC_012920.1	100.000	150	150	1.58e-77	278
POS_NC_001803_1_F0.001_R2_4173	NC_012920.1	100.000	150	150	1.58e-77	278
POS_NC_001803_1_F0.001_R2_4174	NC_012920.1	99.333	150	150	7.34e-76	272
POS_NC_001803_1_F0.001_R2_4175	NC_012920.1	100.000	150	150	1.58e-77	278
POS_NC_001803_1_F0.001_R2_4176	NC_012920.1	100.000	150	150	1.58e-77	278
POS_NC_001803_1_F0.001_R2_4177	NC_012920.1	100.000	150	150	1.58e-77	278
POS_NC_001803_1_F0.001_R2_4178	NC_012920.1	100.000	150	150	1.58e-77	278
POS_NC_001803_1_F0.001_R2_4179	NC_012920.1	100.000	150	150	1.58e-77	278
POS_NC_001803_1_F0.001_R2_4180	NC_012920.1	100.000	150	150	1.58e-77	278
POS_NC_001803_1_F0.001_R2_4181	NC_012920.1	100.000	150	150	1.58e-77	278
POS_NC_001803_1_F0.001_R2_4182	NC_012920.1	100.000	150	150	1.58e-77	278
POS_NC_001803_1_F0.001_R2_4183	NC_012920.1	99.333	150	150	7.34e-76	272
POS_NC_001803_1_F0.001_R2_4184	NC_012920.1	99.333	150	150	7.34e-76	272
POS_NC_001803_1_F0.001_R2_4185	NC_012920.1	100.000	150	150	1.58e-77	278
POS_NC_001803_1_F0.001_R2_4186	NC_012920.1	99.333	150	150	7.34e-76	272
POS_NC_001803_1_F0.001_R2_4187	NC_012920.1	99.333	150	150	7.34e-76	272
POS_NC_001803_1_F0.001_R2_4188	NC_012920.1	100.000	150	150	1.58e-77	278
POS_NC_001803_1_F0.001_R2_4189	NC_012920.1	100.000	150	150	1.58e-77	278
POS_NC_001803_1_F0.001_R2_4190	NC_012920.1	100.000	150	150	1.58e-77	278
POS_NC_001803_1_F0.001_R2_4191	NC_012920.1	100.000	150	150	1.58e-77	278
POS_NC_001803_1_F0.001_R2_4192	NC_012920.1	100.000	150	150	1.58e-77	278
POS_NC_001803_1_F0.001_R2_4193	NC_012920.1	100.000	150	150	1.58e-77	278
POS_NC_001803_1_F0.001_R2_4194	NC_012920.1	100.000	150	150	1.58e-77	278
POS_NC_001803_1_F0.001_R2_4195	NC_012920.1	100.000	150	150	1.58e-77	278
POS_NC_001803_1_F0.001_R2_4196	NC_012920.1	99.333	150	150	7.34e-76	272
POS_NC_001803_1_F0.001_R2_4197	NC_012920.1	100.000	150	150	1.58e-77	278
POS_NC_001803_1_F0.001_R2_4198	NC_012920.1	100.000	150	150	1.58e-77	278
POS_NC_001803_1_F0.001_R2_4199	NC_012920.1	98.667	150	150	3.42e-74	267
POS_NC_001803_1_F0.001_R2_4200	NC_012920.1	100.000	150	150	1.58e-77	278
POS_NC_001803_1_F0.001_R2_4201	NC_012920.1	100.000	150	150	1.58e-77	278
POS_NC_001803_1_F0.001_R2_4202	NC_012920.1	98.667	150	150	3.42e-74	267
POS_NC_001803_1_F0.001_R2_4203	NC_012920.1	100.000	150	150	1.58e-77	278
POS_NC_001803_1_F0.001_R2_4204	NC_012920.1	100.000	150	150	1.58e-77	278
POS_NC_001803_1_F0.001_R2_4205	NC_012920.1	99.333	150	150	7.34e-76	272
POS_NC_001803_1_F0.001_R2_4206	NC_012920.1	100.000	150	150	1.58e-77	278
POS_NC_001803_1_F0.001_R2_4207	NC_012920.1	100.000	150	150	1.58e-77	278
POS_NC_001803_1_F0.001_R2_4208	NC_012920.1	98.667	150	150	3.42e-74	267
POS_NC_001803_1_F0.001_R2_4209	NC_012920.1	100.000	150	150	1.58e-77	278
POS_NC_001803_1_F0.001_R2_4210	NC_012920.1	100.000	150	150	1.58e-77	278
POS_NC_001803_1_F0.001_R2_4211	NC_012920.1	100.000	150	150	1.58e-77	278
POS_NC_001803_1_F0.001_R2_4212	NC_012920.1	100.000	150	150	1.58e-77	278
POS_NC_001803_1_F0.001_R2_4213	NC_012920.1	100.000	150	150	1.58e-77	278
POS_NC_001803_1_F0.001_R2_4214	NC_012920.1	99.333	150	150	7.34e-76	272
POS_NC_001803_1_F0.001_R2_4215	NC_012920.1	100.000	150	150	1.58e-77	278
POS_NC_001803_1_F0.001_R2_4216	NC_012920.1	100.000	150	150	1.58e-77	278
POS_NC_001803_1_F0.001_R2_4217	NC_012920.1	100.000	150	150	1.58e-77	278
POS_NC_001803_1_F0.001_R2_4218	NC_012920.1	100.000	150	150	1.58e-77	278
POS_NC_001803_1_F0.001_R2_4219	NC_012920.1	100.000	150	150	1.58e-77	278
POS_NC_001803_1_F0.001_R2_4220	NC_012920.1	100.000	150	150	1.58e-77	278
POS_NC_001803_1_F0.001_R2_4221	NC_012920.1	99.333	150	150	9.50e-75	268
POS_NC_001803_1_F0.001_R2_4222	NC_012920.1	100.000	150	150	1.58e-77	278
POS_NC_001803_1_F0.001_R2_4223	NC_012920.1	100.000	150	150	1.58e-77	278
POS_NC_001803_1_F0.001_R2_4224	NC_012920.1	100.000	150	150	1.58e-77	278
POS_NC_001803_1_F0.001_R2_4225	NC_012920.1	100.000	150	150	1.58e-77	278
POS_NC_001803_1_F0.001_R2_4226	NC_012920.1	100.000	150	150	1.58e-77	278
POS_NC_001803_1_F0.001_R2_4227	NC_012920.1	100.000	150	150	1.58e-77	278
POS_NC_001803_1_F0.001_R2_4228	NC_012920.1	100.000	150	150	1.58e-77	278
POS_NC_001803_1_F0.001_R2_4229	NC_012920.1	100.000	150	150	1.58e-77	278
POS_NC_001803_1_F0.001_R2_4230	NC_012920.1	100.000	150	150	1.58e-77	278
POS_NC_001803_1_F0.001_R2_4231	NC_012920.1	99.333	150	150	7.34e-76	272
POS_NC_001803_1_F0.001_R2_4232	NC_012920.1	100.000	150	150	1.58e-77	278
POS_NC_001803_1_F0.001_R2_4233	NC_012920.1	100.000	150	150	1.58e-77	278
POS_NC_001803_1_F0.001_R2_4234	NC_012920.1	100.000	150	150	1.58e-77	278
POS_NC_001803_1_F0.001_R2_4235	NC_012920.1	100.000	150	150	1.58e-77	278
POS_NC_001803_1_F0.001_R2_4236	NC_012920.1	100.000	150	150	1.58e-77	278
POS_NC_001803_1_F0.001_R2_4237	NC_012920.1	98.667	150	150	3.42e-74	267
POS_NC_001803_1_F0.001_R2_4238	NC_012920.1	100.000	150	150	1.58e-77	278
POS_NC_001803_1_F0.001_R2_4239	NC_012920.1	100.000	150	150	1.58e-77	278
POS_NC_001803_1_F0.001_R2_4240	NC_012920.1	99.333	150	150	7.34e-76	272
POS_NC_001803_1_F0.001_R2_4241	NC_012920.1	100.000	150	150	1.58e-77	278
POS_NC_001803_1_F0.001_R2_4242	NC_012920.1	100.000	150	150	1.58e-77	278
POS_NC_001803_1_F0.001_R2_4243	NC_012920.1	99.333	150	150	7.34e-76	272
POS_NC_001803_1_F0.001_R2_4244	NC_012920.1	99.333	150	150	7.34e-76	272
POS_NC_001803_1_F0.001_R2_4245	NC_012920.1	100.000	150	150	1.58e-77	278
POS_NC_001803_1_F0.001_R2_4246	NC_012920.1	100.000	150	150	1.58e-77	278
POS_NC_001803_1_F0.001_R2_4247	NC_012920.1	100.000	150	150	1.58e-77	278
POS_NC_001803_1_F0.001_R2_4248	NC_012920.1	99.333	150	150	7.34e-76	272
POS_NC_001803_1_F0.001_R2_4249	NC_012920.1	99.333	150	150	7.34e-76	272
POS_NC_001803_1_F0.001_R2_4250	NC_012920.1	99.333	150	150	7.34e-76	272
POS_NC_001803_1_F0.001_R2_4251	NC_012920.1	100.000	150	150	1.58e-77	278
POS_NC_001803_1_F0.001_R2_4252	NC_012920.1	100.000	150	150	1.58e-77	278
POS_NC_001803_1_F0.001_R2_4253	NC_012920.1	100.000	150	150	1.58e-77	278
POS_NC_001803_1_F0.001_R2_4254	NC_012920.1	100.000	150	150	1.58e-77	278
POS_NC_001803_1_F0.001_R2_4255	NC_012920.1	100.000	150	150	1.58e-77	278
POS_NC_001803_1_F0.001_R2_4256	NC_012920.1	100.000	150	150	1.58e-77	278
POS_NC_001803_1_F0.001_R2_4257	NC_012920.1	100.000	150	150	1.58e-77	278
POS_NC_001803_1_F0.001_R2_4258	NC_012920.1	99.333	150	150	7.34e-76	272
POS_NC_001803_1_F0.001_R2_4259	NC_012920.1	99.333	150	150	7.34e-76	272
POS_NC_001803_1_F0.001_R2_4260	NC_012920.1	100.000	150	150	1.58e-77	278
POS_NC_001803_1_F0.001_R2_4261	NC_012920.1	100.000	150	150	1.58e-77	278
POS_NC_001803_1_F0.001_R2_4262	NC_012920.1	100.000	150	150	1.58e-77	278
POS_NC_001803_1_F0.001_R2_4263	NC_012920.1	100.000	150	150	1.58e-77	278
POS_NC_001803_1_F0.001_R2_4264	NC_012920.1	100.000	150	150	1.58e-77	278
POS_NC_001803_1_F0.001_R2_4265	NC_012920.1	100.000	150	150	1.58e-77	278
POS_NC_001803_1_F0.001_R2_4266	NC_012920.1	99.333	150	150	7.34e-76	272
POS_NC_001803_1_F0.001_R2_4267	NC_012920.1	100.000	150	150	1.58e-77	278
POS_NC_001803_1_F0.001_R2_4268	NC_012920.1	100.000	150	150	1.58e-77	278
POS_NC_001803_1_F0.001_R2_4269	NC_012920.1	99.333	150	150	7.34e-76	272
POS_NC_001803_1_F0.001_R2_4270	NC_012920.1	100.000	150	150	1.58e-77	278
POS_NC_001803_1_F0.001_R2_4271	NC_012920.1	100.000	150	150	1.58e-77	278
POS_NC_001803_1_F0.001_R2_4272	NC_012920.1	100.000	150	150	1.58e-77	278
POS_NC_001803_1_F0.001_R2_4273	NC_012920.1	100.000	150	150	1.58e-77	278
POS_NC_001803_1_F0.001_R2_4274	NC_012920.1	99.333	150	150	7.34e-76	272
POS_NC_001803_1_F0.001_R2_4275	NC_012920.1	100.000	150	150	1.58e-77	278
POS_NC_001803_1_F0.001_R2_4276	NC_012920.1	100.000	150	150	1.58e-77	278
POS_NC_001803_1_F0.001_R2_4277	NC_012920.1	100.000	150	150	1.58e-77	278
POS_NC_001803_1_F0.001_R2_4278	NC_012920.1	99.333	150	150	7.34e-76	272
POS_NC_001803_1_F0.001_R2_4279	NC_012920.1	100.000	150	150	1.58e-77	278
POS_NC_001803_1_F0.001_R2_4280	NC_012920.1	100.000	150	150	1.58e-77	278
POS_NC_001803_1_F0.001_R2_4281	NC_012920.1	100.000	150	150	1.58e-77	278
POS_NC_001803_1_F0.001_R2_4282	NC_012920.1	100.000	150	150	1.58e-77	278
POS_NC_001803_1_F0.001_R2_4283	NC_012920.1	99.333	150	150	7.34e-76	272
POS_NC_001803_1_F0.001_R2_4284	NC_012920.1	100.000	150	150	1.58e-77	278
POS_NC_001803_1_F0.001_R2_4285	NC_012920.1	100.000	150	150	1.58e-77	278
POS_NC_001803_1_F0.001_R2_4286	NC_012920.1	100.000	150	150	1.58e-77	278
POS_NC_001803_1_F0.001_R2_4287	NC_012920.1	100.000	150	150	1.58e-77	278
POS_NC_001803_1_F0.001_R2_4288	NC_012920.1	98.667	150	150	3.42e-74	267
POS_NC_001803_1_F0.001_R2_4289	NC_012920.1	99.333	150	150	7.34e-76	272
POS_NC_001803_1_F0.001_R2_4290	NC_012920.1	100.000	150	150	1.58e-77	278
POS_NC_001803_1_F0.001_R2_4291	NC_012920.1	100.000	150	150	1.58e-77	278
POS_NC_001803_1_F0.001_R2_4292	NC_012920.1	100.000	150	150	1.58e-77	278
POS_NC_001803_1_F0.001_R2_4293	NC_012920.1	100.000	150	150	1.58e-77	278
POS_NC_001803_1_F0.001_R2_4294	NC_012920.1	99.333	150	150	7.34e-76	272
POS_NC_001803_1_F0.001_R2_4295	NC_012920.1	100.000	150	150	1.58e-77	278
POS_NC_001803_1_F0.001_R2_4296	NC_012920.1	100.000	150	150	1.58e-77	278
POS_NC_001803_1_F0.001_R2_4297	NC_012920.1	100.000	150	150	1.58e-77	278
POS_NC_001803_1_F0.001_R2_4298	NC_012920.1	99.333	150	150	7.34e-76	272
POS_NC_001803_1_F0.001_R2_4299	NC_012920.1	100.000	150	150	1.58e-77	278
POS_NC_001803_1_F0.001_R2_4300	NC_012920.1	100.000	150	150	1.58e-77	278
POS_NC_001803_1_F0.001_R2_4301	NC_012920.1	99.333	150	150	7.34e-76	272
POS_NC_001803_1_F0.001_R2_4302	NC_012920.1	100.000	150	150	1.58e-77	278
POS_NC_001803_1_F0.001_R2_4303	NC_012920.1	100.000	150	150	1.58e-77	278
POS_NC_001803_1_F0.001_R2_4304	NC_012920.1	100.000	150	150	1.58e-77	278
POS_NC_001803_1_F0.001_R2_4305	NC_012920.1	100.000	150	150	1.58e-77	278
POS_NC_001803_1_F0.001_R2_4306	NC_012920.1	100.000	150	150	1.58e-77	278
POS_NC_001803_1_F0.001_R2_4307	NC_012920.1	100.000	150	150	1.58e-77	278
POS_NC_001803_1_F0.001_R2_4308	NC_012920.1	100.000	150	150	1.58e-77	278
POS_NC_001803_1_F0.001_R2_4309	NC_012920.1	100.000	150	150	1.58e-77	278
POS_NC_001803_1_F0.001_R2_4310	NC_012920.1	100.000	150	150	1.58e-77	278
POS_NC_001803_1_F0.001_R2_4311	NC_012920.1	99.333	150	150	7.34e-76	272
POS_NC_001803_1_F0.001_R2_4312	NC_012920.1	100.000	150	150	1.58e-77	278
POS_NC_001803_1_F0.001_R2_4313	NC_012920.1	100.000	150	150	1.58e-77	278
POS_NC_001803_1_F0.001_R2_4314	NC_012920.1	100.000	150	150	1.58e-77	278
POS_NC_001803_1_F0.001_R2_4315	NC_012920.1	99.333	150	150	7.34e-76	272
POS_NC_001803_1_F0.001_R2_4316	NC_012920.1	99.333	150	150	7.34e-76	272
POS_NC_001803_1_F0.001_R2_4317	NC_012920.1	100.000	150	150	1.58e-77	278
POS_NC_001803_1_F0.001_R2_4318	NC_012920.1	99.333	150	150	7.34e-76	272
POS_NC_001803_1_F0.001_R2_4319	NC_012920.1	100.000	150	150	1.58e-77	278
POS_NC_001803_1_F0.001_R2_4320	NC_012920.1	100.000	150	150	1.58e-77	278
POS_NC_001803_1_F0.001_R2_4321	NC_012920.1	98.667	150	150	3.42e-74	267
POS_NC_001803_1_F0.001_R2_4322	NC_012920.1	100.000	150	150	1.58e-77	278
POS_NC_001803_1_F0.001_R2_4323	NC_012920.1	100.000	150	150	1.58e-77	278
POS_NC_001803_1_F0.001_R2_4324	NC_012920.1	100.000	150	150	1.58e-77	278
POS_NC_001803_1_F0.001_R2_4325	NC_012920.1	99.333	150	150	7.34e-76	272
POS_NC_001803_1_F0.001_R2_4326	NC_012920.1	100.000	150	150	1.58e-77	278
POS_NC_001803_1_F0.001_R2_4327	NC_012920.1	100.000	150	150	1.58e-77	278
POS_NC_001803_1_F0.001_R2_4328	NC_012920.1	99.333	150	150	7.34e-76	272
POS_NC_001803_1_F0.001_R2_4329	NC_012920.1	100.000	147	150	7.34e-76	272
POS_NC_001803_1_F0.001_R2_4330	NC_012920.1	100.000	150	150	1.58e-77	278
POS_NC_001803_1_F0.001_R2_4331	NC_012920.1	100.000	150	150	1.58e-77	278
POS_NC_001803_1_F0.001_R2_4332	NC_012920.1	100.000	150	150	1.58e-77	278
POS_NC_001803_1_F0.001_R2_4333	NC_012920.1	98.667	150	150	3.42e-74	267
POS_NC_001803_1_F0.001_R2_4334	NC_012920.1	98.667	150	150	3.42e-74	267
POS_NC_001803_1_F0.001_R2_4335	NC_012920.1	99.333	150	150	7.34e-76	272
POS_NC_001803_1_F0.001_R2_4336	NC_012920.1	99.333	150	150	7.34e-76	272
POS_NC_001803_1_F0.001_R2_4337	NC_012920.1	100.000	150	150	1.58e-77	278
POS_NC_001803_1_F0.001_R2_4338	NC_012920.1	100.000	150	150	1.58e-77	278
POS_NC_001803_1_F0.001_R2_4339	NC_012920.1	99.333	150	150	7.34e-76	272
POS_NC_001803_1_F0.001_R2_4340	NC_012920.1	99.324	148	150	9.50e-75	268
POS_NC_001803_1_F0.001_R2_4341	NC_012920.1	100.000	150	150	1.58e-77	278
POS_NC_001803_1_F0.001_R2_4342	NC_012920.1	99.333	150	150	7.34e-76	272
POS_NC_001803_1_F0.001_R2_4343	NC_012920.1	100.000	150	150	1.58e-77	278
POS_NC_001803_1_F0.001_R2_4344	NC_012920.1	100.000	150	150	1.58e-77	278
POS_NC_001803_1_F0.001_R2_4345	NC_012920.1	99.333	150	150	7.34e-76	272
POS_NC_001803_1_F0.001_R2_4346	NC_012920.1	98.667	150	150	3.42e-74	267
POS_NC_001803_1_F0.001_R2_4347	NC_012920.1	100.000	150	150	1.58e-77	278
POS_NC_001803_1_F0.001_R2_4348	NC_012920.1	100.000	150	150	1.58e-77	278
POS_NC_001803_1_F0.001_R2_4349	NC_012920.1	100.000	150	150	1.58e-77	278
POS_NC_001803_1_F0.001_R2_4350	NC_012920.1	100.000	150	150	1.58e-77	278
POS_NC_001803_1_F0.001_R2_4351	NC_012920.1	100.000	150	150	1.58e-77	278
POS_NC_001803_1_F0.001_R2_4352	NC_012920.1	100.000	150	150	1.58e-77	278
POS_NC_001803_1_F0.001_R2_4353	NC_012920.1	100.000	150	150	1.58e-77	278
POS_NC_001803_1_F0.001_R2_4354	NC_012920.1	100.000	150	150	1.58e-77	278
POS_NC_001803_1_F0.001_R2_4355	NC_012920.1	100.000	150	150	1.58e-77	278
POS_NC_001803_1_F0.001_R2_4356	NC_012920.1	99.333	150	150	7.34e-76	272
POS_NC_001803_1_F0.001_R2_4357	NC_012920.1	99.333	150	150	7.34e-76	272
POS_NC_001803_1_F0.001_R2_4358	NC_012920.1	99.333	150	150	7.34e-76	272
POS_NC_001803_1_F0.001_R2_4359	NC_012920.1	99.333	150	150	7.34e-76	272
POS_NC_001803_1_F0.001_R2_4360	NC_012920.1	100.000	150	150	1.58e-77	278
POS_NC_001803_1_F0.001_R2_4361	NC_012920.1	99.333	150	150	7.34e-76	272
POS_NC_001803_1_F0.001_R2_4362	NC_012920.1	99.324	148	150	9.50e-75	268
POS_NC_001803_1_F0.001_R2_4363	NC_012920.1	98.667	150	150	3.42e-74	267
POS_NC_001803_1_F0.001_R2_4364	NC_012920.1	100.000	150	150	1.58e-77	278
POS_NC_001803_1_F0.001_R2_4365	NC_012920.1	100.000	150	150	1.58e-77	278
POS_NC_001803_1_F0.001_R2_4366	NC_012920.1	99.333	150	150	7.34e-76	272
POS_NC_001803_1_F0.001_R2_4367	NC_012920.1	100.000	150	150	1.58e-77	278
POS_NC_001803_1_F0.001_R2_4368	NC_012920.1	99.333	150	150	7.34e-76	272
POS_NC_001803_1_F0.001_R2_4369	NC_012920.1	100.000	150	150	1.58e-77	278
POS_NC_001803_1_F0.001_R2_4370	NC_012920.1	100.000	150	150	1.58e-77	278
POS_NC_001803_1_F0.001_R2_4371	NC_012920.1	100.000	150	150	1.58e-77	278
POS_NC_001803_1_F0.001_R2_4372	NC_012920.1	99.333	150	150	9.50e-75	268
POS_NC_001803_1_F0.001_R2_4373	NC_012920.1	99.333	150	150	7.34e-76	272
POS_NC_001803_1_F0.001_R2_4374	NC_012920.1	100.000	150	150	1.58e-77	278
POS_NC_001803_1_F0.001_R2_4375	NC_012920.1	100.000	150	150	1.58e-77	278
POS_NC_001803_1_F0.001_R2_4376	NC_012920.1	100.000	150	150	1.58e-77	278
POS_NC_001803_1_F0.001_R2_4377	NC_012920.1	100.000	150	150	1.58e-77	278
POS_NC_001803_1_F0.001_R2_4378	NC_012920.1	100.000	150	150	1.58e-77	278
POS_NC_001803_1_F0.001_R2_4379	NC_012920.1	100.000	150	150	1.58e-77	278
POS_NC_001803_1_F0.001_R2_4380	NC_012920.1	100.000	150	150	1.58e-77	278
POS_NC_001803_1_F0.001_R2_4381	NC_012920.1	99.333	150	150	7.34e-76	272
POS_NC_001803_1_F0.001_R2_4382	NC_012920.1	100.000	150	150	1.58e-77	278
POS_NC_001803_1_F0.001_R2_4383	NC_012920.1	100.000	150	150	1.58e-77	278
POS_NC_001803_1_F0.001_R2_4384	NC_012920.1	98.667	150	150	3.42e-74	267
POS_NC_001803_1_F0.001_R2_4385	NC_012920.1	99.333	150	150	7.34e-76	272
POS_NC_001803_1_F0.001_R2_4386	NC_012920.1	99.333	150	150	7.34e-76	272
POS_NC_001803_1_F0.001_R2_4387	NC_012920.1	100.000	150	150	1.58e-77	278
POS_NC_001803_1_F0.001_R2_4388	NC_012920.1	100.000	150	150	1.58e-77	278
POS_NC_001803_1_F0.001_R2_4389	NC_012920.1	100.000	150	150	1.58e-77	278
POS_NC_001803_1_F0.001_R2_4390	NC_012920.1	99.333	150	150	7.34e-76	272
POS_NC_001803_1_F0.001_R2_4391	NC_012920.1	100.000	150	150	1.58e-77	278
POS_NC_001803_1_F0.001_R2_4392	NC_012920.1	99.333	150	150	7.34e-76	272
POS_NC_001803_1_F0.001_R2_4393	NC_012920.1	100.000	150	150	1.58e-77	278
POS_NC_001803_1_F0.001_R2_4394	NC_012920.1	100.000	150	150	1.58e-77	278
POS_NC_001803_1_F0.001_R2_4395	NC_012920.1	100.000	150	150	1.58e-77	278
POS_NC_001803_1_F0.001_R2_4396	NC_012920.1	100.000	150	150	1.58e-77	278
POS_NC_001803_1_F0.001_R2_4397	NC_012920.1	100.000	150	150	1.58e-77	278
POS_NC_001803_1_F0.001_R2_4398	NC_012920.1	100.000	150	150	1.58e-77	278
POS_NC_001803_1_F0.001_R2_4399	NC_012920.1	100.000	150	150	1.58e-77	278
POS_NC_001803_1_F0.001_R2_4400	NC_012920.1	98.667	150	150	3.42e-74	267
POS_NC_001803_1_F0.001_R2_4401	NC_012920.1	100.000	150	150	1.58e-77	278
POS_NC_001803_1_F0.001_R2_4402	NC_012920.1	100.000	150	150	1.58e-77	278
POS_NC_001803_1_F0.001_R2_4403	NC_012920.1	99.333	150	150	7.34e-76	272
POS_NC_001803_1_F0.001_R2_4404	NC_012920.1	100.000	150	150	1.58e-77	278
POS_NC_001803_1_F0.001_R2_4405	NC_012920.1	100.000	150	150	1.58e-77	278
POS_NC_001803_1_F0.001_R2_4406	NC_012920.1	100.000	150	150	1.58e-77	278
POS_NC_001803_1_F0.001_R2_4407	NC_012920.1	99.333	150	150	7.34e-76	272
POS_NC_001803_1_F0.001_R2_4408	NC_012920.1	98.667	150	150	3.42e-74	267
POS_NC_001803_1_F0.001_R2_4409	NC_012920.1	100.000	150	150	1.58e-77	278
POS_NC_001803_1_F0.001_R2_4410	NC_012920.1	99.333	150	150	7.34e-76	272
POS_NC_001803_1_F0.001_R2_4411	NC_012920.1	100.000	150	150	1.58e-77	278
POS_NC_001803_1_F0.001_R2_4412	NC_012920.1	100.000	150	150	1.58e-77	278
POS_NC_001803_1_F0.001_R2_4413	NC_012920.1	100.000	150	150	1.58e-77	278
POS_NC_001803_1_F0.001_R2_4414	NC_012920.1	99.333	150	150	7.34e-76	272
POS_NC_001803_1_F0.001_R2_4415	NC_012920.1	100.000	150	150	1.58e-77	278
POS_NC_001803_1_F0.001_R2_4416	NC_012920.1	100.000	150	150	1.58e-77	278
POS_NC_001803_1_F0.001_R2_4417	NC_012920.1	100.000	150	150	1.58e-77	278
POS_NC_001803_1_F0.001_R2_4418	NC_012920.1	100.000	150	150	1.58e-77	278
POS_NC_001803_1_F0.001_R2_4419	NC_012920.1	100.000	150	150	1.58e-77	278
POS_NC_001803_1_F0.001_R2_4420	NC_012920.1	100.000	150	150	1.58e-77	278
POS_NC_001803_1_F0.001_R2_4421	NC_012920.1	99.333	150	150	7.34e-76	272
POS_NC_001803_1_F0.001_R2_4422	NC_012920.1	100.000	150	150	1.58e-77	278
POS_NC_001803_1_F0.001_R2_4423	NC_012920.1	100.000	150	150	1.58e-77	278
POS_NC_001803_1_F0.001_R2_4424	NC_012920.1	100.000	150	150	1.58e-77	278
POS_NC_001803_1_F0.001_R2_4425	NC_012920.1	100.000	150	150	1.58e-77	278
POS_NC_001803_1_F0.001_R2_4426	NC_012920.1	100.000	150	150	1.58e-77	278
POS_NC_001803_1_F0.001_R2_4427	NC_012920.1	100.000	150	150	1.58e-77	278
POS_NC_001803_1_F0.001_R2_4428	NC_012920.1	98.667	150	150	3.42e-74	267
POS_NC_001803_1_F0.001_R2_4429	NC_012920.1	100.000	150	150	1.58e-77	278
POS_NC_001803_1_F0.001_R2_4430	NC_012920.1	100.000	150	150	1.58e-77	278
POS_NC_001803_1_F0.001_R2_4431	NC_012920.1	100.000	150	150	1.58e-77	278
POS_NC_001803_1_F0.001_R2_4432	NC_012920.1	100.000	150	150	1.58e-77	278
POS_NC_001803_1_F0.001_R2_4433	NC_012920.1	100.000	150	150	1.58e-77	278
POS_NC_001803_1_F0.001_R2_4434	NC_012920.1	100.000	150	150	1.58e-77	278
POS_NC_001803_1_F0.001_R2_4435	NC_012920.1	100.000	150	150	1.58e-77	278
POS_NC_001803_1_F0.001_R2_4436	NC_012920.1	100.000	150	150	1.58e-77	278
POS_NC_001803_1_F0.001_R2_4437	NC_012920.1	100.000	150	150	1.58e-77	278
POS_NC_001803_1_F0.001_R2_4438	NC_012920.1	100.000	150	150	1.58e-77	278
POS_NC_001803_1_F0.001_R2_4439	NC_012920.1	99.333	150	150	7.34e-76	272
POS_NC_001803_1_F0.001_R2_4440	NC_012920.1	99.333	150	150	7.34e-76	272
POS_NC_001803_1_F0.001_R2_4441	NC_012920.1	100.000	150	150	1.58e-77	278
POS_NC_001803_1_F0.001_R2_4442	NC_012920.1	98.667	150	150	3.42e-74	267
POS_NC_001803_1_F0.001_R2_4443	NC_012920.1	100.000	150	150	1.58e-77	278
POS_NC_001803_1_F0.001_R2_4444	NC_012920.1	100.000	150	150	1.58e-77	278
POS_NC_001803_1_F0.001_R2_4445	NC_012920.1	100.000	150	150	1.58e-77	278
POS_NC_001803_1_F0.001_R2_4446	NC_012920.1	100.000	150	150	1.58e-77	278
POS_NC_001803_1_F0.001_R2_4447	NC_012920.1	100.000	150	150	1.58e-77	278
POS_NC_001803_1_F0.001_R2_4448	NC_012920.1	100.000	150	150	1.58e-77	278
POS_NC_001803_1_F0.001_R2_4449	NC_012920.1	100.000	150	150	1.58e-77	278
POS_NC_001803_1_F0.001_R2_4450	NC_012920.1	100.000	150	150	1.58e-77	278
POS_NC_001803_1_F0.001_R2_4451	NC_012920.1	98.667	150	150	3.42e-74	267
POS_NC_001803_1_F0.001_R2_4452	NC_012920.1	100.000	150	150	1.58e-77	278
POS_NC_001803_1_F0.001_R2_4453	NC_012920.1	100.000	150	150	1.58e-77	278
POS_NC_001803_1_F0.001_R2_4454	NC_012920.1	99.333	150	150	7.34e-76	272
POS_NC_001803_1_F0.001_R2_4455	NC_012920.1	100.000	150	150	1.58e-77	278
POS_NC_001803_1_F0.001_R2_4456	NC_012920.1	100.000	150	150	1.58e-77	278
POS_NC_001803_1_F0.001_R2_4457	NC_012920.1	100.000	150	150	1.58e-77	278
POS_NC_001803_1_F0.001_R2_4458	NC_012920.1	100.000	150	150	1.58e-77	278
POS_NC_001803_1_F0.001_R2_4459	NC_012920.1	99.333	150	150	7.34e-76	272
POS_NC_001803_1_F0.001_R2_4460	NC_012920.1	100.000	150	150	1.58e-77	278
POS_NC_001803_1_F0.001_R2_4461	NC_012920.1	100.000	150	150	1.58e-77	278
POS_NC_001803_1_F0.001_R2_4462	NC_012920.1	100.000	150	150	1.58e-77	278
POS_NC_001803_1_F0.001_R2_4463	NC_012920.1	100.000	150	150	1.58e-77	278
POS_NC_001803_1_F0.001_R2_4464	NC_012920.1	100.000	150	150	1.58e-77	278
POS_NC_001803_1_F0.001_R2_4465	NC_012920.1	99.333	150	150	7.34e-76	272
POS_NC_001803_1_F0.001_R2_4466	NC_012920.1	100.000	150	150	1.58e-77	278
POS_NC_001803_1_F0.001_R2_4467	NC_012920.1	100.000	150	150	1.58e-77	278
POS_NC_001803_1_F0.001_R2_4468	NC_012920.1	100.000	150	150	1.58e-77	278
POS_NC_001803_1_F0.001_R2_4469	NC_012920.1	100.000	150	150	1.58e-77	278
POS_NC_001803_1_F0.001_R2_4470	NC_012920.1	100.000	150	150	1.58e-77	278
POS_NC_001803_1_F0.001_R2_4471	NC_012920.1	100.000	150	150	1.58e-77	278
POS_NC_001803_1_F0.001_R2_4472	NC_012920.1	100.000	150	150	1.58e-77	278
POS_NC_001803_1_F0.001_R2_4473	NC_012920.1	99.333	150	150	7.34e-76	272
POS_NC_001803_1_F0.001_R2_4474	NC_012920.1	100.000	150	150	1.58e-77	278
POS_NC_001803_1_F0.001_R2_4475	NC_012920.1	99.333	150	150	7.34e-76	272
POS_NC_001803_1_F0.001_R2_4476	NC_012920.1	100.000	150	150	1.58e-77	278
POS_NC_001803_1_F0.001_R2_4477	NC_012920.1	100.000	150	150	1.58e-77	278
POS_NC_001803_1_F0.001_R2_4478	NC_012920.1	99.333	150	150	7.34e-76	272
POS_NC_001803_1_F0.001_R2_4479	NC_012920.1	100.000	150	150	1.58e-77	278
POS_NC_001803_1_F0.001_R2_4480	NC_012920.1	100.000	150	150	1.58e-77	278
POS_NC_001803_1_F0.001_R2_4481	NC_012920.1	100.000	150	150	1.58e-77	278
POS_NC_001803_1_F0.001_R2_4482	NC_012920.1	100.000	150	150	1.58e-77	278
POS_NC_001803_1_F0.001_R2_4483	NC_012920.1	100.000	150	150	1.58e-77	278
POS_NC_001803_1_F0.001_R2_4484	NC_012920.1	100.000	150	150	1.58e-77	278
POS_NC_001803_1_F0.001_R2_4485	NC_012920.1	100.000	150	150	1.58e-77	278
POS_NC_001803_1_F0.001_R2_4486	NC_012920.1	100.000	148	150	2.04e-76	274
POS_NC_001803_1_F0.001_R2_4487	NC_012920.1	100.000	150	150	1.58e-77	278
POS_NC_001803_1_F0.001_R2_4488	NC_012920.1	99.333	150	150	7.34e-76	272
POS_NC_001803_1_F0.001_R2_4489	NC_012920.1	99.333	150	150	7.34e-76	272
POS_NC_001803_1_F0.001_R2_4490	NC_012920.1	100.000	150	150	1.58e-77	278
POS_NC_001803_1_F0.001_R2_4491	NC_012920.1	100.000	150	150	1.58e-77	278
POS_NC_001803_1_F0.001_R2_4492	NC_012920.1	100.000	150	150	1.58e-77	278
POS_NC_001803_1_F0.001_R2_4493	NC_012920.1	99.333	150	150	7.34e-76	272
POS_NC_001803_1_F0.001_R2_4494	NC_012920.1	100.000	150	150	1.58e-77	278
POS_NC_001803_1_F0.001_R2_4495	NC_012920.1	100.000	150	150	1.58e-77	278
POS_NC_001803_1_F0.001_R2_4496	NC_012920.1	98.667	150	150	3.42e-74	267
POS_NC_001803_1_F0.001_R2_4497	NC_012920.1	99.333	150	150	7.34e-76	272
POS_NC_001803_1_F0.001_R2_4498	NC_012920.1	100.000	150	150	1.58e-77	278
POS_NC_001803_1_F0.001_R2_4499	NC_012920.1	100.000	150	150	1.58e-77	278
POS_NC_001803_1_F0.001_R2_4500	NC_012920.1	100.000	150	150	1.58e-77	278
POS_NC_001803_1_F0.001_R2_4501	NC_012920.1	100.000	150	150	1.58e-77	278
POS_NC_001803_1_F0.001_R2_4502	NC_012920.1	99.333	150	150	7.34e-76	272
POS_NC_001803_1_F0.001_R2_4503	NC_012920.1	100.000	150	150	1.58e-77	278
POS_NC_001803_1_F0.001_R2_4504	NC_012920.1	98.667	150	150	3.42e-74	267
POS_NC_001803_1_F0.001_R2_4505	NC_012920.1	100.000	150	150	1.58e-77	278
POS_NC_001803_1_F0.001_R2_4506	NC_012920.1	100.000	150	150	1.58e-77	278
POS_NC_001803_1_F0.001_R2_4507	NC_012920.1	100.000	150	150	1.58e-77	278
POS_NC_001803_1_F0.001_R2_4508	NC_012920.1	100.000	150	150	1.58e-77	278
POS_NC_001803_1_F0.001_R2_4509	NC_012920.1	99.333	150	150	7.34e-76	272
POS_NC_001803_1_F0.001_R2_4510	NC_012920.1	100.000	150	150	1.58e-77	278
POS_NC_001803_1_F0.001_R2_4511	NC_012920.1	100.000	150	150	1.58e-77	278
POS_NC_001803_1_F0.001_R2_4512	NC_012920.1	100.000	150	150	1.58e-77	278
POS_NC_001803_1_F0.001_R2_4513	NC_012920.1	100.000	150	150	1.58e-77	278
POS_NC_001803_1_F0.001_R2_4514	NC_012920.1	99.333	150	150	7.34e-76	272
POS_NC_001803_1_F0.001_R2_4515	NC_012920.1	99.333	150	150	7.34e-76	272
POS_NC_001803_1_F0.001_R2_4516	NC_012920.1	99.333	150	150	7.34e-76	272
POS_NC_001803_1_F0.001_R2_4517	NC_012920.1	100.000	150	150	1.58e-77	278
POS_NC_001803_1_F0.001_R2_4518	NC_012920.1	100.000	150	150	1.58e-77	278
POS_NC_001803_1_F0.001_R2_4519	NC_012920.1	98.000	150	150	1.59e-72	261
POS_NC_001803_1_F0.001_R2_4520	NC_012920.1	100.000	150	150	1.58e-77	278
POS_NC_001803_1_F0.001_R2_4521	NC_012920.1	100.000	150	150	1.58e-77	278
POS_NC_001803_1_F0.001_R2_4522	NC_012920.1	99.333	150	150	7.34e-76	272
POS_NC_001803_1_F0.001_R2_4523	NC_012920.1	99.333	150	150	7.34e-76	272
POS_NC_001803_1_F0.001_R2_4524	NC_012920.1	100.000	150	150	1.58e-77	278
POS_NC_001803_1_F0.001_R2_4525	NC_012920.1	100.000	150	150	1.58e-77	278
POS_NC_001803_1_F0.001_R2_4526	NC_012920.1	100.000	150	150	1.58e-77	278
POS_NC_001803_1_F0.001_R2_4527	NC_012920.1	99.333	150	150	7.34e-76	272
POS_NC_001803_1_F0.001_R2_4528	NC_012920.1	100.000	150	150	1.58e-77	278
POS_NC_001803_1_F0.001_R2_4529	NC_012920.1	100.000	150	150	1.58e-77	278
POS_NC_001803_1_F0.001_R2_4530	NC_012920.1	100.000	150	150	1.58e-77	278
POS_NC_001803_1_F0.001_R2_4531	NC_012920.1	100.000	150	150	1.58e-77	278
POS_NC_001803_1_F0.001_R2_4532	NC_012920.1	99.333	150	150	7.34e-76	272
POS_NC_001803_1_F0.001_R2_4533	NC_012920.1	100.000	150	150	2.04e-76	274
POS_NC_001803_1_F0.001_R2_4534	NC_012920.1	99.333	150	150	7.34e-76	272
POS_NC_001803_1_F0.001_R2_4535	NC_012920.1	99.333	150	150	7.34e-76	272
POS_NC_001803_1_F0.001_R2_4536	NC_012920.1	99.333	150	150	7.34e-76	272
POS_NC_001803_1_F0.001_R2_4537	NC_012920.1	100.000	150	150	1.58e-77	278
POS_NC_001803_1_F0.001_R2_4538	NC_012920.1	100.000	150	150	1.58e-77	278
POS_NC_001803_1_F0.001_R2_4539	NC_012920.1	98.667	150	150	3.42e-74	267
POS_NC_001803_1_F0.001_R2_4540	NC_012920.1	99.333	150	150	7.34e-76	272
POS_NC_001803_1_F0.001_R2_4541	NC_012920.1	100.000	150	150	1.58e-77	278
POS_NC_001803_1_F0.001_R2_4542	NC_012920.1	99.333	150	150	7.34e-76	272
POS_NC_001803_1_F0.001_R2_4543	NC_012920.1	99.333	150	150	7.34e-76	272
POS_NC_001803_1_F0.001_R2_4544	NC_012920.1	100.000	150	150	1.58e-77	278
POS_NC_001803_1_F0.001_R2_4545	NC_012920.1	99.333	150	150	7.34e-76	272
POS_NC_001803_1_F0.001_R2_4546	NC_012920.1	100.000	150	150	1.58e-77	278
POS_NC_001803_1_F0.001_R2_4547	NC_012920.1	100.000	150	150	1.58e-77	278
POS_NC_001803_1_F0.001_R2_4548	NC_012920.1	100.000	150	150	1.58e-77	278
POS_NC_001803_1_F0.001_R2_4549	NC_012920.1	99.333	150	150	7.34e-76	272
POS_NC_001803_1_F0.001_R2_4550	NC_012920.1	100.000	150	150	1.58e-77	278
POS_NC_001803_1_F0.001_R2_4551	NC_012920.1	100.000	150	150	1.58e-77	278
POS_NC_001803_1_F0.001_R2_4552	NC_012920.1	100.000	150	150	1.58e-77	278
POS_NC_001803_1_F0.001_R2_4553	NC_012920.1	100.000	150	150	1.58e-77	278
POS_NC_001803_1_F0.001_R2_4554	NC_012920.1	100.000	150	150	1.58e-77	278
POS_NC_001803_1_F0.001_R2_4555	NC_012920.1	100.000	150	150	1.58e-77	278
POS_NC_001803_1_F0.001_R2_4556	NC_012920.1	100.000	150	150	1.58e-77	278
POS_NC_001803_1_F0.001_R2_4557	NC_012920.1	100.000	150	150	1.58e-77	278
POS_NC_001803_1_F0.001_R2_4558	NC_012920.1	100.000	150	150	1.58e-77	278
POS_NC_001803_1_F0.001_R2_4559	NC_012920.1	100.000	150	150	1.58e-77	278
POS_NC_001803_1_F0.001_R2_4560	NC_012920.1	100.000	150	150	1.58e-77	278
POS_NC_001803_1_F0.001_R2_4561	NC_012920.1	100.000	150	150	1.58e-77	278
POS_NC_001803_1_F0.001_R2_4562	NC_012920.1	100.000	150	150	1.58e-77	278
POS_NC_001803_1_F0.001_R2_4563	NC_012920.1	99.333	150	150	7.34e-76	272
POS_NC_001803_1_F0.001_R2_4564	NC_012920.1	100.000	150	150	1.58e-77	278
POS_NC_001803_1_F0.001_R2_4565	NC_012920.1	99.333	150	150	7.34e-76	272
POS_NC_001803_1_F0.001_R2_4566	NC_012920.1	100.000	150	150	1.58e-77	278
POS_NC_001803_1_F0.001_R2_4567	NC_012920.1	100.000	150	150	1.58e-77	278
POS_NC_001803_1_F0.001_R2_4568	NC_012920.1	100.000	150	150	1.58e-77	278
POS_NC_001803_1_F0.001_R2_4569	NC_012920.1	100.000	150	150	1.58e-77	278
POS_NC_001803_1_F0.001_R2_4570	NC_012920.1	100.000	150	150	1.58e-77	278
POS_NC_001803_1_F0.001_R2_4571	NC_012920.1	100.000	150	150	1.58e-77	278
POS_NC_001803_1_F0.001_R2_4572	NC_012920.1	100.000	150	150	1.58e-77	278
POS_NC_001803_1_F0.001_R2_4573	NC_012920.1	100.000	150	150	1.58e-77	278
POS_NC_001803_1_F0.001_R2_4574	NC_012920.1	100.000	150	150	1.58e-77	278
POS_NC_001803_1_F0.001_R2_4575	NC_012920.1	99.333	150	150	7.34e-76	272
POS_NC_001803_1_F0.001_R2_4576	NC_012920.1	100.000	150	150	1.58e-77	278
POS_NC_001803_1_F0.001_R2_4577	NC_012920.1	100.000	150	150	1.58e-77	278
POS_NC_001803_1_F0.001_R2_4578	NC_012920.1	100.000	150	150	1.58e-77	278
POS_NC_001803_1_F0.001_R2_4579	NC_012920.1	99.333	150	150	7.34e-76	272
POS_NC_001803_1_F0.001_R2_4580	NC_012920.1	100.000	150	150	1.58e-77	278
POS_NC_001803_1_F0.001_R2_4581	NC_012920.1	100.000	150	150	1.58e-77	278
POS_NC_001803_1_F0.001_R2_4582	NC_012920.1	100.000	150	150	1.58e-77	278
POS_NC_001803_1_F0.001_R2_4583	NC_012920.1	100.000	150	150	1.58e-77	278
POS_NC_001803_1_F0.001_R2_4584	NC_012920.1	99.333	150	150	7.34e-76	272
POS_NC_001803_1_F0.001_R2_4585	NC_012920.1	100.000	150	150	1.58e-77	278
POS_NC_001803_1_F0.001_R2_4586	NC_012920.1	100.000	150	150	1.58e-77	278
POS_NC_001803_1_F0.001_R2_4587	NC_012920.1	100.000	150	150	1.58e-77	278
POS_NC_001803_1_F0.001_R2_4588	NC_012920.1	98.667	150	150	3.42e-74	267
POS_NC_001803_1_F0.001_R2_4589	NC_012920.1	100.000	150	150	1.58e-77	278
POS_NC_001803_1_F0.001_R2_4590	NC_012920.1	100.000	150	150	1.58e-77	278
POS_NC_001803_1_F0.001_R2_4591	NC_012920.1	100.000	150	150	1.58e-77	278
POS_NC_001803_1_F0.001_R2_4592	NC_012920.1	100.000	150	150	1.58e-77	278
POS_NC_001803_1_F0.001_R2_4593	NC_012920.1	100.000	150	150	1.58e-77	278
POS_NC_001803_1_F0.001_R2_4594	NC_012920.1	100.000	150	150	1.58e-77	278
POS_NC_001803_1_F0.001_R2_4595	NC_012920.1	100.000	150	150	1.58e-77	278
POS_NC_001803_1_F0.001_R2_4596	NC_012920.1	100.000	150	150	1.58e-77	278
POS_NC_001803_1_F0.001_R2_4597	NC_012920.1	99.333	150	150	7.34e-76	272
POS_NC_001803_1_F0.001_R2_4598	NC_012920.1	100.000	150	150	1.58e-77	278
POS_NC_001803_1_F0.001_R2_4599	NC_012920.1	100.000	150	150	1.58e-77	278
POS_NC_001803_1_F0.001_R2_4600	NC_012920.1	100.000	150	150	1.58e-77	278
POS_NC_001803_1_F0.001_R2_4601	NC_012920.1	100.000	150	150	1.58e-77	278
POS_NC_001803_1_F0.001_R2_4602	NC_012920.1	99.333	150	150	7.34e-76	272
POS_NC_001803_1_F0.001_R2_4603	NC_012920.1	100.000	150	150	1.58e-77	278
POS_NC_001803_1_F0.001_R2_4604	NC_012920.1	100.000	150	150	1.58e-77	278
POS_NC_001803_1_F0.001_R2_4605	NC_012920.1	100.000	150	150	1.58e-77	278
POS_NC_001803_1_F0.001_R2_4606	NC_012920.1	100.000	150	150	1.58e-77	278
POS_NC_001803_1_F0.001_R2_4607	NC_012920.1	100.000	150	150	1.58e-77	278
POS_NC_001803_1_F0.001_R2_4608	NC_012920.1	100.000	150	150	1.58e-77	278
POS_NC_001803_1_F0.001_R2_4609	NC_012920.1	100.000	150	150	1.58e-77	278
POS_NC_001803_1_F0.001_R2_4610	NC_012920.1	100.000	150	150	1.58e-77	278
POS_NC_001803_1_F0.001_R2_4611	NC_012920.1	99.333	150	150	7.34e-76	272
POS_NC_001803_1_F0.001_R2_4612	NC_012920.1	100.000	150	150	1.58e-77	278
POS_NC_001803_1_F0.001_R2_4613	NC_012920.1	100.000	150	150	1.58e-77	278
POS_NC_001803_1_F0.001_R2_4614	NC_012920.1	100.000	150	150	1.58e-77	278
POS_NC_001803_1_F0.001_R2_4615	NC_012920.1	100.000	150	150	1.58e-77	278
POS_NC_001803_1_F0.001_R2_4616	NC_012920.1	100.000	150	150	1.58e-77	278
POS_NC_001803_1_F0.001_R2_4617	NC_012920.1	99.333	150	150	7.34e-76	272
POS_NC_001803_1_F0.001_R2_4618	NC_012920.1	100.000	150	150	1.58e-77	278
POS_NC_001803_1_F0.001_R2_4619	NC_012920.1	100.000	150	150	1.58e-77	278
POS_NC_001803_1_F0.001_R2_4620	NC_012920.1	100.000	150	150	1.58e-77	278
POS_NC_001803_1_F0.001_R2_4621	NC_012920.1	99.333	150	150	7.34e-76	272
POS_NC_001803_1_F0.001_R2_4622	NC_012920.1	100.000	150	150	1.58e-77	278
POS_NC_001803_1_F0.001_R2_4623	NC_012920.1	100.000	150	150	1.58e-77	278
POS_NC_001803_1_F0.001_R2_4624	NC_012920.1	100.000	150	150	1.58e-77	278
POS_NC_001803_1_F0.001_R2_4625	NC_012920.1	99.333	150	150	7.34e-76	272
POS_NC_001803_1_F0.001_R2_4626	NC_012920.1	100.000	150	150	1.58e-77	278
POS_NC_001803_1_F0.001_R2_4627	NC_012920.1	100.000	150	150	1.58e-77	278
POS_NC_001803_1_F0.001_R2_4628	NC_012920.1	99.333	150	150	7.34e-76	272
POS_NC_001803_1_F0.001_R2_4629	NC_012920.1	100.000	150	150	1.58e-77	278
POS_NC_001803_1_F0.001_R2_4630	NC_012920.1	100.000	150	150	1.58e-77	278
POS_NC_001803_1_F0.001_R2_4631	NC_012920.1	99.333	150	150	7.34e-76	272
POS_NC_001803_1_F0.001_R2_4632	NC_012920.1	98.667	150	150	3.42e-74	267
POS_NC_001803_1_F0.001_R2_4633	NC_012920.1	100.000	150	150	1.58e-77	278
POS_NC_001803_1_F0.001_R2_4634	NC_012920.1	100.000	150	150	1.58e-77	278
POS_NC_001803_1_F0.001_R2_4635	NC_012920.1	100.000	150	150	1.58e-77	278
POS_NC_001803_1_F0.001_R2_4636	NC_012920.1	99.333	150	150	7.34e-76	272
POS_NC_001803_1_F0.001_R2_4637	NC_012920.1	100.000	150	150	1.58e-77	278
POS_NC_001803_1_F0.001_R2_4638	NC_012920.1	100.000	150	150	1.58e-77	278
POS_NC_001803_1_F0.001_R2_4639	NC_012920.1	100.000	150	150	1.58e-77	278
POS_NC_001803_1_F0.001_R2_4640	NC_012920.1	99.333	150	150	7.34e-76	272
POS_NC_001803_1_F0.001_R2_4641	NC_012920.1	99.333	150	150	7.34e-76	272
POS_NC_001803_1_F0.001_R2_4642	NC_012920.1	100.000	150	150	1.58e-77	278
POS_NC_001803_1_F0.001_R2_4643	NC_012920.1	100.000	150	150	1.58e-77	278
POS_NC_001803_1_F0.001_R2_4644	NC_012920.1	99.333	150	150	7.34e-76	272
POS_NC_001803_1_F0.001_R2_4645	NC_012920.1	99.333	150	150	7.34e-76	272
POS_NC_001803_1_F0.001_R2_4646	NC_012920.1	100.000	150	150	1.58e-77	278
POS_NC_001803_1_F0.001_R2_4647	NC_012920.1	100.000	150	150	1.58e-77	278
POS_NC_001803_1_F0.001_R2_4648	NC_012920.1	100.000	150	150	1.58e-77	278
POS_NC_001803_1_F0.001_R2_4649	NC_012920.1	99.333	150	150	7.34e-76	272
POS_NC_001803_1_F0.001_R2_4650	NC_012920.1	100.000	150	150	1.58e-77	278
POS_NC_001803_1_F0.001_R2_4651	NC_012920.1	100.000	150	150	1.58e-77	278
POS_NC_001803_1_F0.001_R2_4652	NC_012920.1	100.000	150	150	1.58e-77	278
POS_NC_001803_1_F0.001_R2_4653	NC_012920.1	100.000	150	150	1.58e-77	278
POS_NC_001803_1_F0.001_R2_4654	NC_012920.1	100.000	150	150	1.58e-77	278
POS_NC_001803_1_F0.001_R2_4655	NC_012920.1	100.000	150	150	1.58e-77	278
POS_NC_001803_1_F0.001_R2_4656	NC_012920.1	100.000	150	150	1.58e-77	278
POS_NC_001803_1_F0.001_R2_4657	NC_012920.1	100.000	150	150	1.58e-77	278
POS_NC_001803_1_F0.001_R2_4658	NC_012920.1	99.333	150	150	7.34e-76	272
POS_NC_001803_1_F0.001_R2_4659	NC_012920.1	100.000	150	150	1.58e-77	278
POS_NC_001803_1_F0.001_R2_4660	NC_012920.1	100.000	150	150	1.58e-77	278
POS_NC_001803_1_F0.001_R2_4661	NC_012920.1	100.000	150	150	1.58e-77	278
POS_NC_001803_1_F0.001_R2_4662	NC_012920.1	99.333	150	150	7.34e-76	272
POS_NC_001803_1_F0.001_R2_4663	NC_012920.1	100.000	150	150	1.58e-77	278
POS_NC_001803_1_F0.001_R2_4664	NC_012920.1	100.000	150	150	1.58e-77	278
POS_NC_001803_1_F0.001_R2_4665	NC_012920.1	100.000	150	150	1.58e-77	278
POS_NC_001803_1_F0.001_R2_4666	NC_012920.1	100.000	150	150	1.58e-77	278
POS_NC_001803_1_F0.001_R2_4667	NC_012920.1	100.000	150	150	1.58e-77	278
POS_NC_001803_1_F0.001_R2_4668	NC_012920.1	100.000	150	150	1.58e-77	278
POS_NC_001803_1_F0.001_R2_4669	NC_012920.1	99.333	150	150	7.34e-76	272
POS_NC_001803_1_F0.001_R2_4670	NC_012920.1	99.333	150	150	7.34e-76	272
POS_NC_001803_1_F0.001_R2_4671	NC_012920.1	100.000	150	150	1.58e-77	278
POS_NC_001803_1_F0.001_R2_4672	NC_012920.1	100.000	150	150	1.58e-77	278
POS_NC_001803_1_F0.001_R2_4673	NC_012920.1	100.000	150	150	1.58e-77	278
POS_NC_001803_1_F0.001_R2_4674	NC_012920.1	99.333	150	150	7.34e-76	272
POS_NC_001803_1_F0.001_R2_4675	NC_012920.1	100.000	150	150	1.58e-77	278
POS_NC_001803_1_F0.001_R2_4676	NC_012920.1	99.333	150	150	7.34e-76	272
POS_NC_001803_1_F0.001_R2_4677	NC_012920.1	100.000	150	150	1.58e-77	278
POS_NC_001803_1_F0.001_R2_4678	NC_012920.1	99.333	150	150	7.34e-76	272
POS_NC_001803_1_F0.001_R2_4679	NC_012920.1	100.000	150	150	1.58e-77	278
POS_NC_001803_1_F0.001_R2_4680	NC_012920.1	100.000	150	150	1.58e-77	278
POS_NC_001803_1_F0.001_R2_4681	NC_012920.1	100.000	150	150	1.58e-77	278
POS_NC_001803_1_F0.001_R2_4682	NC_012920.1	100.000	150	150	1.58e-77	278
POS_NC_001803_1_F0.001_R2_4683	NC_012920.1	99.333	150	150	7.34e-76	272
POS_NC_001803_1_F0.001_R2_4684	NC_012920.1	99.333	150	150	7.34e-76	272
POS_NC_001803_1_F0.001_R2_4685	NC_012920.1	100.000	150	150	1.58e-77	278
POS_NC_001803_1_F0.001_R2_4686	NC_012920.1	100.000	150	150	1.58e-77	278
POS_NC_001803_1_F0.001_R2_4687	NC_012920.1	100.000	150	150	1.58e-77	278
POS_NC_001803_1_F0.001_R2_4688	NC_012920.1	99.333	150	150	7.34e-76	272
POS_NC_001803_1_F0.001_R2_4689	NC_012920.1	100.000	150	150	1.58e-77	278
POS_NC_001803_1_F0.001_R2_4690	NC_012920.1	98.667	150	150	3.42e-74	267
POS_NC_001803_1_F0.001_R2_4691	NC_012920.1	100.000	150	150	1.58e-77	278
POS_NC_001803_1_F0.001_R2_4692	NC_012920.1	99.333	150	150	7.34e-76	272
POS_NC_001803_1_F0.001_R2_4693	NC_012920.1	100.000	150	150	1.58e-77	278
POS_NC_001803_1_F0.001_R2_4694	NC_012920.1	99.333	150	150	7.34e-76	272
POS_NC_001803_1_F0.001_R2_4695	NC_012920.1	100.000	150	150	1.58e-77	278
POS_NC_001803_1_F0.001_R2_4696	NC_012920.1	100.000	150	150	1.58e-77	278
POS_NC_001803_1_F0.001_R2_4697	NC_012920.1	99.333	150	150	7.34e-76	272
POS_NC_001803_1_F0.001_R2_4698	NC_012920.1	100.000	150	150	1.58e-77	278
POS_NC_001803_1_F0.001_R2_4699	NC_012920.1	99.333	150	150	7.34e-76	272
POS_NC_001803_1_F0.001_R2_4700	NC_012920.1	99.333	150	150	7.34e-76	272
POS_NC_001803_1_F0.001_R2_4701	NC_012920.1	99.333	150	150	7.34e-76	272
POS_NC_001803_1_F0.001_R2_4702	NC_012920.1	99.324	148	150	9.50e-75	268
POS_NC_001803_1_F0.001_R2_4703	NC_012920.1	100.000	150	150	1.58e-77	278
POS_NC_001803_1_F0.001_R2_4704	NC_012920.1	100.000	150	150	1.58e-77	278
POS_NC_001803_1_F0.001_R2_4705	NC_012920.1	100.000	150	150	1.58e-77	278
POS_NC_001803_1_F0.001_R2_4706	NC_012920.1	100.000	150	150	1.58e-77	278
POS_NC_001803_1_F0.001_R2_4707	NC_012920.1	100.000	150	150	1.58e-77	278
POS_NC_001803_1_F0.001_R2_4708	NC_012920.1	100.000	150	150	1.58e-77	278
POS_NC_001803_1_F0.001_R2_4709	NC_012920.1	100.000	150	150	1.58e-77	278
POS_NC_001803_1_F0.001_R2_4710	NC_012920.1	100.000	150	150	1.58e-77	278
POS_NC_001803_1_F0.001_R2_4711	NC_012920.1	100.000	150	150	1.58e-77	278
POS_NC_001803_1_F0.001_R2_4712	NC_012920.1	100.000	150	150	1.58e-77	278
POS_NC_001803_1_F0.001_R2_4713	NC_012920.1	100.000	150	150	1.58e-77	278
POS_NC_001803_1_F0.001_R2_4714	NC_012920.1	100.000	150	150	1.58e-77	278
POS_NC_001803_1_F0.001_R2_4715	NC_012920.1	98.000	150	150	1.59e-72	261
POS_NC_001803_1_F0.001_R2_4716	NC_012920.1	98.667	150	150	3.42e-74	267
POS_NC_001803_1_F0.001_R2_4717	NC_012920.1	100.000	150	150	1.58e-77	278
POS_NC_001803_1_F0.001_R2_4718	NC_012920.1	99.333	150	150	7.34e-76	272
POS_NC_001803_1_F0.001_R2_4719	NC_012920.1	100.000	150	150	1.58e-77	278
POS_NC_001803_1_F0.001_R2_4720	NC_012920.1	100.000	150	150	1.58e-77	278
POS_NC_001803_1_F0.001_R2_4721	NC_012920.1	100.000	150	150	1.58e-77	278
POS_NC_001803_1_F0.001_R2_4722	NC_012920.1	100.000	150	150	1.58e-77	278
POS_NC_001803_1_F0.001_R2_4723	NC_012920.1	100.000	150	150	1.58e-77	278
POS_NC_001803_1_F0.001_R2_4724	NC_012920.1	100.000	150	150	1.58e-77	278
POS_NC_001803_1_F0.001_R2_4725	NC_012920.1	100.000	150	150	1.58e-77	278
POS_NC_001803_1_F0.001_R2_4726	NC_012920.1	100.000	150	150	1.58e-77	278
POS_NC_001803_1_F0.001_R2_4727	NC_012920.1	100.000	150	150	1.58e-77	278
POS_NC_001803_1_F0.001_R2_4728	NC_012920.1	100.000	150	150	1.58e-77	278
POS_NC_001803_1_F0.001_R2_4729	NC_012920.1	100.000	150	150	1.58e-77	278
POS_NC_001803_1_F0.001_R2_4730	NC_012920.1	100.000	150	150	1.58e-77	278
POS_NC_001803_1_F0.001_R2_4731	NC_012920.1	100.000	150	150	1.58e-77	278
POS_NC_001803_1_F0.001_R2_4732	NC_012920.1	99.333	150	150	7.34e-76	272
POS_NC_001803_1_F0.001_R2_4733	NC_012920.1	100.000	150	150	1.58e-77	278
POS_NC_001803_1_F0.001_R2_4734	NC_012920.1	100.000	150	150	1.58e-77	278
POS_NC_001803_1_F0.001_R2_4735	NC_012920.1	99.333	150	150	7.34e-76	272
POS_NC_001803_1_F0.001_R2_4736	NC_012920.1	100.000	150	150	1.58e-77	278
POS_NC_001803_1_F0.001_R2_4737	NC_012920.1	100.000	150	150	1.58e-77	278
POS_NC_001803_1_F0.001_R2_4738	NC_012920.1	100.000	150	150	1.58e-77	278
POS_NC_001803_1_F0.001_R2_4739	NC_012920.1	100.000	150	150	1.58e-77	278
POS_NC_001803_1_F0.001_R2_4740	NC_012920.1	99.333	150	150	7.34e-76	272
POS_NC_001803_1_F0.001_R2_4741	NC_012920.1	99.333	150	150	7.34e-76	272
POS_NC_001803_1_F0.001_R2_4742	NC_012920.1	99.333	150	150	7.34e-76	272
POS_NC_001803_1_F0.001_R2_4743	NC_012920.1	100.000	150	150	1.58e-77	278
POS_NC_001803_1_F0.001_R2_4744	NC_012920.1	100.000	150	150	1.58e-77	278
POS_NC_001803_1_F0.001_R2_4745	NC_012920.1	99.333	150	150	7.34e-76	272
POS_NC_001803_1_F0.001_R2_4746	NC_012920.1	100.000	150	150	1.58e-77	278
POS_NC_001803_1_F0.001_R2_4747	NC_012920.1	100.000	150	150	1.58e-77	278
POS_NC_001803_1_F0.001_R2_4748	NC_012920.1	99.333	150	150	7.34e-76	272
POS_NC_001803_1_F0.001_R2_4749	NC_012920.1	99.333	150	150	7.34e-76	272
POS_NC_001803_1_F0.001_R2_4750	NC_012920.1	100.000	150	150	1.58e-77	278
POS_NC_001803_1_F0.001_R2_4751	NC_012920.1	99.333	150	150	7.34e-76	272
POS_NC_001803_1_F0.001_R2_4752	NC_012920.1	99.333	150	150	7.34e-76	272
POS_NC_001803_1_F0.001_R2_4753	NC_012920.1	100.000	150	150	1.58e-77	278
POS_NC_001803_1_F0.001_R2_4754	NC_012920.1	100.000	150	150	1.58e-77	278
POS_NC_001803_1_F0.001_R2_4755	NC_012920.1	100.000	150	150	1.58e-77	278
POS_NC_001803_1_F0.001_R2_4756	NC_012920.1	99.333	150	150	7.34e-76	272
POS_NC_001803_1_F0.001_R2_4757	NC_012920.1	99.333	150	150	7.34e-76	272
POS_NC_001803_1_F0.001_R2_4758	NC_012920.1	100.000	150	150	1.58e-77	278
POS_NC_001803_1_F0.001_R2_4759	NC_012920.1	100.000	150	150	1.58e-77	278
POS_NC_001803_1_F0.001_R2_4760	NC_012920.1	100.000	150	150	1.58e-77	278
POS_NC_001803_1_F0.001_R2_4761	NC_012920.1	100.000	150	150	1.58e-77	278
POS_NC_001803_1_F0.001_R2_4762	NC_012920.1	99.333	150	150	7.34e-76	272
POS_NC_001803_1_F0.001_R2_4763	NC_012920.1	100.000	150	150	1.58e-77	278
POS_NC_001803_1_F0.001_R2_4764	NC_012920.1	100.000	150	150	1.58e-77	278
POS_NC_001803_1_F0.001_R2_4765	NC_012920.1	98.667	150	150	3.42e-74	267
POS_NC_001803_1_F0.001_R2_4766	NC_012920.1	100.000	150	150	1.58e-77	278
POS_NC_001803_1_F0.001_R2_4767	NC_012920.1	100.000	150	150	1.58e-77	278
POS_NC_001803_1_F0.001_R2_4768	NC_012920.1	98.000	150	150	1.59e-72	261
POS_NC_001803_1_F0.001_R2_4769	NC_012920.1	100.000	150	150	1.58e-77	278
POS_NC_001803_1_F0.001_R2_4770	NC_012920.1	99.333	150	150	7.34e-76	272
POS_NC_001803_1_F0.001_R2_4771	NC_012920.1	100.000	150	150	1.58e-77	278
POS_NC_001803_1_F0.001_R2_4772	NC_012920.1	100.000	150	150	1.58e-77	278
POS_NC_001803_1_F0.001_R2_4773	NC_012920.1	100.000	150	150	1.58e-77	278
POS_NC_001803_1_F0.001_R2_4774	NC_012920.1	99.333	150	150	7.34e-76	272
POS_NC_001803_1_F0.001_R2_4775	NC_012920.1	100.000	150	150	1.58e-77	278
POS_NC_001803_1_F0.001_R2_4776	NC_012920.1	98.667	150	150	3.42e-74	267
POS_NC_001803_1_F0.001_R2_4777	NC_012920.1	100.000	150	150	1.58e-77	278
POS_NC_001803_1_F0.001_R2_4778	NC_012920.1	100.000	150	150	1.58e-77	278
POS_NC_001803_1_F0.001_R2_4779	NC_012920.1	99.333	150	150	7.34e-76	272
POS_NC_001803_1_F0.001_R2_4780	NC_012920.1	100.000	150	150	1.58e-77	278
POS_NC_001803_1_F0.001_R2_4781	NC_012920.1	99.333	150	150	7.34e-76	272
POS_NC_001803_1_F0.001_R2_4782	NC_012920.1	100.000	150	150	1.58e-77	278
POS_NC_001803_1_F0.001_R2_4783	NC_012920.1	100.000	150	150	1.58e-77	278
POS_NC_001803_1_F0.001_R2_4784	NC_012920.1	100.000	150	150	1.58e-77	278
POS_NC_001803_1_F0.001_R2_4785	NC_012920.1	100.000	150	150	1.58e-77	278
POS_NC_001803_1_F0.001_R2_4786	NC_012920.1	100.000	150	150	1.58e-77	278
POS_NC_001803_1_F0.001_R2_4787	NC_012920.1	100.000	150	150	1.58e-77	278
POS_NC_001803_1_F0.001_R2_4788	NC_012920.1	100.000	150	150	1.58e-77	278
POS_NC_001803_1_F0.001_R2_4789	NC_012920.1	100.000	150	150	1.58e-77	278
POS_NC_001803_1_F0.001_R2_4790	NC_012920.1	100.000	150	150	1.58e-77	278
POS_NC_001803_1_F0.001_R2_4791	NC_012920.1	100.000	150	150	1.58e-77	278
POS_NC_001803_1_F0.001_R2_4792	NC_012920.1	100.000	150	150	1.58e-77	278
POS_NC_001803_1_F0.001_R2_4793	NC_012920.1	99.333	150	150	7.34e-76	272
POS_NC_001803_1_F0.001_R2_4794	NC_012920.1	100.000	150	150	1.58e-77	278
POS_NC_001803_1_F0.001_R2_4795	NC_012920.1	100.000	150	150	1.58e-77	278
POS_NC_001803_1_F0.001_R2_4796	NC_012920.1	100.000	150	150	1.58e-77	278
POS_NC_001803_1_F0.001_R2_4797	NC_012920.1	99.333	150	150	7.34e-76	272
POS_NC_001803_1_F0.001_R2_4798	NC_012920.1	100.000	150	150	1.58e-77	278
POS_NC_001803_1_F0.001_R2_4799	NC_012920.1	100.000	150	150	1.58e-77	278
POS_NC_001803_1_F0.001_R2_4800	NC_012920.1	100.000	150	150	1.58e-77	278
POS_NC_001803_1_F0.001_R2_4801	NC_012920.1	99.333	150	150	7.34e-76	272
POS_NC_001803_1_F0.001_R2_4802	NC_012920.1	100.000	150	150	1.58e-77	278
POS_NC_001803_1_F0.001_R2_4803	NC_012920.1	100.000	150	150	1.58e-77	278
POS_NC_001803_1_F0.001_R2_4804	NC_012920.1	99.333	150	150	7.34e-76	272
POS_NC_001803_1_F0.001_R2_4805	NC_012920.1	99.333	150	150	7.34e-76	272
POS_NC_001803_1_F0.001_R2_4806	NC_012920.1	100.000	150	150	1.58e-77	278
POS_NC_001803_1_F0.001_R2_4807	NC_012920.1	99.333	150	150	7.34e-76	272
POS_NC_001803_1_F0.001_R2_4808	NC_012920.1	100.000	150	150	1.58e-77	278
POS_NC_001803_1_F0.001_R2_4809	NC_012920.1	100.000	150	150	1.58e-77	278
POS_NC_001803_1_F0.001_R2_4810	NC_012920.1	100.000	150	150	1.58e-77	278
POS_NC_001803_1_F0.001_R2_4811	NC_012920.1	100.000	150	150	1.58e-77	278
POS_NC_001803_1_F0.001_R2_4812	NC_012920.1	100.000	150	150	1.58e-77	278
POS_NC_001803_1_F0.001_R2_4813	NC_012920.1	99.333	150	150	7.34e-76	272
POS_NC_001803_1_F0.001_R2_4814	NC_012920.1	99.333	150	150	7.34e-76	272
POS_NC_001803_1_F0.001_R2_4815	NC_012920.1	99.333	150	150	7.34e-76	272
POS_NC_001803_1_F0.001_R2_4816	NC_012920.1	99.333	150	150	7.34e-76	272
POS_NC_001803_1_F0.001_R2_4817	NC_012920.1	99.333	150	150	7.34e-76	272
POS_NC_001803_1_F0.001_R2_4818	NC_012920.1	100.000	150	150	1.58e-77	278
POS_NC_001803_1_F0.001_R2_4819	NC_012920.1	100.000	150	150	1.58e-77	278
POS_NC_001803_1_F0.001_R2_4820	NC_012920.1	99.333	150	150	7.34e-76	272
POS_NC_001803_1_F0.001_R2_4821	NC_012920.1	100.000	150	150	1.58e-77	278
POS_NC_001803_1_F0.001_R2_4822	NC_012920.1	100.000	150	150	1.58e-77	278
POS_NC_001803_1_F0.001_R2_4823	NC_012920.1	100.000	150	150	1.58e-77	278
POS_NC_001803_1_F0.001_R2_4824	NC_012920.1	100.000	150	150	1.58e-77	278
POS_NC_001803_1_F0.001_R2_4825	NC_012920.1	99.333	150	150	7.34e-76	272
POS_NC_001803_1_F0.001_R2_4826	NC_012920.1	100.000	150	150	1.58e-77	278
POS_NC_001803_1_F0.001_R2_4827	NC_012920.1	100.000	150	150	1.58e-77	278
POS_NC_001803_1_F0.001_R2_4828	NC_012920.1	100.000	150	150	1.58e-77	278
POS_NC_001803_1_F0.001_R2_4829	NC_012920.1	100.000	150	150	1.58e-77	278
POS_NC_001803_1_F0.001_R2_4830	NC_012920.1	98.667	150	150	3.42e-74	267
POS_NC_001803_1_F0.001_R2_4831	NC_012920.1	99.333	150	150	7.34e-76	272
POS_NC_001803_1_F0.001_R2_4832	NC_012920.1	100.000	150	150	1.58e-77	278
POS_NC_001803_1_F0.001_R2_4833	NC_012920.1	100.000	150	150	1.58e-77	278
POS_NC_001803_1_F0.001_R2_4834	NC_012920.1	100.000	150	150	1.58e-77	278
POS_NC_001803_1_F0.001_R2_4835	NC_012920.1	100.000	150	150	2.04e-76	274
POS_NC_001803_1_F0.001_R2_4836	NC_012920.1	100.000	150	150	1.58e-77	278
POS_NC_001803_1_F0.001_R2_4837	NC_012920.1	100.000	150	150	1.58e-77	278
POS_NC_001803_1_F0.001_R2_4838	NC_012920.1	100.000	150	150	1.58e-77	278
POS_NC_001803_1_F0.001_R2_4839	NC_012920.1	99.333	150	150	7.34e-76	272
POS_NC_001803_1_F0.001_R2_4840	NC_012920.1	99.333	150	150	7.34e-76	272
POS_NC_001803_1_F0.001_R2_4841	NC_012920.1	100.000	150	150	1.58e-77	278
POS_NC_001803_1_F0.001_R2_4842	NC_012920.1	99.333	150	150	7.34e-76	272
POS_NC_001803_1_F0.001_R2_4843	NC_012920.1	100.000	150	150	1.58e-77	278
POS_NC_001803_1_F0.001_R2_4844	NC_012920.1	100.000	150	150	1.58e-77	278
POS_NC_001803_1_F0.001_R2_4845	NC_012920.1	100.000	150	150	1.58e-77	278
POS_NC_001803_1_F0.001_R2_4846	NC_012920.1	99.333	150	150	7.34e-76	272
POS_NC_001803_1_F0.001_R2_4847	NC_012920.1	98.667	150	150	3.42e-74	267
POS_NC_001803_1_F0.001_R2_4848	NC_012920.1	100.000	150	150	1.58e-77	278
POS_NC_001803_1_F0.001_R2_4849	NC_012920.1	100.000	150	150	1.58e-77	278
POS_NC_001803_1_F0.001_R2_4850	NC_012920.1	100.000	150	150	1.58e-77	278
POS_NC_001803_1_F0.001_R2_4851	NC_012920.1	99.333	150	150	7.34e-76	272
POS_NC_001803_1_F0.001_R2_4852	NC_012920.1	100.000	150	150	1.58e-77	278
POS_NC_001803_1_F0.001_R2_4853	NC_012920.1	99.333	150	150	7.34e-76	272
POS_NC_001803_1_F0.001_R2_4854	NC_012920.1	100.000	150	150	1.58e-77	278
POS_NC_001803_1_F0.001_R2_4855	NC_012920.1	100.000	150	150	1.58e-77	278
POS_NC_001803_1_F0.001_R2_4856	NC_012920.1	100.000	150	150	1.58e-77	278
POS_NC_001803_1_F0.001_R2_4857	NC_012920.1	100.000	150	150	1.58e-77	278
POS_NC_001803_1_F0.001_R2_4858	NC_012920.1	100.000	150	150	1.58e-77	278
POS_NC_001803_1_F0.001_R2_4859	NC_012920.1	100.000	150	150	1.58e-77	278
POS_NC_001803_1_F0.001_R2_4860	NC_012920.1	99.333	150	150	7.34e-76	272
POS_NC_001803_1_F0.001_R2_4861	NC_012920.1	100.000	150	150	1.58e-77	278
POS_NC_001803_1_F0.001_R2_4862	NC_012920.1	100.000	150	150	1.58e-77	278
POS_NC_001803_1_F0.001_R2_4863	NC_012920.1	100.000	150	150	1.58e-77	278
POS_NC_001803_1_F0.001_R2_4864	NC_012920.1	100.000	150	150	1.58e-77	278
POS_NC_001803_1_F0.001_R2_4865	NC_012920.1	100.000	150	150	1.58e-77	278
POS_NC_001803_1_F0.001_R2_4866	NC_012920.1	100.000	150	150	1.58e-77	278
POS_NC_001803_1_F0.001_R2_4867	NC_012920.1	100.000	150	150	1.58e-77	278
POS_NC_001803_1_F0.001_R2_4868	NC_012920.1	100.000	150	150	1.58e-77	278
POS_NC_001803_1_F0.001_R2_4869	NC_012920.1	100.000	150	150	1.58e-77	278
POS_NC_001803_1_F0.001_R2_4870	NC_012920.1	100.000	150	150	1.58e-77	278
POS_NC_001803_1_F0.001_R2_4871	NC_012920.1	100.000	150	150	1.58e-77	278
POS_NC_001803_1_F0.001_R2_4872	NC_012920.1	100.000	150	150	1.58e-77	278
POS_NC_001803_1_F0.001_R2_4873	NC_012920.1	99.333	150	150	7.34e-76	272
POS_NC_001803_1_F0.001_R2_4874	NC_012920.1	100.000	150	150	1.58e-77	278
POS_NC_001803_1_F0.001_R2_4875	NC_012920.1	100.000	150	150	1.58e-77	278
POS_NC_001803_1_F0.001_R2_4876	NC_012920.1	98.667	150	150	3.42e-74	267
POS_NC_001803_1_F0.001_R2_4877	NC_012920.1	98.667	150	150	3.42e-74	267
POS_NC_001803_1_F0.001_R2_4878	NC_012920.1	100.000	150	150	1.58e-77	278
POS_NC_001803_1_F0.001_R2_4879	NC_012920.1	99.333	150	150	7.34e-76	272
POS_NC_001803_1_F0.001_R2_4880	NC_012920.1	100.000	150	150	1.58e-77	278
POS_NC_001803_1_F0.001_R2_4881	NC_012920.1	100.000	150	150	1.58e-77	278
POS_NC_001803_1_F0.001_R2_4882	NC_012920.1	100.000	150	150	1.58e-77	278
POS_NC_001803_1_F0.001_R2_4883	NC_012920.1	98.667	150	150	3.42e-74	267
POS_NC_001803_1_F0.001_R2_4884	NC_012920.1	100.000	150	150	1.58e-77	278
POS_NC_001803_1_F0.001_R2_4885	NC_012920.1	100.000	150	150	1.58e-77	278
POS_NC_001803_1_F0.001_R2_4886	NC_012920.1	100.000	150	150	1.58e-77	278
POS_NC_001803_1_F0.001_R2_4887	NC_012920.1	99.333	150	150	7.34e-76	272
POS_NC_001803_1_F0.001_R2_4888	NC_012920.1	100.000	150	150	1.58e-77	278
POS_NC_001803_1_F0.001_R2_4889	NC_012920.1	99.333	150	150	7.34e-76	272
POS_NC_001803_1_F0.001_R2_4890	NC_012920.1	99.333	150	150	7.34e-76	272
POS_NC_001803_1_F0.001_R2_4891	NC_012920.1	99.333	150	150	7.34e-76	272
POS_NC_001803_1_F0.001_R2_4892	NC_012920.1	100.000	150	150	1.58e-77	278
POS_NC_001803_1_F0.001_R2_4893	NC_012920.1	99.333	150	150	7.34e-76	272
POS_NC_001803_1_F0.001_R2_4894	NC_012920.1	100.000	150	150	1.58e-77	278
POS_NC_001803_1_F0.001_R2_4895	NC_012920.1	100.000	150	150	1.58e-77	278
POS_NC_001803_1_F0.001_R2_4896	NC_012920.1	99.333	150	150	7.34e-76	272
POS_NC_001803_1_F0.001_R2_4897	NC_012920.1	100.000	150	150	1.58e-77	278
POS_NC_001803_1_F0.001_R2_4898	NC_012920.1	100.000	150	150	1.58e-77	278
POS_NC_001803_1_F0.001_R2_4899	NC_012920.1	100.000	150	150	1.58e-77	278
POS_NC_001803_1_F0.001_R2_4900	NC_012920.1	100.000	150	150	1.58e-77	278
POS_NC_001803_1_F0.001_R2_4901	NC_012920.1	100.000	150	150	1.58e-77	278
POS_NC_001803_1_F0.001_R2_4902	NC_012920.1	99.333	150	150	7.34e-76	272
POS_NC_001803_1_F0.001_R2_4903	NC_012920.1	99.333	150	150	7.34e-76	272
POS_NC_001803_1_F0.001_R2_4904	NC_012920.1	100.000	150	150	1.58e-77	278
POS_NC_001803_1_F0.001_R2_4905	NC_012920.1	100.000	150	150	1.58e-77	278
POS_NC_001803_1_F0.001_R2_4906	NC_012920.1	100.000	150	150	1.58e-77	278
POS_NC_001803_1_F0.001_R2_4907	NC_012920.1	99.333	150	150	7.34e-76	272
POS_NC_001803_1_F0.001_R2_4908	NC_012920.1	100.000	150	150	1.58e-77	278
POS_NC_001803_1_F0.001_R2_4909	NC_012920.1	100.000	150	150	1.58e-77	278
POS_NC_001803_1_F0.001_R2_4910	NC_012920.1	99.333	150	150	7.34e-76	272
POS_NC_001803_1_F0.001_R2_4911	NC_012920.1	100.000	150	150	1.58e-77	278
POS_NC_001803_1_F0.001_R2_4912	NC_012920.1	99.333	150	150	7.34e-76	272
POS_NC_001803_1_F0.001_R2_4913	NC_012920.1	100.000	150	150	1.58e-77	278
POS_NC_001803_1_F0.001_R2_4914	NC_012920.1	100.000	150	150	1.58e-77	278
POS_NC_001803_1_F0.001_R2_4915	NC_012920.1	99.333	150	150	7.34e-76	272
POS_NC_001803_1_F0.001_R2_4916	NC_012920.1	100.000	150	150	1.58e-77	278
POS_NC_001803_1_F0.001_R2_4917	NC_012920.1	100.000	150	150	1.58e-77	278
POS_NC_001803_1_F0.001_R2_4918	NC_012920.1	100.000	150	150	1.58e-77	278
POS_NC_001803_1_F0.001_R2_4919	NC_012920.1	98.667	150	150	3.42e-74	267
POS_NC_001803_1_F0.001_R2_4920	NC_012920.1	100.000	150	150	1.58e-77	278
POS_NC_001803_1_F0.001_R2_4921	NC_012920.1	100.000	150	150	1.58e-77	278
POS_NC_001803_1_F0.001_R2_4922	NC_012920.1	99.333	150	150	7.34e-76	272
POS_NC_001803_1_F0.001_R2_4923	NC_012920.1	99.333	150	150	7.34e-76	272
POS_NC_001803_1_F0.001_R2_4924	NC_012920.1	100.000	150	150	1.58e-77	278
POS_NC_001803_1_F0.001_R2_4925	NC_012920.1	100.000	150	150	1.58e-77	278
POS_NC_001803_1_F0.001_R2_4926	NC_012920.1	100.000	150	150	1.58e-77	278
POS_NC_001803_1_F0.001_R2_4927	NC_012920.1	100.000	150	150	1.58e-77	278
POS_NC_001803_1_F0.001_R2_4928	NC_012920.1	100.000	150	150	2.04e-76	274
POS_NC_001803_1_F0.001_R2_4929	NC_012920.1	100.000	150	150	1.58e-77	278
POS_NC_001803_1_F0.001_R2_4930	NC_012920.1	100.000	150	150	1.58e-77	278
POS_NC_001803_1_F0.001_R2_4931	NC_012920.1	100.000	150	150	1.58e-77	278
POS_NC_001803_1_F0.001_R2_4932	NC_012920.1	100.000	150	150	1.58e-77	278
POS_NC_001803_1_F0.001_R2_4933	NC_012920.1	100.000	150	150	1.58e-77	278
POS_NC_001803_1_F0.001_R2_4934	NC_012920.1	100.000	150	150	1.58e-77	278
POS_NC_001803_1_F0.001_R2_4935	NC_012920.1	100.000	150	150	1.58e-77	278
POS_NC_001803_1_F0.001_R2_4936	NC_012920.1	100.000	150	150	1.58e-77	278
POS_NC_001803_1_F0.001_R2_4937	NC_012920.1	100.000	150	150	1.58e-77	278
POS_NC_001803_1_F0.001_R2_4938	NC_012920.1	98.667	150	150	3.42e-74	267
POS_NC_001803_1_F0.001_R2_4939	NC_012920.1	99.333	150	150	7.34e-76	272
POS_NC_001803_1_F0.001_R2_4940	NC_012920.1	100.000	150	150	1.58e-77	278
POS_NC_001803_1_F0.001_R2_4941	NC_012920.1	98.667	150	150	3.42e-74	267
POS_NC_001803_1_F0.001_R2_4942	NC_012920.1	100.000	150	150	1.58e-77	278
POS_NC_001803_1_F0.001_R2_4943	NC_012920.1	100.000	150	150	1.58e-77	278
POS_NC_001803_1_F0.001_R2_4944	NC_012920.1	100.000	150	150	1.58e-77	278
POS_NC_001803_1_F0.001_R2_4945	NC_012920.1	100.000	149	150	5.68e-77	276
POS_NC_001803_1_F0.001_R2_4946	NC_012920.1	100.000	150	150	1.58e-77	278
POS_NC_001803_1_F0.001_R2_4947	NC_012920.1	100.000	150	150	1.58e-77	278
POS_NC_001803_1_F0.001_R2_4948	NC_012920.1	100.000	150	150	1.58e-77	278
POS_NC_001803_1_F0.001_R2_4949	NC_012920.1	98.000	150	150	1.59e-72	261
POS_NC_001803_1_F0.001_R2_4950	NC_012920.1	100.000	150	150	1.58e-77	278
POS_NC_001803_1_F0.001_R2_4951	NC_012920.1	100.000	150	150	1.58e-77	278
POS_NC_001803_1_F0.001_R2_4952	NC_012920.1	100.000	150	150	1.58e-77	278
POS_NC_001803_1_F0.001_R2_4953	NC_012920.1	100.000	150	150	1.58e-77	278
POS_NC_001803_1_F0.001_R2_4954	NC_012920.1	100.000	150	150	1.58e-77	278
POS_NC_001803_1_F0.001_R2_4955	NC_012920.1	99.333	150	150	7.34e-76	272
POS_NC_001803_1_F0.001_R2_4956	NC_012920.1	100.000	150	150	1.58e-77	278
POS_NC_001803_1_F0.001_R2_4957	NC_012920.1	99.333	150	150	7.34e-76	272
POS_NC_001803_1_F0.001_R2_4958	NC_012920.1	100.000	150	150	1.58e-77	278
POS_NC_001803_1_F0.001_R2_4959	NC_012920.1	100.000	150	150	1.58e-77	278
POS_NC_001803_1_F0.001_R2_4960	NC_012920.1	100.000	150	150	1.58e-77	278
POS_NC_001803_1_F0.001_R2_4961	NC_012920.1	100.000	150	150	1.58e-77	278
POS_NC_001803_1_F0.001_R2_4962	NC_012920.1	100.000	150	150	1.58e-77	278
POS_NC_001803_1_F0.001_R2_4963	NC_012920.1	100.000	150	150	1.58e-77	278
POS_NC_001803_1_F0.001_R2_4964	NC_012920.1	100.000	150	150	1.58e-77	278
POS_NC_001803_1_F0.001_R2_4965	NC_012920.1	100.000	150	150	1.58e-77	278
POS_NC_001803_1_F0.001_R2_4966	NC_012920.1	98.667	150	150	3.42e-74	267
POS_NC_001803_1_F0.001_R2_4967	NC_012920.1	99.333	150	150	7.34e-76	272
POS_NC_001803_1_F0.001_R2_4968	NC_012920.1	100.000	150	150	1.58e-77	278
POS_NC_001803_1_F0.001_R2_4969	NC_012920.1	99.333	150	150	7.34e-76	272
POS_NC_001803_1_F0.001_R2_4970	NC_012920.1	100.000	150	150	1.58e-77	278
POS_NC_001803_1_F0.001_R2_4971	NC_012920.1	100.000	150	150	1.58e-77	278
POS_NC_001803_1_F0.001_R2_4972	NC_012920.1	99.333	150	150	7.34e-76	272
POS_NC_001803_1_F0.001_R2_4973	NC_012920.1	100.000	150	150	1.58e-77	278
POS_NC_001803_1_F0.001_R2_4974	NC_012920.1	100.000	150	150	1.58e-77	278
POS_NC_001803_1_F0.001_R2_4975	NC_012920.1	100.000	150	150	1.58e-77	278
POS_NC_001803_1_F0.001_R2_4976	NC_012920.1	100.000	150	150	1.58e-77	278
POS_NC_001803_1_F0.001_R2_4977	NC_012920.1	99.333	150	150	7.34e-76	272
POS_NC_001803_1_F0.001_R2_4978	NC_012920.1	100.000	150	150	1.58e-77	278
POS_NC_001803_1_F0.001_R2_4979	NC_012920.1	100.000	150	150	1.58e-77	278
POS_NC_001803_1_F0.001_R2_4980	NC_012920.1	99.333	150	150	7.34e-76	272
POS_NC_001803_1_F0.001_R2_4981	NC_012920.1	99.333	150	150	7.34e-76	272
POS_NC_001803_1_F0.001_R2_4982	NC_012920.1	98.667	150	150	3.42e-74	267
POS_NC_001803_1_F0.001_R2_4983	NC_012920.1	100.000	150	150	1.58e-77	278
POS_NC_001803_1_F0.001_R2_4984	NC_012920.1	100.000	150	150	1.58e-77	278
POS_NC_001803_1_F0.001_R2_4985	NC_012920.1	100.000	150	150	1.58e-77	278
POS_NC_001803_1_F0.001_R2_4986	NC_012920.1	100.000	150	150	1.58e-77	278
POS_NC_001803_1_F0.001_R2_4987	NC_012920.1	100.000	150	150	1.58e-77	278
POS_NC_001803_1_F0.001_R2_4988	NC_012920.1	100.000	150	150	1.58e-77	278
POS_NC_001803_1_F0.001_R2_4989	NC_012920.1	99.333	150	150	7.34e-76	272
POS_NC_001803_1_F0.001_R2_4990	NC_012920.1	100.000	150	150	2.04e-76	274
POS_NC_001803_1_F0.001_R2_4991	NC_012920.1	100.000	150	150	1.58e-77	278
POS_NC_001803_1_F0.001_R2_4992	NC_012920.1	100.000	150	150	1.58e-77	278
POS_NC_001803_1_F0.001_R2_4993	NC_012920.1	99.333	150	150	7.34e-76	272
POS_NC_001803_1_F0.001_R2_4994	NC_012920.1	100.000	150	150	1.58e-77	278
POS_NC_001803_1_F0.001_R2_4995	NC_012920.1	100.000	150	150	1.58e-77	278
POS_NC_001803_1_F0.001_R2_4996	NC_012920.1	100.000	150	150	1.58e-77	278
POS_NC_001803_1_F0.001_R2_4997	NC_012920.1	100.000	150	150	1.58e-77	278
POS_NC_001803_1_F0.001_R2_4998	NC_012920.1	100.000	150	150	1.58e-77	278
POS_NC_001803_1_F0.001_R2_4999	NC_012920.1	100.000	150	150	1.58e-77	278
POS_NC_001803_1_F0.001_R2_5000	NC_012920.1	100.000	150	150	1.58e-77	278
