POS_NC_045512_2_F0.02_R3_1	NC_045512.2	100.000	150	150	1.58e-77	278
POS_NC_045512_2_F0.02_R3_2	NC_045512.2	100.000	150	150	1.58e-77	278
POS_NC_045512_2_F0.02_R3_3	NC_045512.2	99.333	150	150	7.34e-76	272
POS_NC_045512_2_F0.02_R3_4	NC_045512.2	100.000	150	150	1.58e-77	278
POS_NC_045512_2_F0.02_R3_5	NC_045512.2	100.000	150	150	1.58e-77	278
POS_NC_045512_2_F0.02_R3_6	NC_045512.2	100.000	150	150	1.58e-77	278
POS_NC_045512_2_F0.02_R3_7	NC_045512.2	99.333	150	150	7.34e-76	272
POS_NC_045512_2_F0.02_R3_8	NC_045512.2	100.000	150	150	1.58e-77	278
POS_NC_045512_2_F0.02_R3_9	NC_045512.2	99.333	150	150	7.34e-76	272
POS_NC_045512_2_F0.02_R3_10	NC_045512.2	100.000	147	150	7.34e-76	272
POS_NC_045512_2_F0.02_R3_11	NC_045512.2	99.333	150	150	7.34e-76	272
POS_NC_045512_2_F0.02_R3_12	NC_045512.2	99.333	150	150	7.34e-76	272
POS_NC_045512_2_F0.02_R3_13	NC_045512.2	99.333	150	150	7.34e-76	272
POS_NC_045512_2_F0.02_R3_14	NC_045512.2	99.333	150	150	7.34e-76	272
POS_NC_045512_2_F0.02_R3_15	NC_045512.2	100.000	150	150	1.58e-77	278
POS_NC_045512_2_F0.02_R3_16	NC_045512.2	100.000	150	150	1.58e-77	278
POS_NC_045512_2_F0.02_R3_17	NC_045512.2	100.000	150	150	1.58e-77	278
POS_NC_045512_2_F0.02_R3_18	NC_045512.2	100.000	150	150	1.58e-77	278
POS_NC_045512_2_F0.02_R3_19	NC_045512.2	100.000	150	150	1.58e-77	278
POS_NC_045512_2_F0.02_R3_20	NC_045512.2	99.329	149	150	2.64e-75	270
POS_NC_045512_2_F0.02_R3_21	NC_045512.2	100.000	150	150	1.58e-77	278
POS_NC_045512_2_F0.02_R3_22	NC_045512.2	99.333	150	150	7.34e-76	272
POS_NC_045512_2_F0.02_R3_23	NC_045512.2	100.000	150	150	1.58e-77	278
POS_NC_045512_2_F0.02_R3_24	NC_045512.2	100.000	149	150	5.68e-77	276
POS_NC_045512_2_F0.02_R3_25	NC_045512.2	100.000	150	150	1.58e-77	278
POS_NC_045512_2_F0.02_R3_26	NC_045512.2	100.000	150	150	1.58e-77	278
POS_NC_045512_2_F0.02_R3_27	NC_045512.2	99.333	150	150	7.34e-76	272
POS_NC_045512_2_F0.02_R3_28	NC_045512.2	100.000	150	150	1.58e-77	278
POS_NC_045512_2_F0.02_R3_29	NC_045512.2	100.000	150	150	1.58e-77	278
POS_NC_045512_2_F0.02_R3_30	NC_045512.2	100.000	150	150	1.58e-77	278
POS_NC_045512_2_F0.02_R3_31	NC_045512.2	100.000	150	150	1.58e-77	278
POS_NC_045512_2_F0.02_R3_32	NC_045512.2	100.000	150	150	1.58e-77	278
POS_NC_045512_2_F0.02_R3_33	NC_045512.2	100.000	150	150	1.58e-77	278
POS_NC_045512_2_F0.02_R3_34	NC_045512.2	100.000	150	150	1.58e-77	278
POS_NC_045512_2_F0.02_R3_35	NC_045512.2	99.333	150	150	7.34e-76	272
POS_NC_045512_2_F0.02_R3_36	NC_045512.2	100.000	150	150	1.58e-77	278
POS_NC_045512_2_F0.02_R3_37	NC_045512.2	99.333	150	150	7.34e-76	272
POS_NC_045512_2_F0.02_R3_38	NC_045512.2	99.333	150	150	7.34e-76	272
POS_NC_045512_2_F0.02_R3_39	NC_045512.2	100.000	150	150	1.58e-77	278
POS_NC_045512_2_F0.02_R3_40	NC_045512.2	100.000	150	150	1.58e-77	278
POS_NC_045512_2_F0.02_R3_41	NC_045512.2	100.000	150	150	1.58e-77	278
POS_NC_045512_2_F0.02_R3_42	NC_045512.2	100.000	150	150	1.58e-77	278
POS_NC_045512_2_F0.02_R3_43	NC_045512.2	99.333	150	150	7.34e-76	272
POS_NC_045512_2_F0.02_R3_44	NC_045512.2	100.000	150	150	1.58e-77	278
POS_NC_045512_2_F0.02_R3_45	NC_045512.2	100.000	150	150	1.58e-77	278
POS_NC_045512_2_F0.02_R3_46	NC_045512.2	99.333	150	150	7.34e-76	272
POS_NC_045512_2_F0.02_R3_47	NC_045512.2	99.333	150	150	7.34e-76	272
POS_NC_045512_2_F0.02_R3_48	NC_045512.2	100.000	150	150	1.58e-77	278
POS_NC_045512_2_F0.02_R3_49	NC_045512.2	100.000	150	150	1.58e-77	278
POS_NC_045512_2_F0.02_R3_50	NC_045512.2	100.000	150	150	1.58e-77	278
POS_NC_045512_2_F0.02_R3_51	NC_045512.2	100.000	150	150	1.58e-77	278
POS_NC_045512_2_F0.02_R3_52	NC_045512.2	100.000	150	150	1.58e-77	278
POS_NC_045512_2_F0.02_R3_53	NC_045512.2	100.000	150	150	1.58e-77	278
POS_NC_045512_2_F0.02_R3_54	NC_045512.2	100.000	150	150	1.58e-77	278
POS_NC_045512_2_F0.02_R3_55	NC_045512.2	99.333	150	150	7.34e-76	272
POS_NC_045512_2_F0.02_R3_56	NC_045512.2	99.333	150	150	7.34e-76	272
POS_NC_045512_2_F0.02_R3_57	NC_045512.2	99.333	150	150	7.34e-76	272
POS_NC_045512_2_F0.02_R3_58	NC_045512.2	100.000	150	150	1.58e-77	278
POS_NC_045512_2_F0.02_R3_59	NC_045512.2	100.000	150	150	1.58e-77	278
POS_NC_045512_2_F0.02_R3_60	NC_045512.2	100.000	150	150	1.58e-77	278
POS_NC_045512_2_F0.02_R3_61	NC_045512.2	100.000	150	150	1.58e-77	278
POS_NC_045512_2_F0.02_R3_62	NC_045512.2	100.000	150	150	1.58e-77	278
POS_NC_045512_2_F0.02_R3_63	NC_045512.2	100.000	150	150	1.58e-77	278
POS_NC_045512_2_F0.02_R3_64	NC_045512.2	100.000	150	150	1.58e-77	278
POS_NC_045512_2_F0.02_R3_65	NC_045512.2	100.000	150	150	1.58e-77	278
POS_NC_045512_2_F0.02_R3_66	NC_045512.2	100.000	150	150	1.58e-77	278
POS_NC_045512_2_F0.02_R3_67	NC_045512.2	100.000	150	150	1.58e-77	278
POS_NC_045512_2_F0.02_R3_68	NC_045512.2	100.000	150	150	1.58e-77	278
POS_NC_045512_2_F0.02_R3_69	NC_045512.2	100.000	150	150	1.58e-77	278
POS_NC_045512_2_F0.02_R3_70	NC_045512.2	99.333	150	150	7.34e-76	272
POS_NC_045512_2_F0.02_R3_71	NC_045512.2	100.000	150	150	1.58e-77	278
POS_NC_045512_2_F0.02_R3_72	NC_045512.2	99.333	150	150	7.34e-76	272
POS_NC_045512_2_F0.02_R3_73	NC_045512.2	100.000	150	150	1.58e-77	278
POS_NC_045512_2_F0.02_R3_74	NC_045512.2	100.000	150	150	1.58e-77	278
POS_NC_045512_2_F0.02_R3_75	NC_045512.2	99.333	150	150	7.34e-76	272
POS_NC_045512_2_F0.02_R3_76	NC_045512.2	100.000	150	150	1.58e-77	278
POS_NC_045512_2_F0.02_R3_77	NC_045512.2	100.000	150	150	1.58e-77	278
POS_NC_045512_2_F0.02_R3_78	NC_045512.2	99.333	150	150	7.34e-76	272
POS_NC_045512_2_F0.02_R3_79	NC_045512.2	100.000	150	150	1.58e-77	278
POS_NC_045512_2_F0.02_R3_80	NC_045512.2	100.000	150	150	1.58e-77	278
POS_NC_045512_2_F0.02_R3_81	NC_045512.2	99.333	150	150	7.34e-76	272
POS_NC_045512_2_F0.02_R3_82	NC_045512.2	100.000	150	150	1.58e-77	278
POS_NC_045512_2_F0.02_R3_83	NC_045512.2	100.000	150	150	1.58e-77	278
POS_NC_045512_2_F0.02_R3_84	NC_045512.2	99.333	150	150	7.34e-76	272
POS_NC_045512_2_F0.02_R3_85	NC_045512.2	100.000	150	150	1.58e-77	278
POS_NC_045512_2_F0.02_R3_86	NC_045512.2	99.333	150	150	7.34e-76	272
POS_NC_045512_2_F0.02_R3_87	NC_045512.2	100.000	150	150	1.58e-77	278
POS_NC_045512_2_F0.02_R3_88	NC_045512.2	100.000	150	150	1.58e-77	278
POS_NC_045512_2_F0.02_R3_89	NC_045512.2	100.000	150	150	1.58e-77	278
POS_NC_045512_2_F0.02_R3_90	NC_045512.2	100.000	150	150	1.58e-77	278
POS_NC_045512_2_F0.02_R3_91	NC_045512.2	100.000	150	150	1.58e-77	278
POS_NC_045512_2_F0.02_R3_92	NC_045512.2	100.000	150	150	1.58e-77	278
POS_NC_045512_2_F0.02_R3_93	NC_045512.2	100.000	150	150	1.58e-77	278
POS_NC_045512_2_F0.02_R3_94	NC_045512.2	99.333	150	150	7.34e-76	272
POS_NC_045512_2_F0.02_R3_95	NC_045512.2	100.000	150	150	1.58e-77	278
POS_NC_045512_2_F0.02_R3_96	NC_045512.2	99.333	150	150	7.34e-76	272
POS_NC_045512_2_F0.02_R3_97	NC_045512.2	100.000	150	150	1.58e-77	278
POS_NC_045512_2_F0.02_R3_98	NC_045512.2	100.000	150	150	1.58e-77	278
POS_NC_045512_2_F0.02_R3_99	NC_045512.2	100.000	150	150	1.58e-77	278
POS_NC_045512_2_F0.02_R3_100	NC_045512.2	100.000	150	150	1.58e-77	278
POS_NC_045512_2_F0.02_R3_101	NC_012920.1	99.333	150	150	7.34e-76	272
POS_NC_045512_2_F0.02_R3_102	NC_012920.1	100.000	150	150	1.58e-77	278
POS_NC_045512_2_F0.02_R3_103	NC_012920.1	100.000	150	150	1.58e-77	278
POS_NC_045512_2_F0.02_R3_104	NC_012920.1	100.000	150	150	1.58e-77	278
POS_NC_045512_2_F0.02_R3_105	NC_012920.1	100.000	150	150	1.58e-77	278
POS_NC_045512_2_F0.02_R3_106	NC_012920.1	100.000	150	150	1.58e-77	278
POS_NC_045512_2_F0.02_R3_107	NC_012920.1	100.000	150	150	1.58e-77	278
POS_NC_045512_2_F0.02_R3_108	NC_012920.1	100.000	150	150	1.58e-77	278
POS_NC_045512_2_F0.02_R3_109	NC_012920.1	98.667	150	150	3.42e-74	267
POS_NC_045512_2_F0.02_R3_110	NC_012920.1	100.000	150	150	1.58e-77	278
POS_NC_045512_2_F0.02_R3_111	NC_012920.1	100.000	150	150	1.58e-77	278
POS_NC_045512_2_F0.02_R3_112	NC_012920.1	100.000	150	150	1.58e-77	278
POS_NC_045512_2_F0.02_R3_113	NC_012920.1	100.000	150	150	1.58e-77	278
POS_NC_045512_2_F0.02_R3_114	NC_012920.1	99.333	150	150	7.34e-76	272
POS_NC_045512_2_F0.02_R3_115	NC_012920.1	100.000	150	150	1.58e-77	278
POS_NC_045512_2_F0.02_R3_116	NC_012920.1	100.000	150	150	1.58e-77	278
POS_NC_045512_2_F0.02_R3_117	NC_012920.1	99.333	150	150	7.34e-76	272
POS_NC_045512_2_F0.02_R3_118	NC_012920.1	99.333	150	150	7.34e-76	272
POS_NC_045512_2_F0.02_R3_119	NC_012920.1	100.000	150	150	1.58e-77	278
POS_NC_045512_2_F0.02_R3_120	NC_012920.1	100.000	150	150	1.58e-77	278
POS_NC_045512_2_F0.02_R3_121	NC_012920.1	100.000	150	150	1.58e-77	278
POS_NC_045512_2_F0.02_R3_122	NC_012920.1	99.333	150	150	7.34e-76	272
POS_NC_045512_2_F0.02_R3_123	NC_012920.1	99.333	150	150	7.34e-76	272
POS_NC_045512_2_F0.02_R3_124	NC_012920.1	99.333	150	150	7.34e-76	272
POS_NC_045512_2_F0.02_R3_125	NC_012920.1	99.333	150	150	7.34e-76	272
POS_NC_045512_2_F0.02_R3_126	NC_012920.1	100.000	150	150	1.58e-77	278
POS_NC_045512_2_F0.02_R3_127	NC_012920.1	100.000	150	150	1.58e-77	278
POS_NC_045512_2_F0.02_R3_128	NC_012920.1	99.324	148	150	9.50e-75	268
POS_NC_045512_2_F0.02_R3_129	NC_012920.1	100.000	150	150	1.58e-77	278
POS_NC_045512_2_F0.02_R3_130	NC_012920.1	100.000	150	150	1.58e-77	278
POS_NC_045512_2_F0.02_R3_131	NC_012920.1	100.000	150	150	1.58e-77	278
POS_NC_045512_2_F0.02_R3_132	NC_012920.1	99.333	150	150	7.34e-76	272
POS_NC_045512_2_F0.02_R3_133	NC_012920.1	99.333	150	150	7.34e-76	272
POS_NC_045512_2_F0.02_R3_134	NC_012920.1	100.000	150	150	1.58e-77	278
POS_NC_045512_2_F0.02_R3_135	NC_012920.1	99.333	150	150	7.34e-76	272
POS_NC_045512_2_F0.02_R3_136	NC_012920.1	100.000	150	150	1.58e-77	278
POS_NC_045512_2_F0.02_R3_137	NC_012920.1	99.333	150	150	7.34e-76	272
POS_NC_045512_2_F0.02_R3_138	NC_012920.1	100.000	150	150	1.58e-77	278
POS_NC_045512_2_F0.02_R3_139	NC_012920.1	98.667	150	150	3.42e-74	267
POS_NC_045512_2_F0.02_R3_140	NC_012920.1	99.333	150	150	7.34e-76	272
POS_NC_045512_2_F0.02_R3_141	NC_012920.1	100.000	150	150	1.58e-77	278
POS_NC_045512_2_F0.02_R3_142	NC_012920.1	98.667	150	150	4.42e-73	263
POS_NC_045512_2_F0.02_R3_143	NC_012920.1	100.000	150	150	1.58e-77	278
POS_NC_045512_2_F0.02_R3_144	NC_012920.1	99.333	150	150	7.34e-76	272
POS_NC_045512_2_F0.02_R3_145	NC_012920.1	100.000	150	150	1.58e-77	278
POS_NC_045512_2_F0.02_R3_146	NC_012920.1	100.000	150	150	1.58e-77	278
POS_NC_045512_2_F0.02_R3_147	NC_012920.1	99.333	150	150	7.34e-76	272
POS_NC_045512_2_F0.02_R3_148	NC_012920.1	100.000	150	150	1.58e-77	278
POS_NC_045512_2_F0.02_R3_149	NC_012920.1	100.000	150	150	1.58e-77	278
POS_NC_045512_2_F0.02_R3_150	NC_012920.1	100.000	150	150	1.58e-77	278
POS_NC_045512_2_F0.02_R3_151	NC_012920.1	100.000	150	150	1.58e-77	278
POS_NC_045512_2_F0.02_R3_152	NC_012920.1	99.333	150	150	7.34e-76	272
POS_NC_045512_2_F0.02_R3_153	NC_012920.1	100.000	150	150	1.58e-77	278
POS_NC_045512_2_F0.02_R3_154	NC_012920.1	98.000	150	150	1.59e-72	261
POS_NC_045512_2_F0.02_R3_155	NC_012920.1	100.000	150	150	1.58e-77	278
POS_NC_045512_2_F0.02_R3_156	NC_012920.1	100.000	150	150	1.58e-77	278
POS_NC_045512_2_F0.02_R3_157	NC_012920.1	100.000	150	150	1.58e-77	278
POS_NC_045512_2_F0.02_R3_158	NC_012920.1	100.000	150	150	1.58e-77	278
POS_NC_045512_2_F0.02_R3_159	NC_012920.1	100.000	150	150	1.58e-77	278
POS_NC_045512_2_F0.02_R3_160	NC_012920.1	99.333	150	150	7.34e-76	272
POS_NC_045512_2_F0.02_R3_161	NC_012920.1	98.667	150	150	3.42e-74	267
POS_NC_045512_2_F0.02_R3_162	NC_012920.1	100.000	150	150	1.58e-77	278
POS_NC_045512_2_F0.02_R3_163	NC_012920.1	100.000	150	150	1.58e-77	278
POS_NC_045512_2_F0.02_R3_164	NC_012920.1	100.000	150	150	1.58e-77	278
POS_NC_045512_2_F0.02_R3_165	NC_012920.1	100.000	150	150	1.58e-77	278
POS_NC_045512_2_F0.02_R3_166	NC_012920.1	100.000	150	150	1.58e-77	278
POS_NC_045512_2_F0.02_R3_167	NC_012920.1	100.000	150	150	1.58e-77	278
POS_NC_045512_2_F0.02_R3_168	NC_012920.1	100.000	150	150	1.58e-77	278
POS_NC_045512_2_F0.02_R3_169	NC_012920.1	99.333	150	150	7.34e-76	272
POS_NC_045512_2_F0.02_R3_170	NC_012920.1	100.000	150	150	1.58e-77	278
POS_NC_045512_2_F0.02_R3_171	NC_012920.1	100.000	150	150	1.58e-77	278
POS_NC_045512_2_F0.02_R3_172	NC_012920.1	100.000	150	150	1.58e-77	278
POS_NC_045512_2_F0.02_R3_173	NC_012920.1	100.000	150	150	1.58e-77	278
POS_NC_045512_2_F0.02_R3_174	NC_012920.1	99.333	150	150	7.34e-76	272
POS_NC_045512_2_F0.02_R3_175	NC_012920.1	100.000	150	150	1.58e-77	278
POS_NC_045512_2_F0.02_R3_176	NC_012920.1	100.000	150	150	1.58e-77	278
POS_NC_045512_2_F0.02_R3_177	NC_012920.1	98.000	150	150	1.59e-72	261
POS_NC_045512_2_F0.02_R3_178	NC_012920.1	99.333	150	150	7.34e-76	272
POS_NC_045512_2_F0.02_R3_179	NC_012920.1	99.333	150	150	7.34e-76	272
POS_NC_045512_2_F0.02_R3_180	NC_012920.1	100.000	150	150	1.58e-77	278
POS_NC_045512_2_F0.02_R3_181	NC_012920.1	98.000	150	150	1.59e-72	261
POS_NC_045512_2_F0.02_R3_182	NC_012920.1	100.000	150	150	1.58e-77	278
POS_NC_045512_2_F0.02_R3_183	NC_012920.1	100.000	150	150	1.58e-77	278
POS_NC_045512_2_F0.02_R3_184	NC_012920.1	100.000	150	150	1.58e-77	278
POS_NC_045512_2_F0.02_R3_185	NC_012920.1	99.333	150	150	7.34e-76	272
POS_NC_045512_2_F0.02_R3_186	NC_012920.1	100.000	150	150	1.58e-77	278
POS_NC_045512_2_F0.02_R3_187	NC_012920.1	100.000	150	150	1.58e-77	278
POS_NC_045512_2_F0.02_R3_188	NC_012920.1	100.000	150	150	1.58e-77	278
POS_NC_045512_2_F0.02_R3_189	NC_012920.1	100.000	150	150	1.58e-77	278
POS_NC_045512_2_F0.02_R3_190	NC_012920.1	99.333	150	150	7.34e-76	272
POS_NC_045512_2_F0.02_R3_191	NC_012920.1	100.000	150	150	1.58e-77	278
POS_NC_045512_2_F0.02_R3_192	NC_012920.1	99.333	150	150	7.34e-76	272
POS_NC_045512_2_F0.02_R3_193	NC_012920.1	99.333	150	150	7.34e-76	272
POS_NC_045512_2_F0.02_R3_194	NC_012920.1	99.333	150	150	7.34e-76	272
POS_NC_045512_2_F0.02_R3_195	NC_012920.1	100.000	150	150	1.58e-77	278
POS_NC_045512_2_F0.02_R3_196	NC_012920.1	100.000	150	150	1.58e-77	278
POS_NC_045512_2_F0.02_R3_197	NC_012920.1	99.333	150	150	7.34e-76	272
POS_NC_045512_2_F0.02_R3_198	NC_012920.1	100.000	150	150	1.58e-77	278
POS_NC_045512_2_F0.02_R3_199	NC_012920.1	100.000	150	150	1.58e-77	278
POS_NC_045512_2_F0.02_R3_200	NC_012920.1	99.333	150	150	7.34e-76	272
POS_NC_045512_2_F0.02_R3_201	NC_012920.1	100.000	150	150	1.58e-77	278
POS_NC_045512_2_F0.02_R3_202	NC_012920.1	100.000	150	150	1.58e-77	278
POS_NC_045512_2_F0.02_R3_203	NC_012920.1	100.000	150	150	1.58e-77	278
POS_NC_045512_2_F0.02_R3_204	NC_012920.1	100.000	149	150	5.68e-77	276
POS_NC_045512_2_F0.02_R3_205	NC_012920.1	100.000	150	150	1.58e-77	278
POS_NC_045512_2_F0.02_R3_206	NC_012920.1	100.000	150	150	1.58e-77	278
POS_NC_045512_2_F0.02_R3_207	NC_012920.1	100.000	150	150	1.58e-77	278
POS_NC_045512_2_F0.02_R3_208	NC_012920.1	100.000	150	150	1.58e-77	278
POS_NC_045512_2_F0.02_R3_209	NC_012920.1	100.000	150	150	1.58e-77	278
POS_NC_045512_2_F0.02_R3_210	NC_012920.1	100.000	150	150	1.58e-77	278
POS_NC_045512_2_F0.02_R3_211	NC_012920.1	99.333	150	150	7.34e-76	272
POS_NC_045512_2_F0.02_R3_212	NC_012920.1	100.000	150	150	1.58e-77	278
POS_NC_045512_2_F0.02_R3_213	NC_012920.1	100.000	150	150	1.58e-77	278
POS_NC_045512_2_F0.02_R3_214	NC_012920.1	100.000	150	150	1.58e-77	278
POS_NC_045512_2_F0.02_R3_215	NC_012920.1	100.000	150	150	1.58e-77	278
POS_NC_045512_2_F0.02_R3_216	NC_012920.1	99.333	150	150	7.34e-76	272
POS_NC_045512_2_F0.02_R3_217	NC_012920.1	100.000	150	150	1.58e-77	278
POS_NC_045512_2_F0.02_R3_218	NC_012920.1	98.667	150	150	3.42e-74	267
POS_NC_045512_2_F0.02_R3_219	NC_012920.1	99.333	150	150	7.34e-76	272
POS_NC_045512_2_F0.02_R3_220	NC_012920.1	100.000	150	150	1.58e-77	278
POS_NC_045512_2_F0.02_R3_221	NC_012920.1	99.333	150	150	7.34e-76	272
POS_NC_045512_2_F0.02_R3_222	NC_012920.1	100.000	150	150	1.58e-77	278
POS_NC_045512_2_F0.02_R3_223	NC_012920.1	99.333	150	150	7.34e-76	272
POS_NC_045512_2_F0.02_R3_224	NC_012920.1	99.333	150	150	7.34e-76	272
POS_NC_045512_2_F0.02_R3_225	NC_012920.1	99.333	150	150	7.34e-76	272
POS_NC_045512_2_F0.02_R3_226	NC_012920.1	99.324	148	150	9.50e-75	268
POS_NC_045512_2_F0.02_R3_227	NC_012920.1	100.000	150	150	1.58e-77	278
POS_NC_045512_2_F0.02_R3_228	NC_012920.1	100.000	150	150	1.58e-77	278
POS_NC_045512_2_F0.02_R3_229	NC_012920.1	100.000	150	150	1.58e-77	278
POS_NC_045512_2_F0.02_R3_230	NC_012920.1	100.000	150	150	1.58e-77	278
POS_NC_045512_2_F0.02_R3_231	NC_012920.1	100.000	150	150	1.58e-77	278
POS_NC_045512_2_F0.02_R3_232	NC_012920.1	99.333	150	150	7.34e-76	272
POS_NC_045512_2_F0.02_R3_233	NC_012920.1	98.667	150	150	3.42e-74	267
POS_NC_045512_2_F0.02_R3_234	NC_012920.1	100.000	150	150	1.58e-77	278
POS_NC_045512_2_F0.02_R3_235	NC_012920.1	98.000	150	150	1.59e-72	261
POS_NC_045512_2_F0.02_R3_236	NC_012920.1	100.000	150	150	1.58e-77	278
POS_NC_045512_2_F0.02_R3_237	NC_012920.1	100.000	150	150	1.58e-77	278
POS_NC_045512_2_F0.02_R3_238	NC_012920.1	100.000	150	150	1.58e-77	278
POS_NC_045512_2_F0.02_R3_239	NC_012920.1	100.000	150	150	1.58e-77	278
POS_NC_045512_2_F0.02_R3_240	NC_012920.1	100.000	150	150	1.58e-77	278
POS_NC_045512_2_F0.02_R3_241	NC_012920.1	100.000	150	150	1.58e-77	278
POS_NC_045512_2_F0.02_R3_242	NC_012920.1	100.000	150	150	1.58e-77	278
POS_NC_045512_2_F0.02_R3_243	NC_012920.1	100.000	150	150	1.58e-77	278
POS_NC_045512_2_F0.02_R3_244	NC_012920.1	100.000	150	150	1.58e-77	278
POS_NC_045512_2_F0.02_R3_245	NC_012920.1	100.000	150	150	1.58e-77	278
POS_NC_045512_2_F0.02_R3_246	NC_012920.1	100.000	150	150	1.58e-77	278
POS_NC_045512_2_F0.02_R3_247	NC_012920.1	100.000	150	150	1.58e-77	278
POS_NC_045512_2_F0.02_R3_248	NC_012920.1	100.000	150	150	1.58e-77	278
POS_NC_045512_2_F0.02_R3_249	NC_012920.1	100.000	150	150	1.58e-77	278
POS_NC_045512_2_F0.02_R3_250	NC_012920.1	100.000	150	150	1.58e-77	278
POS_NC_045512_2_F0.02_R3_251	NC_012920.1	100.000	150	150	1.58e-77	278
POS_NC_045512_2_F0.02_R3_252	NC_012920.1	99.333	150	150	7.34e-76	272
POS_NC_045512_2_F0.02_R3_253	NC_012920.1	100.000	150	150	1.58e-77	278
POS_NC_045512_2_F0.02_R3_254	NC_012920.1	100.000	150	150	1.58e-77	278
POS_NC_045512_2_F0.02_R3_255	NC_012920.1	100.000	150	150	1.58e-77	278
POS_NC_045512_2_F0.02_R3_256	NC_012920.1	100.000	150	150	1.58e-77	278
POS_NC_045512_2_F0.02_R3_257	NC_012920.1	98.667	150	150	3.42e-74	267
POS_NC_045512_2_F0.02_R3_258	NC_012920.1	100.000	150	150	1.58e-77	278
POS_NC_045512_2_F0.02_R3_259	NC_012920.1	100.000	150	150	1.58e-77	278
POS_NC_045512_2_F0.02_R3_260	NC_012920.1	100.000	150	150	1.58e-77	278
POS_NC_045512_2_F0.02_R3_261	NC_012920.1	100.000	150	150	1.58e-77	278
POS_NC_045512_2_F0.02_R3_262	NC_012920.1	100.000	150	150	1.58e-77	278
POS_NC_045512_2_F0.02_R3_263	NC_012920.1	100.000	150	150	1.58e-77	278
POS_NC_045512_2_F0.02_R3_264	NC_012920.1	99.333	150	150	7.34e-76	272
POS_NC_045512_2_F0.02_R3_265	NC_012920.1	99.333	150	150	7.34e-76	272
POS_NC_045512_2_F0.02_R3_266	NC_012920.1	100.000	150	150	1.58e-77	278
POS_NC_045512_2_F0.02_R3_267	NC_012920.1	100.000	150	150	1.58e-77	278
POS_NC_045512_2_F0.02_R3_268	NC_012920.1	100.000	150	150	1.58e-77	278
POS_NC_045512_2_F0.02_R3_269	NC_012920.1	100.000	150	150	1.58e-77	278
POS_NC_045512_2_F0.02_R3_270	NC_012920.1	100.000	150	150	1.58e-77	278
POS_NC_045512_2_F0.02_R3_271	NC_012920.1	100.000	150	150	1.58e-77	278
POS_NC_045512_2_F0.02_R3_272	NC_012920.1	99.333	150	150	7.34e-76	272
POS_NC_045512_2_F0.02_R3_273	NC_012920.1	99.333	150	150	7.34e-76	272
POS_NC_045512_2_F0.02_R3_274	NC_012920.1	99.333	150	150	7.34e-76	272
POS_NC_045512_2_F0.02_R3_275	NC_012920.1	99.333	150	150	7.34e-76	272
POS_NC_045512_2_F0.02_R3_276	NC_012920.1	100.000	150	150	1.58e-77	278
POS_NC_045512_2_F0.02_R3_277	NC_012920.1	99.333	150	150	7.34e-76	272
POS_NC_045512_2_F0.02_R3_278	NC_012920.1	99.333	150	150	7.34e-76	272
POS_NC_045512_2_F0.02_R3_279	NC_012920.1	100.000	150	150	1.58e-77	278
POS_NC_045512_2_F0.02_R3_280	NC_012920.1	99.333	150	150	7.34e-76	272
POS_NC_045512_2_F0.02_R3_281	NC_012920.1	100.000	150	150	1.58e-77	278
POS_NC_045512_2_F0.02_R3_282	NC_012920.1	100.000	150	150	1.58e-77	278
POS_NC_045512_2_F0.02_R3_283	NC_012920.1	100.000	150	150	1.58e-77	278
POS_NC_045512_2_F0.02_R3_284	NC_012920.1	100.000	150	150	1.58e-77	278
POS_NC_045512_2_F0.02_R3_285	NC_012920.1	100.000	150	150	1.58e-77	278
POS_NC_045512_2_F0.02_R3_286	NC_012920.1	100.000	150	150	1.58e-77	278
POS_NC_045512_2_F0.02_R3_287	NC_012920.1	100.000	150	150	1.58e-77	278
POS_NC_045512_2_F0.02_R3_288	NC_012920.1	100.000	150	150	1.58e-77	278
POS_NC_045512_2_F0.02_R3_289	NC_012920.1	100.000	150	150	1.58e-77	278
POS_NC_045512_2_F0.02_R3_290	NC_012920.1	100.000	150	150	1.58e-77	278
POS_NC_045512_2_F0.02_R3_291	NC_012920.1	99.333	150	150	7.34e-76	272
POS_NC_045512_2_F0.02_R3_292	NC_012920.1	100.000	150	150	1.58e-77	278
POS_NC_045512_2_F0.02_R3_293	NC_012920.1	100.000	150	150	1.58e-77	278
POS_NC_045512_2_F0.02_R3_294	NC_012920.1	100.000	150	150	1.58e-77	278
POS_NC_045512_2_F0.02_R3_295	NC_012920.1	100.000	149	150	5.68e-77	276
POS_NC_045512_2_F0.02_R3_296	NC_012920.1	99.333	150	150	7.34e-76	272
POS_NC_045512_2_F0.02_R3_297	NC_012920.1	99.333	150	150	7.34e-76	272
POS_NC_045512_2_F0.02_R3_298	NC_012920.1	100.000	150	150	1.58e-77	278
POS_NC_045512_2_F0.02_R3_299	NC_012920.1	99.333	150	150	7.34e-76	272
POS_NC_045512_2_F0.02_R3_300	NC_012920.1	99.333	150	150	7.34e-76	272
POS_NC_045512_2_F0.02_R3_301	NC_012920.1	100.000	150	150	1.58e-77	278
POS_NC_045512_2_F0.02_R3_302	NC_012920.1	100.000	150	150	1.58e-77	278
POS_NC_045512_2_F0.02_R3_303	NC_012920.1	99.333	150	150	7.34e-76	272
POS_NC_045512_2_F0.02_R3_304	NC_012920.1	98.667	150	150	3.42e-74	267
POS_NC_045512_2_F0.02_R3_305	NC_012920.1	100.000	150	150	1.58e-77	278
POS_NC_045512_2_F0.02_R3_306	NC_012920.1	99.333	150	150	7.34e-76	272
POS_NC_045512_2_F0.02_R3_307	NC_012920.1	100.000	150	150	1.58e-77	278
POS_NC_045512_2_F0.02_R3_308	NC_012920.1	100.000	150	150	1.58e-77	278
POS_NC_045512_2_F0.02_R3_309	NC_012920.1	98.667	150	150	3.42e-74	267
POS_NC_045512_2_F0.02_R3_310	NC_012920.1	100.000	150	150	1.58e-77	278
POS_NC_045512_2_F0.02_R3_311	NC_012920.1	100.000	150	150	1.58e-77	278
POS_NC_045512_2_F0.02_R3_312	NC_012920.1	100.000	150	150	1.58e-77	278
POS_NC_045512_2_F0.02_R3_313	NC_012920.1	99.333	150	150	7.34e-76	272
POS_NC_045512_2_F0.02_R3_314	NC_012920.1	100.000	150	150	1.58e-77	278
POS_NC_045512_2_F0.02_R3_315	NC_012920.1	100.000	150	150	1.58e-77	278
POS_NC_045512_2_F0.02_R3_316	NC_012920.1	98.667	150	150	3.42e-74	267
POS_NC_045512_2_F0.02_R3_317	NC_012920.1	100.000	150	150	1.58e-77	278
POS_NC_045512_2_F0.02_R3_318	NC_012920.1	100.000	150	150	1.58e-77	278
POS_NC_045512_2_F0.02_R3_319	NC_012920.1	99.333	150	150	7.34e-76	272
POS_NC_045512_2_F0.02_R3_320	NC_012920.1	100.000	150	150	1.58e-77	278
POS_NC_045512_2_F0.02_R3_321	NC_012920.1	100.000	150	150	1.58e-77	278
POS_NC_045512_2_F0.02_R3_322	NC_012920.1	99.333	150	150	7.34e-76	272
POS_NC_045512_2_F0.02_R3_323	NC_012920.1	100.000	150	150	1.58e-77	278
POS_NC_045512_2_F0.02_R3_324	NC_012920.1	99.333	150	150	7.34e-76	272
POS_NC_045512_2_F0.02_R3_325	NC_012920.1	100.000	150	150	2.04e-76	274
POS_NC_045512_2_F0.02_R3_326	NC_012920.1	100.000	150	150	1.58e-77	278
POS_NC_045512_2_F0.02_R3_327	NC_012920.1	99.333	150	150	7.34e-76	272
POS_NC_045512_2_F0.02_R3_328	NC_012920.1	100.000	150	150	1.58e-77	278
POS_NC_045512_2_F0.02_R3_329	NC_012920.1	100.000	150	150	1.58e-77	278
POS_NC_045512_2_F0.02_R3_330	NC_012920.1	100.000	150	150	1.58e-77	278
POS_NC_045512_2_F0.02_R3_331	NC_012920.1	100.000	150	150	1.58e-77	278
POS_NC_045512_2_F0.02_R3_332	NC_012920.1	100.000	150	150	1.58e-77	278
POS_NC_045512_2_F0.02_R3_333	NC_012920.1	99.333	150	150	7.34e-76	272
POS_NC_045512_2_F0.02_R3_334	NC_012920.1	100.000	150	150	1.58e-77	278
POS_NC_045512_2_F0.02_R3_335	NC_012920.1	100.000	150	150	1.58e-77	278
POS_NC_045512_2_F0.02_R3_336	NC_012920.1	100.000	150	150	1.58e-77	278
POS_NC_045512_2_F0.02_R3_337	NC_012920.1	100.000	150	150	1.58e-77	278
POS_NC_045512_2_F0.02_R3_338	NC_012920.1	100.000	150	150	1.58e-77	278
POS_NC_045512_2_F0.02_R3_339	NC_012920.1	99.333	150	150	7.34e-76	272
POS_NC_045512_2_F0.02_R3_340	NC_012920.1	98.667	150	150	3.42e-74	267
POS_NC_045512_2_F0.02_R3_341	NC_012920.1	99.333	150	150	7.34e-76	272
POS_NC_045512_2_F0.02_R3_342	NC_012920.1	100.000	150	150	1.58e-77	278
POS_NC_045512_2_F0.02_R3_343	NC_012920.1	100.000	150	150	1.58e-77	278
POS_NC_045512_2_F0.02_R3_344	NC_012920.1	100.000	150	150	1.58e-77	278
POS_NC_045512_2_F0.02_R3_345	NC_012920.1	100.000	150	150	1.58e-77	278
POS_NC_045512_2_F0.02_R3_346	NC_012920.1	100.000	150	150	1.58e-77	278
POS_NC_045512_2_F0.02_R3_347	NC_012920.1	100.000	150	150	1.58e-77	278
POS_NC_045512_2_F0.02_R3_348	NC_012920.1	100.000	150	150	1.58e-77	278
POS_NC_045512_2_F0.02_R3_349	NC_012920.1	99.333	150	150	7.34e-76	272
POS_NC_045512_2_F0.02_R3_350	NC_012920.1	98.667	150	150	3.42e-74	267
POS_NC_045512_2_F0.02_R3_351	NC_012920.1	99.333	150	150	7.34e-76	272
POS_NC_045512_2_F0.02_R3_352	NC_012920.1	100.000	150	150	1.58e-77	278
POS_NC_045512_2_F0.02_R3_353	NC_012920.1	99.333	150	150	7.34e-76	272
POS_NC_045512_2_F0.02_R3_354	NC_012920.1	100.000	150	150	1.58e-77	278
POS_NC_045512_2_F0.02_R3_355	NC_012920.1	100.000	150	150	1.58e-77	278
POS_NC_045512_2_F0.02_R3_356	NC_012920.1	100.000	147	150	7.34e-76	272
POS_NC_045512_2_F0.02_R3_357	NC_012920.1	100.000	150	150	1.58e-77	278
POS_NC_045512_2_F0.02_R3_358	NC_012920.1	99.333	150	150	7.34e-76	272
POS_NC_045512_2_F0.02_R3_359	NC_012920.1	99.333	150	150	7.34e-76	272
POS_NC_045512_2_F0.02_R3_360	NC_012920.1	100.000	150	150	1.58e-77	278
POS_NC_045512_2_F0.02_R3_361	NC_012920.1	100.000	150	150	1.58e-77	278
POS_NC_045512_2_F0.02_R3_362	NC_012920.1	100.000	150	150	1.58e-77	278
POS_NC_045512_2_F0.02_R3_363	NC_012920.1	99.333	150	150	7.34e-76	272
POS_NC_045512_2_F0.02_R3_364	NC_012920.1	100.000	150	150	1.58e-77	278
POS_NC_045512_2_F0.02_R3_365	NC_012920.1	99.333	150	150	7.34e-76	272
POS_NC_045512_2_F0.02_R3_366	NC_012920.1	100.000	150	150	1.58e-77	278
POS_NC_045512_2_F0.02_R3_367	NC_012920.1	100.000	150	150	1.58e-77	278
POS_NC_045512_2_F0.02_R3_368	NC_012920.1	100.000	150	150	1.58e-77	278
POS_NC_045512_2_F0.02_R3_369	NC_012920.1	100.000	150	150	1.58e-77	278
POS_NC_045512_2_F0.02_R3_370	NC_012920.1	100.000	150	150	1.58e-77	278
POS_NC_045512_2_F0.02_R3_371	NC_012920.1	100.000	150	150	1.58e-77	278
POS_NC_045512_2_F0.02_R3_372	NC_012920.1	100.000	150	150	1.58e-77	278
POS_NC_045512_2_F0.02_R3_373	NC_012920.1	100.000	150	150	1.58e-77	278
POS_NC_045512_2_F0.02_R3_374	NC_012920.1	98.667	150	150	3.42e-74	267
POS_NC_045512_2_F0.02_R3_375	NC_012920.1	100.000	150	150	1.58e-77	278
POS_NC_045512_2_F0.02_R3_376	NC_012920.1	99.333	150	150	7.34e-76	272
POS_NC_045512_2_F0.02_R3_377	NC_012920.1	98.667	150	150	3.42e-74	267
POS_NC_045512_2_F0.02_R3_378	NC_012920.1	100.000	150	150	1.58e-77	278
POS_NC_045512_2_F0.02_R3_379	NC_012920.1	100.000	150	150	1.58e-77	278
POS_NC_045512_2_F0.02_R3_380	NC_012920.1	100.000	150	150	1.58e-77	278
POS_NC_045512_2_F0.02_R3_381	NC_012920.1	99.333	150	150	7.34e-76	272
POS_NC_045512_2_F0.02_R3_382	NC_012920.1	100.000	150	150	1.58e-77	278
POS_NC_045512_2_F0.02_R3_383	NC_012920.1	100.000	150	150	1.58e-77	278
POS_NC_045512_2_F0.02_R3_384	NC_012920.1	100.000	150	150	1.58e-77	278
POS_NC_045512_2_F0.02_R3_385	NC_012920.1	99.333	150	150	7.34e-76	272
POS_NC_045512_2_F0.02_R3_386	NC_012920.1	100.000	150	150	1.58e-77	278
POS_NC_045512_2_F0.02_R3_387	NC_012920.1	100.000	150	150	1.58e-77	278
POS_NC_045512_2_F0.02_R3_388	NC_012920.1	99.333	150	150	7.34e-76	272
POS_NC_045512_2_F0.02_R3_389	NC_012920.1	99.333	150	150	7.34e-76	272
POS_NC_045512_2_F0.02_R3_390	NC_012920.1	100.000	150	150	1.58e-77	278
POS_NC_045512_2_F0.02_R3_391	NC_012920.1	100.000	150	150	1.58e-77	278
POS_NC_045512_2_F0.02_R3_392	NC_012920.1	99.333	150	150	7.34e-76	272
POS_NC_045512_2_F0.02_R3_393	NC_012920.1	100.000	150	150	1.58e-77	278
POS_NC_045512_2_F0.02_R3_394	NC_012920.1	99.333	150	150	7.34e-76	272
POS_NC_045512_2_F0.02_R3_395	NC_012920.1	100.000	150	150	1.58e-77	278
POS_NC_045512_2_F0.02_R3_396	NC_012920.1	99.333	150	150	7.34e-76	272
POS_NC_045512_2_F0.02_R3_397	NC_012920.1	100.000	150	150	1.58e-77	278
POS_NC_045512_2_F0.02_R3_398	NC_012920.1	100.000	150	150	1.58e-77	278
POS_NC_045512_2_F0.02_R3_399	NC_012920.1	100.000	150	150	1.58e-77	278
POS_NC_045512_2_F0.02_R3_400	NC_012920.1	99.333	150	150	7.34e-76	272
POS_NC_045512_2_F0.02_R3_401	NC_012920.1	99.333	150	150	7.34e-76	272
POS_NC_045512_2_F0.02_R3_402	NC_012920.1	100.000	150	150	1.58e-77	278
POS_NC_045512_2_F0.02_R3_403	NC_012920.1	100.000	150	150	1.58e-77	278
POS_NC_045512_2_F0.02_R3_404	NC_012920.1	100.000	150	150	1.58e-77	278
POS_NC_045512_2_F0.02_R3_405	NC_012920.1	100.000	150	150	1.58e-77	278
POS_NC_045512_2_F0.02_R3_406	NC_012920.1	100.000	150	150	1.58e-77	278
POS_NC_045512_2_F0.02_R3_407	NC_012920.1	100.000	150	150	1.58e-77	278
POS_NC_045512_2_F0.02_R3_408	NC_012920.1	99.333	150	150	7.34e-76	272
POS_NC_045512_2_F0.02_R3_409	NC_012920.1	100.000	150	150	1.58e-77	278
POS_NC_045512_2_F0.02_R3_410	NC_012920.1	99.333	150	150	7.34e-76	272
POS_NC_045512_2_F0.02_R3_411	NC_012920.1	100.000	150	150	1.58e-77	278
POS_NC_045512_2_F0.02_R3_412	NC_012920.1	99.333	150	150	7.34e-76	272
POS_NC_045512_2_F0.02_R3_413	NC_012920.1	99.333	150	150	7.34e-76	272
POS_NC_045512_2_F0.02_R3_414	NC_012920.1	100.000	150	150	1.58e-77	278
POS_NC_045512_2_F0.02_R3_415	NC_012920.1	100.000	150	150	1.58e-77	278
POS_NC_045512_2_F0.02_R3_416	NC_012920.1	98.000	150	150	1.59e-72	261
POS_NC_045512_2_F0.02_R3_417	NC_012920.1	98.667	150	150	3.42e-74	267
POS_NC_045512_2_F0.02_R3_418	NC_012920.1	100.000	150	150	1.58e-77	278
POS_NC_045512_2_F0.02_R3_419	NC_012920.1	100.000	150	150	1.58e-77	278
POS_NC_045512_2_F0.02_R3_420	NC_012920.1	99.333	150	150	7.34e-76	272
POS_NC_045512_2_F0.02_R3_421	NC_012920.1	99.333	150	150	7.34e-76	272
POS_NC_045512_2_F0.02_R3_422	NC_012920.1	100.000	150	150	1.58e-77	278
POS_NC_045512_2_F0.02_R3_423	NC_012920.1	100.000	150	150	1.58e-77	278
POS_NC_045512_2_F0.02_R3_424	NC_012920.1	100.000	150	150	1.58e-77	278
POS_NC_045512_2_F0.02_R3_425	NC_012920.1	100.000	150	150	1.58e-77	278
POS_NC_045512_2_F0.02_R3_426	NC_012920.1	100.000	150	150	1.58e-77	278
POS_NC_045512_2_F0.02_R3_427	NC_012920.1	99.333	150	150	7.34e-76	272
POS_NC_045512_2_F0.02_R3_428	NC_012920.1	100.000	150	150	1.58e-77	278
POS_NC_045512_2_F0.02_R3_429	NC_012920.1	100.000	150	150	1.58e-77	278
POS_NC_045512_2_F0.02_R3_430	NC_012920.1	100.000	150	150	1.58e-77	278
POS_NC_045512_2_F0.02_R3_431	NC_012920.1	99.333	150	150	7.34e-76	272
POS_NC_045512_2_F0.02_R3_432	NC_012920.1	99.333	150	150	7.34e-76	272
POS_NC_045512_2_F0.02_R3_433	NC_012920.1	100.000	150	150	1.58e-77	278
POS_NC_045512_2_F0.02_R3_434	NC_012920.1	99.333	150	150	7.34e-76	272
POS_NC_045512_2_F0.02_R3_435	NC_012920.1	100.000	150	150	1.58e-77	278
POS_NC_045512_2_F0.02_R3_436	NC_012920.1	99.333	150	150	7.34e-76	272
POS_NC_045512_2_F0.02_R3_437	NC_012920.1	99.333	150	150	7.34e-76	272
POS_NC_045512_2_F0.02_R3_438	NC_012920.1	100.000	150	150	1.58e-77	278
POS_NC_045512_2_F0.02_R3_439	NC_012920.1	100.000	150	150	1.58e-77	278
POS_NC_045512_2_F0.02_R3_440	NC_012920.1	99.333	150	150	7.34e-76	272
POS_NC_045512_2_F0.02_R3_441	NC_012920.1	100.000	150	150	1.58e-77	278
POS_NC_045512_2_F0.02_R3_442	NC_012920.1	100.000	150	150	1.58e-77	278
POS_NC_045512_2_F0.02_R3_443	NC_012920.1	99.333	150	150	7.34e-76	272
POS_NC_045512_2_F0.02_R3_444	NC_012920.1	100.000	150	150	1.58e-77	278
POS_NC_045512_2_F0.02_R3_445	NC_012920.1	100.000	150	150	1.58e-77	278
POS_NC_045512_2_F0.02_R3_446	NC_012920.1	100.000	150	150	1.58e-77	278
POS_NC_045512_2_F0.02_R3_447	NC_012920.1	100.000	148	150	2.04e-76	274
POS_NC_045512_2_F0.02_R3_448	NC_012920.1	99.333	150	150	7.34e-76	272
POS_NC_045512_2_F0.02_R3_449	NC_012920.1	100.000	150	150	1.58e-77	278
POS_NC_045512_2_F0.02_R3_450	NC_012920.1	100.000	150	150	1.58e-77	278
POS_NC_045512_2_F0.02_R3_451	NC_012920.1	100.000	150	150	1.58e-77	278
POS_NC_045512_2_F0.02_R3_452	NC_012920.1	100.000	150	150	1.58e-77	278
POS_NC_045512_2_F0.02_R3_453	NC_012920.1	100.000	150	150	1.58e-77	278
POS_NC_045512_2_F0.02_R3_454	NC_012920.1	100.000	150	150	1.58e-77	278
POS_NC_045512_2_F0.02_R3_455	NC_012920.1	99.333	150	150	7.34e-76	272
POS_NC_045512_2_F0.02_R3_456	NC_012920.1	100.000	150	150	1.58e-77	278
POS_NC_045512_2_F0.02_R3_457	NC_012920.1	99.333	150	150	7.34e-76	272
POS_NC_045512_2_F0.02_R3_458	NC_012920.1	98.667	150	150	3.42e-74	267
POS_NC_045512_2_F0.02_R3_459	NC_012920.1	100.000	150	150	1.58e-77	278
POS_NC_045512_2_F0.02_R3_460	NC_012920.1	100.000	150	150	1.58e-77	278
POS_NC_045512_2_F0.02_R3_461	NC_012920.1	100.000	150	150	1.58e-77	278
POS_NC_045512_2_F0.02_R3_462	NC_012920.1	100.000	150	150	1.58e-77	278
POS_NC_045512_2_F0.02_R3_463	NC_012920.1	100.000	150	150	1.58e-77	278
POS_NC_045512_2_F0.02_R3_464	NC_012920.1	100.000	150	150	1.58e-77	278
POS_NC_045512_2_F0.02_R3_465	NC_012920.1	100.000	150	150	1.58e-77	278
POS_NC_045512_2_F0.02_R3_466	NC_012920.1	100.000	150	150	1.58e-77	278
POS_NC_045512_2_F0.02_R3_467	NC_012920.1	100.000	150	150	1.58e-77	278
POS_NC_045512_2_F0.02_R3_468	NC_012920.1	100.000	150	150	1.58e-77	278
POS_NC_045512_2_F0.02_R3_469	NC_012920.1	99.333	150	150	7.34e-76	272
POS_NC_045512_2_F0.02_R3_470	NC_012920.1	99.333	150	150	7.34e-76	272
POS_NC_045512_2_F0.02_R3_471	NC_012920.1	100.000	150	150	1.58e-77	278
POS_NC_045512_2_F0.02_R3_472	NC_012920.1	99.333	150	150	7.34e-76	272
POS_NC_045512_2_F0.02_R3_473	NC_012920.1	100.000	150	150	1.58e-77	278
POS_NC_045512_2_F0.02_R3_474	NC_012920.1	100.000	150	150	1.58e-77	278
POS_NC_045512_2_F0.02_R3_475	NC_012920.1	100.000	150	150	1.58e-77	278
POS_NC_045512_2_F0.02_R3_476	NC_012920.1	100.000	150	150	1.58e-77	278
POS_NC_045512_2_F0.02_R3_477	NC_012920.1	100.000	150	150	1.58e-77	278
POS_NC_045512_2_F0.02_R3_478	NC_012920.1	99.333	150	150	7.34e-76	272
POS_NC_045512_2_F0.02_R3_479	NC_012920.1	100.000	150	150	1.58e-77	278
POS_NC_045512_2_F0.02_R3_480	NC_012920.1	100.000	150	150	1.58e-77	278
POS_NC_045512_2_F0.02_R3_481	NC_012920.1	100.000	150	150	1.58e-77	278
POS_NC_045512_2_F0.02_R3_482	NC_012920.1	100.000	150	150	1.58e-77	278
POS_NC_045512_2_F0.02_R3_483	NC_012920.1	100.000	150	150	1.58e-77	278
POS_NC_045512_2_F0.02_R3_484	NC_012920.1	99.333	150	150	7.34e-76	272
POS_NC_045512_2_F0.02_R3_485	NC_012920.1	100.000	150	150	1.58e-77	278
POS_NC_045512_2_F0.02_R3_486	NC_012920.1	98.667	150	150	3.42e-74	267
POS_NC_045512_2_F0.02_R3_487	NC_012920.1	100.000	150	150	1.58e-77	278
POS_NC_045512_2_F0.02_R3_488	NC_012920.1	100.000	150	150	1.58e-77	278
POS_NC_045512_2_F0.02_R3_489	NC_012920.1	100.000	150	150	1.58e-77	278
POS_NC_045512_2_F0.02_R3_490	NC_012920.1	98.667	150	150	3.42e-74	267
POS_NC_045512_2_F0.02_R3_491	NC_012920.1	100.000	150	150	1.58e-77	278
POS_NC_045512_2_F0.02_R3_492	NC_012920.1	99.333	150	150	7.34e-76	272
POS_NC_045512_2_F0.02_R3_493	NC_012920.1	100.000	150	150	1.58e-77	278
POS_NC_045512_2_F0.02_R3_494	NC_012920.1	99.333	150	150	7.34e-76	272
POS_NC_045512_2_F0.02_R3_495	NC_012920.1	100.000	150	150	1.58e-77	278
POS_NC_045512_2_F0.02_R3_496	NC_012920.1	100.000	150	150	1.58e-77	278
POS_NC_045512_2_F0.02_R3_497	NC_012920.1	100.000	150	150	1.58e-77	278
POS_NC_045512_2_F0.02_R3_498	NC_012920.1	100.000	150	150	1.58e-77	278
POS_NC_045512_2_F0.02_R3_499	NC_012920.1	100.000	150	150	1.58e-77	278
POS_NC_045512_2_F0.02_R3_500	NC_012920.1	100.000	150	150	1.58e-77	278
POS_NC_045512_2_F0.02_R3_501	NC_012920.1	99.329	149	150	2.64e-75	270
POS_NC_045512_2_F0.02_R3_502	NC_012920.1	100.000	150	150	1.58e-77	278
POS_NC_045512_2_F0.02_R3_503	NC_012920.1	99.333	150	150	7.34e-76	272
POS_NC_045512_2_F0.02_R3_504	NC_012920.1	100.000	150	150	1.58e-77	278
POS_NC_045512_2_F0.02_R3_505	NC_012920.1	99.333	150	150	7.34e-76	272
POS_NC_045512_2_F0.02_R3_506	NC_012920.1	100.000	150	150	1.58e-77	278
POS_NC_045512_2_F0.02_R3_507	NC_012920.1	99.333	150	150	7.34e-76	272
POS_NC_045512_2_F0.02_R3_508	NC_012920.1	100.000	150	150	1.58e-77	278
POS_NC_045512_2_F0.02_R3_509	NC_012920.1	100.000	150	150	1.58e-77	278
POS_NC_045512_2_F0.02_R3_510	NC_012920.1	99.333	150	150	7.34e-76	272
POS_NC_045512_2_F0.02_R3_511	NC_012920.1	99.333	150	150	7.34e-76	272
POS_NC_045512_2_F0.02_R3_512	NC_012920.1	100.000	150	150	1.58e-77	278
POS_NC_045512_2_F0.02_R3_513	NC_012920.1	99.333	150	150	7.34e-76	272
POS_NC_045512_2_F0.02_R3_514	NC_012920.1	99.333	150	150	7.34e-76	272
POS_NC_045512_2_F0.02_R3_515	NC_012920.1	100.000	150	150	1.58e-77	278
POS_NC_045512_2_F0.02_R3_516	NC_012920.1	100.000	150	150	2.04e-76	274
POS_NC_045512_2_F0.02_R3_517	NC_012920.1	100.000	150	150	1.58e-77	278
POS_NC_045512_2_F0.02_R3_518	NC_012920.1	100.000	150	150	1.58e-77	278
POS_NC_045512_2_F0.02_R3_519	NC_012920.1	100.000	150	150	1.58e-77	278
POS_NC_045512_2_F0.02_R3_520	NC_012920.1	100.000	150	150	1.58e-77	278
POS_NC_045512_2_F0.02_R3_521	NC_012920.1	100.000	150	150	1.58e-77	278
POS_NC_045512_2_F0.02_R3_522	NC_012920.1	100.000	150	150	1.58e-77	278
POS_NC_045512_2_F0.02_R3_523	NC_012920.1	99.333	150	150	7.34e-76	272
POS_NC_045512_2_F0.02_R3_524	NC_012920.1	100.000	150	150	1.58e-77	278
POS_NC_045512_2_F0.02_R3_525	NC_012920.1	100.000	150	150	1.58e-77	278
POS_NC_045512_2_F0.02_R3_526	NC_012920.1	100.000	150	150	1.58e-77	278
POS_NC_045512_2_F0.02_R3_527	NC_012920.1	100.000	150	150	1.58e-77	278
POS_NC_045512_2_F0.02_R3_528	NC_012920.1	100.000	150	150	1.58e-77	278
POS_NC_045512_2_F0.02_R3_529	NC_012920.1	100.000	150	150	1.58e-77	278
POS_NC_045512_2_F0.02_R3_530	NC_012920.1	100.000	150	150	1.58e-77	278
POS_NC_045512_2_F0.02_R3_531	NC_012920.1	100.000	150	150	1.58e-77	278
POS_NC_045512_2_F0.02_R3_532	NC_012920.1	100.000	150	150	1.58e-77	278
POS_NC_045512_2_F0.02_R3_533	NC_012920.1	99.333	150	150	7.34e-76	272
POS_NC_045512_2_F0.02_R3_534	NC_012920.1	100.000	150	150	1.58e-77	278
POS_NC_045512_2_F0.02_R3_535	NC_012920.1	100.000	150	150	1.58e-77	278
POS_NC_045512_2_F0.02_R3_536	NC_012920.1	100.000	150	150	1.58e-77	278
POS_NC_045512_2_F0.02_R3_537	NC_012920.1	100.000	150	150	1.58e-77	278
POS_NC_045512_2_F0.02_R3_538	NC_012920.1	99.333	150	150	7.34e-76	272
POS_NC_045512_2_F0.02_R3_539	NC_012920.1	100.000	150	150	1.58e-77	278
POS_NC_045512_2_F0.02_R3_540	NC_012920.1	100.000	150	150	1.58e-77	278
POS_NC_045512_2_F0.02_R3_541	NC_012920.1	99.333	150	150	7.34e-76	272
POS_NC_045512_2_F0.02_R3_542	NC_012920.1	99.333	150	150	7.34e-76	272
POS_NC_045512_2_F0.02_R3_543	NC_012920.1	100.000	150	150	1.58e-77	278
POS_NC_045512_2_F0.02_R3_544	NC_012920.1	99.333	150	150	7.34e-76	272
POS_NC_045512_2_F0.02_R3_545	NC_012920.1	100.000	150	150	1.58e-77	278
POS_NC_045512_2_F0.02_R3_546	NC_012920.1	100.000	150	150	1.58e-77	278
POS_NC_045512_2_F0.02_R3_547	NC_012920.1	100.000	150	150	1.58e-77	278
POS_NC_045512_2_F0.02_R3_548	NC_012920.1	100.000	150	150	1.58e-77	278
POS_NC_045512_2_F0.02_R3_549	NC_012920.1	100.000	150	150	1.58e-77	278
POS_NC_045512_2_F0.02_R3_550	NC_012920.1	100.000	150	150	2.04e-76	274
POS_NC_045512_2_F0.02_R3_551	NC_012920.1	100.000	150	150	1.58e-77	278
POS_NC_045512_2_F0.02_R3_552	NC_012920.1	100.000	150	150	1.58e-77	278
POS_NC_045512_2_F0.02_R3_553	NC_012920.1	100.000	150	150	1.58e-77	278
POS_NC_045512_2_F0.02_R3_554	NC_012920.1	99.333	150	150	7.34e-76	272
POS_NC_045512_2_F0.02_R3_555	NC_012920.1	100.000	150	150	1.58e-77	278
POS_NC_045512_2_F0.02_R3_556	NC_012920.1	100.000	150	150	1.58e-77	278
POS_NC_045512_2_F0.02_R3_557	NC_012920.1	99.333	150	150	7.34e-76	272
POS_NC_045512_2_F0.02_R3_558	NC_012920.1	99.333	150	150	7.34e-76	272
POS_NC_045512_2_F0.02_R3_559	NC_012920.1	99.333	150	150	7.34e-76	272
POS_NC_045512_2_F0.02_R3_560	NC_012920.1	98.667	150	150	3.42e-74	267
POS_NC_045512_2_F0.02_R3_561	NC_012920.1	99.333	150	150	7.34e-76	272
POS_NC_045512_2_F0.02_R3_562	NC_012920.1	100.000	150	150	1.58e-77	278
POS_NC_045512_2_F0.02_R3_563	NC_012920.1	100.000	150	150	1.58e-77	278
POS_NC_045512_2_F0.02_R3_564	NC_012920.1	100.000	150	150	1.58e-77	278
POS_NC_045512_2_F0.02_R3_565	NC_012920.1	100.000	150	150	1.58e-77	278
POS_NC_045512_2_F0.02_R3_566	NC_012920.1	100.000	150	150	1.58e-77	278
POS_NC_045512_2_F0.02_R3_567	NC_012920.1	100.000	150	150	1.58e-77	278
POS_NC_045512_2_F0.02_R3_568	NC_012920.1	99.333	150	150	7.34e-76	272
POS_NC_045512_2_F0.02_R3_569	NC_012920.1	99.333	150	150	7.34e-76	272
POS_NC_045512_2_F0.02_R3_570	NC_012920.1	100.000	150	150	1.58e-77	278
POS_NC_045512_2_F0.02_R3_571	NC_012920.1	100.000	150	150	1.58e-77	278
POS_NC_045512_2_F0.02_R3_572	NC_012920.1	100.000	150	150	1.58e-77	278
POS_NC_045512_2_F0.02_R3_573	NC_012920.1	100.000	150	150	1.58e-77	278
POS_NC_045512_2_F0.02_R3_574	NC_012920.1	100.000	150	150	1.58e-77	278
POS_NC_045512_2_F0.02_R3_575	NC_012920.1	100.000	150	150	1.58e-77	278
POS_NC_045512_2_F0.02_R3_576	NC_012920.1	100.000	150	150	1.58e-77	278
POS_NC_045512_2_F0.02_R3_577	NC_012920.1	99.333	150	150	7.34e-76	272
POS_NC_045512_2_F0.02_R3_578	NC_012920.1	100.000	150	150	1.58e-77	278
POS_NC_045512_2_F0.02_R3_579	NC_012920.1	100.000	150	150	1.58e-77	278
POS_NC_045512_2_F0.02_R3_580	NC_012920.1	100.000	150	150	1.58e-77	278
POS_NC_045512_2_F0.02_R3_581	NC_012920.1	100.000	150	150	1.58e-77	278
POS_NC_045512_2_F0.02_R3_582	NC_012920.1	99.333	150	150	7.34e-76	272
POS_NC_045512_2_F0.02_R3_583	NC_012920.1	100.000	150	150	1.58e-77	278
POS_NC_045512_2_F0.02_R3_584	NC_012920.1	100.000	150	150	1.58e-77	278
POS_NC_045512_2_F0.02_R3_585	NC_012920.1	100.000	150	150	1.58e-77	278
POS_NC_045512_2_F0.02_R3_586	NC_012920.1	99.333	150	150	7.34e-76	272
POS_NC_045512_2_F0.02_R3_587	NC_012920.1	99.333	150	150	7.34e-76	272
POS_NC_045512_2_F0.02_R3_588	NC_012920.1	100.000	150	150	1.58e-77	278
POS_NC_045512_2_F0.02_R3_589	NC_012920.1	100.000	150	150	1.58e-77	278
POS_NC_045512_2_F0.02_R3_590	NC_012920.1	100.000	150	150	1.58e-77	278
POS_NC_045512_2_F0.02_R3_591	NC_012920.1	100.000	150	150	1.58e-77	278
POS_NC_045512_2_F0.02_R3_592	NC_012920.1	100.000	150	150	1.58e-77	278
POS_NC_045512_2_F0.02_R3_593	NC_012920.1	99.333	150	150	7.34e-76	272
POS_NC_045512_2_F0.02_R3_594	NC_012920.1	100.000	150	150	1.58e-77	278
POS_NC_045512_2_F0.02_R3_595	NC_012920.1	100.000	150	150	2.04e-76	274
POS_NC_045512_2_F0.02_R3_596	NC_012920.1	100.000	150	150	1.58e-77	278
POS_NC_045512_2_F0.02_R3_597	NC_012920.1	100.000	150	150	1.58e-77	278
POS_NC_045512_2_F0.02_R3_598	NC_012920.1	100.000	150	150	1.58e-77	278
POS_NC_045512_2_F0.02_R3_599	NC_012920.1	100.000	150	150	1.58e-77	278
POS_NC_045512_2_F0.02_R3_600	NC_012920.1	100.000	150	150	1.58e-77	278
POS_NC_045512_2_F0.02_R3_601	NC_012920.1	100.000	150	150	1.58e-77	278
POS_NC_045512_2_F0.02_R3_602	NC_012920.1	100.000	150	150	1.58e-77	278
POS_NC_045512_2_F0.02_R3_603	NC_012920.1	100.000	150	150	1.58e-77	278
POS_NC_045512_2_F0.02_R3_604	NC_012920.1	98.667	150	150	3.42e-74	267
POS_NC_045512_2_F0.02_R3_605	NC_012920.1	100.000	150	150	1.58e-77	278
POS_NC_045512_2_F0.02_R3_606	NC_012920.1	100.000	150	150	1.58e-77	278
POS_NC_045512_2_F0.02_R3_607	NC_012920.1	100.000	150	150	1.58e-77	278
POS_NC_045512_2_F0.02_R3_608	NC_012920.1	100.000	150	150	1.58e-77	278
POS_NC_045512_2_F0.02_R3_609	NC_012920.1	100.000	150	150	1.58e-77	278
POS_NC_045512_2_F0.02_R3_610	NC_012920.1	100.000	150	150	1.58e-77	278
POS_NC_045512_2_F0.02_R3_611	NC_012920.1	100.000	150	150	1.58e-77	278
POS_NC_045512_2_F0.02_R3_612	NC_012920.1	100.000	150	150	1.58e-77	278
POS_NC_045512_2_F0.02_R3_613	NC_012920.1	99.333	150	150	7.34e-76	272
POS_NC_045512_2_F0.02_R3_614	NC_012920.1	100.000	150	150	1.58e-77	278
POS_NC_045512_2_F0.02_R3_615	NC_012920.1	100.000	150	150	1.58e-77	278
POS_NC_045512_2_F0.02_R3_616	NC_012920.1	100.000	150	150	1.58e-77	278
POS_NC_045512_2_F0.02_R3_617	NC_012920.1	100.000	150	150	1.58e-77	278
POS_NC_045512_2_F0.02_R3_618	NC_012920.1	100.000	150	150	1.58e-77	278
POS_NC_045512_2_F0.02_R3_619	NC_012920.1	100.000	150	150	1.58e-77	278
POS_NC_045512_2_F0.02_R3_620	NC_012920.1	99.333	150	150	7.34e-76	272
POS_NC_045512_2_F0.02_R3_621	NC_012920.1	99.333	150	150	7.34e-76	272
POS_NC_045512_2_F0.02_R3_622	NC_012920.1	100.000	150	150	1.58e-77	278
POS_NC_045512_2_F0.02_R3_623	NC_012920.1	100.000	150	150	1.58e-77	278
POS_NC_045512_2_F0.02_R3_624	NC_012920.1	100.000	150	150	1.58e-77	278
POS_NC_045512_2_F0.02_R3_625	NC_012920.1	100.000	150	150	1.58e-77	278
POS_NC_045512_2_F0.02_R3_626	NC_012920.1	100.000	150	150	1.58e-77	278
POS_NC_045512_2_F0.02_R3_627	NC_012920.1	100.000	150	150	1.58e-77	278
POS_NC_045512_2_F0.02_R3_628	NC_012920.1	99.333	150	150	7.34e-76	272
POS_NC_045512_2_F0.02_R3_629	NC_012920.1	100.000	150	150	1.58e-77	278
POS_NC_045512_2_F0.02_R3_630	NC_012920.1	100.000	150	150	1.58e-77	278
POS_NC_045512_2_F0.02_R3_631	NC_012920.1	99.333	150	150	7.34e-76	272
POS_NC_045512_2_F0.02_R3_632	NC_012920.1	100.000	150	150	1.58e-77	278
POS_NC_045512_2_F0.02_R3_633	NC_012920.1	99.333	150	150	7.34e-76	272
POS_NC_045512_2_F0.02_R3_634	NC_012920.1	100.000	150	150	1.58e-77	278
POS_NC_045512_2_F0.02_R3_635	NC_012920.1	100.000	150	150	1.58e-77	278
POS_NC_045512_2_F0.02_R3_636	NC_012920.1	100.000	150	150	1.58e-77	278
POS_NC_045512_2_F0.02_R3_637	NC_012920.1	100.000	150	150	1.58e-77	278
POS_NC_045512_2_F0.02_R3_638	NC_012920.1	99.333	150	150	7.34e-76	272
POS_NC_045512_2_F0.02_R3_639	NC_012920.1	100.000	150	150	1.58e-77	278
POS_NC_045512_2_F0.02_R3_640	NC_012920.1	100.000	150	150	1.58e-77	278
POS_NC_045512_2_F0.02_R3_641	NC_012920.1	100.000	150	150	1.58e-77	278
POS_NC_045512_2_F0.02_R3_642	NC_012920.1	99.333	150	150	7.34e-76	272
POS_NC_045512_2_F0.02_R3_643	NC_012920.1	100.000	150	150	1.58e-77	278
POS_NC_045512_2_F0.02_R3_644	NC_012920.1	100.000	150	150	2.04e-76	274
POS_NC_045512_2_F0.02_R3_645	NC_012920.1	98.000	150	150	1.59e-72	261
POS_NC_045512_2_F0.02_R3_646	NC_012920.1	100.000	150	150	1.58e-77	278
POS_NC_045512_2_F0.02_R3_647	NC_012920.1	100.000	150	150	1.58e-77	278
POS_NC_045512_2_F0.02_R3_648	NC_012920.1	100.000	150	150	1.58e-77	278
POS_NC_045512_2_F0.02_R3_649	NC_012920.1	100.000	150	150	1.58e-77	278
POS_NC_045512_2_F0.02_R3_650	NC_012920.1	100.000	150	150	1.58e-77	278
POS_NC_045512_2_F0.02_R3_651	NC_012920.1	100.000	150	150	1.58e-77	278
POS_NC_045512_2_F0.02_R3_652	NC_012920.1	100.000	150	150	1.58e-77	278
POS_NC_045512_2_F0.02_R3_653	NC_012920.1	100.000	150	150	1.58e-77	278
POS_NC_045512_2_F0.02_R3_654	NC_012920.1	100.000	150	150	1.58e-77	278
POS_NC_045512_2_F0.02_R3_655	NC_012920.1	100.000	147	150	7.34e-76	272
POS_NC_045512_2_F0.02_R3_656	NC_012920.1	100.000	150	150	1.58e-77	278
POS_NC_045512_2_F0.02_R3_657	NC_012920.1	100.000	150	150	1.58e-77	278
POS_NC_045512_2_F0.02_R3_658	NC_012920.1	100.000	150	150	1.58e-77	278
POS_NC_045512_2_F0.02_R3_659	NC_012920.1	100.000	150	150	1.58e-77	278
POS_NC_045512_2_F0.02_R3_660	NC_012920.1	100.000	150	150	1.58e-77	278
POS_NC_045512_2_F0.02_R3_661	NC_012920.1	100.000	150	150	1.58e-77	278
POS_NC_045512_2_F0.02_R3_662	NC_012920.1	100.000	150	150	1.58e-77	278
POS_NC_045512_2_F0.02_R3_663	NC_012920.1	100.000	150	150	1.58e-77	278
POS_NC_045512_2_F0.02_R3_664	NC_012920.1	100.000	150	150	1.58e-77	278
POS_NC_045512_2_F0.02_R3_665	NC_012920.1	99.333	150	150	7.34e-76	272
POS_NC_045512_2_F0.02_R3_666	NC_012920.1	100.000	150	150	1.58e-77	278
POS_NC_045512_2_F0.02_R3_667	NC_012920.1	98.667	150	150	3.42e-74	267
POS_NC_045512_2_F0.02_R3_668	NC_012920.1	100.000	150	150	1.58e-77	278
POS_NC_045512_2_F0.02_R3_669	NC_012920.1	100.000	150	150	1.58e-77	278
POS_NC_045512_2_F0.02_R3_670	NC_012920.1	100.000	150	150	1.58e-77	278
POS_NC_045512_2_F0.02_R3_671	NC_012920.1	100.000	150	150	1.58e-77	278
POS_NC_045512_2_F0.02_R3_672	NC_012920.1	100.000	150	150	1.58e-77	278
POS_NC_045512_2_F0.02_R3_673	NC_012920.1	100.000	150	150	1.58e-77	278
POS_NC_045512_2_F0.02_R3_674	NC_012920.1	100.000	150	150	1.58e-77	278
POS_NC_045512_2_F0.02_R3_675	NC_012920.1	100.000	150	150	1.58e-77	278
POS_NC_045512_2_F0.02_R3_676	NC_012920.1	100.000	150	150	1.58e-77	278
POS_NC_045512_2_F0.02_R3_677	NC_012920.1	100.000	150	150	1.58e-77	278
POS_NC_045512_2_F0.02_R3_678	NC_012920.1	100.000	150	150	1.58e-77	278
POS_NC_045512_2_F0.02_R3_679	NC_012920.1	100.000	150	150	1.58e-77	278
POS_NC_045512_2_F0.02_R3_680	NC_012920.1	100.000	150	150	1.58e-77	278
POS_NC_045512_2_F0.02_R3_681	NC_012920.1	100.000	150	150	1.58e-77	278
POS_NC_045512_2_F0.02_R3_682	NC_012920.1	99.333	150	150	7.34e-76	272
POS_NC_045512_2_F0.02_R3_683	NC_012920.1	99.333	150	150	7.34e-76	272
POS_NC_045512_2_F0.02_R3_684	NC_012920.1	100.000	150	150	1.58e-77	278
POS_NC_045512_2_F0.02_R3_685	NC_012920.1	100.000	150	150	1.58e-77	278
POS_NC_045512_2_F0.02_R3_686	NC_012920.1	100.000	150	150	1.58e-77	278
POS_NC_045512_2_F0.02_R3_687	NC_012920.1	99.333	150	150	7.34e-76	272
POS_NC_045512_2_F0.02_R3_688	NC_012920.1	99.333	150	150	7.34e-76	272
POS_NC_045512_2_F0.02_R3_689	NC_012920.1	100.000	150	150	1.58e-77	278
POS_NC_045512_2_F0.02_R3_690	NC_012920.1	100.000	150	150	1.58e-77	278
POS_NC_045512_2_F0.02_R3_691	NC_012920.1	100.000	150	150	1.58e-77	278
POS_NC_045512_2_F0.02_R3_692	NC_012920.1	100.000	150	150	1.58e-77	278
POS_NC_045512_2_F0.02_R3_693	NC_012920.1	100.000	150	150	1.58e-77	278
POS_NC_045512_2_F0.02_R3_694	NC_012920.1	100.000	150	150	1.58e-77	278
POS_NC_045512_2_F0.02_R3_695	NC_012920.1	98.667	150	150	3.42e-74	267
POS_NC_045512_2_F0.02_R3_696	NC_012920.1	100.000	150	150	1.58e-77	278
POS_NC_045512_2_F0.02_R3_697	NC_012920.1	100.000	150	150	1.58e-77	278
POS_NC_045512_2_F0.02_R3_698	NC_012920.1	100.000	150	150	1.58e-77	278
POS_NC_045512_2_F0.02_R3_699	NC_012920.1	100.000	150	150	1.58e-77	278
POS_NC_045512_2_F0.02_R3_700	NC_012920.1	100.000	150	150	1.58e-77	278
POS_NC_045512_2_F0.02_R3_701	NC_012920.1	100.000	150	150	1.58e-77	278
POS_NC_045512_2_F0.02_R3_702	NC_012920.1	100.000	150	150	1.58e-77	278
POS_NC_045512_2_F0.02_R3_703	NC_012920.1	100.000	150	150	1.58e-77	278
POS_NC_045512_2_F0.02_R3_704	NC_012920.1	100.000	150	150	1.58e-77	278
POS_NC_045512_2_F0.02_R3_705	NC_012920.1	100.000	150	150	1.58e-77	278
POS_NC_045512_2_F0.02_R3_706	NC_012920.1	99.333	150	150	7.34e-76	272
POS_NC_045512_2_F0.02_R3_707	NC_012920.1	100.000	150	150	1.58e-77	278
POS_NC_045512_2_F0.02_R3_708	NC_012920.1	100.000	150	150	1.58e-77	278
POS_NC_045512_2_F0.02_R3_709	NC_012920.1	100.000	150	150	1.58e-77	278
POS_NC_045512_2_F0.02_R3_710	NC_012920.1	98.667	150	150	3.42e-74	267
POS_NC_045512_2_F0.02_R3_711	NC_012920.1	100.000	144	150	3.42e-74	267
POS_NC_045512_2_F0.02_R3_712	NC_012920.1	100.000	150	150	1.58e-77	278
POS_NC_045512_2_F0.02_R3_713	NC_012920.1	100.000	150	150	1.58e-77	278
POS_NC_045512_2_F0.02_R3_714	NC_012920.1	100.000	150	150	1.58e-77	278
POS_NC_045512_2_F0.02_R3_715	NC_012920.1	99.324	148	150	9.50e-75	268
POS_NC_045512_2_F0.02_R3_716	NC_012920.1	100.000	150	150	1.58e-77	278
POS_NC_045512_2_F0.02_R3_717	NC_012920.1	100.000	150	150	1.58e-77	278
POS_NC_045512_2_F0.02_R3_718	NC_012920.1	100.000	150	150	1.58e-77	278
POS_NC_045512_2_F0.02_R3_719	NC_012920.1	100.000	150	150	1.58e-77	278
POS_NC_045512_2_F0.02_R3_720	NC_012920.1	99.333	150	150	7.34e-76	272
POS_NC_045512_2_F0.02_R3_721	NC_012920.1	98.667	150	150	3.42e-74	267
POS_NC_045512_2_F0.02_R3_722	NC_012920.1	100.000	150	150	1.58e-77	278
POS_NC_045512_2_F0.02_R3_723	NC_012920.1	100.000	150	150	1.58e-77	278
POS_NC_045512_2_F0.02_R3_724	NC_012920.1	100.000	150	150	1.58e-77	278
POS_NC_045512_2_F0.02_R3_725	NC_012920.1	99.333	150	150	7.34e-76	272
POS_NC_045512_2_F0.02_R3_726	NC_012920.1	99.333	150	150	7.34e-76	272
POS_NC_045512_2_F0.02_R3_727	NC_012920.1	100.000	150	150	1.58e-77	278
POS_NC_045512_2_F0.02_R3_728	NC_012920.1	99.333	150	150	7.34e-76	272
POS_NC_045512_2_F0.02_R3_729	NC_012920.1	100.000	150	150	1.58e-77	278
POS_NC_045512_2_F0.02_R3_730	NC_012920.1	100.000	150	150	1.58e-77	278
POS_NC_045512_2_F0.02_R3_731	NC_012920.1	100.000	150	150	1.58e-77	278
POS_NC_045512_2_F0.02_R3_732	NC_012920.1	100.000	150	150	1.58e-77	278
POS_NC_045512_2_F0.02_R3_733	NC_012920.1	100.000	150	150	1.58e-77	278
POS_NC_045512_2_F0.02_R3_734	NC_012920.1	99.333	150	150	7.34e-76	272
POS_NC_045512_2_F0.02_R3_735	NC_012920.1	100.000	150	150	1.58e-77	278
POS_NC_045512_2_F0.02_R3_736	NC_012920.1	98.667	150	150	3.42e-74	267
POS_NC_045512_2_F0.02_R3_737	NC_012920.1	99.333	150	150	7.34e-76	272
POS_NC_045512_2_F0.02_R3_738	NC_012920.1	100.000	150	150	1.58e-77	278
POS_NC_045512_2_F0.02_R3_739	NC_012920.1	100.000	150	150	1.58e-77	278
POS_NC_045512_2_F0.02_R3_740	NC_012920.1	100.000	150	150	1.58e-77	278
POS_NC_045512_2_F0.02_R3_741	NC_012920.1	99.333	150	150	7.34e-76	272
POS_NC_045512_2_F0.02_R3_742	NC_012920.1	100.000	150	150	1.58e-77	278
POS_NC_045512_2_F0.02_R3_743	NC_012920.1	100.000	150	150	1.58e-77	278
POS_NC_045512_2_F0.02_R3_744	NC_012920.1	100.000	150	150	1.58e-77	278
POS_NC_045512_2_F0.02_R3_745	NC_012920.1	100.000	150	150	1.58e-77	278
POS_NC_045512_2_F0.02_R3_746	NC_012920.1	100.000	150	150	1.58e-77	278
POS_NC_045512_2_F0.02_R3_747	NC_012920.1	99.333	150	150	7.34e-76	272
POS_NC_045512_2_F0.02_R3_748	NC_012920.1	100.000	150	150	1.58e-77	278
POS_NC_045512_2_F0.02_R3_749	NC_012920.1	99.333	150	150	7.34e-76	272
POS_NC_045512_2_F0.02_R3_750	NC_012920.1	100.000	150	150	1.58e-77	278
POS_NC_045512_2_F0.02_R3_751	NC_012920.1	100.000	150	150	1.58e-77	278
POS_NC_045512_2_F0.02_R3_752	NC_012920.1	98.000	150	150	1.59e-72	261
POS_NC_045512_2_F0.02_R3_753	NC_012920.1	100.000	150	150	1.58e-77	278
POS_NC_045512_2_F0.02_R3_754	NC_012920.1	100.000	150	150	1.58e-77	278
POS_NC_045512_2_F0.02_R3_755	NC_012920.1	100.000	150	150	1.58e-77	278
POS_NC_045512_2_F0.02_R3_756	NC_012920.1	100.000	150	150	1.58e-77	278
POS_NC_045512_2_F0.02_R3_757	NC_012920.1	100.000	150	150	1.58e-77	278
POS_NC_045512_2_F0.02_R3_758	NC_012920.1	98.667	150	150	3.42e-74	267
POS_NC_045512_2_F0.02_R3_759	NC_012920.1	99.333	150	150	7.34e-76	272
POS_NC_045512_2_F0.02_R3_760	NC_012920.1	100.000	150	150	1.58e-77	278
POS_NC_045512_2_F0.02_R3_761	NC_012920.1	100.000	150	150	1.58e-77	278
POS_NC_045512_2_F0.02_R3_762	NC_012920.1	100.000	150	150	1.58e-77	278
POS_NC_045512_2_F0.02_R3_763	NC_012920.1	100.000	150	150	2.04e-76	274
POS_NC_045512_2_F0.02_R3_764	NC_012920.1	100.000	150	150	1.58e-77	278
POS_NC_045512_2_F0.02_R3_765	NC_012920.1	98.667	150	150	3.42e-74	267
POS_NC_045512_2_F0.02_R3_766	NC_012920.1	100.000	150	150	1.58e-77	278
POS_NC_045512_2_F0.02_R3_767	NC_012920.1	99.333	150	150	7.34e-76	272
POS_NC_045512_2_F0.02_R3_768	NC_012920.1	100.000	150	150	1.58e-77	278
POS_NC_045512_2_F0.02_R3_769	NC_012920.1	100.000	150	150	1.58e-77	278
POS_NC_045512_2_F0.02_R3_770	NC_012920.1	100.000	150	150	1.58e-77	278
POS_NC_045512_2_F0.02_R3_771	NC_012920.1	100.000	150	150	1.58e-77	278
POS_NC_045512_2_F0.02_R3_772	NC_012920.1	100.000	150	150	1.58e-77	278
POS_NC_045512_2_F0.02_R3_773	NC_012920.1	100.000	150	150	1.58e-77	278
POS_NC_045512_2_F0.02_R3_774	NC_012920.1	100.000	150	150	1.58e-77	278
POS_NC_045512_2_F0.02_R3_775	NC_012920.1	100.000	150	150	1.58e-77	278
POS_NC_045512_2_F0.02_R3_776	NC_012920.1	100.000	150	150	1.58e-77	278
POS_NC_045512_2_F0.02_R3_777	NC_012920.1	99.333	150	150	7.34e-76	272
POS_NC_045512_2_F0.02_R3_778	NC_012920.1	98.667	150	150	3.42e-74	267
POS_NC_045512_2_F0.02_R3_779	NC_012920.1	99.333	150	150	7.34e-76	272
POS_NC_045512_2_F0.02_R3_780	NC_012920.1	100.000	150	150	1.58e-77	278
POS_NC_045512_2_F0.02_R3_781	NC_012920.1	100.000	150	150	1.58e-77	278
POS_NC_045512_2_F0.02_R3_782	NC_012920.1	100.000	150	150	1.58e-77	278
POS_NC_045512_2_F0.02_R3_783	NC_012920.1	100.000	150	150	1.58e-77	278
POS_NC_045512_2_F0.02_R3_784	NC_012920.1	99.333	150	150	7.34e-76	272
POS_NC_045512_2_F0.02_R3_785	NC_012920.1	100.000	150	150	1.58e-77	278
POS_NC_045512_2_F0.02_R3_786	NC_012920.1	100.000	150	150	1.58e-77	278
POS_NC_045512_2_F0.02_R3_787	NC_012920.1	100.000	150	150	1.58e-77	278
POS_NC_045512_2_F0.02_R3_788	NC_012920.1	100.000	150	150	1.58e-77	278
POS_NC_045512_2_F0.02_R3_789	NC_012920.1	100.000	150	150	1.58e-77	278
POS_NC_045512_2_F0.02_R3_790	NC_012920.1	100.000	150	150	1.58e-77	278
POS_NC_045512_2_F0.02_R3_791	NC_012920.1	99.333	150	150	7.34e-76	272
POS_NC_045512_2_F0.02_R3_792	NC_012920.1	100.000	150	150	1.58e-77	278
POS_NC_045512_2_F0.02_R3_793	NC_012920.1	100.000	150	150	1.58e-77	278
POS_NC_045512_2_F0.02_R3_794	NC_012920.1	99.333	150	150	7.34e-76	272
POS_NC_045512_2_F0.02_R3_795	NC_012920.1	99.333	150	150	7.34e-76	272
POS_NC_045512_2_F0.02_R3_796	NC_012920.1	99.333	150	150	7.34e-76	272
POS_NC_045512_2_F0.02_R3_797	NC_012920.1	100.000	150	150	1.58e-77	278
POS_NC_045512_2_F0.02_R3_798	NC_012920.1	100.000	150	150	1.58e-77	278
POS_NC_045512_2_F0.02_R3_799	NC_012920.1	100.000	150	150	1.58e-77	278
POS_NC_045512_2_F0.02_R3_800	NC_012920.1	100.000	150	150	1.58e-77	278
POS_NC_045512_2_F0.02_R3_801	NC_012920.1	100.000	150	150	1.58e-77	278
POS_NC_045512_2_F0.02_R3_802	NC_012920.1	100.000	150	150	1.58e-77	278
POS_NC_045512_2_F0.02_R3_803	NC_012920.1	100.000	150	150	1.58e-77	278
POS_NC_045512_2_F0.02_R3_804	NC_012920.1	100.000	150	150	1.58e-77	278
POS_NC_045512_2_F0.02_R3_805	NC_012920.1	100.000	150	150	1.58e-77	278
POS_NC_045512_2_F0.02_R3_806	NC_012920.1	100.000	150	150	1.58e-77	278
POS_NC_045512_2_F0.02_R3_807	NC_012920.1	99.333	150	150	7.34e-76	272
POS_NC_045512_2_F0.02_R3_808	NC_012920.1	98.667	150	150	3.42e-74	267
POS_NC_045512_2_F0.02_R3_809	NC_012920.1	100.000	150	150	1.58e-77	278
POS_NC_045512_2_F0.02_R3_810	NC_012920.1	100.000	150	150	1.58e-77	278
POS_NC_045512_2_F0.02_R3_811	NC_012920.1	99.333	150	150	7.34e-76	272
POS_NC_045512_2_F0.02_R3_812	NC_012920.1	100.000	150	150	1.58e-77	278
POS_NC_045512_2_F0.02_R3_813	NC_012920.1	100.000	150	150	1.58e-77	278
POS_NC_045512_2_F0.02_R3_814	NC_012920.1	100.000	150	150	1.58e-77	278
POS_NC_045512_2_F0.02_R3_815	NC_012920.1	100.000	150	150	1.58e-77	278
POS_NC_045512_2_F0.02_R3_816	NC_012920.1	100.000	150	150	2.04e-76	274
POS_NC_045512_2_F0.02_R3_817	NC_012920.1	100.000	150	150	1.58e-77	278
POS_NC_045512_2_F0.02_R3_818	NC_012920.1	99.324	148	150	9.50e-75	268
POS_NC_045512_2_F0.02_R3_819	NC_012920.1	100.000	150	150	1.58e-77	278
POS_NC_045512_2_F0.02_R3_820	NC_012920.1	100.000	150	150	1.58e-77	278
POS_NC_045512_2_F0.02_R3_821	NC_012920.1	100.000	150	150	1.58e-77	278
POS_NC_045512_2_F0.02_R3_822	NC_012920.1	100.000	150	150	1.58e-77	278
POS_NC_045512_2_F0.02_R3_823	NC_012920.1	100.000	150	150	1.58e-77	278
POS_NC_045512_2_F0.02_R3_824	NC_012920.1	100.000	150	150	1.58e-77	278
POS_NC_045512_2_F0.02_R3_825	NC_012920.1	100.000	150	150	1.58e-77	278
POS_NC_045512_2_F0.02_R3_826	NC_012920.1	100.000	150	150	1.58e-77	278
POS_NC_045512_2_F0.02_R3_827	NC_012920.1	100.000	150	150	1.58e-77	278
POS_NC_045512_2_F0.02_R3_828	NC_012920.1	100.000	150	150	1.58e-77	278
POS_NC_045512_2_F0.02_R3_829	NC_012920.1	99.333	150	150	7.34e-76	272
POS_NC_045512_2_F0.02_R3_830	NC_012920.1	100.000	150	150	1.58e-77	278
POS_NC_045512_2_F0.02_R3_831	NC_012920.1	100.000	150	150	1.58e-77	278
POS_NC_045512_2_F0.02_R3_832	NC_012920.1	100.000	150	150	1.58e-77	278
POS_NC_045512_2_F0.02_R3_833	NC_012920.1	98.667	150	150	3.42e-74	267
POS_NC_045512_2_F0.02_R3_834	NC_012920.1	100.000	150	150	1.58e-77	278
POS_NC_045512_2_F0.02_R3_835	NC_012920.1	99.333	150	150	7.34e-76	272
POS_NC_045512_2_F0.02_R3_836	NC_012920.1	98.667	150	150	3.42e-74	267
POS_NC_045512_2_F0.02_R3_837	NC_012920.1	99.333	150	150	7.34e-76	272
POS_NC_045512_2_F0.02_R3_838	NC_012920.1	100.000	150	150	1.58e-77	278
POS_NC_045512_2_F0.02_R3_839	NC_012920.1	100.000	150	150	1.58e-77	278
POS_NC_045512_2_F0.02_R3_840	NC_012920.1	100.000	150	150	1.58e-77	278
POS_NC_045512_2_F0.02_R3_841	NC_012920.1	100.000	150	150	1.58e-77	278
POS_NC_045512_2_F0.02_R3_842	NC_012920.1	99.333	150	150	7.34e-76	272
POS_NC_045512_2_F0.02_R3_843	NC_012920.1	100.000	150	150	2.04e-76	274
POS_NC_045512_2_F0.02_R3_844	NC_012920.1	100.000	150	150	1.58e-77	278
POS_NC_045512_2_F0.02_R3_845	NC_012920.1	100.000	150	150	1.58e-77	278
POS_NC_045512_2_F0.02_R3_846	NC_012920.1	100.000	150	150	1.58e-77	278
POS_NC_045512_2_F0.02_R3_847	NC_012920.1	100.000	150	150	1.58e-77	278
POS_NC_045512_2_F0.02_R3_848	NC_012920.1	100.000	150	150	1.58e-77	278
POS_NC_045512_2_F0.02_R3_849	NC_012920.1	100.000	150	150	1.58e-77	278
POS_NC_045512_2_F0.02_R3_850	NC_012920.1	100.000	150	150	1.58e-77	278
POS_NC_045512_2_F0.02_R3_851	NC_012920.1	100.000	150	150	1.58e-77	278
POS_NC_045512_2_F0.02_R3_852	NC_012920.1	100.000	150	150	1.58e-77	278
POS_NC_045512_2_F0.02_R3_853	NC_012920.1	100.000	150	150	1.58e-77	278
POS_NC_045512_2_F0.02_R3_854	NC_012920.1	98.667	150	150	3.42e-74	267
POS_NC_045512_2_F0.02_R3_855	NC_012920.1	100.000	150	150	1.58e-77	278
POS_NC_045512_2_F0.02_R3_856	NC_012920.1	100.000	150	150	1.58e-77	278
POS_NC_045512_2_F0.02_R3_857	NC_012920.1	100.000	149	150	5.68e-77	276
POS_NC_045512_2_F0.02_R3_858	NC_012920.1	99.333	150	150	7.34e-76	272
POS_NC_045512_2_F0.02_R3_859	NC_012920.1	100.000	150	150	1.58e-77	278
POS_NC_045512_2_F0.02_R3_860	NC_012920.1	100.000	150	150	1.58e-77	278
POS_NC_045512_2_F0.02_R3_861	NC_012920.1	100.000	150	150	1.58e-77	278
POS_NC_045512_2_F0.02_R3_862	NC_012920.1	100.000	150	150	1.58e-77	278
POS_NC_045512_2_F0.02_R3_863	NC_012920.1	100.000	150	150	1.58e-77	278
POS_NC_045512_2_F0.02_R3_864	NC_012920.1	100.000	150	150	1.58e-77	278
POS_NC_045512_2_F0.02_R3_865	NC_012920.1	100.000	150	150	1.58e-77	278
POS_NC_045512_2_F0.02_R3_866	NC_012920.1	100.000	150	150	1.58e-77	278
POS_NC_045512_2_F0.02_R3_867	NC_012920.1	100.000	150	150	1.58e-77	278
POS_NC_045512_2_F0.02_R3_868	NC_012920.1	100.000	150	150	1.58e-77	278
POS_NC_045512_2_F0.02_R3_869	NC_012920.1	99.333	150	150	7.34e-76	272
POS_NC_045512_2_F0.02_R3_870	NC_012920.1	100.000	150	150	1.58e-77	278
POS_NC_045512_2_F0.02_R3_871	NC_012920.1	100.000	150	150	1.58e-77	278
POS_NC_045512_2_F0.02_R3_872	NC_012920.1	100.000	150	150	1.58e-77	278
POS_NC_045512_2_F0.02_R3_873	NC_012920.1	100.000	150	150	1.58e-77	278
POS_NC_045512_2_F0.02_R3_874	NC_012920.1	100.000	150	150	1.58e-77	278
POS_NC_045512_2_F0.02_R3_875	NC_012920.1	100.000	150	150	1.58e-77	278
POS_NC_045512_2_F0.02_R3_876	NC_012920.1	98.667	150	150	3.42e-74	267
POS_NC_045512_2_F0.02_R3_877	NC_012920.1	99.333	150	150	7.34e-76	272
POS_NC_045512_2_F0.02_R3_878	NC_012920.1	100.000	150	150	1.58e-77	278
POS_NC_045512_2_F0.02_R3_879	NC_012920.1	98.667	150	150	3.42e-74	267
POS_NC_045512_2_F0.02_R3_880	NC_012920.1	99.333	150	150	7.34e-76	272
POS_NC_045512_2_F0.02_R3_881	NC_012920.1	100.000	150	150	1.58e-77	278
POS_NC_045512_2_F0.02_R3_882	NC_012920.1	99.333	150	150	7.34e-76	272
POS_NC_045512_2_F0.02_R3_883	NC_012920.1	100.000	150	150	1.58e-77	278
POS_NC_045512_2_F0.02_R3_884	NC_012920.1	99.333	150	150	7.34e-76	272
POS_NC_045512_2_F0.02_R3_885	NC_012920.1	100.000	150	150	1.58e-77	278
POS_NC_045512_2_F0.02_R3_886	NC_012920.1	100.000	150	150	1.58e-77	278
POS_NC_045512_2_F0.02_R3_887	NC_012920.1	100.000	150	150	1.58e-77	278
POS_NC_045512_2_F0.02_R3_888	NC_012920.1	99.333	150	150	7.34e-76	272
POS_NC_045512_2_F0.02_R3_889	NC_012920.1	100.000	150	150	1.58e-77	278
POS_NC_045512_2_F0.02_R3_890	NC_012920.1	100.000	150	150	1.58e-77	278
POS_NC_045512_2_F0.02_R3_891	NC_012920.1	100.000	150	150	1.58e-77	278
POS_NC_045512_2_F0.02_R3_892	NC_012920.1	100.000	150	150	1.58e-77	278
POS_NC_045512_2_F0.02_R3_893	NC_012920.1	99.333	150	150	7.34e-76	272
POS_NC_045512_2_F0.02_R3_894	NC_012920.1	98.667	150	150	3.42e-74	267
POS_NC_045512_2_F0.02_R3_895	NC_012920.1	100.000	150	150	1.58e-77	278
POS_NC_045512_2_F0.02_R3_896	NC_012920.1	100.000	150	150	1.58e-77	278
POS_NC_045512_2_F0.02_R3_897	NC_012920.1	100.000	150	150	1.58e-77	278
POS_NC_045512_2_F0.02_R3_898	NC_012920.1	100.000	150	150	1.58e-77	278
POS_NC_045512_2_F0.02_R3_899	NC_012920.1	100.000	150	150	1.58e-77	278
POS_NC_045512_2_F0.02_R3_900	NC_012920.1	100.000	150	150	1.58e-77	278
POS_NC_045512_2_F0.02_R3_901	NC_012920.1	100.000	150	150	1.58e-77	278
POS_NC_045512_2_F0.02_R3_902	NC_012920.1	100.000	150	150	1.58e-77	278
POS_NC_045512_2_F0.02_R3_903	NC_012920.1	99.333	150	150	7.34e-76	272
POS_NC_045512_2_F0.02_R3_904	NC_012920.1	100.000	150	150	1.58e-77	278
POS_NC_045512_2_F0.02_R3_905	NC_012920.1	100.000	150	150	1.58e-77	278
POS_NC_045512_2_F0.02_R3_906	NC_012920.1	100.000	148	150	2.04e-76	274
POS_NC_045512_2_F0.02_R3_907	NC_012920.1	99.333	150	150	7.34e-76	272
POS_NC_045512_2_F0.02_R3_908	NC_012920.1	100.000	150	150	1.58e-77	278
POS_NC_045512_2_F0.02_R3_909	NC_012920.1	99.333	150	150	7.34e-76	272
POS_NC_045512_2_F0.02_R3_910	NC_012920.1	100.000	150	150	1.58e-77	278
POS_NC_045512_2_F0.02_R3_911	NC_012920.1	98.667	150	150	3.42e-74	267
POS_NC_045512_2_F0.02_R3_912	NC_012920.1	100.000	150	150	1.58e-77	278
POS_NC_045512_2_F0.02_R3_913	NC_012920.1	99.333	150	150	7.34e-76	272
POS_NC_045512_2_F0.02_R3_914	NC_012920.1	100.000	150	150	1.58e-77	278
POS_NC_045512_2_F0.02_R3_915	NC_012920.1	100.000	150	150	1.58e-77	278
POS_NC_045512_2_F0.02_R3_916	NC_012920.1	99.333	150	150	7.34e-76	272
POS_NC_045512_2_F0.02_R3_917	NC_012920.1	99.333	150	150	7.34e-76	272
POS_NC_045512_2_F0.02_R3_918	NC_012920.1	100.000	150	150	1.58e-77	278
POS_NC_045512_2_F0.02_R3_919	NC_012920.1	99.333	150	150	7.34e-76	272
POS_NC_045512_2_F0.02_R3_920	NC_012920.1	99.333	150	150	7.34e-76	272
POS_NC_045512_2_F0.02_R3_921	NC_012920.1	100.000	150	150	1.58e-77	278
POS_NC_045512_2_F0.02_R3_922	NC_012920.1	100.000	150	150	1.58e-77	278
POS_NC_045512_2_F0.02_R3_923	NC_012920.1	100.000	150	150	1.58e-77	278
POS_NC_045512_2_F0.02_R3_924	NC_012920.1	100.000	150	150	1.58e-77	278
POS_NC_045512_2_F0.02_R3_925	NC_012920.1	100.000	150	150	1.58e-77	278
POS_NC_045512_2_F0.02_R3_926	NC_012920.1	100.000	150	150	1.58e-77	278
POS_NC_045512_2_F0.02_R3_927	NC_012920.1	100.000	150	150	1.58e-77	278
POS_NC_045512_2_F0.02_R3_928	NC_012920.1	99.333	150	150	7.34e-76	272
POS_NC_045512_2_F0.02_R3_929	NC_012920.1	100.000	150	150	1.58e-77	278
POS_NC_045512_2_F0.02_R3_930	NC_012920.1	100.000	150	150	1.58e-77	278
POS_NC_045512_2_F0.02_R3_931	NC_012920.1	100.000	150	150	1.58e-77	278
POS_NC_045512_2_F0.02_R3_932	NC_012920.1	100.000	150	150	1.58e-77	278
POS_NC_045512_2_F0.02_R3_933	NC_012920.1	99.333	150	150	7.34e-76	272
POS_NC_045512_2_F0.02_R3_934	NC_012920.1	99.333	150	150	7.34e-76	272
POS_NC_045512_2_F0.02_R3_935	NC_012920.1	100.000	150	150	1.58e-77	278
POS_NC_045512_2_F0.02_R3_936	NC_012920.1	100.000	150	150	1.58e-77	278
POS_NC_045512_2_F0.02_R3_937	NC_012920.1	100.000	150	150	1.58e-77	278
POS_NC_045512_2_F0.02_R3_938	NC_012920.1	100.000	150	150	1.58e-77	278
POS_NC_045512_2_F0.02_R3_939	NC_012920.1	100.000	150	150	1.58e-77	278
POS_NC_045512_2_F0.02_R3_940	NC_012920.1	100.000	150	150	1.58e-77	278
POS_NC_045512_2_F0.02_R3_941	NC_012920.1	100.000	150	150	1.58e-77	278
POS_NC_045512_2_F0.02_R3_942	NC_012920.1	100.000	150	150	1.58e-77	278
POS_NC_045512_2_F0.02_R3_943	NC_012920.1	100.000	150	150	1.58e-77	278
POS_NC_045512_2_F0.02_R3_944	NC_012920.1	100.000	150	150	1.58e-77	278
POS_NC_045512_2_F0.02_R3_945	NC_012920.1	99.333	150	150	7.34e-76	272
POS_NC_045512_2_F0.02_R3_946	NC_012920.1	100.000	150	150	1.58e-77	278
POS_NC_045512_2_F0.02_R3_947	NC_012920.1	100.000	150	150	1.58e-77	278
POS_NC_045512_2_F0.02_R3_948	NC_012920.1	100.000	150	150	1.58e-77	278
POS_NC_045512_2_F0.02_R3_949	NC_012920.1	100.000	150	150	1.58e-77	278
POS_NC_045512_2_F0.02_R3_950	NC_012920.1	100.000	150	150	1.58e-77	278
POS_NC_045512_2_F0.02_R3_951	NC_012920.1	100.000	150	150	1.58e-77	278
POS_NC_045512_2_F0.02_R3_952	NC_012920.1	100.000	150	150	1.58e-77	278
POS_NC_045512_2_F0.02_R3_953	NC_012920.1	100.000	150	150	1.58e-77	278
POS_NC_045512_2_F0.02_R3_954	NC_012920.1	100.000	150	150	1.58e-77	278
POS_NC_045512_2_F0.02_R3_955	NC_012920.1	99.333	150	150	7.34e-76	272
POS_NC_045512_2_F0.02_R3_956	NC_012920.1	100.000	150	150	1.58e-77	278
POS_NC_045512_2_F0.02_R3_957	NC_012920.1	100.000	150	150	1.58e-77	278
POS_NC_045512_2_F0.02_R3_958	NC_012920.1	100.000	150	150	1.58e-77	278
POS_NC_045512_2_F0.02_R3_959	NC_012920.1	100.000	150	150	1.58e-77	278
POS_NC_045512_2_F0.02_R3_960	NC_012920.1	100.000	150	150	1.58e-77	278
POS_NC_045512_2_F0.02_R3_961	NC_012920.1	99.333	150	150	7.34e-76	272
POS_NC_045512_2_F0.02_R3_962	NC_012920.1	100.000	150	150	1.58e-77	278
POS_NC_045512_2_F0.02_R3_963	NC_012920.1	100.000	150	150	1.58e-77	278
POS_NC_045512_2_F0.02_R3_964	NC_012920.1	100.000	150	150	1.58e-77	278
POS_NC_045512_2_F0.02_R3_965	NC_012920.1	100.000	150	150	1.58e-77	278
POS_NC_045512_2_F0.02_R3_966	NC_012920.1	100.000	150	150	1.58e-77	278
POS_NC_045512_2_F0.02_R3_967	NC_012920.1	100.000	150	150	1.58e-77	278
POS_NC_045512_2_F0.02_R3_968	NC_012920.1	100.000	150	150	1.58e-77	278
POS_NC_045512_2_F0.02_R3_969	NC_012920.1	100.000	150	150	1.58e-77	278
POS_NC_045512_2_F0.02_R3_970	NC_012920.1	99.333	150	150	7.34e-76	272
POS_NC_045512_2_F0.02_R3_971	NC_012920.1	100.000	150	150	1.58e-77	278
POS_NC_045512_2_F0.02_R3_972	NC_012920.1	100.000	150	150	1.58e-77	278
POS_NC_045512_2_F0.02_R3_973	NC_012920.1	100.000	150	150	1.58e-77	278
POS_NC_045512_2_F0.02_R3_974	NC_012920.1	99.333	150	150	7.34e-76	272
POS_NC_045512_2_F0.02_R3_975	NC_012920.1	98.667	150	150	3.42e-74	267
POS_NC_045512_2_F0.02_R3_976	NC_012920.1	100.000	150	150	1.58e-77	278
POS_NC_045512_2_F0.02_R3_977	NC_012920.1	99.333	150	150	7.34e-76	272
POS_NC_045512_2_F0.02_R3_978	NC_012920.1	100.000	150	150	1.58e-77	278
POS_NC_045512_2_F0.02_R3_979	NC_012920.1	100.000	150	150	1.58e-77	278
POS_NC_045512_2_F0.02_R3_980	NC_012920.1	98.000	150	150	1.59e-72	261
POS_NC_045512_2_F0.02_R3_981	NC_012920.1	100.000	150	150	1.58e-77	278
POS_NC_045512_2_F0.02_R3_982	NC_012920.1	100.000	150	150	1.58e-77	278
POS_NC_045512_2_F0.02_R3_983	NC_012920.1	100.000	150	150	1.58e-77	278
POS_NC_045512_2_F0.02_R3_984	NC_012920.1	100.000	150	150	1.58e-77	278
POS_NC_045512_2_F0.02_R3_985	NC_012920.1	100.000	150	150	1.58e-77	278
POS_NC_045512_2_F0.02_R3_986	NC_012920.1	100.000	150	150	1.58e-77	278
POS_NC_045512_2_F0.02_R3_987	NC_012920.1	98.667	150	150	3.42e-74	267
POS_NC_045512_2_F0.02_R3_988	NC_012920.1	100.000	150	150	1.58e-77	278
POS_NC_045512_2_F0.02_R3_989	NC_012920.1	100.000	150	150	1.58e-77	278
POS_NC_045512_2_F0.02_R3_990	NC_012920.1	100.000	150	150	1.58e-77	278
POS_NC_045512_2_F0.02_R3_991	NC_012920.1	100.000	150	150	1.58e-77	278
POS_NC_045512_2_F0.02_R3_992	NC_012920.1	99.333	150	150	7.34e-76	272
POS_NC_045512_2_F0.02_R3_993	NC_012920.1	100.000	150	150	2.04e-76	274
POS_NC_045512_2_F0.02_R3_994	NC_012920.1	100.000	150	150	1.58e-77	278
POS_NC_045512_2_F0.02_R3_995	NC_012920.1	100.000	150	150	1.58e-77	278
POS_NC_045512_2_F0.02_R3_996	NC_012920.1	100.000	150	150	1.58e-77	278
POS_NC_045512_2_F0.02_R3_997	NC_012920.1	100.000	150	150	1.58e-77	278
POS_NC_045512_2_F0.02_R3_998	NC_012920.1	100.000	150	150	1.58e-77	278
POS_NC_045512_2_F0.02_R3_999	NC_012920.1	100.000	150	150	1.58e-77	278
POS_NC_045512_2_F0.02_R3_1000	NC_012920.1	100.000	150	150	1.58e-77	278
POS_NC_045512_2_F0.02_R3_1001	NC_012920.1	99.333	150	150	7.34e-76	272
POS_NC_045512_2_F0.02_R3_1002	NC_012920.1	100.000	150	150	1.58e-77	278
POS_NC_045512_2_F0.02_R3_1003	NC_012920.1	100.000	150	150	1.58e-77	278
POS_NC_045512_2_F0.02_R3_1004	NC_012920.1	99.333	150	150	7.34e-76	272
POS_NC_045512_2_F0.02_R3_1005	NC_012920.1	100.000	150	150	1.58e-77	278
POS_NC_045512_2_F0.02_R3_1006	NC_012920.1	100.000	150	150	1.58e-77	278
POS_NC_045512_2_F0.02_R3_1007	NC_012920.1	100.000	150	150	1.58e-77	278
POS_NC_045512_2_F0.02_R3_1008	NC_012920.1	99.333	150	150	7.34e-76	272
POS_NC_045512_2_F0.02_R3_1009	NC_012920.1	100.000	150	150	1.58e-77	278
POS_NC_045512_2_F0.02_R3_1010	NC_012920.1	100.000	150	150	1.58e-77	278
POS_NC_045512_2_F0.02_R3_1011	NC_012920.1	100.000	150	150	1.58e-77	278
POS_NC_045512_2_F0.02_R3_1012	NC_012920.1	100.000	150	150	1.58e-77	278
POS_NC_045512_2_F0.02_R3_1013	NC_012920.1	100.000	150	150	1.58e-77	278
POS_NC_045512_2_F0.02_R3_1014	NC_012920.1	100.000	150	150	1.58e-77	278
POS_NC_045512_2_F0.02_R3_1015	NC_012920.1	100.000	150	150	1.58e-77	278
POS_NC_045512_2_F0.02_R3_1016	NC_012920.1	100.000	150	150	1.58e-77	278
POS_NC_045512_2_F0.02_R3_1017	NC_012920.1	100.000	150	150	1.58e-77	278
POS_NC_045512_2_F0.02_R3_1018	NC_012920.1	100.000	150	150	1.58e-77	278
POS_NC_045512_2_F0.02_R3_1019	NC_012920.1	100.000	150	150	1.58e-77	278
POS_NC_045512_2_F0.02_R3_1020	NC_012920.1	100.000	149	150	5.68e-77	276
POS_NC_045512_2_F0.02_R3_1021	NC_012920.1	99.333	150	150	7.34e-76	272
POS_NC_045512_2_F0.02_R3_1022	NC_012920.1	100.000	150	150	1.58e-77	278
POS_NC_045512_2_F0.02_R3_1023	NC_012920.1	100.000	150	150	1.58e-77	278
POS_NC_045512_2_F0.02_R3_1024	NC_012920.1	100.000	150	150	1.58e-77	278
POS_NC_045512_2_F0.02_R3_1025	NC_012920.1	100.000	150	150	1.58e-77	278
POS_NC_045512_2_F0.02_R3_1026	NC_012920.1	99.333	150	150	7.34e-76	272
POS_NC_045512_2_F0.02_R3_1027	NC_012920.1	100.000	150	150	1.58e-77	278
POS_NC_045512_2_F0.02_R3_1028	NC_012920.1	100.000	150	150	1.58e-77	278
POS_NC_045512_2_F0.02_R3_1029	NC_012920.1	100.000	150	150	1.58e-77	278
POS_NC_045512_2_F0.02_R3_1030	NC_012920.1	100.000	150	150	1.58e-77	278
POS_NC_045512_2_F0.02_R3_1031	NC_012920.1	100.000	150	150	1.58e-77	278
POS_NC_045512_2_F0.02_R3_1032	NC_012920.1	100.000	150	150	1.58e-77	278
POS_NC_045512_2_F0.02_R3_1033	NC_012920.1	100.000	150	150	1.58e-77	278
POS_NC_045512_2_F0.02_R3_1034	NC_012920.1	100.000	150	150	1.58e-77	278
POS_NC_045512_2_F0.02_R3_1035	NC_012920.1	100.000	150	150	1.58e-77	278
POS_NC_045512_2_F0.02_R3_1036	NC_012920.1	100.000	150	150	1.58e-77	278
POS_NC_045512_2_F0.02_R3_1037	NC_012920.1	100.000	150	150	1.58e-77	278
POS_NC_045512_2_F0.02_R3_1038	NC_012920.1	99.333	150	150	7.34e-76	272
POS_NC_045512_2_F0.02_R3_1039	NC_012920.1	100.000	150	150	1.58e-77	278
POS_NC_045512_2_F0.02_R3_1040	NC_012920.1	99.333	150	150	7.34e-76	272
POS_NC_045512_2_F0.02_R3_1041	NC_012920.1	99.333	150	150	7.34e-76	272
POS_NC_045512_2_F0.02_R3_1042	NC_012920.1	100.000	150	150	1.58e-77	278
POS_NC_045512_2_F0.02_R3_1043	NC_012920.1	100.000	150	150	1.58e-77	278
POS_NC_045512_2_F0.02_R3_1044	NC_012920.1	98.000	150	150	1.59e-72	261
POS_NC_045512_2_F0.02_R3_1045	NC_012920.1	100.000	150	150	1.58e-77	278
POS_NC_045512_2_F0.02_R3_1046	NC_012920.1	99.333	150	150	7.34e-76	272
POS_NC_045512_2_F0.02_R3_1047	NC_012920.1	100.000	150	150	1.58e-77	278
POS_NC_045512_2_F0.02_R3_1048	NC_012920.1	100.000	150	150	1.58e-77	278
POS_NC_045512_2_F0.02_R3_1049	NC_012920.1	100.000	149	150	5.68e-77	276
POS_NC_045512_2_F0.02_R3_1050	NC_012920.1	100.000	150	150	1.58e-77	278
POS_NC_045512_2_F0.02_R3_1051	NC_012920.1	100.000	150	150	1.58e-77	278
POS_NC_045512_2_F0.02_R3_1052	NC_012920.1	99.333	150	150	7.34e-76	272
POS_NC_045512_2_F0.02_R3_1053	NC_012920.1	100.000	150	150	1.58e-77	278
POS_NC_045512_2_F0.02_R3_1054	NC_012920.1	100.000	150	150	1.58e-77	278
POS_NC_045512_2_F0.02_R3_1055	NC_012920.1	99.333	150	150	7.34e-76	272
POS_NC_045512_2_F0.02_R3_1056	NC_012920.1	100.000	150	150	1.58e-77	278
POS_NC_045512_2_F0.02_R3_1057	NC_012920.1	100.000	150	150	1.58e-77	278
POS_NC_045512_2_F0.02_R3_1058	NC_012920.1	100.000	150	150	1.58e-77	278
POS_NC_045512_2_F0.02_R3_1059	NC_012920.1	100.000	150	150	1.58e-77	278
POS_NC_045512_2_F0.02_R3_1060	NC_012920.1	100.000	150	150	1.58e-77	278
POS_NC_045512_2_F0.02_R3_1061	NC_012920.1	100.000	150	150	1.58e-77	278
POS_NC_045512_2_F0.02_R3_1062	NC_012920.1	100.000	150	150	1.58e-77	278
POS_NC_045512_2_F0.02_R3_1063	NC_012920.1	100.000	150	150	1.58e-77	278
POS_NC_045512_2_F0.02_R3_1064	NC_012920.1	100.000	150	150	1.58e-77	278
POS_NC_045512_2_F0.02_R3_1065	NC_012920.1	100.000	150	150	1.58e-77	278
POS_NC_045512_2_F0.02_R3_1066	NC_012920.1	100.000	150	150	1.58e-77	278
POS_NC_045512_2_F0.02_R3_1067	NC_012920.1	99.333	150	150	7.34e-76	272
POS_NC_045512_2_F0.02_R3_1068	NC_012920.1	100.000	150	150	1.58e-77	278
POS_NC_045512_2_F0.02_R3_1069	NC_012920.1	100.000	150	150	1.58e-77	278
POS_NC_045512_2_F0.02_R3_1070	NC_012920.1	100.000	150	150	1.58e-77	278
POS_NC_045512_2_F0.02_R3_1071	NC_012920.1	100.000	150	150	1.58e-77	278
POS_NC_045512_2_F0.02_R3_1072	NC_012920.1	100.000	150	150	1.58e-77	278
POS_NC_045512_2_F0.02_R3_1073	NC_012920.1	100.000	147	150	7.34e-76	272
POS_NC_045512_2_F0.02_R3_1074	NC_012920.1	100.000	150	150	1.58e-77	278
POS_NC_045512_2_F0.02_R3_1075	NC_012920.1	100.000	150	150	1.58e-77	278
POS_NC_045512_2_F0.02_R3_1076	NC_012920.1	100.000	150	150	1.58e-77	278
POS_NC_045512_2_F0.02_R3_1077	NC_012920.1	100.000	150	150	1.58e-77	278
POS_NC_045512_2_F0.02_R3_1078	NC_012920.1	99.333	150	150	7.34e-76	272
POS_NC_045512_2_F0.02_R3_1079	NC_012920.1	100.000	150	150	1.58e-77	278
POS_NC_045512_2_F0.02_R3_1080	NC_012920.1	100.000	150	150	1.58e-77	278
POS_NC_045512_2_F0.02_R3_1081	NC_012920.1	100.000	150	150	1.58e-77	278
POS_NC_045512_2_F0.02_R3_1082	NC_012920.1	99.333	150	150	7.34e-76	272
POS_NC_045512_2_F0.02_R3_1083	NC_012920.1	100.000	150	150	1.58e-77	278
POS_NC_045512_2_F0.02_R3_1084	NC_012920.1	100.000	150	150	1.58e-77	278
POS_NC_045512_2_F0.02_R3_1085	NC_012920.1	100.000	150	150	1.58e-77	278
POS_NC_045512_2_F0.02_R3_1086	NC_012920.1	99.333	150	150	7.34e-76	272
POS_NC_045512_2_F0.02_R3_1087	NC_012920.1	100.000	150	150	1.58e-77	278
POS_NC_045512_2_F0.02_R3_1088	NC_012920.1	100.000	150	150	1.58e-77	278
POS_NC_045512_2_F0.02_R3_1089	NC_012920.1	100.000	150	150	1.58e-77	278
POS_NC_045512_2_F0.02_R3_1090	NC_012920.1	99.333	150	150	7.34e-76	272
POS_NC_045512_2_F0.02_R3_1091	NC_012920.1	100.000	150	150	1.58e-77	278
POS_NC_045512_2_F0.02_R3_1092	NC_012920.1	100.000	150	150	1.58e-77	278
POS_NC_045512_2_F0.02_R3_1093	NC_012920.1	99.333	150	150	7.34e-76	272
POS_NC_045512_2_F0.02_R3_1094	NC_012920.1	100.000	150	150	1.58e-77	278
POS_NC_045512_2_F0.02_R3_1095	NC_012920.1	98.667	150	150	3.42e-74	267
POS_NC_045512_2_F0.02_R3_1096	NC_012920.1	99.333	150	150	7.34e-76	272
POS_NC_045512_2_F0.02_R3_1097	NC_012920.1	100.000	150	150	1.58e-77	278
POS_NC_045512_2_F0.02_R3_1098	NC_012920.1	98.667	150	150	3.42e-74	267
POS_NC_045512_2_F0.02_R3_1099	NC_012920.1	100.000	150	150	1.58e-77	278
POS_NC_045512_2_F0.02_R3_1100	NC_012920.1	99.333	150	150	7.34e-76	272
POS_NC_045512_2_F0.02_R3_1101	NC_012920.1	100.000	150	150	1.58e-77	278
POS_NC_045512_2_F0.02_R3_1102	NC_012920.1	100.000	150	150	1.58e-77	278
POS_NC_045512_2_F0.02_R3_1103	NC_012920.1	100.000	150	150	1.58e-77	278
POS_NC_045512_2_F0.02_R3_1104	NC_012920.1	100.000	150	150	1.58e-77	278
POS_NC_045512_2_F0.02_R3_1105	NC_012920.1	99.333	150	150	7.34e-76	272
POS_NC_045512_2_F0.02_R3_1106	NC_012920.1	100.000	150	150	1.58e-77	278
POS_NC_045512_2_F0.02_R3_1107	NC_012920.1	100.000	150	150	1.58e-77	278
POS_NC_045512_2_F0.02_R3_1108	NC_012920.1	99.333	150	150	7.34e-76	272
POS_NC_045512_2_F0.02_R3_1109	NC_012920.1	100.000	150	150	1.58e-77	278
POS_NC_045512_2_F0.02_R3_1110	NC_012920.1	100.000	150	150	1.58e-77	278
POS_NC_045512_2_F0.02_R3_1111	NC_012920.1	100.000	150	150	1.58e-77	278
POS_NC_045512_2_F0.02_R3_1112	NC_012920.1	99.333	150	150	7.34e-76	272
POS_NC_045512_2_F0.02_R3_1113	NC_012920.1	99.333	150	150	7.34e-76	272
POS_NC_045512_2_F0.02_R3_1114	NC_012920.1	100.000	150	150	1.58e-77	278
POS_NC_045512_2_F0.02_R3_1115	NC_012920.1	100.000	150	150	1.58e-77	278
POS_NC_045512_2_F0.02_R3_1116	NC_012920.1	100.000	150	150	1.58e-77	278
POS_NC_045512_2_F0.02_R3_1117	NC_012920.1	100.000	150	150	1.58e-77	278
POS_NC_045512_2_F0.02_R3_1118	NC_012920.1	100.000	150	150	1.58e-77	278
POS_NC_045512_2_F0.02_R3_1119	NC_012920.1	100.000	150	150	1.58e-77	278
POS_NC_045512_2_F0.02_R3_1120	NC_012920.1	100.000	150	150	1.58e-77	278
POS_NC_045512_2_F0.02_R3_1121	NC_012920.1	99.333	150	150	7.34e-76	272
POS_NC_045512_2_F0.02_R3_1122	NC_012920.1	100.000	150	150	1.58e-77	278
POS_NC_045512_2_F0.02_R3_1123	NC_012920.1	100.000	150	150	1.58e-77	278
POS_NC_045512_2_F0.02_R3_1124	NC_012920.1	98.667	150	150	3.42e-74	267
POS_NC_045512_2_F0.02_R3_1125	NC_012920.1	100.000	150	150	1.58e-77	278
POS_NC_045512_2_F0.02_R3_1126	NC_012920.1	99.333	150	150	7.34e-76	272
POS_NC_045512_2_F0.02_R3_1127	NC_012920.1	99.333	150	150	7.34e-76	272
POS_NC_045512_2_F0.02_R3_1128	NC_012920.1	100.000	150	150	1.58e-77	278
POS_NC_045512_2_F0.02_R3_1129	NC_012920.1	99.333	150	150	7.34e-76	272
POS_NC_045512_2_F0.02_R3_1130	NC_012920.1	100.000	150	150	1.58e-77	278
POS_NC_045512_2_F0.02_R3_1131	NC_012920.1	99.333	150	150	7.34e-76	272
POS_NC_045512_2_F0.02_R3_1132	NC_012920.1	99.333	150	150	7.34e-76	272
POS_NC_045512_2_F0.02_R3_1133	NC_012920.1	100.000	150	150	1.58e-77	278
POS_NC_045512_2_F0.02_R3_1134	NC_012920.1	100.000	150	150	1.58e-77	278
POS_NC_045512_2_F0.02_R3_1135	NC_012920.1	100.000	150	150	1.58e-77	278
POS_NC_045512_2_F0.02_R3_1136	NC_012920.1	99.333	150	150	7.34e-76	272
POS_NC_045512_2_F0.02_R3_1137	NC_012920.1	100.000	150	150	1.58e-77	278
POS_NC_045512_2_F0.02_R3_1138	NC_012920.1	100.000	150	150	1.58e-77	278
POS_NC_045512_2_F0.02_R3_1139	NC_012920.1	100.000	150	150	1.58e-77	278
POS_NC_045512_2_F0.02_R3_1140	NC_012920.1	100.000	150	150	1.58e-77	278
POS_NC_045512_2_F0.02_R3_1141	NC_012920.1	100.000	150	150	1.58e-77	278
POS_NC_045512_2_F0.02_R3_1142	NC_012920.1	100.000	150	150	1.58e-77	278
POS_NC_045512_2_F0.02_R3_1143	NC_012920.1	99.333	150	150	7.34e-76	272
POS_NC_045512_2_F0.02_R3_1144	NC_012920.1	100.000	150	150	1.58e-77	278
POS_NC_045512_2_F0.02_R3_1145	NC_012920.1	100.000	150	150	1.58e-77	278
POS_NC_045512_2_F0.02_R3_1146	NC_012920.1	99.333	150	150	7.34e-76	272
POS_NC_045512_2_F0.02_R3_1147	NC_012920.1	100.000	150	150	1.58e-77	278
POS_NC_045512_2_F0.02_R3_1148	NC_012920.1	100.000	150	150	1.58e-77	278
POS_NC_045512_2_F0.02_R3_1149	NC_012920.1	100.000	150	150	1.58e-77	278
POS_NC_045512_2_F0.02_R3_1150	NC_012920.1	99.333	150	150	7.34e-76	272
POS_NC_045512_2_F0.02_R3_1151	NC_012920.1	100.000	150	150	1.58e-77	278
POS_NC_045512_2_F0.02_R3_1152	NC_012920.1	99.333	150	150	7.34e-76	272
POS_NC_045512_2_F0.02_R3_1153	NC_012920.1	100.000	150	150	1.58e-77	278
POS_NC_045512_2_F0.02_R3_1154	NC_012920.1	100.000	150	150	1.58e-77	278
POS_NC_045512_2_F0.02_R3_1155	NC_012920.1	99.333	150	150	7.34e-76	272
POS_NC_045512_2_F0.02_R3_1156	NC_012920.1	100.000	150	150	1.58e-77	278
POS_NC_045512_2_F0.02_R3_1157	NC_012920.1	99.333	150	150	7.34e-76	272
POS_NC_045512_2_F0.02_R3_1158	NC_012920.1	100.000	150	150	1.58e-77	278
POS_NC_045512_2_F0.02_R3_1159	NC_012920.1	100.000	150	150	1.58e-77	278
POS_NC_045512_2_F0.02_R3_1160	NC_012920.1	100.000	150	150	1.58e-77	278
POS_NC_045512_2_F0.02_R3_1161	NC_012920.1	100.000	150	150	1.58e-77	278
POS_NC_045512_2_F0.02_R3_1162	NC_012920.1	99.333	150	150	7.34e-76	272
POS_NC_045512_2_F0.02_R3_1163	NC_012920.1	100.000	150	150	1.58e-77	278
POS_NC_045512_2_F0.02_R3_1164	NC_012920.1	100.000	150	150	1.58e-77	278
POS_NC_045512_2_F0.02_R3_1165	NC_012920.1	100.000	150	150	1.58e-77	278
POS_NC_045512_2_F0.02_R3_1166	NC_012920.1	100.000	150	150	1.58e-77	278
POS_NC_045512_2_F0.02_R3_1167	NC_012920.1	100.000	150	150	1.58e-77	278
POS_NC_045512_2_F0.02_R3_1168	NC_012920.1	100.000	150	150	1.58e-77	278
POS_NC_045512_2_F0.02_R3_1169	NC_012920.1	100.000	150	150	1.58e-77	278
POS_NC_045512_2_F0.02_R3_1170	NC_012920.1	99.333	150	150	7.34e-76	272
POS_NC_045512_2_F0.02_R3_1171	NC_012920.1	100.000	150	150	1.58e-77	278
POS_NC_045512_2_F0.02_R3_1172	NC_012920.1	99.333	150	150	7.34e-76	272
POS_NC_045512_2_F0.02_R3_1173	NC_012920.1	100.000	150	150	1.58e-77	278
POS_NC_045512_2_F0.02_R3_1174	NC_012920.1	100.000	150	150	1.58e-77	278
POS_NC_045512_2_F0.02_R3_1175	NC_012920.1	99.333	150	150	7.34e-76	272
POS_NC_045512_2_F0.02_R3_1176	NC_012920.1	99.333	150	150	7.34e-76	272
POS_NC_045512_2_F0.02_R3_1177	NC_012920.1	100.000	150	150	1.58e-77	278
POS_NC_045512_2_F0.02_R3_1178	NC_012920.1	99.333	150	150	7.34e-76	272
POS_NC_045512_2_F0.02_R3_1179	NC_012920.1	98.000	150	150	1.59e-72	261
POS_NC_045512_2_F0.02_R3_1180	NC_012920.1	100.000	150	150	1.58e-77	278
POS_NC_045512_2_F0.02_R3_1181	NC_012920.1	100.000	150	150	1.58e-77	278
POS_NC_045512_2_F0.02_R3_1182	NC_012920.1	100.000	150	150	1.58e-77	278
POS_NC_045512_2_F0.02_R3_1183	NC_012920.1	100.000	150	150	1.58e-77	278
POS_NC_045512_2_F0.02_R3_1184	NC_012920.1	100.000	150	150	1.58e-77	278
POS_NC_045512_2_F0.02_R3_1185	NC_012920.1	99.333	150	150	7.34e-76	272
POS_NC_045512_2_F0.02_R3_1186	NC_012920.1	100.000	149	150	5.68e-77	276
POS_NC_045512_2_F0.02_R3_1187	NC_012920.1	100.000	150	150	1.58e-77	278
POS_NC_045512_2_F0.02_R3_1188	NC_012920.1	100.000	150	150	1.58e-77	278
POS_NC_045512_2_F0.02_R3_1189	NC_012920.1	100.000	150	150	1.58e-77	278
POS_NC_045512_2_F0.02_R3_1190	NC_012920.1	100.000	150	150	1.58e-77	278
POS_NC_045512_2_F0.02_R3_1191	NC_012920.1	100.000	150	150	1.58e-77	278
POS_NC_045512_2_F0.02_R3_1192	NC_012920.1	100.000	150	150	1.58e-77	278
POS_NC_045512_2_F0.02_R3_1193	NC_012920.1	99.333	150	150	7.34e-76	272
POS_NC_045512_2_F0.02_R3_1194	NC_012920.1	100.000	150	150	1.58e-77	278
POS_NC_045512_2_F0.02_R3_1195	NC_012920.1	99.333	150	150	7.34e-76	272
POS_NC_045512_2_F0.02_R3_1196	NC_012920.1	100.000	150	150	1.58e-77	278
POS_NC_045512_2_F0.02_R3_1197	NC_012920.1	100.000	150	150	1.58e-77	278
POS_NC_045512_2_F0.02_R3_1198	NC_012920.1	100.000	150	150	1.58e-77	278
POS_NC_045512_2_F0.02_R3_1199	NC_012920.1	100.000	150	150	1.58e-77	278
POS_NC_045512_2_F0.02_R3_1200	NC_012920.1	100.000	150	150	1.58e-77	278
POS_NC_045512_2_F0.02_R3_1201	NC_012920.1	98.667	150	150	3.42e-74	267
POS_NC_045512_2_F0.02_R3_1202	NC_012920.1	100.000	150	150	1.58e-77	278
POS_NC_045512_2_F0.02_R3_1203	NC_012920.1	100.000	150	150	1.58e-77	278
POS_NC_045512_2_F0.02_R3_1204	NC_012920.1	100.000	150	150	1.58e-77	278
POS_NC_045512_2_F0.02_R3_1205	NC_012920.1	100.000	150	150	1.58e-77	278
POS_NC_045512_2_F0.02_R3_1206	NC_012920.1	99.333	150	150	7.34e-76	272
POS_NC_045512_2_F0.02_R3_1207	NC_012920.1	100.000	150	150	1.58e-77	278
POS_NC_045512_2_F0.02_R3_1208	NC_012920.1	100.000	150	150	1.58e-77	278
POS_NC_045512_2_F0.02_R3_1209	NC_012920.1	100.000	150	150	1.58e-77	278
POS_NC_045512_2_F0.02_R3_1210	NC_012920.1	100.000	150	150	1.58e-77	278
POS_NC_045512_2_F0.02_R3_1211	NC_012920.1	100.000	150	150	1.58e-77	278
POS_NC_045512_2_F0.02_R3_1212	NC_012920.1	100.000	150	150	1.58e-77	278
POS_NC_045512_2_F0.02_R3_1213	NC_012920.1	100.000	150	150	1.58e-77	278
POS_NC_045512_2_F0.02_R3_1214	NC_012920.1	100.000	150	150	1.58e-77	278
POS_NC_045512_2_F0.02_R3_1215	NC_012920.1	100.000	150	150	1.58e-77	278
POS_NC_045512_2_F0.02_R3_1216	NC_012920.1	100.000	150	150	1.58e-77	278
POS_NC_045512_2_F0.02_R3_1217	NC_012920.1	100.000	150	150	1.58e-77	278
POS_NC_045512_2_F0.02_R3_1218	NC_012920.1	100.000	150	150	1.58e-77	278
POS_NC_045512_2_F0.02_R3_1219	NC_012920.1	100.000	150	150	1.58e-77	278
POS_NC_045512_2_F0.02_R3_1220	NC_012920.1	100.000	150	150	1.58e-77	278
POS_NC_045512_2_F0.02_R3_1221	NC_012920.1	100.000	150	150	1.58e-77	278
POS_NC_045512_2_F0.02_R3_1222	NC_012920.1	99.333	150	150	7.34e-76	272
POS_NC_045512_2_F0.02_R3_1223	NC_012920.1	100.000	150	150	1.58e-77	278
POS_NC_045512_2_F0.02_R3_1224	NC_012920.1	100.000	150	150	1.58e-77	278
POS_NC_045512_2_F0.02_R3_1225	NC_012920.1	100.000	150	150	1.58e-77	278
POS_NC_045512_2_F0.02_R3_1226	NC_012920.1	100.000	150	150	1.58e-77	278
POS_NC_045512_2_F0.02_R3_1227	NC_012920.1	100.000	150	150	1.58e-77	278
POS_NC_045512_2_F0.02_R3_1228	NC_012920.1	100.000	150	150	1.58e-77	278
POS_NC_045512_2_F0.02_R3_1229	NC_012920.1	100.000	150	150	1.58e-77	278
POS_NC_045512_2_F0.02_R3_1230	NC_012920.1	100.000	150	150	1.58e-77	278
POS_NC_045512_2_F0.02_R3_1231	NC_012920.1	100.000	150	150	1.58e-77	278
POS_NC_045512_2_F0.02_R3_1232	NC_012920.1	100.000	150	150	1.58e-77	278
POS_NC_045512_2_F0.02_R3_1233	NC_012920.1	99.333	150	150	7.34e-76	272
POS_NC_045512_2_F0.02_R3_1234	NC_012920.1	100.000	150	150	1.58e-77	278
POS_NC_045512_2_F0.02_R3_1235	NC_012920.1	100.000	150	150	1.58e-77	278
POS_NC_045512_2_F0.02_R3_1236	NC_012920.1	100.000	150	150	1.58e-77	278
POS_NC_045512_2_F0.02_R3_1237	NC_012920.1	98.667	150	150	3.42e-74	267
POS_NC_045512_2_F0.02_R3_1238	NC_012920.1	100.000	150	150	1.58e-77	278
POS_NC_045512_2_F0.02_R3_1239	NC_012920.1	100.000	150	150	1.58e-77	278
POS_NC_045512_2_F0.02_R3_1240	NC_012920.1	100.000	150	150	1.58e-77	278
POS_NC_045512_2_F0.02_R3_1241	NC_012920.1	100.000	150	150	1.58e-77	278
POS_NC_045512_2_F0.02_R3_1242	NC_012920.1	100.000	150	150	1.58e-77	278
POS_NC_045512_2_F0.02_R3_1243	NC_012920.1	100.000	150	150	1.58e-77	278
POS_NC_045512_2_F0.02_R3_1244	NC_012920.1	100.000	150	150	1.58e-77	278
POS_NC_045512_2_F0.02_R3_1245	NC_012920.1	100.000	150	150	1.58e-77	278
POS_NC_045512_2_F0.02_R3_1246	NC_012920.1	99.333	150	150	7.34e-76	272
POS_NC_045512_2_F0.02_R3_1247	NC_012920.1	98.667	150	150	3.42e-74	267
POS_NC_045512_2_F0.02_R3_1248	NC_012920.1	99.333	150	150	7.34e-76	272
POS_NC_045512_2_F0.02_R3_1249	NC_012920.1	100.000	150	150	1.58e-77	278
POS_NC_045512_2_F0.02_R3_1250	NC_012920.1	100.000	150	150	1.58e-77	278
POS_NC_045512_2_F0.02_R3_1251	NC_012920.1	100.000	150	150	1.58e-77	278
POS_NC_045512_2_F0.02_R3_1252	NC_012920.1	100.000	150	150	1.58e-77	278
POS_NC_045512_2_F0.02_R3_1253	NC_012920.1	100.000	150	150	1.58e-77	278
POS_NC_045512_2_F0.02_R3_1254	NC_012920.1	100.000	150	150	1.58e-77	278
POS_NC_045512_2_F0.02_R3_1255	NC_012920.1	99.333	150	150	7.34e-76	272
POS_NC_045512_2_F0.02_R3_1256	NC_012920.1	100.000	150	150	1.58e-77	278
POS_NC_045512_2_F0.02_R3_1257	NC_012920.1	100.000	150	150	1.58e-77	278
POS_NC_045512_2_F0.02_R3_1258	NC_012920.1	100.000	150	150	1.58e-77	278
POS_NC_045512_2_F0.02_R3_1259	NC_012920.1	100.000	150	150	1.58e-77	278
POS_NC_045512_2_F0.02_R3_1260	NC_012920.1	100.000	150	150	1.58e-77	278
POS_NC_045512_2_F0.02_R3_1261	NC_012920.1	100.000	150	150	1.58e-77	278
POS_NC_045512_2_F0.02_R3_1262	NC_012920.1	98.667	150	150	3.42e-74	267
POS_NC_045512_2_F0.02_R3_1263	NC_012920.1	100.000	150	150	1.58e-77	278
POS_NC_045512_2_F0.02_R3_1264	NC_012920.1	100.000	150	150	1.58e-77	278
POS_NC_045512_2_F0.02_R3_1265	NC_012920.1	100.000	150	150	1.58e-77	278
POS_NC_045512_2_F0.02_R3_1266	NC_012920.1	100.000	150	150	1.58e-77	278
POS_NC_045512_2_F0.02_R3_1267	NC_012920.1	99.333	150	150	7.34e-76	272
POS_NC_045512_2_F0.02_R3_1268	NC_012920.1	98.000	150	150	1.59e-72	261
POS_NC_045512_2_F0.02_R3_1269	NC_012920.1	99.333	150	150	7.34e-76	272
POS_NC_045512_2_F0.02_R3_1270	NC_012920.1	100.000	150	150	1.58e-77	278
POS_NC_045512_2_F0.02_R3_1271	NC_012920.1	100.000	150	150	1.58e-77	278
POS_NC_045512_2_F0.02_R3_1272	NC_012920.1	100.000	150	150	1.58e-77	278
POS_NC_045512_2_F0.02_R3_1273	NC_012920.1	100.000	150	150	1.58e-77	278
POS_NC_045512_2_F0.02_R3_1274	NC_012920.1	99.333	150	150	7.34e-76	272
POS_NC_045512_2_F0.02_R3_1275	NC_012920.1	100.000	150	150	1.58e-77	278
POS_NC_045512_2_F0.02_R3_1276	NC_012920.1	100.000	150	150	1.58e-77	278
POS_NC_045512_2_F0.02_R3_1277	NC_012920.1	100.000	150	150	1.58e-77	278
POS_NC_045512_2_F0.02_R3_1278	NC_012920.1	100.000	150	150	1.58e-77	278
POS_NC_045512_2_F0.02_R3_1279	NC_012920.1	99.333	150	150	7.34e-76	272
POS_NC_045512_2_F0.02_R3_1280	NC_012920.1	99.333	150	150	7.34e-76	272
POS_NC_045512_2_F0.02_R3_1281	NC_012920.1	100.000	150	150	1.58e-77	278
POS_NC_045512_2_F0.02_R3_1282	NC_012920.1	100.000	150	150	1.58e-77	278
POS_NC_045512_2_F0.02_R3_1283	NC_012920.1	99.333	150	150	7.34e-76	272
POS_NC_045512_2_F0.02_R3_1284	NC_012920.1	100.000	150	150	1.58e-77	278
POS_NC_045512_2_F0.02_R3_1285	NC_012920.1	100.000	150	150	1.58e-77	278
POS_NC_045512_2_F0.02_R3_1286	NC_012920.1	99.333	150	150	7.34e-76	272
POS_NC_045512_2_F0.02_R3_1287	NC_012920.1	100.000	150	150	1.58e-77	278
POS_NC_045512_2_F0.02_R3_1288	NC_012920.1	100.000	150	150	1.58e-77	278
POS_NC_045512_2_F0.02_R3_1289	NC_012920.1	100.000	150	150	1.58e-77	278
POS_NC_045512_2_F0.02_R3_1290	NC_012920.1	100.000	150	150	1.58e-77	278
POS_NC_045512_2_F0.02_R3_1291	NC_012920.1	100.000	150	150	1.58e-77	278
POS_NC_045512_2_F0.02_R3_1292	NC_012920.1	100.000	150	150	1.58e-77	278
POS_NC_045512_2_F0.02_R3_1293	NC_012920.1	99.333	150	150	7.34e-76	272
POS_NC_045512_2_F0.02_R3_1294	NC_012920.1	100.000	150	150	1.58e-77	278
POS_NC_045512_2_F0.02_R3_1295	NC_012920.1	100.000	150	150	1.58e-77	278
POS_NC_045512_2_F0.02_R3_1296	NC_012920.1	100.000	150	150	1.58e-77	278
POS_NC_045512_2_F0.02_R3_1297	NC_012920.1	100.000	150	150	1.58e-77	278
POS_NC_045512_2_F0.02_R3_1298	NC_012920.1	99.333	150	150	7.34e-76	272
POS_NC_045512_2_F0.02_R3_1299	NC_012920.1	100.000	150	150	1.58e-77	278
POS_NC_045512_2_F0.02_R3_1300	NC_012920.1	100.000	150	150	1.58e-77	278
POS_NC_045512_2_F0.02_R3_1301	NC_012920.1	100.000	150	150	1.58e-77	278
POS_NC_045512_2_F0.02_R3_1302	NC_012920.1	100.000	150	150	1.58e-77	278
POS_NC_045512_2_F0.02_R3_1303	NC_012920.1	100.000	150	150	1.58e-77	278
POS_NC_045512_2_F0.02_R3_1304	NC_012920.1	100.000	150	150	1.58e-77	278
POS_NC_045512_2_F0.02_R3_1305	NC_012920.1	100.000	150	150	1.58e-77	278
POS_NC_045512_2_F0.02_R3_1306	NC_012920.1	100.000	150	150	1.58e-77	278
POS_NC_045512_2_F0.02_R3_1307	NC_012920.1	100.000	150	150	1.58e-77	278
POS_NC_045512_2_F0.02_R3_1308	NC_012920.1	99.333	150	150	7.34e-76	272
POS_NC_045512_2_F0.02_R3_1309	NC_012920.1	100.000	150	150	1.58e-77	278
POS_NC_045512_2_F0.02_R3_1310	NC_012920.1	100.000	150	150	1.58e-77	278
POS_NC_045512_2_F0.02_R3_1311	NC_012920.1	100.000	150	150	1.58e-77	278
POS_NC_045512_2_F0.02_R3_1312	NC_012920.1	100.000	150	150	1.58e-77	278
POS_NC_045512_2_F0.02_R3_1313	NC_012920.1	100.000	150	150	1.58e-77	278
POS_NC_045512_2_F0.02_R3_1314	NC_012920.1	100.000	150	150	1.58e-77	278
POS_NC_045512_2_F0.02_R3_1315	NC_012920.1	100.000	150	150	1.58e-77	278
POS_NC_045512_2_F0.02_R3_1316	NC_012920.1	100.000	150	150	1.58e-77	278
POS_NC_045512_2_F0.02_R3_1317	NC_012920.1	100.000	150	150	1.58e-77	278
POS_NC_045512_2_F0.02_R3_1318	NC_012920.1	100.000	150	150	1.58e-77	278
POS_NC_045512_2_F0.02_R3_1319	NC_012920.1	99.333	150	150	7.34e-76	272
POS_NC_045512_2_F0.02_R3_1320	NC_012920.1	98.667	150	150	3.42e-74	267
POS_NC_045512_2_F0.02_R3_1321	NC_012920.1	100.000	150	150	1.58e-77	278
POS_NC_045512_2_F0.02_R3_1322	NC_012920.1	100.000	150	150	1.58e-77	278
POS_NC_045512_2_F0.02_R3_1323	NC_012920.1	100.000	150	150	1.58e-77	278
POS_NC_045512_2_F0.02_R3_1324	NC_012920.1	100.000	150	150	1.58e-77	278
POS_NC_045512_2_F0.02_R3_1325	NC_012920.1	100.000	150	150	1.58e-77	278
POS_NC_045512_2_F0.02_R3_1326	NC_012920.1	100.000	150	150	1.58e-77	278
POS_NC_045512_2_F0.02_R3_1327	NC_012920.1	100.000	150	150	1.58e-77	278
POS_NC_045512_2_F0.02_R3_1328	NC_012920.1	100.000	150	150	1.58e-77	278
POS_NC_045512_2_F0.02_R3_1329	NC_012920.1	99.333	150	150	7.34e-76	272
POS_NC_045512_2_F0.02_R3_1330	NC_012920.1	100.000	150	150	1.58e-77	278
POS_NC_045512_2_F0.02_R3_1331	NC_012920.1	100.000	150	150	1.58e-77	278
POS_NC_045512_2_F0.02_R3_1332	NC_012920.1	99.333	150	150	7.34e-76	272
POS_NC_045512_2_F0.02_R3_1333	NC_012920.1	100.000	150	150	1.58e-77	278
POS_NC_045512_2_F0.02_R3_1334	NC_012920.1	100.000	150	150	1.58e-77	278
POS_NC_045512_2_F0.02_R3_1335	NC_012920.1	99.333	150	150	7.34e-76	272
POS_NC_045512_2_F0.02_R3_1336	NC_012920.1	100.000	150	150	1.58e-77	278
POS_NC_045512_2_F0.02_R3_1337	NC_012920.1	99.333	150	150	7.34e-76	272
POS_NC_045512_2_F0.02_R3_1338	NC_012920.1	99.333	150	150	7.34e-76	272
POS_NC_045512_2_F0.02_R3_1339	NC_012920.1	100.000	150	150	1.58e-77	278
POS_NC_045512_2_F0.02_R3_1340	NC_012920.1	100.000	150	150	1.58e-77	278
POS_NC_045512_2_F0.02_R3_1341	NC_012920.1	100.000	150	150	1.58e-77	278
POS_NC_045512_2_F0.02_R3_1342	NC_012920.1	98.000	150	150	1.59e-72	261
POS_NC_045512_2_F0.02_R3_1343	NC_012920.1	100.000	150	150	1.58e-77	278
POS_NC_045512_2_F0.02_R3_1344	NC_012920.1	100.000	150	150	1.58e-77	278
POS_NC_045512_2_F0.02_R3_1345	NC_012920.1	99.333	150	150	7.34e-76	272
POS_NC_045512_2_F0.02_R3_1346	NC_012920.1	100.000	150	150	1.58e-77	278
POS_NC_045512_2_F0.02_R3_1347	NC_012920.1	99.333	150	150	7.34e-76	272
POS_NC_045512_2_F0.02_R3_1348	NC_012920.1	99.333	150	150	7.34e-76	272
POS_NC_045512_2_F0.02_R3_1349	NC_012920.1	100.000	150	150	1.58e-77	278
POS_NC_045512_2_F0.02_R3_1350	NC_012920.1	100.000	150	150	1.58e-77	278
POS_NC_045512_2_F0.02_R3_1351	NC_012920.1	100.000	150	150	1.58e-77	278
POS_NC_045512_2_F0.02_R3_1352	NC_012920.1	99.333	150	150	7.34e-76	272
POS_NC_045512_2_F0.02_R3_1353	NC_012920.1	100.000	150	150	1.58e-77	278
POS_NC_045512_2_F0.02_R3_1354	NC_012920.1	100.000	150	150	1.58e-77	278
POS_NC_045512_2_F0.02_R3_1355	NC_012920.1	99.333	150	150	9.50e-75	268
POS_NC_045512_2_F0.02_R3_1356	NC_012920.1	99.333	150	150	7.34e-76	272
POS_NC_045512_2_F0.02_R3_1357	NC_012920.1	100.000	150	150	1.58e-77	278
POS_NC_045512_2_F0.02_R3_1358	NC_012920.1	100.000	150	150	1.58e-77	278
POS_NC_045512_2_F0.02_R3_1359	NC_012920.1	100.000	150	150	1.58e-77	278
POS_NC_045512_2_F0.02_R3_1360	NC_012920.1	100.000	150	150	1.58e-77	278
POS_NC_045512_2_F0.02_R3_1361	NC_012920.1	100.000	150	150	1.58e-77	278
POS_NC_045512_2_F0.02_R3_1362	NC_012920.1	100.000	150	150	1.58e-77	278
POS_NC_045512_2_F0.02_R3_1363	NC_012920.1	100.000	147	150	7.34e-76	272
POS_NC_045512_2_F0.02_R3_1364	NC_012920.1	100.000	150	150	1.58e-77	278
POS_NC_045512_2_F0.02_R3_1365	NC_012920.1	100.000	150	150	1.58e-77	278
POS_NC_045512_2_F0.02_R3_1366	NC_012920.1	100.000	150	150	1.58e-77	278
POS_NC_045512_2_F0.02_R3_1367	NC_012920.1	99.333	150	150	7.34e-76	272
POS_NC_045512_2_F0.02_R3_1368	NC_012920.1	100.000	150	150	1.58e-77	278
POS_NC_045512_2_F0.02_R3_1369	NC_012920.1	100.000	150	150	1.58e-77	278
POS_NC_045512_2_F0.02_R3_1370	NC_012920.1	100.000	150	150	1.58e-77	278
POS_NC_045512_2_F0.02_R3_1371	NC_012920.1	100.000	150	150	1.58e-77	278
POS_NC_045512_2_F0.02_R3_1372	NC_012920.1	100.000	150	150	1.58e-77	278
POS_NC_045512_2_F0.02_R3_1373	NC_012920.1	99.333	150	150	7.34e-76	272
POS_NC_045512_2_F0.02_R3_1374	NC_012920.1	100.000	150	150	1.58e-77	278
POS_NC_045512_2_F0.02_R3_1375	NC_012920.1	100.000	150	150	1.58e-77	278
POS_NC_045512_2_F0.02_R3_1376	NC_012920.1	100.000	150	150	1.58e-77	278
POS_NC_045512_2_F0.02_R3_1377	NC_012920.1	100.000	150	150	1.58e-77	278
POS_NC_045512_2_F0.02_R3_1378	NC_012920.1	100.000	150	150	1.58e-77	278
POS_NC_045512_2_F0.02_R3_1379	NC_012920.1	100.000	150	150	1.58e-77	278
POS_NC_045512_2_F0.02_R3_1380	NC_012920.1	100.000	150	150	1.58e-77	278
POS_NC_045512_2_F0.02_R3_1381	NC_012920.1	100.000	150	150	1.58e-77	278
POS_NC_045512_2_F0.02_R3_1382	NC_012920.1	99.333	150	150	7.34e-76	272
POS_NC_045512_2_F0.02_R3_1383	NC_012920.1	100.000	150	150	1.58e-77	278
POS_NC_045512_2_F0.02_R3_1384	NC_012920.1	100.000	150	150	1.58e-77	278
POS_NC_045512_2_F0.02_R3_1385	NC_012920.1	100.000	150	150	1.58e-77	278
POS_NC_045512_2_F0.02_R3_1386	NC_012920.1	100.000	150	150	1.58e-77	278
POS_NC_045512_2_F0.02_R3_1387	NC_012920.1	99.333	150	150	7.34e-76	272
POS_NC_045512_2_F0.02_R3_1388	NC_012920.1	100.000	150	150	1.58e-77	278
POS_NC_045512_2_F0.02_R3_1389	NC_012920.1	100.000	150	150	1.58e-77	278
POS_NC_045512_2_F0.02_R3_1390	NC_012920.1	99.333	150	150	7.34e-76	272
POS_NC_045512_2_F0.02_R3_1391	NC_012920.1	100.000	150	150	2.04e-76	274
POS_NC_045512_2_F0.02_R3_1392	NC_012920.1	99.333	150	150	7.34e-76	272
POS_NC_045512_2_F0.02_R3_1393	NC_012920.1	100.000	150	150	1.58e-77	278
POS_NC_045512_2_F0.02_R3_1394	NC_012920.1	100.000	150	150	1.58e-77	278
POS_NC_045512_2_F0.02_R3_1395	NC_012920.1	100.000	150	150	1.58e-77	278
POS_NC_045512_2_F0.02_R3_1396	NC_012920.1	100.000	150	150	1.58e-77	278
POS_NC_045512_2_F0.02_R3_1397	NC_012920.1	100.000	150	150	1.58e-77	278
POS_NC_045512_2_F0.02_R3_1398	NC_012920.1	100.000	150	150	1.58e-77	278
POS_NC_045512_2_F0.02_R3_1399	NC_012920.1	100.000	150	150	1.58e-77	278
POS_NC_045512_2_F0.02_R3_1400	NC_012920.1	100.000	150	150	1.58e-77	278
POS_NC_045512_2_F0.02_R3_1401	NC_012920.1	100.000	150	150	1.58e-77	278
POS_NC_045512_2_F0.02_R3_1402	NC_012920.1	100.000	150	150	1.58e-77	278
POS_NC_045512_2_F0.02_R3_1403	NC_012920.1	100.000	150	150	1.58e-77	278
POS_NC_045512_2_F0.02_R3_1404	NC_012920.1	100.000	150	150	1.58e-77	278
POS_NC_045512_2_F0.02_R3_1405	NC_012920.1	99.333	150	150	7.34e-76	272
POS_NC_045512_2_F0.02_R3_1406	NC_012920.1	100.000	150	150	1.58e-77	278
POS_NC_045512_2_F0.02_R3_1407	NC_012920.1	100.000	150	150	1.58e-77	278
POS_NC_045512_2_F0.02_R3_1408	NC_012920.1	99.333	150	150	7.34e-76	272
POS_NC_045512_2_F0.02_R3_1409	NC_012920.1	99.333	150	150	7.34e-76	272
POS_NC_045512_2_F0.02_R3_1410	NC_012920.1	100.000	150	150	1.58e-77	278
POS_NC_045512_2_F0.02_R3_1411	NC_012920.1	100.000	150	150	1.58e-77	278
POS_NC_045512_2_F0.02_R3_1412	NC_012920.1	100.000	150	150	1.58e-77	278
POS_NC_045512_2_F0.02_R3_1413	NC_012920.1	98.667	150	150	3.42e-74	267
POS_NC_045512_2_F0.02_R3_1414	NC_012920.1	100.000	150	150	1.58e-77	278
POS_NC_045512_2_F0.02_R3_1415	NC_012920.1	100.000	150	150	1.58e-77	278
POS_NC_045512_2_F0.02_R3_1416	NC_012920.1	100.000	150	150	1.58e-77	278
POS_NC_045512_2_F0.02_R3_1417	NC_012920.1	100.000	150	150	1.58e-77	278
POS_NC_045512_2_F0.02_R3_1418	NC_012920.1	100.000	150	150	1.58e-77	278
POS_NC_045512_2_F0.02_R3_1419	NC_012920.1	100.000	150	150	1.58e-77	278
POS_NC_045512_2_F0.02_R3_1420	NC_012920.1	100.000	150	150	1.58e-77	278
POS_NC_045512_2_F0.02_R3_1421	NC_012920.1	99.333	150	150	7.34e-76	272
POS_NC_045512_2_F0.02_R3_1422	NC_012920.1	100.000	150	150	1.58e-77	278
POS_NC_045512_2_F0.02_R3_1423	NC_012920.1	98.667	150	150	3.42e-74	267
POS_NC_045512_2_F0.02_R3_1424	NC_012920.1	100.000	150	150	1.58e-77	278
POS_NC_045512_2_F0.02_R3_1425	NC_012920.1	100.000	150	150	1.58e-77	278
POS_NC_045512_2_F0.02_R3_1426	NC_012920.1	100.000	150	150	1.58e-77	278
POS_NC_045512_2_F0.02_R3_1427	NC_012920.1	100.000	150	150	1.58e-77	278
POS_NC_045512_2_F0.02_R3_1428	NC_012920.1	100.000	150	150	1.58e-77	278
POS_NC_045512_2_F0.02_R3_1429	NC_012920.1	100.000	150	150	1.58e-77	278
POS_NC_045512_2_F0.02_R3_1430	NC_012920.1	100.000	150	150	1.58e-77	278
POS_NC_045512_2_F0.02_R3_1431	NC_012920.1	100.000	150	150	1.58e-77	278
POS_NC_045512_2_F0.02_R3_1432	NC_012920.1	100.000	150	150	1.58e-77	278
POS_NC_045512_2_F0.02_R3_1433	NC_012920.1	100.000	150	150	1.58e-77	278
POS_NC_045512_2_F0.02_R3_1434	NC_012920.1	100.000	150	150	1.58e-77	278
POS_NC_045512_2_F0.02_R3_1435	NC_012920.1	100.000	150	150	1.58e-77	278
POS_NC_045512_2_F0.02_R3_1436	NC_012920.1	99.333	150	150	7.34e-76	272
POS_NC_045512_2_F0.02_R3_1437	NC_012920.1	100.000	150	150	1.58e-77	278
POS_NC_045512_2_F0.02_R3_1438	NC_012920.1	99.333	150	150	7.34e-76	272
POS_NC_045512_2_F0.02_R3_1439	NC_012920.1	100.000	150	150	1.58e-77	278
POS_NC_045512_2_F0.02_R3_1440	NC_012920.1	99.333	150	150	9.50e-75	268
POS_NC_045512_2_F0.02_R3_1441	NC_012920.1	100.000	150	150	1.58e-77	278
POS_NC_045512_2_F0.02_R3_1442	NC_012920.1	100.000	150	150	1.58e-77	278
POS_NC_045512_2_F0.02_R3_1443	NC_012920.1	100.000	150	150	1.58e-77	278
POS_NC_045512_2_F0.02_R3_1444	NC_012920.1	99.333	150	150	7.34e-76	272
POS_NC_045512_2_F0.02_R3_1445	NC_012920.1	99.333	150	150	7.34e-76	272
POS_NC_045512_2_F0.02_R3_1446	NC_012920.1	100.000	150	150	1.58e-77	278
POS_NC_045512_2_F0.02_R3_1447	NC_012920.1	100.000	150	150	1.58e-77	278
POS_NC_045512_2_F0.02_R3_1448	NC_012920.1	99.333	150	150	7.34e-76	272
POS_NC_045512_2_F0.02_R3_1449	NC_012920.1	99.333	150	150	7.34e-76	272
POS_NC_045512_2_F0.02_R3_1450	NC_012920.1	100.000	150	150	1.58e-77	278
POS_NC_045512_2_F0.02_R3_1451	NC_012920.1	100.000	150	150	1.58e-77	278
POS_NC_045512_2_F0.02_R3_1452	NC_012920.1	100.000	150	150	1.58e-77	278
POS_NC_045512_2_F0.02_R3_1453	NC_012920.1	100.000	150	150	1.58e-77	278
POS_NC_045512_2_F0.02_R3_1454	NC_012920.1	100.000	150	150	1.58e-77	278
POS_NC_045512_2_F0.02_R3_1455	NC_012920.1	100.000	150	150	1.58e-77	278
POS_NC_045512_2_F0.02_R3_1456	NC_012920.1	100.000	150	150	1.58e-77	278
POS_NC_045512_2_F0.02_R3_1457	NC_012920.1	100.000	150	150	1.58e-77	278
POS_NC_045512_2_F0.02_R3_1458	NC_012920.1	100.000	150	150	1.58e-77	278
POS_NC_045512_2_F0.02_R3_1459	NC_012920.1	100.000	150	150	1.58e-77	278
POS_NC_045512_2_F0.02_R3_1460	NC_012920.1	100.000	150	150	1.58e-77	278
POS_NC_045512_2_F0.02_R3_1461	NC_012920.1	100.000	150	150	1.58e-77	278
POS_NC_045512_2_F0.02_R3_1462	NC_012920.1	100.000	150	150	1.58e-77	278
POS_NC_045512_2_F0.02_R3_1463	NC_012920.1	100.000	150	150	1.58e-77	278
POS_NC_045512_2_F0.02_R3_1464	NC_012920.1	100.000	150	150	1.58e-77	278
POS_NC_045512_2_F0.02_R3_1465	NC_012920.1	99.333	150	150	7.34e-76	272
POS_NC_045512_2_F0.02_R3_1466	NC_012920.1	100.000	150	150	1.58e-77	278
POS_NC_045512_2_F0.02_R3_1467	NC_012920.1	100.000	150	150	1.58e-77	278
POS_NC_045512_2_F0.02_R3_1468	NC_012920.1	100.000	150	150	1.58e-77	278
POS_NC_045512_2_F0.02_R3_1469	NC_012920.1	100.000	150	150	1.58e-77	278
POS_NC_045512_2_F0.02_R3_1470	NC_012920.1	100.000	150	150	1.58e-77	278
POS_NC_045512_2_F0.02_R3_1471	NC_012920.1	99.333	150	150	7.34e-76	272
POS_NC_045512_2_F0.02_R3_1472	NC_012920.1	100.000	150	150	1.58e-77	278
POS_NC_045512_2_F0.02_R3_1473	NC_012920.1	100.000	150	150	1.58e-77	278
POS_NC_045512_2_F0.02_R3_1474	NC_012920.1	99.333	150	150	7.34e-76	272
POS_NC_045512_2_F0.02_R3_1475	NC_012920.1	100.000	150	150	1.58e-77	278
POS_NC_045512_2_F0.02_R3_1476	NC_012920.1	99.333	150	150	7.34e-76	272
POS_NC_045512_2_F0.02_R3_1477	NC_012920.1	100.000	150	150	1.58e-77	278
POS_NC_045512_2_F0.02_R3_1478	NC_012920.1	100.000	150	150	1.58e-77	278
POS_NC_045512_2_F0.02_R3_1479	NC_012920.1	100.000	150	150	1.58e-77	278
POS_NC_045512_2_F0.02_R3_1480	NC_012920.1	100.000	150	150	1.58e-77	278
POS_NC_045512_2_F0.02_R3_1481	NC_012920.1	100.000	150	150	1.58e-77	278
POS_NC_045512_2_F0.02_R3_1482	NC_012920.1	100.000	150	150	1.58e-77	278
POS_NC_045512_2_F0.02_R3_1483	NC_012920.1	100.000	150	150	1.58e-77	278
POS_NC_045512_2_F0.02_R3_1484	NC_012920.1	100.000	150	150	1.58e-77	278
POS_NC_045512_2_F0.02_R3_1485	NC_012920.1	100.000	150	150	1.58e-77	278
POS_NC_045512_2_F0.02_R3_1486	NC_012920.1	100.000	150	150	1.58e-77	278
POS_NC_045512_2_F0.02_R3_1487	NC_012920.1	100.000	150	150	1.58e-77	278
POS_NC_045512_2_F0.02_R3_1488	NC_012920.1	100.000	150	150	1.58e-77	278
POS_NC_045512_2_F0.02_R3_1489	NC_012920.1	100.000	150	150	1.58e-77	278
POS_NC_045512_2_F0.02_R3_1490	NC_012920.1	100.000	150	150	1.58e-77	278
POS_NC_045512_2_F0.02_R3_1491	NC_012920.1	100.000	150	150	1.58e-77	278
POS_NC_045512_2_F0.02_R3_1492	NC_012920.1	100.000	150	150	1.58e-77	278
POS_NC_045512_2_F0.02_R3_1493	NC_012920.1	99.333	150	150	7.34e-76	272
POS_NC_045512_2_F0.02_R3_1494	NC_012920.1	100.000	150	150	1.58e-77	278
POS_NC_045512_2_F0.02_R3_1495	NC_012920.1	100.000	150	150	1.58e-77	278
POS_NC_045512_2_F0.02_R3_1496	NC_012920.1	99.333	150	150	7.34e-76	272
POS_NC_045512_2_F0.02_R3_1497	NC_012920.1	100.000	150	150	1.58e-77	278
POS_NC_045512_2_F0.02_R3_1498	NC_012920.1	100.000	150	150	1.58e-77	278
POS_NC_045512_2_F0.02_R3_1499	NC_012920.1	100.000	150	150	1.58e-77	278
POS_NC_045512_2_F0.02_R3_1500	NC_012920.1	100.000	150	150	1.58e-77	278
POS_NC_045512_2_F0.02_R3_1501	NC_012920.1	99.333	150	150	7.34e-76	272
POS_NC_045512_2_F0.02_R3_1502	NC_012920.1	99.333	150	150	7.34e-76	272
POS_NC_045512_2_F0.02_R3_1503	NC_012920.1	98.667	150	150	3.42e-74	267
POS_NC_045512_2_F0.02_R3_1504	NC_012920.1	99.333	150	150	7.34e-76	272
POS_NC_045512_2_F0.02_R3_1505	NC_012920.1	100.000	150	150	1.58e-77	278
POS_NC_045512_2_F0.02_R3_1506	NC_012920.1	100.000	150	150	1.58e-77	278
POS_NC_045512_2_F0.02_R3_1507	NC_012920.1	100.000	150	150	1.58e-77	278
POS_NC_045512_2_F0.02_R3_1508	NC_012920.1	100.000	150	150	1.58e-77	278
POS_NC_045512_2_F0.02_R3_1509	NC_012920.1	100.000	150	150	1.58e-77	278
POS_NC_045512_2_F0.02_R3_1510	NC_012920.1	100.000	150	150	1.58e-77	278
POS_NC_045512_2_F0.02_R3_1511	NC_012920.1	100.000	150	150	1.58e-77	278
POS_NC_045512_2_F0.02_R3_1512	NC_012920.1	100.000	150	150	1.58e-77	278
POS_NC_045512_2_F0.02_R3_1513	NC_012920.1	99.333	150	150	7.34e-76	272
POS_NC_045512_2_F0.02_R3_1514	NC_012920.1	100.000	150	150	1.58e-77	278
POS_NC_045512_2_F0.02_R3_1515	NC_012920.1	100.000	150	150	1.58e-77	278
POS_NC_045512_2_F0.02_R3_1516	NC_012920.1	100.000	150	150	1.58e-77	278
POS_NC_045512_2_F0.02_R3_1517	NC_012920.1	99.333	150	150	7.34e-76	272
POS_NC_045512_2_F0.02_R3_1518	NC_012920.1	100.000	150	150	1.58e-77	278
POS_NC_045512_2_F0.02_R3_1519	NC_012920.1	100.000	150	150	1.58e-77	278
POS_NC_045512_2_F0.02_R3_1520	NC_012920.1	100.000	150	150	1.58e-77	278
POS_NC_045512_2_F0.02_R3_1521	NC_012920.1	100.000	150	150	1.58e-77	278
POS_NC_045512_2_F0.02_R3_1522	NC_012920.1	100.000	150	150	1.58e-77	278
POS_NC_045512_2_F0.02_R3_1523	NC_012920.1	100.000	150	150	1.58e-77	278
POS_NC_045512_2_F0.02_R3_1524	NC_012920.1	100.000	150	150	1.58e-77	278
POS_NC_045512_2_F0.02_R3_1525	NC_012920.1	100.000	150	150	1.58e-77	278
POS_NC_045512_2_F0.02_R3_1526	NC_012920.1	100.000	150	150	1.58e-77	278
POS_NC_045512_2_F0.02_R3_1527	NC_012920.1	100.000	150	150	1.58e-77	278
POS_NC_045512_2_F0.02_R3_1528	NC_012920.1	100.000	150	150	1.58e-77	278
POS_NC_045512_2_F0.02_R3_1529	NC_012920.1	100.000	150	150	1.58e-77	278
POS_NC_045512_2_F0.02_R3_1530	NC_012920.1	100.000	150	150	1.58e-77	278
POS_NC_045512_2_F0.02_R3_1531	NC_012920.1	99.333	150	150	7.34e-76	272
POS_NC_045512_2_F0.02_R3_1532	NC_012920.1	100.000	150	150	1.58e-77	278
POS_NC_045512_2_F0.02_R3_1533	NC_012920.1	100.000	150	150	1.58e-77	278
POS_NC_045512_2_F0.02_R3_1534	NC_012920.1	100.000	150	150	1.58e-77	278
POS_NC_045512_2_F0.02_R3_1535	NC_012920.1	100.000	150	150	1.58e-77	278
POS_NC_045512_2_F0.02_R3_1536	NC_012920.1	100.000	150	150	1.58e-77	278
POS_NC_045512_2_F0.02_R3_1537	NC_012920.1	99.333	150	150	7.34e-76	272
POS_NC_045512_2_F0.02_R3_1538	NC_012920.1	100.000	150	150	1.58e-77	278
POS_NC_045512_2_F0.02_R3_1539	NC_012920.1	100.000	150	150	1.58e-77	278
POS_NC_045512_2_F0.02_R3_1540	NC_012920.1	99.333	150	150	7.34e-76	272
POS_NC_045512_2_F0.02_R3_1541	NC_012920.1	100.000	150	150	1.58e-77	278
POS_NC_045512_2_F0.02_R3_1542	NC_012920.1	99.333	150	150	7.34e-76	272
POS_NC_045512_2_F0.02_R3_1543	NC_012920.1	100.000	150	150	1.58e-77	278
POS_NC_045512_2_F0.02_R3_1544	NC_012920.1	100.000	150	150	1.58e-77	278
POS_NC_045512_2_F0.02_R3_1545	NC_012920.1	100.000	150	150	1.58e-77	278
POS_NC_045512_2_F0.02_R3_1546	NC_012920.1	100.000	150	150	1.58e-77	278
POS_NC_045512_2_F0.02_R3_1547	NC_012920.1	100.000	150	150	1.58e-77	278
POS_NC_045512_2_F0.02_R3_1548	NC_012920.1	100.000	150	150	1.58e-77	278
POS_NC_045512_2_F0.02_R3_1549	NC_012920.1	100.000	150	150	1.58e-77	278
POS_NC_045512_2_F0.02_R3_1550	NC_012920.1	98.000	150	150	1.59e-72	261
POS_NC_045512_2_F0.02_R3_1551	NC_012920.1	100.000	150	150	1.58e-77	278
POS_NC_045512_2_F0.02_R3_1552	NC_012920.1	99.333	150	150	7.34e-76	272
POS_NC_045512_2_F0.02_R3_1553	NC_012920.1	99.333	150	150	7.34e-76	272
POS_NC_045512_2_F0.02_R3_1554	NC_012920.1	100.000	150	150	1.58e-77	278
POS_NC_045512_2_F0.02_R3_1555	NC_012920.1	100.000	150	150	1.58e-77	278
POS_NC_045512_2_F0.02_R3_1556	NC_012920.1	100.000	150	150	1.58e-77	278
POS_NC_045512_2_F0.02_R3_1557	NC_012920.1	100.000	150	150	1.58e-77	278
POS_NC_045512_2_F0.02_R3_1558	NC_012920.1	100.000	150	150	1.58e-77	278
POS_NC_045512_2_F0.02_R3_1559	NC_012920.1	100.000	150	150	1.58e-77	278
POS_NC_045512_2_F0.02_R3_1560	NC_012920.1	100.000	150	150	1.58e-77	278
POS_NC_045512_2_F0.02_R3_1561	NC_012920.1	100.000	150	150	1.58e-77	278
POS_NC_045512_2_F0.02_R3_1562	NC_012920.1	100.000	150	150	1.58e-77	278
POS_NC_045512_2_F0.02_R3_1563	NC_012920.1	100.000	150	150	1.58e-77	278
POS_NC_045512_2_F0.02_R3_1564	NC_012920.1	99.333	150	150	7.34e-76	272
POS_NC_045512_2_F0.02_R3_1565	NC_012920.1	100.000	150	150	1.58e-77	278
POS_NC_045512_2_F0.02_R3_1566	NC_012920.1	100.000	150	150	1.58e-77	278
POS_NC_045512_2_F0.02_R3_1567	NC_012920.1	100.000	150	150	1.58e-77	278
POS_NC_045512_2_F0.02_R3_1568	NC_012920.1	100.000	150	150	1.58e-77	278
POS_NC_045512_2_F0.02_R3_1569	NC_012920.1	100.000	150	150	1.58e-77	278
POS_NC_045512_2_F0.02_R3_1570	NC_012920.1	99.333	150	150	7.34e-76	272
POS_NC_045512_2_F0.02_R3_1571	NC_012920.1	99.333	150	150	7.34e-76	272
POS_NC_045512_2_F0.02_R3_1572	NC_012920.1	98.667	150	150	3.42e-74	267
POS_NC_045512_2_F0.02_R3_1573	NC_012920.1	99.333	150	150	7.34e-76	272
POS_NC_045512_2_F0.02_R3_1574	NC_012920.1	100.000	150	150	1.58e-77	278
POS_NC_045512_2_F0.02_R3_1575	NC_012920.1	100.000	150	150	1.58e-77	278
POS_NC_045512_2_F0.02_R3_1576	NC_012920.1	100.000	150	150	1.58e-77	278
POS_NC_045512_2_F0.02_R3_1577	NC_012920.1	100.000	150	150	1.58e-77	278
POS_NC_045512_2_F0.02_R3_1578	NC_012920.1	99.333	150	150	7.34e-76	272
POS_NC_045512_2_F0.02_R3_1579	NC_012920.1	100.000	150	150	1.58e-77	278
POS_NC_045512_2_F0.02_R3_1580	NC_012920.1	100.000	150	150	1.58e-77	278
POS_NC_045512_2_F0.02_R3_1581	NC_012920.1	100.000	150	150	1.58e-77	278
POS_NC_045512_2_F0.02_R3_1582	NC_012920.1	100.000	150	150	1.58e-77	278
POS_NC_045512_2_F0.02_R3_1583	NC_012920.1	100.000	150	150	2.04e-76	274
POS_NC_045512_2_F0.02_R3_1584	NC_012920.1	100.000	150	150	1.58e-77	278
POS_NC_045512_2_F0.02_R3_1585	NC_012920.1	100.000	150	150	1.58e-77	278
POS_NC_045512_2_F0.02_R3_1586	NC_012920.1	100.000	150	150	1.58e-77	278
POS_NC_045512_2_F0.02_R3_1587	NC_012920.1	100.000	150	150	1.58e-77	278
POS_NC_045512_2_F0.02_R3_1588	NC_012920.1	100.000	150	150	1.58e-77	278
POS_NC_045512_2_F0.02_R3_1589	NC_012920.1	100.000	149	150	7.34e-76	272
POS_NC_045512_2_F0.02_R3_1590	NC_012920.1	100.000	150	150	1.58e-77	278
POS_NC_045512_2_F0.02_R3_1591	NC_012920.1	98.667	150	150	3.42e-74	267
POS_NC_045512_2_F0.02_R3_1592	NC_012920.1	100.000	150	150	1.58e-77	278
POS_NC_045512_2_F0.02_R3_1593	NC_012920.1	98.667	150	150	3.42e-74	267
POS_NC_045512_2_F0.02_R3_1594	NC_012920.1	100.000	150	150	1.58e-77	278
POS_NC_045512_2_F0.02_R3_1595	NC_012920.1	100.000	150	150	1.58e-77	278
POS_NC_045512_2_F0.02_R3_1596	NC_012920.1	100.000	150	150	1.58e-77	278
POS_NC_045512_2_F0.02_R3_1597	NC_012920.1	100.000	150	150	1.58e-77	278
POS_NC_045512_2_F0.02_R3_1598	NC_012920.1	100.000	150	150	1.58e-77	278
POS_NC_045512_2_F0.02_R3_1599	NC_012920.1	100.000	150	150	1.58e-77	278
POS_NC_045512_2_F0.02_R3_1600	NC_012920.1	100.000	150	150	1.58e-77	278
POS_NC_045512_2_F0.02_R3_1601	NC_012920.1	98.667	150	150	3.42e-74	267
POS_NC_045512_2_F0.02_R3_1602	NC_012920.1	100.000	150	150	1.58e-77	278
POS_NC_045512_2_F0.02_R3_1603	NC_012920.1	100.000	150	150	1.58e-77	278
POS_NC_045512_2_F0.02_R3_1604	NC_012920.1	100.000	150	150	1.58e-77	278
POS_NC_045512_2_F0.02_R3_1605	NC_012920.1	100.000	150	150	1.58e-77	278
POS_NC_045512_2_F0.02_R3_1606	NC_012920.1	100.000	150	150	1.58e-77	278
POS_NC_045512_2_F0.02_R3_1607	NC_012920.1	100.000	150	150	1.58e-77	278
POS_NC_045512_2_F0.02_R3_1608	NC_012920.1	100.000	150	150	1.58e-77	278
POS_NC_045512_2_F0.02_R3_1609	NC_012920.1	100.000	150	150	1.58e-77	278
POS_NC_045512_2_F0.02_R3_1610	NC_012920.1	100.000	150	150	1.58e-77	278
POS_NC_045512_2_F0.02_R3_1611	NC_012920.1	100.000	150	150	1.58e-77	278
POS_NC_045512_2_F0.02_R3_1612	NC_012920.1	100.000	150	150	1.58e-77	278
POS_NC_045512_2_F0.02_R3_1613	NC_012920.1	99.333	150	150	7.34e-76	272
POS_NC_045512_2_F0.02_R3_1614	NC_012920.1	100.000	150	150	1.58e-77	278
POS_NC_045512_2_F0.02_R3_1615	NC_012920.1	100.000	150	150	1.58e-77	278
POS_NC_045512_2_F0.02_R3_1616	NC_012920.1	98.000	150	150	1.59e-72	261
POS_NC_045512_2_F0.02_R3_1617	NC_012920.1	99.333	150	150	7.34e-76	272
POS_NC_045512_2_F0.02_R3_1618	NC_012920.1	100.000	150	150	1.58e-77	278
POS_NC_045512_2_F0.02_R3_1619	NC_012920.1	100.000	150	150	1.58e-77	278
POS_NC_045512_2_F0.02_R3_1620	NC_012920.1	100.000	150	150	1.58e-77	278
POS_NC_045512_2_F0.02_R3_1621	NC_012920.1	100.000	150	150	1.58e-77	278
POS_NC_045512_2_F0.02_R3_1622	NC_012920.1	100.000	150	150	1.58e-77	278
POS_NC_045512_2_F0.02_R3_1623	NC_012920.1	99.333	150	150	7.34e-76	272
POS_NC_045512_2_F0.02_R3_1624	NC_012920.1	100.000	150	150	1.58e-77	278
POS_NC_045512_2_F0.02_R3_1625	NC_012920.1	100.000	150	150	1.58e-77	278
POS_NC_045512_2_F0.02_R3_1626	NC_012920.1	100.000	150	150	1.58e-77	278
POS_NC_045512_2_F0.02_R3_1627	NC_012920.1	99.333	150	150	7.34e-76	272
POS_NC_045512_2_F0.02_R3_1628	NC_012920.1	100.000	150	150	1.58e-77	278
POS_NC_045512_2_F0.02_R3_1629	NC_012920.1	100.000	150	150	1.58e-77	278
POS_NC_045512_2_F0.02_R3_1630	NC_012920.1	100.000	150	150	1.58e-77	278
POS_NC_045512_2_F0.02_R3_1631	NC_012920.1	100.000	150	150	1.58e-77	278
POS_NC_045512_2_F0.02_R3_1632	NC_012920.1	100.000	150	150	1.58e-77	278
POS_NC_045512_2_F0.02_R3_1633	NC_012920.1	99.333	150	150	7.34e-76	272
POS_NC_045512_2_F0.02_R3_1634	NC_012920.1	99.333	150	150	7.34e-76	272
POS_NC_045512_2_F0.02_R3_1635	NC_012920.1	100.000	150	150	1.58e-77	278
POS_NC_045512_2_F0.02_R3_1636	NC_012920.1	100.000	150	150	1.58e-77	278
POS_NC_045512_2_F0.02_R3_1637	NC_012920.1	99.333	150	150	7.34e-76	272
POS_NC_045512_2_F0.02_R3_1638	NC_012920.1	99.324	148	150	9.50e-75	268
POS_NC_045512_2_F0.02_R3_1639	NC_012920.1	100.000	150	150	1.58e-77	278
POS_NC_045512_2_F0.02_R3_1640	NC_012920.1	100.000	150	150	1.58e-77	278
POS_NC_045512_2_F0.02_R3_1641	NC_012920.1	100.000	150	150	1.58e-77	278
POS_NC_045512_2_F0.02_R3_1642	NC_012920.1	100.000	150	150	1.58e-77	278
POS_NC_045512_2_F0.02_R3_1643	NC_012920.1	99.333	150	150	7.34e-76	272
POS_NC_045512_2_F0.02_R3_1644	NC_012920.1	99.333	150	150	7.34e-76	272
POS_NC_045512_2_F0.02_R3_1645	NC_012920.1	98.667	150	150	3.42e-74	267
POS_NC_045512_2_F0.02_R3_1646	NC_012920.1	100.000	150	150	1.58e-77	278
POS_NC_045512_2_F0.02_R3_1647	NC_012920.1	100.000	150	150	1.58e-77	278
POS_NC_045512_2_F0.02_R3_1648	NC_012920.1	100.000	150	150	1.58e-77	278
POS_NC_045512_2_F0.02_R3_1649	NC_012920.1	100.000	150	150	1.58e-77	278
POS_NC_045512_2_F0.02_R3_1650	NC_012920.1	100.000	150	150	1.58e-77	278
POS_NC_045512_2_F0.02_R3_1651	NC_012920.1	100.000	150	150	1.58e-77	278
POS_NC_045512_2_F0.02_R3_1652	NC_012920.1	100.000	150	150	1.58e-77	278
POS_NC_045512_2_F0.02_R3_1653	NC_012920.1	100.000	150	150	1.58e-77	278
POS_NC_045512_2_F0.02_R3_1654	NC_012920.1	98.667	150	150	3.42e-74	267
POS_NC_045512_2_F0.02_R3_1655	NC_012920.1	99.333	150	150	7.34e-76	272
POS_NC_045512_2_F0.02_R3_1656	NC_012920.1	98.667	150	150	3.42e-74	267
POS_NC_045512_2_F0.02_R3_1657	NC_012920.1	100.000	150	150	1.58e-77	278
POS_NC_045512_2_F0.02_R3_1658	NC_012920.1	100.000	150	150	1.58e-77	278
POS_NC_045512_2_F0.02_R3_1659	NC_012920.1	100.000	150	150	1.58e-77	278
POS_NC_045512_2_F0.02_R3_1660	NC_012920.1	100.000	150	150	1.58e-77	278
POS_NC_045512_2_F0.02_R3_1661	NC_012920.1	99.333	150	150	7.34e-76	272
POS_NC_045512_2_F0.02_R3_1662	NC_012920.1	100.000	150	150	1.58e-77	278
POS_NC_045512_2_F0.02_R3_1663	NC_012920.1	100.000	150	150	1.58e-77	278
POS_NC_045512_2_F0.02_R3_1664	NC_012920.1	100.000	150	150	1.58e-77	278
POS_NC_045512_2_F0.02_R3_1665	NC_012920.1	100.000	150	150	1.58e-77	278
POS_NC_045512_2_F0.02_R3_1666	NC_012920.1	100.000	150	150	2.04e-76	274
POS_NC_045512_2_F0.02_R3_1667	NC_012920.1	100.000	150	150	1.58e-77	278
POS_NC_045512_2_F0.02_R3_1668	NC_012920.1	99.333	150	150	7.34e-76	272
POS_NC_045512_2_F0.02_R3_1669	NC_012920.1	100.000	150	150	1.58e-77	278
POS_NC_045512_2_F0.02_R3_1670	NC_012920.1	99.333	150	150	7.34e-76	272
POS_NC_045512_2_F0.02_R3_1671	NC_012920.1	99.333	150	150	7.34e-76	272
POS_NC_045512_2_F0.02_R3_1672	NC_012920.1	100.000	150	150	1.58e-77	278
POS_NC_045512_2_F0.02_R3_1673	NC_012920.1	100.000	150	150	1.58e-77	278
POS_NC_045512_2_F0.02_R3_1674	NC_012920.1	100.000	150	150	1.58e-77	278
POS_NC_045512_2_F0.02_R3_1675	NC_012920.1	100.000	150	150	1.58e-77	278
POS_NC_045512_2_F0.02_R3_1676	NC_012920.1	100.000	150	150	1.58e-77	278
POS_NC_045512_2_F0.02_R3_1677	NC_012920.1	100.000	150	150	1.58e-77	278
POS_NC_045512_2_F0.02_R3_1678	NC_012920.1	100.000	150	150	1.58e-77	278
POS_NC_045512_2_F0.02_R3_1679	NC_012920.1	100.000	150	150	1.58e-77	278
POS_NC_045512_2_F0.02_R3_1680	NC_012920.1	100.000	150	150	1.58e-77	278
POS_NC_045512_2_F0.02_R3_1681	NC_012920.1	99.333	150	150	7.34e-76	272
POS_NC_045512_2_F0.02_R3_1682	NC_012920.1	99.333	150	150	7.34e-76	272
POS_NC_045512_2_F0.02_R3_1683	NC_012920.1	100.000	150	150	1.58e-77	278
POS_NC_045512_2_F0.02_R3_1684	NC_012920.1	100.000	150	150	1.58e-77	278
POS_NC_045512_2_F0.02_R3_1685	NC_012920.1	100.000	150	150	1.58e-77	278
POS_NC_045512_2_F0.02_R3_1686	NC_012920.1	100.000	150	150	1.58e-77	278
POS_NC_045512_2_F0.02_R3_1687	NC_012920.1	98.667	150	150	3.42e-74	267
POS_NC_045512_2_F0.02_R3_1688	NC_012920.1	100.000	150	150	1.58e-77	278
POS_NC_045512_2_F0.02_R3_1689	NC_012920.1	100.000	150	150	1.58e-77	278
POS_NC_045512_2_F0.02_R3_1690	NC_012920.1	100.000	150	150	1.58e-77	278
POS_NC_045512_2_F0.02_R3_1691	NC_012920.1	100.000	150	150	1.58e-77	278
POS_NC_045512_2_F0.02_R3_1692	NC_012920.1	100.000	150	150	1.58e-77	278
POS_NC_045512_2_F0.02_R3_1693	NC_012920.1	100.000	150	150	1.58e-77	278
POS_NC_045512_2_F0.02_R3_1694	NC_012920.1	100.000	150	150	1.58e-77	278
POS_NC_045512_2_F0.02_R3_1695	NC_012920.1	100.000	150	150	1.58e-77	278
POS_NC_045512_2_F0.02_R3_1696	NC_012920.1	100.000	150	150	1.58e-77	278
POS_NC_045512_2_F0.02_R3_1697	NC_012920.1	100.000	150	150	1.58e-77	278
POS_NC_045512_2_F0.02_R3_1698	NC_012920.1	99.333	150	150	7.34e-76	272
POS_NC_045512_2_F0.02_R3_1699	NC_012920.1	100.000	150	150	1.58e-77	278
POS_NC_045512_2_F0.02_R3_1700	NC_012920.1	100.000	150	150	1.58e-77	278
POS_NC_045512_2_F0.02_R3_1701	NC_012920.1	100.000	150	150	1.58e-77	278
POS_NC_045512_2_F0.02_R3_1702	NC_012920.1	100.000	150	150	1.58e-77	278
POS_NC_045512_2_F0.02_R3_1703	NC_012920.1	100.000	150	150	1.58e-77	278
POS_NC_045512_2_F0.02_R3_1704	NC_012920.1	100.000	150	150	1.58e-77	278
POS_NC_045512_2_F0.02_R3_1705	NC_012920.1	100.000	150	150	1.58e-77	278
POS_NC_045512_2_F0.02_R3_1706	NC_012920.1	99.333	150	150	7.34e-76	272
POS_NC_045512_2_F0.02_R3_1707	NC_012920.1	100.000	150	150	1.58e-77	278
POS_NC_045512_2_F0.02_R3_1708	NC_012920.1	100.000	150	150	1.58e-77	278
POS_NC_045512_2_F0.02_R3_1709	NC_012920.1	100.000	150	150	1.58e-77	278
POS_NC_045512_2_F0.02_R3_1710	NC_012920.1	99.333	150	150	7.34e-76	272
POS_NC_045512_2_F0.02_R3_1711	NC_012920.1	100.000	150	150	1.58e-77	278
POS_NC_045512_2_F0.02_R3_1712	NC_012920.1	100.000	150	150	1.58e-77	278
POS_NC_045512_2_F0.02_R3_1713	NC_012920.1	100.000	150	150	1.58e-77	278
POS_NC_045512_2_F0.02_R3_1714	NC_012920.1	100.000	150	150	1.58e-77	278
POS_NC_045512_2_F0.02_R3_1715	NC_012920.1	100.000	150	150	1.58e-77	278
POS_NC_045512_2_F0.02_R3_1716	NC_012920.1	98.667	150	150	3.42e-74	267
POS_NC_045512_2_F0.02_R3_1717	NC_012920.1	99.333	150	150	7.34e-76	272
POS_NC_045512_2_F0.02_R3_1718	NC_012920.1	100.000	150	150	1.58e-77	278
POS_NC_045512_2_F0.02_R3_1719	NC_012920.1	100.000	150	150	1.58e-77	278
POS_NC_045512_2_F0.02_R3_1720	NC_012920.1	100.000	150	150	1.58e-77	278
POS_NC_045512_2_F0.02_R3_1721	NC_012920.1	100.000	150	150	1.58e-77	278
POS_NC_045512_2_F0.02_R3_1722	NC_012920.1	100.000	150	150	1.58e-77	278
POS_NC_045512_2_F0.02_R3_1723	NC_012920.1	100.000	150	150	1.58e-77	278
POS_NC_045512_2_F0.02_R3_1724	NC_012920.1	99.333	150	150	7.34e-76	272
POS_NC_045512_2_F0.02_R3_1725	NC_012920.1	100.000	150	150	1.58e-77	278
POS_NC_045512_2_F0.02_R3_1726	NC_012920.1	99.333	150	150	7.34e-76	272
POS_NC_045512_2_F0.02_R3_1727	NC_012920.1	100.000	149	150	5.68e-77	276
POS_NC_045512_2_F0.02_R3_1728	NC_012920.1	100.000	150	150	1.58e-77	278
POS_NC_045512_2_F0.02_R3_1729	NC_012920.1	100.000	150	150	1.58e-77	278
POS_NC_045512_2_F0.02_R3_1730	NC_012920.1	100.000	150	150	1.58e-77	278
POS_NC_045512_2_F0.02_R3_1731	NC_012920.1	100.000	150	150	1.58e-77	278
POS_NC_045512_2_F0.02_R3_1732	NC_012920.1	100.000	150	150	1.58e-77	278
POS_NC_045512_2_F0.02_R3_1733	NC_012920.1	100.000	150	150	1.58e-77	278
POS_NC_045512_2_F0.02_R3_1734	NC_012920.1	100.000	150	150	1.58e-77	278
POS_NC_045512_2_F0.02_R3_1735	NC_012920.1	100.000	150	150	1.58e-77	278
POS_NC_045512_2_F0.02_R3_1736	NC_012920.1	98.667	150	150	3.42e-74	267
POS_NC_045512_2_F0.02_R3_1737	NC_012920.1	100.000	148	150	2.04e-76	274
POS_NC_045512_2_F0.02_R3_1738	NC_012920.1	100.000	150	150	1.58e-77	278
POS_NC_045512_2_F0.02_R3_1739	NC_012920.1	100.000	150	150	1.58e-77	278
POS_NC_045512_2_F0.02_R3_1740	NC_012920.1	100.000	150	150	1.58e-77	278
POS_NC_045512_2_F0.02_R3_1741	NC_012920.1	100.000	150	150	1.58e-77	278
POS_NC_045512_2_F0.02_R3_1742	NC_012920.1	98.667	150	150	3.42e-74	267
POS_NC_045512_2_F0.02_R3_1743	NC_012920.1	100.000	150	150	1.58e-77	278
POS_NC_045512_2_F0.02_R3_1744	NC_012920.1	100.000	150	150	1.58e-77	278
POS_NC_045512_2_F0.02_R3_1745	NC_012920.1	100.000	150	150	1.58e-77	278
POS_NC_045512_2_F0.02_R3_1746	NC_012920.1	100.000	150	150	1.58e-77	278
POS_NC_045512_2_F0.02_R3_1747	NC_012920.1	100.000	150	150	1.58e-77	278
POS_NC_045512_2_F0.02_R3_1748	NC_012920.1	100.000	150	150	1.58e-77	278
POS_NC_045512_2_F0.02_R3_1749	NC_012920.1	100.000	150	150	1.58e-77	278
POS_NC_045512_2_F0.02_R3_1750	NC_012920.1	100.000	150	150	1.58e-77	278
POS_NC_045512_2_F0.02_R3_1751	NC_012920.1	100.000	150	150	1.58e-77	278
POS_NC_045512_2_F0.02_R3_1752	NC_012920.1	100.000	150	150	1.58e-77	278
POS_NC_045512_2_F0.02_R3_1753	NC_012920.1	100.000	150	150	1.58e-77	278
POS_NC_045512_2_F0.02_R3_1754	NC_012920.1	100.000	150	150	1.58e-77	278
POS_NC_045512_2_F0.02_R3_1755	NC_012920.1	100.000	150	150	1.58e-77	278
POS_NC_045512_2_F0.02_R3_1756	NC_012920.1	100.000	150	150	1.58e-77	278
POS_NC_045512_2_F0.02_R3_1757	NC_012920.1	100.000	150	150	1.58e-77	278
POS_NC_045512_2_F0.02_R3_1758	NC_012920.1	100.000	150	150	1.58e-77	278
POS_NC_045512_2_F0.02_R3_1759	NC_012920.1	100.000	150	150	1.58e-77	278
POS_NC_045512_2_F0.02_R3_1760	NC_012920.1	100.000	150	150	1.58e-77	278
POS_NC_045512_2_F0.02_R3_1761	NC_012920.1	100.000	150	150	1.58e-77	278
POS_NC_045512_2_F0.02_R3_1762	NC_012920.1	100.000	150	150	1.58e-77	278
POS_NC_045512_2_F0.02_R3_1763	NC_012920.1	100.000	150	150	1.58e-77	278
POS_NC_045512_2_F0.02_R3_1764	NC_012920.1	100.000	150	150	1.58e-77	278
POS_NC_045512_2_F0.02_R3_1765	NC_012920.1	100.000	150	150	1.58e-77	278
POS_NC_045512_2_F0.02_R3_1766	NC_012920.1	99.333	150	150	7.34e-76	272
POS_NC_045512_2_F0.02_R3_1767	NC_012920.1	100.000	150	150	1.58e-77	278
POS_NC_045512_2_F0.02_R3_1768	NC_012920.1	100.000	150	150	1.58e-77	278
POS_NC_045512_2_F0.02_R3_1769	NC_012920.1	100.000	150	150	1.58e-77	278
POS_NC_045512_2_F0.02_R3_1770	NC_012920.1	100.000	150	150	1.58e-77	278
POS_NC_045512_2_F0.02_R3_1771	NC_012920.1	100.000	150	150	1.58e-77	278
POS_NC_045512_2_F0.02_R3_1772	NC_012920.1	99.333	150	150	7.34e-76	272
POS_NC_045512_2_F0.02_R3_1773	NC_012920.1	99.333	150	150	7.34e-76	272
POS_NC_045512_2_F0.02_R3_1774	NC_012920.1	100.000	150	150	1.58e-77	278
POS_NC_045512_2_F0.02_R3_1775	NC_012920.1	99.333	150	150	7.34e-76	272
POS_NC_045512_2_F0.02_R3_1776	NC_012920.1	100.000	150	150	1.58e-77	278
POS_NC_045512_2_F0.02_R3_1777	NC_012920.1	100.000	150	150	1.58e-77	278
POS_NC_045512_2_F0.02_R3_1778	NC_012920.1	99.333	150	150	7.34e-76	272
POS_NC_045512_2_F0.02_R3_1779	NC_012920.1	100.000	150	150	1.58e-77	278
POS_NC_045512_2_F0.02_R3_1780	NC_012920.1	100.000	150	150	1.58e-77	278
POS_NC_045512_2_F0.02_R3_1781	NC_012920.1	100.000	150	150	1.58e-77	278
POS_NC_045512_2_F0.02_R3_1782	NC_012920.1	100.000	150	150	1.58e-77	278
POS_NC_045512_2_F0.02_R3_1783	NC_012920.1	100.000	150	150	1.58e-77	278
POS_NC_045512_2_F0.02_R3_1784	NC_012920.1	100.000	150	150	1.58e-77	278
POS_NC_045512_2_F0.02_R3_1785	NC_012920.1	99.333	150	150	7.34e-76	272
POS_NC_045512_2_F0.02_R3_1786	NC_012920.1	100.000	150	150	1.58e-77	278
POS_NC_045512_2_F0.02_R3_1787	NC_012920.1	100.000	150	150	1.58e-77	278
POS_NC_045512_2_F0.02_R3_1788	NC_012920.1	100.000	150	150	1.58e-77	278
POS_NC_045512_2_F0.02_R3_1789	NC_012920.1	99.333	150	150	7.34e-76	272
POS_NC_045512_2_F0.02_R3_1790	NC_012920.1	100.000	150	150	1.58e-77	278
POS_NC_045512_2_F0.02_R3_1791	NC_012920.1	99.333	150	150	7.34e-76	272
POS_NC_045512_2_F0.02_R3_1792	NC_012920.1	100.000	150	150	1.58e-77	278
POS_NC_045512_2_F0.02_R3_1793	NC_012920.1	100.000	150	150	1.58e-77	278
POS_NC_045512_2_F0.02_R3_1794	NC_012920.1	100.000	150	150	1.58e-77	278
POS_NC_045512_2_F0.02_R3_1795	NC_012920.1	100.000	150	150	1.58e-77	278
POS_NC_045512_2_F0.02_R3_1796	NC_012920.1	100.000	150	150	1.58e-77	278
POS_NC_045512_2_F0.02_R3_1797	NC_012920.1	100.000	150	150	1.58e-77	278
POS_NC_045512_2_F0.02_R3_1798	NC_012920.1	100.000	150	150	1.58e-77	278
POS_NC_045512_2_F0.02_R3_1799	NC_012920.1	99.333	150	150	7.34e-76	272
POS_NC_045512_2_F0.02_R3_1800	NC_012920.1	100.000	150	150	1.58e-77	278
POS_NC_045512_2_F0.02_R3_1801	NC_012920.1	100.000	150	150	1.58e-77	278
POS_NC_045512_2_F0.02_R3_1802	NC_012920.1	100.000	150	150	1.58e-77	278
POS_NC_045512_2_F0.02_R3_1803	NC_012920.1	100.000	150	150	1.58e-77	278
POS_NC_045512_2_F0.02_R3_1804	NC_012920.1	99.333	150	150	7.34e-76	272
POS_NC_045512_2_F0.02_R3_1805	NC_012920.1	100.000	150	150	1.58e-77	278
POS_NC_045512_2_F0.02_R3_1806	NC_012920.1	99.320	147	150	3.42e-74	267
POS_NC_045512_2_F0.02_R3_1807	NC_012920.1	100.000	150	150	1.58e-77	278
POS_NC_045512_2_F0.02_R3_1808	NC_012920.1	100.000	150	150	1.58e-77	278
POS_NC_045512_2_F0.02_R3_1809	NC_012920.1	100.000	150	150	1.58e-77	278
POS_NC_045512_2_F0.02_R3_1810	NC_012920.1	99.333	150	150	7.34e-76	272
POS_NC_045512_2_F0.02_R3_1811	NC_012920.1	99.333	150	150	7.34e-76	272
POS_NC_045512_2_F0.02_R3_1812	NC_012920.1	100.000	150	150	1.58e-77	278
POS_NC_045512_2_F0.02_R3_1813	NC_012920.1	100.000	150	150	1.58e-77	278
POS_NC_045512_2_F0.02_R3_1814	NC_012920.1	100.000	150	150	1.58e-77	278
POS_NC_045512_2_F0.02_R3_1815	NC_012920.1	100.000	150	150	1.58e-77	278
POS_NC_045512_2_F0.02_R3_1816	NC_012920.1	100.000	150	150	1.58e-77	278
POS_NC_045512_2_F0.02_R3_1817	NC_012920.1	100.000	150	150	1.58e-77	278
POS_NC_045512_2_F0.02_R3_1818	NC_012920.1	100.000	150	150	1.58e-77	278
POS_NC_045512_2_F0.02_R3_1819	NC_012920.1	99.333	150	150	7.34e-76	272
POS_NC_045512_2_F0.02_R3_1820	NC_012920.1	100.000	150	150	1.58e-77	278
POS_NC_045512_2_F0.02_R3_1821	NC_012920.1	100.000	150	150	1.58e-77	278
POS_NC_045512_2_F0.02_R3_1822	NC_012920.1	100.000	150	150	1.58e-77	278
POS_NC_045512_2_F0.02_R3_1823	NC_012920.1	99.333	150	150	7.34e-76	272
POS_NC_045512_2_F0.02_R3_1824	NC_012920.1	99.333	150	150	7.34e-76	272
POS_NC_045512_2_F0.02_R3_1825	NC_012920.1	100.000	150	150	1.58e-77	278
POS_NC_045512_2_F0.02_R3_1826	NC_012920.1	100.000	150	150	1.58e-77	278
POS_NC_045512_2_F0.02_R3_1827	NC_012920.1	100.000	150	150	1.58e-77	278
POS_NC_045512_2_F0.02_R3_1828	NC_012920.1	100.000	150	150	1.58e-77	278
POS_NC_045512_2_F0.02_R3_1829	NC_012920.1	99.333	150	150	7.34e-76	272
POS_NC_045512_2_F0.02_R3_1830	NC_012920.1	100.000	150	150	1.58e-77	278
POS_NC_045512_2_F0.02_R3_1831	NC_012920.1	99.333	150	150	7.34e-76	272
POS_NC_045512_2_F0.02_R3_1832	NC_012920.1	100.000	150	150	1.58e-77	278
POS_NC_045512_2_F0.02_R3_1833	NC_012920.1	100.000	150	150	1.58e-77	278
POS_NC_045512_2_F0.02_R3_1834	NC_012920.1	100.000	150	150	1.58e-77	278
POS_NC_045512_2_F0.02_R3_1835	NC_012920.1	100.000	150	150	1.58e-77	278
POS_NC_045512_2_F0.02_R3_1836	NC_012920.1	100.000	150	150	1.58e-77	278
POS_NC_045512_2_F0.02_R3_1837	NC_012920.1	100.000	150	150	1.58e-77	278
POS_NC_045512_2_F0.02_R3_1838	NC_012920.1	100.000	150	150	1.58e-77	278
POS_NC_045512_2_F0.02_R3_1839	NC_012920.1	100.000	150	150	1.58e-77	278
POS_NC_045512_2_F0.02_R3_1840	NC_012920.1	99.333	150	150	7.34e-76	272
POS_NC_045512_2_F0.02_R3_1841	NC_012920.1	100.000	150	150	1.58e-77	278
POS_NC_045512_2_F0.02_R3_1842	NC_012920.1	100.000	150	150	1.58e-77	278
POS_NC_045512_2_F0.02_R3_1843	NC_012920.1	100.000	150	150	1.58e-77	278
POS_NC_045512_2_F0.02_R3_1844	NC_012920.1	99.333	150	150	7.34e-76	272
POS_NC_045512_2_F0.02_R3_1845	NC_012920.1	99.333	150	150	7.34e-76	272
POS_NC_045512_2_F0.02_R3_1846	NC_012920.1	98.000	150	150	1.59e-72	261
POS_NC_045512_2_F0.02_R3_1847	NC_012920.1	100.000	150	150	1.58e-77	278
POS_NC_045512_2_F0.02_R3_1848	NC_012920.1	98.667	150	150	3.42e-74	267
POS_NC_045512_2_F0.02_R3_1849	NC_012920.1	100.000	150	150	1.58e-77	278
POS_NC_045512_2_F0.02_R3_1850	NC_012920.1	100.000	150	150	1.58e-77	278
POS_NC_045512_2_F0.02_R3_1851	NC_012920.1	99.333	150	150	7.34e-76	272
POS_NC_045512_2_F0.02_R3_1852	NC_012920.1	100.000	150	150	1.58e-77	278
POS_NC_045512_2_F0.02_R3_1853	NC_012920.1	99.333	150	150	7.34e-76	272
POS_NC_045512_2_F0.02_R3_1854	NC_012920.1	99.333	150	150	7.34e-76	272
POS_NC_045512_2_F0.02_R3_1855	NC_012920.1	100.000	150	150	1.58e-77	278
POS_NC_045512_2_F0.02_R3_1856	NC_012920.1	99.333	150	150	7.34e-76	272
POS_NC_045512_2_F0.02_R3_1857	NC_012920.1	99.333	150	150	7.34e-76	272
POS_NC_045512_2_F0.02_R3_1858	NC_012920.1	99.333	150	150	7.34e-76	272
POS_NC_045512_2_F0.02_R3_1859	NC_012920.1	100.000	150	150	1.58e-77	278
POS_NC_045512_2_F0.02_R3_1860	NC_012920.1	100.000	150	150	1.58e-77	278
POS_NC_045512_2_F0.02_R3_1861	NC_012920.1	100.000	150	150	1.58e-77	278
POS_NC_045512_2_F0.02_R3_1862	NC_012920.1	99.333	150	150	7.34e-76	272
POS_NC_045512_2_F0.02_R3_1863	NC_012920.1	100.000	150	150	1.58e-77	278
POS_NC_045512_2_F0.02_R3_1864	NC_012920.1	99.333	150	150	7.34e-76	272
POS_NC_045512_2_F0.02_R3_1865	NC_012920.1	100.000	150	150	1.58e-77	278
POS_NC_045512_2_F0.02_R3_1866	NC_012920.1	100.000	150	150	1.58e-77	278
POS_NC_045512_2_F0.02_R3_1867	NC_012920.1	100.000	150	150	1.58e-77	278
POS_NC_045512_2_F0.02_R3_1868	NC_012920.1	99.333	150	150	7.34e-76	272
POS_NC_045512_2_F0.02_R3_1869	NC_012920.1	99.333	150	150	7.34e-76	272
POS_NC_045512_2_F0.02_R3_1870	NC_012920.1	100.000	150	150	1.58e-77	278
POS_NC_045512_2_F0.02_R3_1871	NC_012920.1	100.000	150	150	1.58e-77	278
POS_NC_045512_2_F0.02_R3_1872	NC_012920.1	99.333	150	150	7.34e-76	272
POS_NC_045512_2_F0.02_R3_1873	NC_012920.1	99.333	150	150	7.34e-76	272
POS_NC_045512_2_F0.02_R3_1874	NC_012920.1	100.000	150	150	1.58e-77	278
POS_NC_045512_2_F0.02_R3_1875	NC_012920.1	100.000	150	150	1.58e-77	278
POS_NC_045512_2_F0.02_R3_1876	NC_012920.1	100.000	150	150	1.58e-77	278
POS_NC_045512_2_F0.02_R3_1877	NC_012920.1	100.000	150	150	1.58e-77	278
POS_NC_045512_2_F0.02_R3_1878	NC_012920.1	99.333	150	150	7.34e-76	272
POS_NC_045512_2_F0.02_R3_1879	NC_012920.1	100.000	150	150	1.58e-77	278
POS_NC_045512_2_F0.02_R3_1880	NC_012920.1	100.000	150	150	1.58e-77	278
POS_NC_045512_2_F0.02_R3_1881	NC_012920.1	100.000	150	150	1.58e-77	278
POS_NC_045512_2_F0.02_R3_1882	NC_012920.1	99.333	150	150	7.34e-76	272
POS_NC_045512_2_F0.02_R3_1883	NC_012920.1	100.000	150	150	1.58e-77	278
POS_NC_045512_2_F0.02_R3_1884	NC_012920.1	100.000	150	150	1.58e-77	278
POS_NC_045512_2_F0.02_R3_1885	NC_012920.1	100.000	150	150	1.58e-77	278
POS_NC_045512_2_F0.02_R3_1886	NC_012920.1	100.000	150	150	1.58e-77	278
POS_NC_045512_2_F0.02_R3_1887	NC_012920.1	100.000	150	150	1.58e-77	278
POS_NC_045512_2_F0.02_R3_1888	NC_012920.1	100.000	150	150	1.58e-77	278
POS_NC_045512_2_F0.02_R3_1889	NC_012920.1	100.000	150	150	1.58e-77	278
POS_NC_045512_2_F0.02_R3_1890	NC_012920.1	100.000	150	150	1.58e-77	278
POS_NC_045512_2_F0.02_R3_1891	NC_012920.1	100.000	150	150	1.58e-77	278
POS_NC_045512_2_F0.02_R3_1892	NC_012920.1	100.000	150	150	1.58e-77	278
POS_NC_045512_2_F0.02_R3_1893	NC_012920.1	100.000	150	150	1.58e-77	278
POS_NC_045512_2_F0.02_R3_1894	NC_012920.1	99.333	150	150	7.34e-76	272
POS_NC_045512_2_F0.02_R3_1895	NC_012920.1	100.000	150	150	1.58e-77	278
POS_NC_045512_2_F0.02_R3_1896	NC_012920.1	100.000	150	150	1.58e-77	278
POS_NC_045512_2_F0.02_R3_1897	NC_012920.1	100.000	150	150	1.58e-77	278
POS_NC_045512_2_F0.02_R3_1898	NC_012920.1	99.333	150	150	7.34e-76	272
POS_NC_045512_2_F0.02_R3_1899	NC_012920.1	100.000	150	150	1.58e-77	278
POS_NC_045512_2_F0.02_R3_1900	NC_012920.1	100.000	150	150	1.58e-77	278
POS_NC_045512_2_F0.02_R3_1901	NC_012920.1	100.000	150	150	1.58e-77	278
POS_NC_045512_2_F0.02_R3_1902	NC_012920.1	100.000	150	150	1.58e-77	278
POS_NC_045512_2_F0.02_R3_1903	NC_012920.1	100.000	150	150	1.58e-77	278
POS_NC_045512_2_F0.02_R3_1904	NC_012920.1	100.000	150	150	1.58e-77	278
POS_NC_045512_2_F0.02_R3_1905	NC_012920.1	100.000	150	150	1.58e-77	278
POS_NC_045512_2_F0.02_R3_1906	NC_012920.1	100.000	150	150	1.58e-77	278
POS_NC_045512_2_F0.02_R3_1907	NC_012920.1	100.000	150	150	1.58e-77	278
POS_NC_045512_2_F0.02_R3_1908	NC_012920.1	100.000	150	150	1.58e-77	278
POS_NC_045512_2_F0.02_R3_1909	NC_012920.1	100.000	150	150	1.58e-77	278
POS_NC_045512_2_F0.02_R3_1910	NC_012920.1	100.000	150	150	1.58e-77	278
POS_NC_045512_2_F0.02_R3_1911	NC_012920.1	98.667	150	150	3.42e-74	267
POS_NC_045512_2_F0.02_R3_1912	NC_012920.1	100.000	150	150	1.58e-77	278
POS_NC_045512_2_F0.02_R3_1913	NC_012920.1	99.324	148	150	9.50e-75	268
POS_NC_045512_2_F0.02_R3_1914	NC_012920.1	100.000	150	150	1.58e-77	278
POS_NC_045512_2_F0.02_R3_1915	NC_012920.1	99.333	150	150	7.34e-76	272
POS_NC_045512_2_F0.02_R3_1916	NC_012920.1	100.000	150	150	1.58e-77	278
POS_NC_045512_2_F0.02_R3_1917	NC_012920.1	100.000	150	150	1.58e-77	278
POS_NC_045512_2_F0.02_R3_1918	NC_012920.1	99.333	150	150	7.34e-76	272
POS_NC_045512_2_F0.02_R3_1919	NC_012920.1	100.000	150	150	1.58e-77	278
POS_NC_045512_2_F0.02_R3_1920	NC_012920.1	100.000	150	150	1.58e-77	278
POS_NC_045512_2_F0.02_R3_1921	NC_012920.1	98.667	150	150	3.42e-74	267
POS_NC_045512_2_F0.02_R3_1922	NC_012920.1	100.000	150	150	1.58e-77	278
POS_NC_045512_2_F0.02_R3_1923	NC_012920.1	100.000	150	150	1.58e-77	278
POS_NC_045512_2_F0.02_R3_1924	NC_012920.1	100.000	150	150	1.58e-77	278
POS_NC_045512_2_F0.02_R3_1925	NC_012920.1	100.000	150	150	1.58e-77	278
POS_NC_045512_2_F0.02_R3_1926	NC_012920.1	100.000	150	150	1.58e-77	278
POS_NC_045512_2_F0.02_R3_1927	NC_012920.1	99.333	150	150	7.34e-76	272
POS_NC_045512_2_F0.02_R3_1928	NC_012920.1	99.333	150	150	7.34e-76	272
POS_NC_045512_2_F0.02_R3_1929	NC_012920.1	100.000	150	150	1.58e-77	278
POS_NC_045512_2_F0.02_R3_1930	NC_012920.1	100.000	150	150	1.58e-77	278
POS_NC_045512_2_F0.02_R3_1931	NC_012920.1	100.000	150	150	1.58e-77	278
POS_NC_045512_2_F0.02_R3_1932	NC_012920.1	100.000	150	150	1.58e-77	278
POS_NC_045512_2_F0.02_R3_1933	NC_012920.1	99.324	148	150	9.50e-75	268
POS_NC_045512_2_F0.02_R3_1934	NC_012920.1	99.333	150	150	7.34e-76	272
POS_NC_045512_2_F0.02_R3_1935	NC_012920.1	100.000	150	150	1.58e-77	278
POS_NC_045512_2_F0.02_R3_1936	NC_012920.1	100.000	150	150	1.58e-77	278
POS_NC_045512_2_F0.02_R3_1937	NC_012920.1	100.000	150	150	1.58e-77	278
POS_NC_045512_2_F0.02_R3_1938	NC_012920.1	99.333	150	150	7.34e-76	272
POS_NC_045512_2_F0.02_R3_1939	NC_012920.1	100.000	150	150	1.58e-77	278
POS_NC_045512_2_F0.02_R3_1940	NC_012920.1	100.000	150	150	1.58e-77	278
POS_NC_045512_2_F0.02_R3_1941	NC_012920.1	100.000	150	150	1.58e-77	278
POS_NC_045512_2_F0.02_R3_1942	NC_012920.1	100.000	150	150	1.58e-77	278
POS_NC_045512_2_F0.02_R3_1943	NC_012920.1	100.000	150	150	1.58e-77	278
POS_NC_045512_2_F0.02_R3_1944	NC_012920.1	99.333	150	150	7.34e-76	272
POS_NC_045512_2_F0.02_R3_1945	NC_012920.1	100.000	150	150	1.58e-77	278
POS_NC_045512_2_F0.02_R3_1946	NC_012920.1	100.000	150	150	1.58e-77	278
POS_NC_045512_2_F0.02_R3_1947	NC_012920.1	100.000	150	150	1.58e-77	278
POS_NC_045512_2_F0.02_R3_1948	NC_012920.1	99.333	150	150	7.34e-76	272
POS_NC_045512_2_F0.02_R3_1949	NC_012920.1	100.000	150	150	1.58e-77	278
POS_NC_045512_2_F0.02_R3_1950	NC_012920.1	99.333	150	150	7.34e-76	272
POS_NC_045512_2_F0.02_R3_1951	NC_012920.1	100.000	150	150	1.58e-77	278
POS_NC_045512_2_F0.02_R3_1952	NC_012920.1	100.000	150	150	1.58e-77	278
POS_NC_045512_2_F0.02_R3_1953	NC_012920.1	99.333	150	150	7.34e-76	272
POS_NC_045512_2_F0.02_R3_1954	NC_012920.1	99.333	150	150	7.34e-76	272
POS_NC_045512_2_F0.02_R3_1955	NC_012920.1	100.000	150	150	1.58e-77	278
POS_NC_045512_2_F0.02_R3_1956	NC_012920.1	100.000	150	150	1.58e-77	278
POS_NC_045512_2_F0.02_R3_1957	NC_012920.1	100.000	150	150	1.58e-77	278
POS_NC_045512_2_F0.02_R3_1958	NC_012920.1	100.000	150	150	1.58e-77	278
POS_NC_045512_2_F0.02_R3_1959	NC_012920.1	100.000	150	150	1.58e-77	278
POS_NC_045512_2_F0.02_R3_1960	NC_012920.1	99.333	150	150	7.34e-76	272
POS_NC_045512_2_F0.02_R3_1961	NC_012920.1	99.333	150	150	7.34e-76	272
POS_NC_045512_2_F0.02_R3_1962	NC_012920.1	100.000	150	150	1.58e-77	278
POS_NC_045512_2_F0.02_R3_1963	NC_012920.1	100.000	150	150	1.58e-77	278
POS_NC_045512_2_F0.02_R3_1964	NC_012920.1	100.000	150	150	1.58e-77	278
POS_NC_045512_2_F0.02_R3_1965	NC_012920.1	99.333	150	150	7.34e-76	272
POS_NC_045512_2_F0.02_R3_1966	NC_012920.1	99.333	150	150	7.34e-76	272
POS_NC_045512_2_F0.02_R3_1967	NC_012920.1	100.000	150	150	1.58e-77	278
POS_NC_045512_2_F0.02_R3_1968	NC_012920.1	99.333	150	150	7.34e-76	272
POS_NC_045512_2_F0.02_R3_1969	NC_012920.1	100.000	150	150	1.58e-77	278
POS_NC_045512_2_F0.02_R3_1970	NC_012920.1	99.333	150	150	7.34e-76	272
POS_NC_045512_2_F0.02_R3_1971	NC_012920.1	99.333	150	150	7.34e-76	272
POS_NC_045512_2_F0.02_R3_1972	NC_012920.1	100.000	150	150	1.58e-77	278
POS_NC_045512_2_F0.02_R3_1973	NC_012920.1	100.000	150	150	1.58e-77	278
POS_NC_045512_2_F0.02_R3_1974	NC_012920.1	100.000	150	150	1.58e-77	278
POS_NC_045512_2_F0.02_R3_1975	NC_012920.1	100.000	150	150	1.58e-77	278
POS_NC_045512_2_F0.02_R3_1976	NC_012920.1	100.000	150	150	1.58e-77	278
POS_NC_045512_2_F0.02_R3_1977	NC_012920.1	100.000	150	150	1.58e-77	278
POS_NC_045512_2_F0.02_R3_1978	NC_012920.1	99.333	150	150	7.34e-76	272
POS_NC_045512_2_F0.02_R3_1979	NC_012920.1	99.333	150	150	7.34e-76	272
POS_NC_045512_2_F0.02_R3_1980	NC_012920.1	100.000	150	150	1.58e-77	278
POS_NC_045512_2_F0.02_R3_1981	NC_012920.1	100.000	150	150	1.58e-77	278
POS_NC_045512_2_F0.02_R3_1982	NC_012920.1	100.000	150	150	1.58e-77	278
POS_NC_045512_2_F0.02_R3_1983	NC_012920.1	99.333	150	150	7.34e-76	272
POS_NC_045512_2_F0.02_R3_1984	NC_012920.1	99.333	150	150	7.34e-76	272
POS_NC_045512_2_F0.02_R3_1985	NC_012920.1	100.000	150	150	1.58e-77	278
POS_NC_045512_2_F0.02_R3_1986	NC_012920.1	100.000	150	150	1.58e-77	278
POS_NC_045512_2_F0.02_R3_1987	NC_012920.1	99.333	150	150	7.34e-76	272
POS_NC_045512_2_F0.02_R3_1988	NC_012920.1	100.000	150	150	1.58e-77	278
POS_NC_045512_2_F0.02_R3_1989	NC_012920.1	100.000	150	150	1.58e-77	278
POS_NC_045512_2_F0.02_R3_1990	NC_012920.1	100.000	150	150	1.58e-77	278
POS_NC_045512_2_F0.02_R3_1991	NC_012920.1	99.333	150	150	7.34e-76	272
POS_NC_045512_2_F0.02_R3_1992	NC_012920.1	100.000	150	150	1.58e-77	278
POS_NC_045512_2_F0.02_R3_1993	NC_012920.1	98.667	150	150	3.42e-74	267
POS_NC_045512_2_F0.02_R3_1994	NC_012920.1	98.667	150	150	3.42e-74	267
POS_NC_045512_2_F0.02_R3_1995	NC_012920.1	100.000	150	150	1.58e-77	278
POS_NC_045512_2_F0.02_R3_1996	NC_012920.1	100.000	150	150	1.58e-77	278
POS_NC_045512_2_F0.02_R3_1997	NC_012920.1	100.000	150	150	1.58e-77	278
POS_NC_045512_2_F0.02_R3_1998	NC_012920.1	99.333	150	150	7.34e-76	272
POS_NC_045512_2_F0.02_R3_1999	NC_012920.1	100.000	150	150	1.58e-77	278
POS_NC_045512_2_F0.02_R3_2000	NC_012920.1	100.000	150	150	1.58e-77	278
POS_NC_045512_2_F0.02_R3_2001	NC_012920.1	100.000	150	150	1.58e-77	278
POS_NC_045512_2_F0.02_R3_2002	NC_012920.1	98.667	150	150	3.42e-74	267
POS_NC_045512_2_F0.02_R3_2003	NC_012920.1	99.333	150	150	7.34e-76	272
POS_NC_045512_2_F0.02_R3_2004	NC_012920.1	100.000	150	150	1.58e-77	278
POS_NC_045512_2_F0.02_R3_2005	NC_012920.1	100.000	150	150	1.58e-77	278
POS_NC_045512_2_F0.02_R3_2006	NC_012920.1	100.000	150	150	1.58e-77	278
POS_NC_045512_2_F0.02_R3_2007	NC_012920.1	100.000	150	150	1.58e-77	278
POS_NC_045512_2_F0.02_R3_2008	NC_012920.1	100.000	150	150	1.58e-77	278
POS_NC_045512_2_F0.02_R3_2009	NC_012920.1	99.333	150	150	7.34e-76	272
POS_NC_045512_2_F0.02_R3_2010	NC_012920.1	100.000	150	150	1.58e-77	278
POS_NC_045512_2_F0.02_R3_2011	NC_012920.1	100.000	148	150	2.04e-76	274
POS_NC_045512_2_F0.02_R3_2012	NC_012920.1	99.333	150	150	7.34e-76	272
POS_NC_045512_2_F0.02_R3_2013	NC_012920.1	100.000	150	150	1.58e-77	278
POS_NC_045512_2_F0.02_R3_2014	NC_012920.1	99.333	150	150	7.34e-76	272
POS_NC_045512_2_F0.02_R3_2015	NC_012920.1	100.000	150	150	1.58e-77	278
POS_NC_045512_2_F0.02_R3_2016	NC_012920.1	100.000	150	150	1.58e-77	278
POS_NC_045512_2_F0.02_R3_2017	NC_012920.1	100.000	150	150	1.58e-77	278
POS_NC_045512_2_F0.02_R3_2018	NC_012920.1	99.333	150	150	7.34e-76	272
POS_NC_045512_2_F0.02_R3_2019	NC_012920.1	99.333	150	150	7.34e-76	272
POS_NC_045512_2_F0.02_R3_2020	NC_012920.1	100.000	150	150	1.58e-77	278
POS_NC_045512_2_F0.02_R3_2021	NC_012920.1	99.333	150	150	7.34e-76	272
POS_NC_045512_2_F0.02_R3_2022	NC_012920.1	100.000	150	150	1.58e-77	278
POS_NC_045512_2_F0.02_R3_2023	NC_012920.1	100.000	150	150	1.58e-77	278
POS_NC_045512_2_F0.02_R3_2024	NC_012920.1	100.000	150	150	1.58e-77	278
POS_NC_045512_2_F0.02_R3_2025	NC_012920.1	100.000	150	150	1.58e-77	278
POS_NC_045512_2_F0.02_R3_2026	NC_012920.1	100.000	150	150	1.58e-77	278
POS_NC_045512_2_F0.02_R3_2027	NC_012920.1	100.000	150	150	1.58e-77	278
POS_NC_045512_2_F0.02_R3_2028	NC_012920.1	100.000	150	150	1.58e-77	278
POS_NC_045512_2_F0.02_R3_2029	NC_012920.1	100.000	150	150	1.58e-77	278
POS_NC_045512_2_F0.02_R3_2030	NC_012920.1	98.667	150	150	3.42e-74	267
POS_NC_045512_2_F0.02_R3_2031	NC_012920.1	100.000	150	150	1.58e-77	278
POS_NC_045512_2_F0.02_R3_2032	NC_012920.1	100.000	150	150	1.58e-77	278
POS_NC_045512_2_F0.02_R3_2033	NC_012920.1	98.667	150	150	3.42e-74	267
POS_NC_045512_2_F0.02_R3_2034	NC_012920.1	99.333	150	150	7.34e-76	272
POS_NC_045512_2_F0.02_R3_2035	NC_012920.1	100.000	150	150	1.58e-77	278
POS_NC_045512_2_F0.02_R3_2036	NC_012920.1	100.000	150	150	1.58e-77	278
POS_NC_045512_2_F0.02_R3_2037	NC_012920.1	100.000	150	150	1.58e-77	278
POS_NC_045512_2_F0.02_R3_2038	NC_012920.1	100.000	150	150	1.58e-77	278
POS_NC_045512_2_F0.02_R3_2039	NC_012920.1	100.000	150	150	1.58e-77	278
POS_NC_045512_2_F0.02_R3_2040	NC_012920.1	99.333	150	150	7.34e-76	272
POS_NC_045512_2_F0.02_R3_2041	NC_012920.1	99.333	150	150	7.34e-76	272
POS_NC_045512_2_F0.02_R3_2042	NC_012920.1	100.000	150	150	1.58e-77	278
POS_NC_045512_2_F0.02_R3_2043	NC_012920.1	99.333	150	150	7.34e-76	272
POS_NC_045512_2_F0.02_R3_2044	NC_012920.1	100.000	150	150	1.58e-77	278
POS_NC_045512_2_F0.02_R3_2045	NC_012920.1	100.000	150	150	1.58e-77	278
POS_NC_045512_2_F0.02_R3_2046	NC_012920.1	100.000	150	150	1.58e-77	278
POS_NC_045512_2_F0.02_R3_2047	NC_012920.1	100.000	147	150	7.34e-76	272
POS_NC_045512_2_F0.02_R3_2048	NC_012920.1	99.333	150	150	7.34e-76	272
POS_NC_045512_2_F0.02_R3_2049	NC_012920.1	100.000	150	150	1.58e-77	278
POS_NC_045512_2_F0.02_R3_2050	NC_012920.1	100.000	150	150	1.58e-77	278
POS_NC_045512_2_F0.02_R3_2051	NC_012920.1	100.000	150	150	1.58e-77	278
POS_NC_045512_2_F0.02_R3_2052	NC_012920.1	100.000	150	150	1.58e-77	278
POS_NC_045512_2_F0.02_R3_2053	NC_012920.1	99.333	150	150	7.34e-76	272
POS_NC_045512_2_F0.02_R3_2054	NC_012920.1	100.000	150	150	1.58e-77	278
POS_NC_045512_2_F0.02_R3_2055	NC_012920.1	100.000	150	150	1.58e-77	278
POS_NC_045512_2_F0.02_R3_2056	NC_012920.1	100.000	150	150	1.58e-77	278
POS_NC_045512_2_F0.02_R3_2057	NC_012920.1	99.333	150	150	7.34e-76	272
POS_NC_045512_2_F0.02_R3_2058	NC_012920.1	100.000	150	150	1.58e-77	278
POS_NC_045512_2_F0.02_R3_2059	NC_012920.1	99.333	150	150	7.34e-76	272
POS_NC_045512_2_F0.02_R3_2060	NC_012920.1	100.000	150	150	1.58e-77	278
POS_NC_045512_2_F0.02_R3_2061	NC_012920.1	98.667	150	150	3.42e-74	267
POS_NC_045512_2_F0.02_R3_2062	NC_012920.1	100.000	150	150	1.58e-77	278
POS_NC_045512_2_F0.02_R3_2063	NC_012920.1	100.000	150	150	1.58e-77	278
POS_NC_045512_2_F0.02_R3_2064	NC_012920.1	100.000	150	150	1.58e-77	278
POS_NC_045512_2_F0.02_R3_2065	NC_012920.1	98.667	150	150	3.42e-74	267
POS_NC_045512_2_F0.02_R3_2066	NC_012920.1	100.000	150	150	1.58e-77	278
POS_NC_045512_2_F0.02_R3_2067	NC_012920.1	100.000	150	150	1.58e-77	278
POS_NC_045512_2_F0.02_R3_2068	NC_012920.1	98.667	150	150	3.42e-74	267
POS_NC_045512_2_F0.02_R3_2069	NC_012920.1	100.000	150	150	1.58e-77	278
POS_NC_045512_2_F0.02_R3_2070	NC_012920.1	98.667	150	150	3.42e-74	267
POS_NC_045512_2_F0.02_R3_2071	NC_012920.1	99.333	150	150	7.34e-76	272
POS_NC_045512_2_F0.02_R3_2072	NC_012920.1	100.000	150	150	1.58e-77	278
POS_NC_045512_2_F0.02_R3_2073	NC_012920.1	98.667	150	150	3.42e-74	267
POS_NC_045512_2_F0.02_R3_2074	NC_012920.1	99.333	150	150	7.34e-76	272
POS_NC_045512_2_F0.02_R3_2075	NC_012920.1	100.000	150	150	1.58e-77	278
POS_NC_045512_2_F0.02_R3_2076	NC_012920.1	100.000	150	150	1.58e-77	278
POS_NC_045512_2_F0.02_R3_2077	NC_012920.1	100.000	150	150	1.58e-77	278
POS_NC_045512_2_F0.02_R3_2078	NC_012920.1	100.000	150	150	1.58e-77	278
POS_NC_045512_2_F0.02_R3_2079	NC_012920.1	100.000	150	150	1.58e-77	278
POS_NC_045512_2_F0.02_R3_2080	NC_012920.1	100.000	150	150	1.58e-77	278
POS_NC_045512_2_F0.02_R3_2081	NC_012920.1	98.667	150	150	3.42e-74	267
POS_NC_045512_2_F0.02_R3_2082	NC_012920.1	99.333	150	150	7.34e-76	272
POS_NC_045512_2_F0.02_R3_2083	NC_012920.1	100.000	150	150	1.58e-77	278
POS_NC_045512_2_F0.02_R3_2084	NC_012920.1	100.000	150	150	1.58e-77	278
POS_NC_045512_2_F0.02_R3_2085	NC_012920.1	100.000	150	150	1.58e-77	278
POS_NC_045512_2_F0.02_R3_2086	NC_012920.1	100.000	150	150	1.58e-77	278
POS_NC_045512_2_F0.02_R3_2087	NC_012920.1	100.000	150	150	1.58e-77	278
POS_NC_045512_2_F0.02_R3_2088	NC_012920.1	100.000	150	150	1.58e-77	278
POS_NC_045512_2_F0.02_R3_2089	NC_012920.1	99.333	150	150	7.34e-76	272
POS_NC_045512_2_F0.02_R3_2090	NC_012920.1	100.000	150	150	1.58e-77	278
POS_NC_045512_2_F0.02_R3_2091	NC_012920.1	100.000	150	150	1.58e-77	278
POS_NC_045512_2_F0.02_R3_2092	NC_012920.1	100.000	150	150	1.58e-77	278
POS_NC_045512_2_F0.02_R3_2093	NC_012920.1	100.000	150	150	1.58e-77	278
POS_NC_045512_2_F0.02_R3_2094	NC_012920.1	98.667	150	150	3.42e-74	267
POS_NC_045512_2_F0.02_R3_2095	NC_012920.1	100.000	150	150	1.58e-77	278
POS_NC_045512_2_F0.02_R3_2096	NC_012920.1	100.000	150	150	1.58e-77	278
POS_NC_045512_2_F0.02_R3_2097	NC_012920.1	100.000	150	150	1.58e-77	278
POS_NC_045512_2_F0.02_R3_2098	NC_012920.1	100.000	150	150	1.58e-77	278
POS_NC_045512_2_F0.02_R3_2099	NC_012920.1	100.000	150	150	1.58e-77	278
POS_NC_045512_2_F0.02_R3_2100	NC_012920.1	100.000	150	150	1.58e-77	278
POS_NC_045512_2_F0.02_R3_2101	NC_012920.1	100.000	150	150	1.58e-77	278
POS_NC_045512_2_F0.02_R3_2102	NC_012920.1	100.000	150	150	1.58e-77	278
POS_NC_045512_2_F0.02_R3_2103	NC_012920.1	99.333	150	150	7.34e-76	272
POS_NC_045512_2_F0.02_R3_2104	NC_012920.1	99.333	150	150	7.34e-76	272
POS_NC_045512_2_F0.02_R3_2105	NC_012920.1	100.000	150	150	1.58e-77	278
POS_NC_045512_2_F0.02_R3_2106	NC_012920.1	100.000	150	150	1.58e-77	278
POS_NC_045512_2_F0.02_R3_2107	NC_012920.1	100.000	150	150	1.58e-77	278
POS_NC_045512_2_F0.02_R3_2108	NC_012920.1	100.000	150	150	1.58e-77	278
POS_NC_045512_2_F0.02_R3_2109	NC_012920.1	99.333	150	150	7.34e-76	272
POS_NC_045512_2_F0.02_R3_2110	NC_012920.1	98.000	150	150	1.59e-72	261
POS_NC_045512_2_F0.02_R3_2111	NC_012920.1	100.000	150	150	1.58e-77	278
POS_NC_045512_2_F0.02_R3_2112	NC_012920.1	100.000	150	150	1.58e-77	278
POS_NC_045512_2_F0.02_R3_2113	NC_012920.1	100.000	150	150	1.58e-77	278
POS_NC_045512_2_F0.02_R3_2114	NC_012920.1	99.333	150	150	7.34e-76	272
POS_NC_045512_2_F0.02_R3_2115	NC_012920.1	99.333	150	150	7.34e-76	272
POS_NC_045512_2_F0.02_R3_2116	NC_012920.1	100.000	150	150	1.58e-77	278
POS_NC_045512_2_F0.02_R3_2117	NC_012920.1	100.000	150	150	1.58e-77	278
POS_NC_045512_2_F0.02_R3_2118	NC_012920.1	99.333	150	150	7.34e-76	272
POS_NC_045512_2_F0.02_R3_2119	NC_012920.1	100.000	150	150	1.58e-77	278
POS_NC_045512_2_F0.02_R3_2120	NC_012920.1	99.333	150	150	7.34e-76	272
POS_NC_045512_2_F0.02_R3_2121	NC_012920.1	100.000	150	150	1.58e-77	278
POS_NC_045512_2_F0.02_R3_2122	NC_012920.1	99.333	150	150	7.34e-76	272
POS_NC_045512_2_F0.02_R3_2123	NC_012920.1	99.333	150	150	7.34e-76	272
POS_NC_045512_2_F0.02_R3_2124	NC_012920.1	100.000	150	150	1.58e-77	278
POS_NC_045512_2_F0.02_R3_2125	NC_012920.1	99.333	150	150	7.34e-76	272
POS_NC_045512_2_F0.02_R3_2126	NC_012920.1	100.000	150	150	1.58e-77	278
POS_NC_045512_2_F0.02_R3_2127	NC_012920.1	100.000	150	150	1.58e-77	278
POS_NC_045512_2_F0.02_R3_2128	NC_012920.1	100.000	150	150	1.58e-77	278
POS_NC_045512_2_F0.02_R3_2129	NC_012920.1	100.000	150	150	1.58e-77	278
POS_NC_045512_2_F0.02_R3_2130	NC_012920.1	100.000	150	150	1.58e-77	278
POS_NC_045512_2_F0.02_R3_2131	NC_012920.1	99.333	150	150	7.34e-76	272
POS_NC_045512_2_F0.02_R3_2132	NC_012920.1	99.333	150	150	7.34e-76	272
POS_NC_045512_2_F0.02_R3_2133	NC_012920.1	100.000	150	150	1.58e-77	278
POS_NC_045512_2_F0.02_R3_2134	NC_012920.1	99.333	150	150	7.34e-76	272
POS_NC_045512_2_F0.02_R3_2135	NC_012920.1	100.000	150	150	1.58e-77	278
POS_NC_045512_2_F0.02_R3_2136	NC_012920.1	100.000	150	150	1.58e-77	278
POS_NC_045512_2_F0.02_R3_2137	NC_012920.1	100.000	150	150	1.58e-77	278
POS_NC_045512_2_F0.02_R3_2138	NC_012920.1	100.000	150	150	1.58e-77	278
POS_NC_045512_2_F0.02_R3_2139	NC_012920.1	100.000	150	150	1.58e-77	278
POS_NC_045512_2_F0.02_R3_2140	NC_012920.1	100.000	150	150	1.58e-77	278
POS_NC_045512_2_F0.02_R3_2141	NC_012920.1	98.667	150	150	3.42e-74	267
POS_NC_045512_2_F0.02_R3_2142	NC_012920.1	100.000	150	150	1.58e-77	278
POS_NC_045512_2_F0.02_R3_2143	NC_012920.1	100.000	150	150	1.58e-77	278
POS_NC_045512_2_F0.02_R3_2144	NC_012920.1	99.333	150	150	7.34e-76	272
POS_NC_045512_2_F0.02_R3_2145	NC_012920.1	100.000	150	150	1.58e-77	278
POS_NC_045512_2_F0.02_R3_2146	NC_012920.1	99.333	150	150	7.34e-76	272
POS_NC_045512_2_F0.02_R3_2147	NC_012920.1	98.667	150	150	3.42e-74	267
POS_NC_045512_2_F0.02_R3_2148	NC_012920.1	100.000	150	150	1.58e-77	278
POS_NC_045512_2_F0.02_R3_2149	NC_012920.1	100.000	150	150	1.58e-77	278
POS_NC_045512_2_F0.02_R3_2150	NC_012920.1	100.000	150	150	1.58e-77	278
POS_NC_045512_2_F0.02_R3_2151	NC_012920.1	100.000	150	150	1.58e-77	278
POS_NC_045512_2_F0.02_R3_2152	NC_012920.1	100.000	150	150	1.58e-77	278
POS_NC_045512_2_F0.02_R3_2153	NC_012920.1	99.333	150	150	7.34e-76	272
POS_NC_045512_2_F0.02_R3_2154	NC_012920.1	100.000	150	150	1.58e-77	278
POS_NC_045512_2_F0.02_R3_2155	NC_012920.1	100.000	150	150	1.58e-77	278
POS_NC_045512_2_F0.02_R3_2156	NC_012920.1	100.000	150	150	1.58e-77	278
POS_NC_045512_2_F0.02_R3_2157	NC_012920.1	100.000	150	150	1.58e-77	278
POS_NC_045512_2_F0.02_R3_2158	NC_012920.1	100.000	150	150	1.58e-77	278
POS_NC_045512_2_F0.02_R3_2159	NC_012920.1	100.000	150	150	1.58e-77	278
POS_NC_045512_2_F0.02_R3_2160	NC_012920.1	100.000	150	150	1.58e-77	278
POS_NC_045512_2_F0.02_R3_2161	NC_012920.1	100.000	150	150	1.58e-77	278
POS_NC_045512_2_F0.02_R3_2162	NC_012920.1	100.000	150	150	1.58e-77	278
POS_NC_045512_2_F0.02_R3_2163	NC_012920.1	99.333	150	150	7.34e-76	272
POS_NC_045512_2_F0.02_R3_2164	NC_012920.1	100.000	150	150	1.58e-77	278
POS_NC_045512_2_F0.02_R3_2165	NC_012920.1	99.333	150	150	7.34e-76	272
POS_NC_045512_2_F0.02_R3_2166	NC_012920.1	100.000	150	150	1.58e-77	278
POS_NC_045512_2_F0.02_R3_2167	NC_012920.1	98.667	150	150	3.42e-74	267
POS_NC_045512_2_F0.02_R3_2168	NC_012920.1	100.000	150	150	1.58e-77	278
POS_NC_045512_2_F0.02_R3_2169	NC_012920.1	99.333	150	150	7.34e-76	272
POS_NC_045512_2_F0.02_R3_2170	NC_012920.1	98.667	150	150	3.42e-74	267
POS_NC_045512_2_F0.02_R3_2171	NC_012920.1	100.000	150	150	1.58e-77	278
POS_NC_045512_2_F0.02_R3_2172	NC_012920.1	100.000	150	150	1.58e-77	278
POS_NC_045512_2_F0.02_R3_2173	NC_012920.1	100.000	150	150	1.58e-77	278
POS_NC_045512_2_F0.02_R3_2174	NC_012920.1	98.667	150	150	3.42e-74	267
POS_NC_045512_2_F0.02_R3_2175	NC_012920.1	98.667	150	150	3.42e-74	267
POS_NC_045512_2_F0.02_R3_2176	NC_012920.1	100.000	150	150	1.58e-77	278
POS_NC_045512_2_F0.02_R3_2177	NC_012920.1	100.000	150	150	1.58e-77	278
POS_NC_045512_2_F0.02_R3_2178	NC_012920.1	100.000	150	150	1.58e-77	278
POS_NC_045512_2_F0.02_R3_2179	NC_012920.1	100.000	150	150	1.58e-77	278
POS_NC_045512_2_F0.02_R3_2180	NC_012920.1	100.000	150	150	1.58e-77	278
POS_NC_045512_2_F0.02_R3_2181	NC_012920.1	100.000	150	150	1.58e-77	278
POS_NC_045512_2_F0.02_R3_2182	NC_012920.1	99.333	150	150	7.34e-76	272
POS_NC_045512_2_F0.02_R3_2183	NC_012920.1	100.000	150	150	1.58e-77	278
POS_NC_045512_2_F0.02_R3_2184	NC_012920.1	100.000	150	150	1.58e-77	278
POS_NC_045512_2_F0.02_R3_2185	NC_012920.1	100.000	150	150	1.58e-77	278
POS_NC_045512_2_F0.02_R3_2186	NC_012920.1	99.333	150	150	7.34e-76	272
POS_NC_045512_2_F0.02_R3_2187	NC_012920.1	100.000	150	150	1.58e-77	278
POS_NC_045512_2_F0.02_R3_2188	NC_012920.1	100.000	150	150	1.58e-77	278
POS_NC_045512_2_F0.02_R3_2189	NC_012920.1	99.333	150	150	7.34e-76	272
POS_NC_045512_2_F0.02_R3_2190	NC_012920.1	100.000	150	150	1.58e-77	278
POS_NC_045512_2_F0.02_R3_2191	NC_012920.1	100.000	150	150	1.58e-77	278
POS_NC_045512_2_F0.02_R3_2192	NC_012920.1	100.000	150	150	1.58e-77	278
POS_NC_045512_2_F0.02_R3_2193	NC_012920.1	99.333	150	150	7.34e-76	272
POS_NC_045512_2_F0.02_R3_2194	NC_012920.1	100.000	150	150	1.58e-77	278
POS_NC_045512_2_F0.02_R3_2195	NC_012920.1	100.000	150	150	1.58e-77	278
POS_NC_045512_2_F0.02_R3_2196	NC_012920.1	100.000	150	150	1.58e-77	278
POS_NC_045512_2_F0.02_R3_2197	NC_012920.1	100.000	150	150	1.58e-77	278
POS_NC_045512_2_F0.02_R3_2198	NC_012920.1	100.000	150	150	1.58e-77	278
POS_NC_045512_2_F0.02_R3_2199	NC_012920.1	100.000	150	150	1.58e-77	278
POS_NC_045512_2_F0.02_R3_2200	NC_012920.1	100.000	150	150	1.58e-77	278
POS_NC_045512_2_F0.02_R3_2201	NC_012920.1	99.333	150	150	7.34e-76	272
POS_NC_045512_2_F0.02_R3_2202	NC_012920.1	99.333	150	150	7.34e-76	272
POS_NC_045512_2_F0.02_R3_2203	NC_012920.1	99.333	150	150	7.34e-76	272
POS_NC_045512_2_F0.02_R3_2204	NC_012920.1	100.000	150	150	1.58e-77	278
POS_NC_045512_2_F0.02_R3_2205	NC_012920.1	100.000	150	150	1.58e-77	278
POS_NC_045512_2_F0.02_R3_2206	NC_012920.1	100.000	150	150	1.58e-77	278
POS_NC_045512_2_F0.02_R3_2207	NC_012920.1	100.000	150	150	1.58e-77	278
POS_NC_045512_2_F0.02_R3_2208	NC_012920.1	100.000	150	150	1.58e-77	278
POS_NC_045512_2_F0.02_R3_2209	NC_012920.1	100.000	150	150	1.58e-77	278
POS_NC_045512_2_F0.02_R3_2210	NC_012920.1	100.000	150	150	1.58e-77	278
POS_NC_045512_2_F0.02_R3_2211	NC_012920.1	100.000	150	150	1.58e-77	278
POS_NC_045512_2_F0.02_R3_2212	NC_012920.1	100.000	150	150	1.58e-77	278
POS_NC_045512_2_F0.02_R3_2213	NC_012920.1	100.000	150	150	1.58e-77	278
POS_NC_045512_2_F0.02_R3_2214	NC_012920.1	99.333	150	150	7.34e-76	272
POS_NC_045512_2_F0.02_R3_2215	NC_012920.1	100.000	150	150	1.58e-77	278
POS_NC_045512_2_F0.02_R3_2216	NC_012920.1	100.000	150	150	1.58e-77	278
POS_NC_045512_2_F0.02_R3_2217	NC_012920.1	99.333	150	150	7.34e-76	272
POS_NC_045512_2_F0.02_R3_2218	NC_012920.1	100.000	150	150	1.58e-77	278
POS_NC_045512_2_F0.02_R3_2219	NC_012920.1	99.333	150	150	7.34e-76	272
POS_NC_045512_2_F0.02_R3_2220	NC_012920.1	99.320	147	150	3.42e-74	267
POS_NC_045512_2_F0.02_R3_2221	NC_012920.1	100.000	150	150	1.58e-77	278
POS_NC_045512_2_F0.02_R3_2222	NC_012920.1	100.000	150	150	1.58e-77	278
POS_NC_045512_2_F0.02_R3_2223	NC_012920.1	100.000	150	150	1.58e-77	278
POS_NC_045512_2_F0.02_R3_2224	NC_012920.1	100.000	150	150	1.58e-77	278
POS_NC_045512_2_F0.02_R3_2225	NC_012920.1	100.000	150	150	1.58e-77	278
POS_NC_045512_2_F0.02_R3_2226	NC_012920.1	100.000	150	150	1.58e-77	278
POS_NC_045512_2_F0.02_R3_2227	NC_012920.1	100.000	150	150	1.58e-77	278
POS_NC_045512_2_F0.02_R3_2228	NC_012920.1	100.000	150	150	1.58e-77	278
POS_NC_045512_2_F0.02_R3_2229	NC_012920.1	100.000	150	150	1.58e-77	278
POS_NC_045512_2_F0.02_R3_2230	NC_012920.1	100.000	150	150	1.58e-77	278
POS_NC_045512_2_F0.02_R3_2231	NC_012920.1	100.000	150	150	1.58e-77	278
POS_NC_045512_2_F0.02_R3_2232	NC_012920.1	99.333	150	150	7.34e-76	272
POS_NC_045512_2_F0.02_R3_2233	NC_012920.1	100.000	150	150	1.58e-77	278
POS_NC_045512_2_F0.02_R3_2234	NC_012920.1	100.000	150	150	1.58e-77	278
POS_NC_045512_2_F0.02_R3_2235	NC_012920.1	100.000	150	150	1.58e-77	278
POS_NC_045512_2_F0.02_R3_2236	NC_012920.1	100.000	150	150	1.58e-77	278
POS_NC_045512_2_F0.02_R3_2237	NC_012920.1	100.000	150	150	1.58e-77	278
POS_NC_045512_2_F0.02_R3_2238	NC_012920.1	100.000	150	150	1.58e-77	278
POS_NC_045512_2_F0.02_R3_2239	NC_012920.1	100.000	150	150	1.58e-77	278
POS_NC_045512_2_F0.02_R3_2240	NC_012920.1	100.000	150	150	1.58e-77	278
POS_NC_045512_2_F0.02_R3_2241	NC_012920.1	100.000	150	150	1.58e-77	278
POS_NC_045512_2_F0.02_R3_2242	NC_012920.1	99.333	150	150	7.34e-76	272
POS_NC_045512_2_F0.02_R3_2243	NC_012920.1	99.333	150	150	7.34e-76	272
POS_NC_045512_2_F0.02_R3_2244	NC_012920.1	100.000	150	150	1.58e-77	278
POS_NC_045512_2_F0.02_R3_2245	NC_012920.1	99.333	150	150	7.34e-76	272
POS_NC_045512_2_F0.02_R3_2246	NC_012920.1	99.333	150	150	7.34e-76	272
POS_NC_045512_2_F0.02_R3_2247	NC_012920.1	99.333	150	150	7.34e-76	272
POS_NC_045512_2_F0.02_R3_2248	NC_012920.1	100.000	150	150	1.58e-77	278
POS_NC_045512_2_F0.02_R3_2249	NC_012920.1	99.333	150	150	7.34e-76	272
POS_NC_045512_2_F0.02_R3_2250	NC_012920.1	99.333	150	150	7.34e-76	272
POS_NC_045512_2_F0.02_R3_2251	NC_012920.1	100.000	150	150	1.58e-77	278
POS_NC_045512_2_F0.02_R3_2252	NC_012920.1	100.000	150	150	1.58e-77	278
POS_NC_045512_2_F0.02_R3_2253	NC_012920.1	100.000	150	150	1.58e-77	278
POS_NC_045512_2_F0.02_R3_2254	NC_012920.1	100.000	150	150	1.58e-77	278
POS_NC_045512_2_F0.02_R3_2255	NC_012920.1	100.000	150	150	1.58e-77	278
POS_NC_045512_2_F0.02_R3_2256	NC_012920.1	100.000	150	150	1.58e-77	278
POS_NC_045512_2_F0.02_R3_2257	NC_012920.1	100.000	150	150	1.58e-77	278
POS_NC_045512_2_F0.02_R3_2258	NC_012920.1	100.000	150	150	1.58e-77	278
POS_NC_045512_2_F0.02_R3_2259	NC_012920.1	100.000	150	150	1.58e-77	278
POS_NC_045512_2_F0.02_R3_2260	NC_012920.1	100.000	150	150	1.58e-77	278
POS_NC_045512_2_F0.02_R3_2261	NC_012920.1	99.333	150	150	7.34e-76	272
POS_NC_045512_2_F0.02_R3_2262	NC_012920.1	100.000	150	150	1.58e-77	278
POS_NC_045512_2_F0.02_R3_2263	NC_012920.1	100.000	149	150	5.68e-77	276
POS_NC_045512_2_F0.02_R3_2264	NC_012920.1	99.333	150	150	7.34e-76	272
POS_NC_045512_2_F0.02_R3_2265	NC_012920.1	100.000	150	150	1.58e-77	278
POS_NC_045512_2_F0.02_R3_2266	NC_012920.1	100.000	150	150	1.58e-77	278
POS_NC_045512_2_F0.02_R3_2267	NC_012920.1	99.333	150	150	7.34e-76	272
POS_NC_045512_2_F0.02_R3_2268	NC_012920.1	100.000	150	150	1.58e-77	278
POS_NC_045512_2_F0.02_R3_2269	NC_012920.1	98.000	150	150	1.59e-72	261
POS_NC_045512_2_F0.02_R3_2270	NC_012920.1	100.000	150	150	1.58e-77	278
POS_NC_045512_2_F0.02_R3_2271	NC_012920.1	99.333	150	150	7.34e-76	272
POS_NC_045512_2_F0.02_R3_2272	NC_012920.1	100.000	150	150	1.58e-77	278
POS_NC_045512_2_F0.02_R3_2273	NC_012920.1	100.000	150	150	1.58e-77	278
POS_NC_045512_2_F0.02_R3_2274	NC_012920.1	100.000	150	150	1.58e-77	278
POS_NC_045512_2_F0.02_R3_2275	NC_012920.1	98.667	150	150	3.42e-74	267
POS_NC_045512_2_F0.02_R3_2276	NC_012920.1	100.000	150	150	1.58e-77	278
POS_NC_045512_2_F0.02_R3_2277	NC_012920.1	100.000	150	150	1.58e-77	278
POS_NC_045512_2_F0.02_R3_2278	NC_012920.1	99.333	150	150	7.34e-76	272
POS_NC_045512_2_F0.02_R3_2279	NC_012920.1	100.000	150	150	1.58e-77	278
POS_NC_045512_2_F0.02_R3_2280	NC_012920.1	100.000	150	150	1.58e-77	278
POS_NC_045512_2_F0.02_R3_2281	NC_012920.1	98.667	150	150	3.42e-74	267
POS_NC_045512_2_F0.02_R3_2282	NC_012920.1	98.667	150	150	3.42e-74	267
POS_NC_045512_2_F0.02_R3_2283	NC_012920.1	99.333	150	150	7.34e-76	272
POS_NC_045512_2_F0.02_R3_2284	NC_012920.1	100.000	150	150	1.58e-77	278
POS_NC_045512_2_F0.02_R3_2285	NC_012920.1	100.000	150	150	1.58e-77	278
POS_NC_045512_2_F0.02_R3_2286	NC_012920.1	99.333	150	150	7.34e-76	272
POS_NC_045512_2_F0.02_R3_2287	NC_012920.1	100.000	150	150	1.58e-77	278
POS_NC_045512_2_F0.02_R3_2288	NC_012920.1	100.000	150	150	1.58e-77	278
POS_NC_045512_2_F0.02_R3_2289	NC_012920.1	100.000	150	150	1.58e-77	278
POS_NC_045512_2_F0.02_R3_2290	NC_012920.1	100.000	150	150	1.58e-77	278
POS_NC_045512_2_F0.02_R3_2291	NC_012920.1	100.000	150	150	1.58e-77	278
POS_NC_045512_2_F0.02_R3_2292	NC_012920.1	99.333	150	150	7.34e-76	272
POS_NC_045512_2_F0.02_R3_2293	NC_012920.1	100.000	150	150	1.58e-77	278
POS_NC_045512_2_F0.02_R3_2294	NC_012920.1	100.000	150	150	1.58e-77	278
POS_NC_045512_2_F0.02_R3_2295	NC_012920.1	99.333	150	150	7.34e-76	272
POS_NC_045512_2_F0.02_R3_2296	NC_012920.1	100.000	150	150	1.58e-77	278
POS_NC_045512_2_F0.02_R3_2297	NC_012920.1	99.333	150	150	7.34e-76	272
POS_NC_045512_2_F0.02_R3_2298	NC_012920.1	100.000	150	150	1.58e-77	278
POS_NC_045512_2_F0.02_R3_2299	NC_012920.1	100.000	150	150	1.58e-77	278
POS_NC_045512_2_F0.02_R3_2300	NC_012920.1	100.000	150	150	1.58e-77	278
POS_NC_045512_2_F0.02_R3_2301	NC_012920.1	99.333	150	150	7.34e-76	272
POS_NC_045512_2_F0.02_R3_2302	NC_012920.1	100.000	150	150	1.58e-77	278
POS_NC_045512_2_F0.02_R3_2303	NC_012920.1	99.333	150	150	7.34e-76	272
POS_NC_045512_2_F0.02_R3_2304	NC_012920.1	100.000	150	150	1.58e-77	278
POS_NC_045512_2_F0.02_R3_2305	NC_012920.1	100.000	150	150	1.58e-77	278
POS_NC_045512_2_F0.02_R3_2306	NC_012920.1	100.000	150	150	1.58e-77	278
POS_NC_045512_2_F0.02_R3_2307	NC_012920.1	100.000	150	150	1.58e-77	278
POS_NC_045512_2_F0.02_R3_2308	NC_012920.1	99.333	150	150	7.34e-76	272
POS_NC_045512_2_F0.02_R3_2309	NC_012920.1	100.000	150	150	1.58e-77	278
POS_NC_045512_2_F0.02_R3_2310	NC_012920.1	99.333	150	150	7.34e-76	272
POS_NC_045512_2_F0.02_R3_2311	NC_012920.1	100.000	150	150	1.58e-77	278
POS_NC_045512_2_F0.02_R3_2312	NC_012920.1	100.000	150	150	1.58e-77	278
POS_NC_045512_2_F0.02_R3_2313	NC_012920.1	100.000	150	150	1.58e-77	278
POS_NC_045512_2_F0.02_R3_2314	NC_012920.1	100.000	150	150	1.58e-77	278
POS_NC_045512_2_F0.02_R3_2315	NC_012920.1	100.000	150	150	1.58e-77	278
POS_NC_045512_2_F0.02_R3_2316	NC_012920.1	98.667	150	150	3.42e-74	267
POS_NC_045512_2_F0.02_R3_2317	NC_012920.1	99.333	150	150	7.34e-76	272
POS_NC_045512_2_F0.02_R3_2318	NC_012920.1	99.333	150	150	7.34e-76	272
POS_NC_045512_2_F0.02_R3_2319	NC_012920.1	100.000	150	150	1.58e-77	278
POS_NC_045512_2_F0.02_R3_2320	NC_012920.1	100.000	150	150	1.58e-77	278
POS_NC_045512_2_F0.02_R3_2321	NC_012920.1	100.000	150	150	1.58e-77	278
POS_NC_045512_2_F0.02_R3_2322	NC_012920.1	99.333	150	150	7.34e-76	272
POS_NC_045512_2_F0.02_R3_2323	NC_012920.1	100.000	150	150	1.58e-77	278
POS_NC_045512_2_F0.02_R3_2324	NC_012920.1	100.000	150	150	1.58e-77	278
POS_NC_045512_2_F0.02_R3_2325	NC_012920.1	100.000	150	150	1.58e-77	278
POS_NC_045512_2_F0.02_R3_2326	NC_012920.1	100.000	150	150	1.58e-77	278
POS_NC_045512_2_F0.02_R3_2327	NC_012920.1	99.333	150	150	7.34e-76	272
POS_NC_045512_2_F0.02_R3_2328	NC_012920.1	100.000	150	150	1.58e-77	278
POS_NC_045512_2_F0.02_R3_2329	NC_012920.1	100.000	150	150	1.58e-77	278
POS_NC_045512_2_F0.02_R3_2330	NC_012920.1	100.000	150	150	1.58e-77	278
POS_NC_045512_2_F0.02_R3_2331	NC_012920.1	100.000	150	150	1.58e-77	278
POS_NC_045512_2_F0.02_R3_2332	NC_012920.1	100.000	150	150	1.58e-77	278
POS_NC_045512_2_F0.02_R3_2333	NC_012920.1	100.000	150	150	1.58e-77	278
POS_NC_045512_2_F0.02_R3_2334	NC_012920.1	100.000	150	150	1.58e-77	278
POS_NC_045512_2_F0.02_R3_2335	NC_012920.1	100.000	150	150	1.58e-77	278
POS_NC_045512_2_F0.02_R3_2336	NC_012920.1	100.000	150	150	1.58e-77	278
POS_NC_045512_2_F0.02_R3_2337	NC_012920.1	100.000	150	150	1.58e-77	278
POS_NC_045512_2_F0.02_R3_2338	NC_012920.1	99.333	150	150	7.34e-76	272
POS_NC_045512_2_F0.02_R3_2339	NC_012920.1	100.000	150	150	1.58e-77	278
POS_NC_045512_2_F0.02_R3_2340	NC_012920.1	100.000	150	150	1.58e-77	278
POS_NC_045512_2_F0.02_R3_2341	NC_012920.1	100.000	150	150	1.58e-77	278
POS_NC_045512_2_F0.02_R3_2342	NC_012920.1	100.000	150	150	1.58e-77	278
POS_NC_045512_2_F0.02_R3_2343	NC_012920.1	100.000	150	150	1.58e-77	278
POS_NC_045512_2_F0.02_R3_2344	NC_012920.1	100.000	150	150	1.58e-77	278
POS_NC_045512_2_F0.02_R3_2345	NC_012920.1	100.000	150	150	1.58e-77	278
POS_NC_045512_2_F0.02_R3_2346	NC_012920.1	100.000	150	150	1.58e-77	278
POS_NC_045512_2_F0.02_R3_2347	NC_012920.1	100.000	150	150	1.58e-77	278
POS_NC_045512_2_F0.02_R3_2348	NC_012920.1	100.000	150	150	1.58e-77	278
POS_NC_045512_2_F0.02_R3_2349	NC_012920.1	100.000	150	150	1.58e-77	278
POS_NC_045512_2_F0.02_R3_2350	NC_012920.1	100.000	150	150	1.58e-77	278
POS_NC_045512_2_F0.02_R3_2351	NC_012920.1	100.000	150	150	1.58e-77	278
POS_NC_045512_2_F0.02_R3_2352	NC_012920.1	100.000	150	150	1.58e-77	278
POS_NC_045512_2_F0.02_R3_2353	NC_012920.1	99.333	150	150	7.34e-76	272
POS_NC_045512_2_F0.02_R3_2354	NC_012920.1	100.000	150	150	1.58e-77	278
POS_NC_045512_2_F0.02_R3_2355	NC_012920.1	99.333	150	150	7.34e-76	272
POS_NC_045512_2_F0.02_R3_2356	NC_012920.1	100.000	150	150	1.58e-77	278
POS_NC_045512_2_F0.02_R3_2357	NC_012920.1	99.333	150	150	7.34e-76	272
POS_NC_045512_2_F0.02_R3_2358	NC_012920.1	99.333	150	150	7.34e-76	272
POS_NC_045512_2_F0.02_R3_2359	NC_012920.1	100.000	150	150	1.58e-77	278
POS_NC_045512_2_F0.02_R3_2360	NC_012920.1	100.000	150	150	1.58e-77	278
POS_NC_045512_2_F0.02_R3_2361	NC_012920.1	100.000	150	150	1.58e-77	278
POS_NC_045512_2_F0.02_R3_2362	NC_012920.1	99.333	150	150	7.34e-76	272
POS_NC_045512_2_F0.02_R3_2363	NC_012920.1	100.000	150	150	1.58e-77	278
POS_NC_045512_2_F0.02_R3_2364	NC_012920.1	100.000	150	150	1.58e-77	278
POS_NC_045512_2_F0.02_R3_2365	NC_012920.1	100.000	150	150	1.58e-77	278
POS_NC_045512_2_F0.02_R3_2366	NC_012920.1	99.333	150	150	7.34e-76	272
POS_NC_045512_2_F0.02_R3_2367	NC_012920.1	100.000	150	150	1.58e-77	278
POS_NC_045512_2_F0.02_R3_2368	NC_012920.1	100.000	150	150	1.58e-77	278
POS_NC_045512_2_F0.02_R3_2369	NC_012920.1	100.000	150	150	1.58e-77	278
POS_NC_045512_2_F0.02_R3_2370	NC_012920.1	99.333	150	150	7.34e-76	272
POS_NC_045512_2_F0.02_R3_2371	NC_012920.1	100.000	150	150	1.58e-77	278
POS_NC_045512_2_F0.02_R3_2372	NC_012920.1	100.000	150	150	1.58e-77	278
POS_NC_045512_2_F0.02_R3_2373	NC_012920.1	100.000	150	150	1.58e-77	278
POS_NC_045512_2_F0.02_R3_2374	NC_012920.1	100.000	150	150	1.58e-77	278
POS_NC_045512_2_F0.02_R3_2375	NC_012920.1	100.000	150	150	1.58e-77	278
POS_NC_045512_2_F0.02_R3_2376	NC_012920.1	100.000	150	150	1.58e-77	278
POS_NC_045512_2_F0.02_R3_2377	NC_012920.1	100.000	150	150	1.58e-77	278
POS_NC_045512_2_F0.02_R3_2378	NC_012920.1	100.000	150	150	1.58e-77	278
POS_NC_045512_2_F0.02_R3_2379	NC_012920.1	98.667	150	150	3.42e-74	267
POS_NC_045512_2_F0.02_R3_2380	NC_012920.1	100.000	150	150	1.58e-77	278
POS_NC_045512_2_F0.02_R3_2381	NC_012920.1	100.000	150	150	1.58e-77	278
POS_NC_045512_2_F0.02_R3_2382	NC_012920.1	100.000	150	150	1.58e-77	278
POS_NC_045512_2_F0.02_R3_2383	NC_012920.1	100.000	150	150	1.58e-77	278
POS_NC_045512_2_F0.02_R3_2384	NC_012920.1	100.000	150	150	1.58e-77	278
POS_NC_045512_2_F0.02_R3_2385	NC_012920.1	100.000	150	150	1.58e-77	278
POS_NC_045512_2_F0.02_R3_2386	NC_012920.1	100.000	150	150	1.58e-77	278
POS_NC_045512_2_F0.02_R3_2387	NC_012920.1	99.333	150	150	7.34e-76	272
POS_NC_045512_2_F0.02_R3_2388	NC_012920.1	100.000	150	150	1.58e-77	278
POS_NC_045512_2_F0.02_R3_2389	NC_012920.1	99.333	150	150	7.34e-76	272
POS_NC_045512_2_F0.02_R3_2390	NC_012920.1	100.000	150	150	1.58e-77	278
POS_NC_045512_2_F0.02_R3_2391	NC_012920.1	100.000	150	150	1.58e-77	278
POS_NC_045512_2_F0.02_R3_2392	NC_012920.1	100.000	150	150	1.58e-77	278
POS_NC_045512_2_F0.02_R3_2393	NC_012920.1	98.667	150	150	3.42e-74	267
POS_NC_045512_2_F0.02_R3_2394	NC_012920.1	100.000	150	150	1.58e-77	278
POS_NC_045512_2_F0.02_R3_2395	NC_012920.1	98.667	150	150	3.42e-74	267
POS_NC_045512_2_F0.02_R3_2396	NC_012920.1	100.000	150	150	1.58e-77	278
POS_NC_045512_2_F0.02_R3_2397	NC_012920.1	100.000	150	150	1.58e-77	278
POS_NC_045512_2_F0.02_R3_2398	NC_012920.1	100.000	150	150	1.58e-77	278
POS_NC_045512_2_F0.02_R3_2399	NC_012920.1	100.000	150	150	1.58e-77	278
POS_NC_045512_2_F0.02_R3_2400	NC_012920.1	100.000	150	150	1.58e-77	278
POS_NC_045512_2_F0.02_R3_2401	NC_012920.1	100.000	150	150	1.58e-77	278
POS_NC_045512_2_F0.02_R3_2402	NC_012920.1	100.000	150	150	1.58e-77	278
POS_NC_045512_2_F0.02_R3_2403	NC_012920.1	100.000	150	150	1.58e-77	278
POS_NC_045512_2_F0.02_R3_2404	NC_012920.1	99.333	150	150	7.34e-76	272
POS_NC_045512_2_F0.02_R3_2405	NC_012920.1	100.000	150	150	1.58e-77	278
POS_NC_045512_2_F0.02_R3_2406	NC_012920.1	99.333	150	150	7.34e-76	272
POS_NC_045512_2_F0.02_R3_2407	NC_012920.1	100.000	150	150	1.58e-77	278
POS_NC_045512_2_F0.02_R3_2408	NC_012920.1	99.333	150	150	7.34e-76	272
POS_NC_045512_2_F0.02_R3_2409	NC_012920.1	100.000	150	150	1.58e-77	278
POS_NC_045512_2_F0.02_R3_2410	NC_012920.1	99.333	150	150	7.34e-76	272
POS_NC_045512_2_F0.02_R3_2411	NC_012920.1	100.000	150	150	1.58e-77	278
POS_NC_045512_2_F0.02_R3_2412	NC_012920.1	99.333	150	150	7.34e-76	272
POS_NC_045512_2_F0.02_R3_2413	NC_012920.1	100.000	150	150	1.58e-77	278
POS_NC_045512_2_F0.02_R3_2414	NC_012920.1	100.000	150	150	1.58e-77	278
POS_NC_045512_2_F0.02_R3_2415	NC_012920.1	100.000	150	150	1.58e-77	278
POS_NC_045512_2_F0.02_R3_2416	NC_012920.1	99.333	150	150	7.34e-76	272
POS_NC_045512_2_F0.02_R3_2417	NC_012920.1	99.333	150	150	7.34e-76	272
POS_NC_045512_2_F0.02_R3_2418	NC_012920.1	99.333	150	150	7.34e-76	272
POS_NC_045512_2_F0.02_R3_2419	NC_012920.1	99.333	150	150	7.34e-76	272
POS_NC_045512_2_F0.02_R3_2420	NC_012920.1	100.000	150	150	1.58e-77	278
POS_NC_045512_2_F0.02_R3_2421	NC_012920.1	100.000	150	150	1.58e-77	278
POS_NC_045512_2_F0.02_R3_2422	NC_012920.1	100.000	150	150	1.58e-77	278
POS_NC_045512_2_F0.02_R3_2423	NC_012920.1	100.000	150	150	1.58e-77	278
POS_NC_045512_2_F0.02_R3_2424	NC_012920.1	100.000	150	150	1.58e-77	278
POS_NC_045512_2_F0.02_R3_2425	NC_012920.1	100.000	150	150	1.58e-77	278
POS_NC_045512_2_F0.02_R3_2426	NC_012920.1	99.333	150	150	7.34e-76	272
POS_NC_045512_2_F0.02_R3_2427	NC_012920.1	100.000	150	150	1.58e-77	278
POS_NC_045512_2_F0.02_R3_2428	NC_012920.1	100.000	150	150	1.58e-77	278
POS_NC_045512_2_F0.02_R3_2429	NC_012920.1	99.333	150	150	9.50e-75	268
POS_NC_045512_2_F0.02_R3_2430	NC_012920.1	100.000	150	150	1.58e-77	278
POS_NC_045512_2_F0.02_R3_2431	NC_012920.1	99.333	150	150	7.34e-76	272
POS_NC_045512_2_F0.02_R3_2432	NC_012920.1	100.000	150	150	1.58e-77	278
POS_NC_045512_2_F0.02_R3_2433	NC_012920.1	100.000	150	150	1.58e-77	278
POS_NC_045512_2_F0.02_R3_2434	NC_012920.1	100.000	150	150	1.58e-77	278
POS_NC_045512_2_F0.02_R3_2435	NC_012920.1	100.000	150	150	1.58e-77	278
POS_NC_045512_2_F0.02_R3_2436	NC_012920.1	99.333	150	150	7.34e-76	272
POS_NC_045512_2_F0.02_R3_2437	NC_012920.1	99.333	150	150	7.34e-76	272
POS_NC_045512_2_F0.02_R3_2438	NC_012920.1	100.000	150	150	1.58e-77	278
POS_NC_045512_2_F0.02_R3_2439	NC_012920.1	100.000	150	150	2.04e-76	274
POS_NC_045512_2_F0.02_R3_2440	NC_012920.1	100.000	150	150	1.58e-77	278
POS_NC_045512_2_F0.02_R3_2441	NC_012920.1	100.000	150	150	1.58e-77	278
POS_NC_045512_2_F0.02_R3_2442	NC_012920.1	100.000	150	150	1.58e-77	278
POS_NC_045512_2_F0.02_R3_2443	NC_012920.1	100.000	150	150	1.58e-77	278
POS_NC_045512_2_F0.02_R3_2444	NC_012920.1	100.000	150	150	1.58e-77	278
POS_NC_045512_2_F0.02_R3_2445	NC_012920.1	100.000	150	150	1.58e-77	278
POS_NC_045512_2_F0.02_R3_2446	NC_012920.1	100.000	150	150	1.58e-77	278
POS_NC_045512_2_F0.02_R3_2447	NC_012920.1	100.000	150	150	1.58e-77	278
POS_NC_045512_2_F0.02_R3_2448	NC_012920.1	100.000	150	150	1.58e-77	278
POS_NC_045512_2_F0.02_R3_2449	NC_012920.1	99.333	150	150	7.34e-76	272
POS_NC_045512_2_F0.02_R3_2450	NC_012920.1	100.000	150	150	1.58e-77	278
POS_NC_045512_2_F0.02_R3_2451	NC_012920.1	99.333	150	150	7.34e-76	272
POS_NC_045512_2_F0.02_R3_2452	NC_012920.1	100.000	150	150	1.58e-77	278
POS_NC_045512_2_F0.02_R3_2453	NC_012920.1	100.000	150	150	1.58e-77	278
POS_NC_045512_2_F0.02_R3_2454	NC_012920.1	99.333	150	150	7.34e-76	272
POS_NC_045512_2_F0.02_R3_2455	NC_012920.1	100.000	150	150	1.58e-77	278
POS_NC_045512_2_F0.02_R3_2456	NC_012920.1	100.000	150	150	1.58e-77	278
POS_NC_045512_2_F0.02_R3_2457	NC_012920.1	100.000	150	150	1.58e-77	278
POS_NC_045512_2_F0.02_R3_2458	NC_012920.1	100.000	150	150	1.58e-77	278
POS_NC_045512_2_F0.02_R3_2459	NC_012920.1	100.000	150	150	1.58e-77	278
POS_NC_045512_2_F0.02_R3_2460	NC_012920.1	100.000	150	150	1.58e-77	278
POS_NC_045512_2_F0.02_R3_2461	NC_012920.1	100.000	150	150	1.58e-77	278
POS_NC_045512_2_F0.02_R3_2462	NC_012920.1	100.000	150	150	1.58e-77	278
POS_NC_045512_2_F0.02_R3_2463	NC_012920.1	100.000	150	150	1.58e-77	278
POS_NC_045512_2_F0.02_R3_2464	NC_012920.1	99.333	150	150	7.34e-76	272
POS_NC_045512_2_F0.02_R3_2465	NC_012920.1	100.000	150	150	1.58e-77	278
POS_NC_045512_2_F0.02_R3_2466	NC_012920.1	100.000	150	150	1.58e-77	278
POS_NC_045512_2_F0.02_R3_2467	NC_012920.1	100.000	150	150	1.58e-77	278
POS_NC_045512_2_F0.02_R3_2468	NC_012920.1	100.000	150	150	1.58e-77	278
POS_NC_045512_2_F0.02_R3_2469	NC_012920.1	100.000	150	150	1.58e-77	278
POS_NC_045512_2_F0.02_R3_2470	NC_012920.1	100.000	150	150	1.58e-77	278
POS_NC_045512_2_F0.02_R3_2471	NC_012920.1	99.333	150	150	7.34e-76	272
POS_NC_045512_2_F0.02_R3_2472	NC_012920.1	99.333	150	150	7.34e-76	272
POS_NC_045512_2_F0.02_R3_2473	NC_012920.1	99.333	150	150	7.34e-76	272
POS_NC_045512_2_F0.02_R3_2474	NC_012920.1	99.333	150	150	7.34e-76	272
POS_NC_045512_2_F0.02_R3_2475	NC_012920.1	99.333	150	150	7.34e-76	272
POS_NC_045512_2_F0.02_R3_2476	NC_012920.1	100.000	149	150	5.68e-77	276
POS_NC_045512_2_F0.02_R3_2477	NC_012920.1	100.000	150	150	1.58e-77	278
POS_NC_045512_2_F0.02_R3_2478	NC_012920.1	98.667	150	150	3.42e-74	267
POS_NC_045512_2_F0.02_R3_2479	NC_012920.1	100.000	150	150	1.58e-77	278
POS_NC_045512_2_F0.02_R3_2480	NC_012920.1	100.000	150	150	1.58e-77	278
POS_NC_045512_2_F0.02_R3_2481	NC_012920.1	100.000	150	150	1.58e-77	278
POS_NC_045512_2_F0.02_R3_2482	NC_012920.1	100.000	150	150	1.58e-77	278
POS_NC_045512_2_F0.02_R3_2483	NC_012920.1	99.333	150	150	7.34e-76	272
POS_NC_045512_2_F0.02_R3_2484	NC_012920.1	100.000	150	150	1.58e-77	278
POS_NC_045512_2_F0.02_R3_2485	NC_012920.1	100.000	150	150	1.58e-77	278
POS_NC_045512_2_F0.02_R3_2486	NC_012920.1	100.000	150	150	1.58e-77	278
POS_NC_045512_2_F0.02_R3_2487	NC_012920.1	100.000	150	150	1.58e-77	278
POS_NC_045512_2_F0.02_R3_2488	NC_012920.1	100.000	150	150	1.58e-77	278
POS_NC_045512_2_F0.02_R3_2489	NC_012920.1	100.000	150	150	1.58e-77	278
POS_NC_045512_2_F0.02_R3_2490	NC_012920.1	100.000	150	150	1.58e-77	278
POS_NC_045512_2_F0.02_R3_2491	NC_012920.1	100.000	150	150	1.58e-77	278
POS_NC_045512_2_F0.02_R3_2492	NC_012920.1	100.000	150	150	1.58e-77	278
POS_NC_045512_2_F0.02_R3_2493	NC_012920.1	100.000	150	150	1.58e-77	278
POS_NC_045512_2_F0.02_R3_2494	NC_012920.1	100.000	148	150	2.04e-76	274
POS_NC_045512_2_F0.02_R3_2495	NC_012920.1	100.000	150	150	1.58e-77	278
POS_NC_045512_2_F0.02_R3_2496	NC_012920.1	98.667	150	150	3.42e-74	267
POS_NC_045512_2_F0.02_R3_2497	NC_012920.1	100.000	150	150	1.58e-77	278
POS_NC_045512_2_F0.02_R3_2498	NC_012920.1	100.000	150	150	1.58e-77	278
POS_NC_045512_2_F0.02_R3_2499	NC_012920.1	100.000	150	150	1.58e-77	278
POS_NC_045512_2_F0.02_R3_2500	NC_012920.1	99.333	150	150	7.34e-76	272
POS_NC_045512_2_F0.02_R3_2501	NC_012920.1	99.333	150	150	7.34e-76	272
POS_NC_045512_2_F0.02_R3_2502	NC_012920.1	100.000	150	150	1.58e-77	278
POS_NC_045512_2_F0.02_R3_2503	NC_012920.1	99.333	150	150	7.34e-76	272
POS_NC_045512_2_F0.02_R3_2504	NC_012920.1	100.000	150	150	1.58e-77	278
POS_NC_045512_2_F0.02_R3_2505	NC_012920.1	99.333	150	150	7.34e-76	272
POS_NC_045512_2_F0.02_R3_2506	NC_012920.1	99.333	150	150	7.34e-76	272
POS_NC_045512_2_F0.02_R3_2507	NC_012920.1	100.000	150	150	1.58e-77	278
POS_NC_045512_2_F0.02_R3_2508	NC_012920.1	100.000	150	150	1.58e-77	278
POS_NC_045512_2_F0.02_R3_2509	NC_012920.1	100.000	150	150	1.58e-77	278
POS_NC_045512_2_F0.02_R3_2510	NC_012920.1	100.000	150	150	1.58e-77	278
POS_NC_045512_2_F0.02_R3_2511	NC_012920.1	99.333	150	150	7.34e-76	272
POS_NC_045512_2_F0.02_R3_2512	NC_012920.1	99.333	150	150	7.34e-76	272
POS_NC_045512_2_F0.02_R3_2513	NC_012920.1	99.333	150	150	7.34e-76	272
POS_NC_045512_2_F0.02_R3_2514	NC_012920.1	100.000	150	150	1.58e-77	278
POS_NC_045512_2_F0.02_R3_2515	NC_012920.1	99.333	150	150	7.34e-76	272
POS_NC_045512_2_F0.02_R3_2516	NC_012920.1	100.000	150	150	1.58e-77	278
POS_NC_045512_2_F0.02_R3_2517	NC_012920.1	99.333	150	150	7.34e-76	272
POS_NC_045512_2_F0.02_R3_2518	NC_012920.1	99.333	150	150	7.34e-76	272
POS_NC_045512_2_F0.02_R3_2519	NC_012920.1	98.667	150	150	3.42e-74	267
POS_NC_045512_2_F0.02_R3_2520	NC_012920.1	100.000	150	150	1.58e-77	278
POS_NC_045512_2_F0.02_R3_2521	NC_012920.1	100.000	150	150	1.58e-77	278
POS_NC_045512_2_F0.02_R3_2522	NC_012920.1	99.333	150	150	7.34e-76	272
POS_NC_045512_2_F0.02_R3_2523	NC_012920.1	100.000	150	150	1.58e-77	278
POS_NC_045512_2_F0.02_R3_2524	NC_012920.1	100.000	150	150	1.58e-77	278
POS_NC_045512_2_F0.02_R3_2525	NC_012920.1	100.000	150	150	1.58e-77	278
POS_NC_045512_2_F0.02_R3_2526	NC_012920.1	100.000	150	150	1.58e-77	278
POS_NC_045512_2_F0.02_R3_2527	NC_012920.1	100.000	150	150	1.58e-77	278
POS_NC_045512_2_F0.02_R3_2528	NC_012920.1	100.000	150	150	1.58e-77	278
POS_NC_045512_2_F0.02_R3_2529	NC_012920.1	100.000	150	150	1.58e-77	278
POS_NC_045512_2_F0.02_R3_2530	NC_012920.1	100.000	150	150	1.58e-77	278
POS_NC_045512_2_F0.02_R3_2531	NC_012920.1	100.000	150	150	1.58e-77	278
POS_NC_045512_2_F0.02_R3_2532	NC_012920.1	100.000	150	150	1.58e-77	278
POS_NC_045512_2_F0.02_R3_2533	NC_012920.1	99.333	150	150	7.34e-76	272
POS_NC_045512_2_F0.02_R3_2534	NC_012920.1	100.000	150	150	1.58e-77	278
POS_NC_045512_2_F0.02_R3_2535	NC_012920.1	100.000	150	150	1.58e-77	278
POS_NC_045512_2_F0.02_R3_2536	NC_012920.1	100.000	150	150	1.58e-77	278
POS_NC_045512_2_F0.02_R3_2537	NC_012920.1	100.000	150	150	1.58e-77	278
POS_NC_045512_2_F0.02_R3_2538	NC_012920.1	100.000	150	150	1.58e-77	278
POS_NC_045512_2_F0.02_R3_2539	NC_012920.1	99.333	150	150	7.34e-76	272
POS_NC_045512_2_F0.02_R3_2540	NC_012920.1	100.000	150	150	1.58e-77	278
POS_NC_045512_2_F0.02_R3_2541	NC_012920.1	100.000	150	150	1.58e-77	278
POS_NC_045512_2_F0.02_R3_2542	NC_012920.1	100.000	150	150	1.58e-77	278
POS_NC_045512_2_F0.02_R3_2543	NC_012920.1	100.000	150	150	1.58e-77	278
POS_NC_045512_2_F0.02_R3_2544	NC_012920.1	100.000	150	150	1.58e-77	278
POS_NC_045512_2_F0.02_R3_2545	NC_012920.1	100.000	150	150	1.58e-77	278
POS_NC_045512_2_F0.02_R3_2546	NC_012920.1	100.000	150	150	1.58e-77	278
POS_NC_045512_2_F0.02_R3_2547	NC_012920.1	99.333	150	150	7.34e-76	272
POS_NC_045512_2_F0.02_R3_2548	NC_012920.1	100.000	150	150	1.58e-77	278
POS_NC_045512_2_F0.02_R3_2549	NC_012920.1	100.000	150	150	1.58e-77	278
POS_NC_045512_2_F0.02_R3_2550	NC_012920.1	100.000	150	150	1.58e-77	278
POS_NC_045512_2_F0.02_R3_2551	NC_012920.1	100.000	150	150	1.58e-77	278
POS_NC_045512_2_F0.02_R3_2552	NC_012920.1	100.000	150	150	1.58e-77	278
POS_NC_045512_2_F0.02_R3_2553	NC_012920.1	99.333	150	150	7.34e-76	272
POS_NC_045512_2_F0.02_R3_2554	NC_012920.1	100.000	150	150	1.58e-77	278
POS_NC_045512_2_F0.02_R3_2555	NC_012920.1	100.000	150	150	1.58e-77	278
POS_NC_045512_2_F0.02_R3_2556	NC_012920.1	99.333	150	150	7.34e-76	272
POS_NC_045512_2_F0.02_R3_2557	NC_012920.1	100.000	150	150	1.58e-77	278
POS_NC_045512_2_F0.02_R3_2558	NC_012920.1	100.000	150	150	1.58e-77	278
POS_NC_045512_2_F0.02_R3_2559	NC_012920.1	100.000	150	150	1.58e-77	278
POS_NC_045512_2_F0.02_R3_2560	NC_012920.1	100.000	150	150	1.58e-77	278
POS_NC_045512_2_F0.02_R3_2561	NC_012920.1	100.000	150	150	1.58e-77	278
POS_NC_045512_2_F0.02_R3_2562	NC_012920.1	100.000	150	150	1.58e-77	278
POS_NC_045512_2_F0.02_R3_2563	NC_012920.1	100.000	150	150	1.58e-77	278
POS_NC_045512_2_F0.02_R3_2564	NC_012920.1	100.000	150	150	1.58e-77	278
POS_NC_045512_2_F0.02_R3_2565	NC_012920.1	100.000	150	150	1.58e-77	278
POS_NC_045512_2_F0.02_R3_2566	NC_012920.1	100.000	150	150	1.58e-77	278
POS_NC_045512_2_F0.02_R3_2567	NC_012920.1	100.000	150	150	1.58e-77	278
POS_NC_045512_2_F0.02_R3_2568	NC_012920.1	100.000	150	150	1.58e-77	278
POS_NC_045512_2_F0.02_R3_2569	NC_012920.1	100.000	150	150	1.58e-77	278
POS_NC_045512_2_F0.02_R3_2570	NC_012920.1	100.000	150	150	1.58e-77	278
POS_NC_045512_2_F0.02_R3_2571	NC_012920.1	99.333	150	150	7.34e-76	272
POS_NC_045512_2_F0.02_R3_2572	NC_012920.1	100.000	150	150	1.58e-77	278
POS_NC_045512_2_F0.02_R3_2573	NC_012920.1	100.000	150	150	1.58e-77	278
POS_NC_045512_2_F0.02_R3_2574	NC_012920.1	100.000	150	150	1.58e-77	278
POS_NC_045512_2_F0.02_R3_2575	NC_012920.1	99.333	150	150	7.34e-76	272
POS_NC_045512_2_F0.02_R3_2576	NC_012920.1	99.333	150	150	7.34e-76	272
POS_NC_045512_2_F0.02_R3_2577	NC_012920.1	100.000	150	150	1.58e-77	278
POS_NC_045512_2_F0.02_R3_2578	NC_012920.1	100.000	150	150	1.58e-77	278
POS_NC_045512_2_F0.02_R3_2579	NC_012920.1	99.333	150	150	7.34e-76	272
POS_NC_045512_2_F0.02_R3_2580	NC_012920.1	100.000	150	150	1.58e-77	278
POS_NC_045512_2_F0.02_R3_2581	NC_012920.1	100.000	150	150	1.58e-77	278
POS_NC_045512_2_F0.02_R3_2582	NC_012920.1	100.000	150	150	1.58e-77	278
POS_NC_045512_2_F0.02_R3_2583	NC_012920.1	100.000	150	150	1.58e-77	278
POS_NC_045512_2_F0.02_R3_2584	NC_012920.1	99.333	150	150	7.34e-76	272
POS_NC_045512_2_F0.02_R3_2585	NC_012920.1	100.000	150	150	1.58e-77	278
POS_NC_045512_2_F0.02_R3_2586	NC_012920.1	99.333	150	150	7.34e-76	272
POS_NC_045512_2_F0.02_R3_2587	NC_012920.1	100.000	150	150	1.58e-77	278
POS_NC_045512_2_F0.02_R3_2588	NC_012920.1	99.333	150	150	7.34e-76	272
POS_NC_045512_2_F0.02_R3_2589	NC_012920.1	100.000	150	150	1.58e-77	278
POS_NC_045512_2_F0.02_R3_2590	NC_012920.1	99.333	150	150	7.34e-76	272
POS_NC_045512_2_F0.02_R3_2591	NC_012920.1	100.000	150	150	1.58e-77	278
POS_NC_045512_2_F0.02_R3_2592	NC_012920.1	99.333	150	150	7.34e-76	272
POS_NC_045512_2_F0.02_R3_2593	NC_012920.1	100.000	150	150	2.04e-76	274
POS_NC_045512_2_F0.02_R3_2594	NC_012920.1	99.333	150	150	7.34e-76	272
POS_NC_045512_2_F0.02_R3_2595	NC_012920.1	100.000	150	150	1.58e-77	278
POS_NC_045512_2_F0.02_R3_2596	NC_012920.1	100.000	150	150	1.58e-77	278
POS_NC_045512_2_F0.02_R3_2597	NC_012920.1	99.333	150	150	7.34e-76	272
POS_NC_045512_2_F0.02_R3_2598	NC_012920.1	100.000	150	150	1.58e-77	278
POS_NC_045512_2_F0.02_R3_2599	NC_012920.1	100.000	150	150	1.58e-77	278
POS_NC_045512_2_F0.02_R3_2600	NC_012920.1	100.000	150	150	1.58e-77	278
POS_NC_045512_2_F0.02_R3_2601	NC_012920.1	100.000	150	150	1.58e-77	278
POS_NC_045512_2_F0.02_R3_2602	NC_012920.1	100.000	150	150	1.58e-77	278
POS_NC_045512_2_F0.02_R3_2603	NC_012920.1	100.000	150	150	1.58e-77	278
POS_NC_045512_2_F0.02_R3_2604	NC_012920.1	100.000	150	150	1.58e-77	278
POS_NC_045512_2_F0.02_R3_2605	NC_012920.1	100.000	150	150	1.58e-77	278
POS_NC_045512_2_F0.02_R3_2606	NC_012920.1	100.000	150	150	1.58e-77	278
POS_NC_045512_2_F0.02_R3_2607	NC_012920.1	100.000	150	150	1.58e-77	278
POS_NC_045512_2_F0.02_R3_2608	NC_012920.1	100.000	150	150	1.58e-77	278
POS_NC_045512_2_F0.02_R3_2609	NC_012920.1	99.333	150	150	7.34e-76	272
POS_NC_045512_2_F0.02_R3_2610	NC_012920.1	98.667	150	150	3.42e-74	267
POS_NC_045512_2_F0.02_R3_2611	NC_012920.1	99.333	150	150	7.34e-76	272
POS_NC_045512_2_F0.02_R3_2612	NC_012920.1	99.333	150	150	7.34e-76	272
POS_NC_045512_2_F0.02_R3_2613	NC_012920.1	100.000	150	150	1.58e-77	278
POS_NC_045512_2_F0.02_R3_2614	NC_012920.1	99.333	150	150	7.34e-76	272
POS_NC_045512_2_F0.02_R3_2615	NC_012920.1	100.000	150	150	1.58e-77	278
POS_NC_045512_2_F0.02_R3_2616	NC_012920.1	100.000	150	150	1.58e-77	278
POS_NC_045512_2_F0.02_R3_2617	NC_012920.1	100.000	150	150	2.04e-76	274
POS_NC_045512_2_F0.02_R3_2618	NC_012920.1	100.000	150	150	1.58e-77	278
POS_NC_045512_2_F0.02_R3_2619	NC_012920.1	100.000	150	150	1.58e-77	278
POS_NC_045512_2_F0.02_R3_2620	NC_012920.1	100.000	150	150	1.58e-77	278
POS_NC_045512_2_F0.02_R3_2621	NC_012920.1	99.333	150	150	7.34e-76	272
POS_NC_045512_2_F0.02_R3_2622	NC_012920.1	100.000	150	150	1.58e-77	278
POS_NC_045512_2_F0.02_R3_2623	NC_012920.1	100.000	150	150	1.58e-77	278
POS_NC_045512_2_F0.02_R3_2624	NC_012920.1	100.000	150	150	1.58e-77	278
POS_NC_045512_2_F0.02_R3_2625	NC_012920.1	100.000	150	150	1.58e-77	278
POS_NC_045512_2_F0.02_R3_2626	NC_012920.1	100.000	150	150	1.58e-77	278
POS_NC_045512_2_F0.02_R3_2627	NC_012920.1	100.000	150	150	1.58e-77	278
POS_NC_045512_2_F0.02_R3_2628	NC_012920.1	100.000	150	150	1.58e-77	278
POS_NC_045512_2_F0.02_R3_2629	NC_012920.1	100.000	150	150	1.58e-77	278
POS_NC_045512_2_F0.02_R3_2630	NC_012920.1	100.000	150	150	1.58e-77	278
POS_NC_045512_2_F0.02_R3_2631	NC_012920.1	98.667	150	150	3.42e-74	267
POS_NC_045512_2_F0.02_R3_2632	NC_012920.1	100.000	150	150	1.58e-77	278
POS_NC_045512_2_F0.02_R3_2633	NC_012920.1	100.000	150	150	1.58e-77	278
POS_NC_045512_2_F0.02_R3_2634	NC_012920.1	100.000	150	150	1.58e-77	278
POS_NC_045512_2_F0.02_R3_2635	NC_012920.1	100.000	150	150	1.58e-77	278
POS_NC_045512_2_F0.02_R3_2636	NC_012920.1	98.667	150	150	3.42e-74	267
POS_NC_045512_2_F0.02_R3_2637	NC_012920.1	100.000	150	150	1.58e-77	278
POS_NC_045512_2_F0.02_R3_2638	NC_012920.1	100.000	150	150	1.58e-77	278
POS_NC_045512_2_F0.02_R3_2639	NC_012920.1	98.667	150	150	3.42e-74	267
POS_NC_045512_2_F0.02_R3_2640	NC_012920.1	99.333	150	150	7.34e-76	272
POS_NC_045512_2_F0.02_R3_2641	NC_012920.1	100.000	150	150	1.58e-77	278
POS_NC_045512_2_F0.02_R3_2642	NC_012920.1	100.000	150	150	2.04e-76	274
POS_NC_045512_2_F0.02_R3_2643	NC_012920.1	100.000	150	150	1.58e-77	278
POS_NC_045512_2_F0.02_R3_2644	NC_012920.1	100.000	150	150	1.58e-77	278
POS_NC_045512_2_F0.02_R3_2645	NC_012920.1	100.000	150	150	1.58e-77	278
POS_NC_045512_2_F0.02_R3_2646	NC_012920.1	100.000	150	150	1.58e-77	278
POS_NC_045512_2_F0.02_R3_2647	NC_012920.1	100.000	150	150	1.58e-77	278
POS_NC_045512_2_F0.02_R3_2648	NC_012920.1	100.000	150	150	1.58e-77	278
POS_NC_045512_2_F0.02_R3_2649	NC_012920.1	99.333	150	150	7.34e-76	272
POS_NC_045512_2_F0.02_R3_2650	NC_012920.1	100.000	150	150	1.58e-77	278
POS_NC_045512_2_F0.02_R3_2651	NC_012920.1	100.000	150	150	1.58e-77	278
POS_NC_045512_2_F0.02_R3_2652	NC_012920.1	99.333	150	150	7.34e-76	272
POS_NC_045512_2_F0.02_R3_2653	NC_012920.1	100.000	150	150	1.58e-77	278
POS_NC_045512_2_F0.02_R3_2654	NC_012920.1	100.000	150	150	1.58e-77	278
POS_NC_045512_2_F0.02_R3_2655	NC_012920.1	100.000	150	150	1.58e-77	278
POS_NC_045512_2_F0.02_R3_2656	NC_012920.1	100.000	150	150	1.58e-77	278
POS_NC_045512_2_F0.02_R3_2657	NC_012920.1	100.000	150	150	1.58e-77	278
POS_NC_045512_2_F0.02_R3_2658	NC_012920.1	99.333	150	150	7.34e-76	272
POS_NC_045512_2_F0.02_R3_2659	NC_012920.1	99.320	147	150	3.42e-74	267
POS_NC_045512_2_F0.02_R3_2660	NC_012920.1	100.000	150	150	1.58e-77	278
POS_NC_045512_2_F0.02_R3_2661	NC_012920.1	99.333	150	150	7.34e-76	272
POS_NC_045512_2_F0.02_R3_2662	NC_012920.1	100.000	150	150	1.58e-77	278
POS_NC_045512_2_F0.02_R3_2663	NC_012920.1	100.000	150	150	1.58e-77	278
POS_NC_045512_2_F0.02_R3_2664	NC_012920.1	100.000	150	150	1.58e-77	278
POS_NC_045512_2_F0.02_R3_2665	NC_012920.1	100.000	150	150	2.04e-76	274
POS_NC_045512_2_F0.02_R3_2666	NC_012920.1	100.000	150	150	1.58e-77	278
POS_NC_045512_2_F0.02_R3_2667	NC_012920.1	100.000	150	150	1.58e-77	278
POS_NC_045512_2_F0.02_R3_2668	NC_012920.1	99.333	150	150	7.34e-76	272
POS_NC_045512_2_F0.02_R3_2669	NC_012920.1	100.000	150	150	1.58e-77	278
POS_NC_045512_2_F0.02_R3_2670	NC_012920.1	99.333	150	150	7.34e-76	272
POS_NC_045512_2_F0.02_R3_2671	NC_012920.1	100.000	150	150	1.58e-77	278
POS_NC_045512_2_F0.02_R3_2672	NC_012920.1	100.000	150	150	1.58e-77	278
POS_NC_045512_2_F0.02_R3_2673	NC_012920.1	100.000	150	150	1.58e-77	278
POS_NC_045512_2_F0.02_R3_2674	NC_012920.1	100.000	150	150	1.58e-77	278
POS_NC_045512_2_F0.02_R3_2675	NC_012920.1	100.000	150	150	1.58e-77	278
POS_NC_045512_2_F0.02_R3_2676	NC_012920.1	100.000	150	150	1.58e-77	278
POS_NC_045512_2_F0.02_R3_2677	NC_012920.1	100.000	150	150	1.58e-77	278
POS_NC_045512_2_F0.02_R3_2678	NC_012920.1	100.000	150	150	1.58e-77	278
POS_NC_045512_2_F0.02_R3_2679	NC_012920.1	100.000	150	150	1.58e-77	278
POS_NC_045512_2_F0.02_R3_2680	NC_012920.1	98.667	150	150	3.42e-74	267
POS_NC_045512_2_F0.02_R3_2681	NC_012920.1	100.000	150	150	1.58e-77	278
POS_NC_045512_2_F0.02_R3_2682	NC_012920.1	100.000	150	150	1.58e-77	278
POS_NC_045512_2_F0.02_R3_2683	NC_012920.1	100.000	150	150	1.58e-77	278
POS_NC_045512_2_F0.02_R3_2684	NC_012920.1	99.333	150	150	7.34e-76	272
POS_NC_045512_2_F0.02_R3_2685	NC_012920.1	98.667	150	150	3.42e-74	267
POS_NC_045512_2_F0.02_R3_2686	NC_012920.1	100.000	150	150	1.58e-77	278
POS_NC_045512_2_F0.02_R3_2687	NC_012920.1	99.333	150	150	7.34e-76	272
POS_NC_045512_2_F0.02_R3_2688	NC_012920.1	100.000	150	150	1.58e-77	278
POS_NC_045512_2_F0.02_R3_2689	NC_012920.1	100.000	150	150	1.58e-77	278
POS_NC_045512_2_F0.02_R3_2690	NC_012920.1	100.000	150	150	1.58e-77	278
POS_NC_045512_2_F0.02_R3_2691	NC_012920.1	100.000	150	150	1.58e-77	278
POS_NC_045512_2_F0.02_R3_2692	NC_012920.1	100.000	150	150	1.58e-77	278
POS_NC_045512_2_F0.02_R3_2693	NC_012920.1	100.000	150	150	1.58e-77	278
POS_NC_045512_2_F0.02_R3_2694	NC_012920.1	99.333	150	150	7.34e-76	272
POS_NC_045512_2_F0.02_R3_2695	NC_012920.1	100.000	150	150	1.58e-77	278
POS_NC_045512_2_F0.02_R3_2696	NC_012920.1	100.000	150	150	1.58e-77	278
POS_NC_045512_2_F0.02_R3_2697	NC_012920.1	100.000	150	150	1.58e-77	278
POS_NC_045512_2_F0.02_R3_2698	NC_012920.1	100.000	150	150	1.58e-77	278
POS_NC_045512_2_F0.02_R3_2699	NC_012920.1	100.000	150	150	1.58e-77	278
POS_NC_045512_2_F0.02_R3_2700	NC_012920.1	100.000	150	150	1.58e-77	278
POS_NC_045512_2_F0.02_R3_2701	NC_012920.1	100.000	150	150	1.58e-77	278
POS_NC_045512_2_F0.02_R3_2702	NC_012920.1	100.000	150	150	1.58e-77	278
POS_NC_045512_2_F0.02_R3_2703	NC_012920.1	100.000	150	150	1.58e-77	278
POS_NC_045512_2_F0.02_R3_2704	NC_012920.1	100.000	150	150	1.58e-77	278
POS_NC_045512_2_F0.02_R3_2705	NC_012920.1	100.000	150	150	1.58e-77	278
POS_NC_045512_2_F0.02_R3_2706	NC_012920.1	100.000	150	150	1.58e-77	278
POS_NC_045512_2_F0.02_R3_2707	NC_012920.1	100.000	150	150	1.58e-77	278
POS_NC_045512_2_F0.02_R3_2708	NC_012920.1	100.000	150	150	1.58e-77	278
POS_NC_045512_2_F0.02_R3_2709	NC_012920.1	99.333	150	150	7.34e-76	272
POS_NC_045512_2_F0.02_R3_2710	NC_012920.1	99.333	150	150	7.34e-76	272
POS_NC_045512_2_F0.02_R3_2711	NC_012920.1	100.000	150	150	1.58e-77	278
POS_NC_045512_2_F0.02_R3_2712	NC_012920.1	100.000	150	150	1.58e-77	278
POS_NC_045512_2_F0.02_R3_2713	NC_012920.1	100.000	150	150	1.58e-77	278
POS_NC_045512_2_F0.02_R3_2714	NC_012920.1	100.000	150	150	1.58e-77	278
POS_NC_045512_2_F0.02_R3_2715	NC_012920.1	100.000	150	150	1.58e-77	278
POS_NC_045512_2_F0.02_R3_2716	NC_012920.1	100.000	150	150	1.58e-77	278
POS_NC_045512_2_F0.02_R3_2717	NC_012920.1	100.000	150	150	1.58e-77	278
POS_NC_045512_2_F0.02_R3_2718	NC_012920.1	100.000	150	150	1.58e-77	278
POS_NC_045512_2_F0.02_R3_2719	NC_012920.1	98.667	150	150	3.42e-74	267
POS_NC_045512_2_F0.02_R3_2720	NC_012920.1	100.000	150	150	1.58e-77	278
POS_NC_045512_2_F0.02_R3_2721	NC_012920.1	100.000	150	150	1.58e-77	278
POS_NC_045512_2_F0.02_R3_2722	NC_012920.1	100.000	150	150	1.58e-77	278
POS_NC_045512_2_F0.02_R3_2723	NC_012920.1	99.333	150	150	7.34e-76	272
POS_NC_045512_2_F0.02_R3_2724	NC_012920.1	99.333	150	150	7.34e-76	272
POS_NC_045512_2_F0.02_R3_2725	NC_012920.1	100.000	150	150	1.58e-77	278
POS_NC_045512_2_F0.02_R3_2726	NC_012920.1	100.000	150	150	1.58e-77	278
POS_NC_045512_2_F0.02_R3_2727	NC_012920.1	99.333	150	150	7.34e-76	272
POS_NC_045512_2_F0.02_R3_2728	NC_012920.1	99.333	150	150	7.34e-76	272
POS_NC_045512_2_F0.02_R3_2729	NC_012920.1	99.333	150	150	7.34e-76	272
POS_NC_045512_2_F0.02_R3_2730	NC_012920.1	100.000	150	150	1.58e-77	278
POS_NC_045512_2_F0.02_R3_2731	NC_012920.1	100.000	150	150	1.58e-77	278
POS_NC_045512_2_F0.02_R3_2732	NC_012920.1	100.000	150	150	1.58e-77	278
POS_NC_045512_2_F0.02_R3_2733	NC_012920.1	100.000	150	150	1.58e-77	278
POS_NC_045512_2_F0.02_R3_2734	NC_012920.1	100.000	150	150	1.58e-77	278
POS_NC_045512_2_F0.02_R3_2735	NC_012920.1	100.000	150	150	1.58e-77	278
POS_NC_045512_2_F0.02_R3_2736	NC_012920.1	100.000	150	150	1.58e-77	278
POS_NC_045512_2_F0.02_R3_2737	NC_012920.1	100.000	150	150	1.58e-77	278
POS_NC_045512_2_F0.02_R3_2738	NC_012920.1	100.000	150	150	1.58e-77	278
POS_NC_045512_2_F0.02_R3_2739	NC_012920.1	99.333	150	150	7.34e-76	272
POS_NC_045512_2_F0.02_R3_2740	NC_012920.1	100.000	150	150	1.58e-77	278
POS_NC_045512_2_F0.02_R3_2741	NC_012920.1	99.333	150	150	7.34e-76	272
POS_NC_045512_2_F0.02_R3_2742	NC_012920.1	100.000	150	150	1.58e-77	278
POS_NC_045512_2_F0.02_R3_2743	NC_012920.1	100.000	150	150	1.58e-77	278
POS_NC_045512_2_F0.02_R3_2744	NC_012920.1	100.000	150	150	1.58e-77	278
POS_NC_045512_2_F0.02_R3_2745	NC_012920.1	100.000	150	150	1.58e-77	278
POS_NC_045512_2_F0.02_R3_2746	NC_012920.1	100.000	150	150	1.58e-77	278
POS_NC_045512_2_F0.02_R3_2747	NC_012920.1	100.000	150	150	1.58e-77	278
POS_NC_045512_2_F0.02_R3_2748	NC_012920.1	100.000	150	150	1.58e-77	278
POS_NC_045512_2_F0.02_R3_2749	NC_012920.1	100.000	150	150	1.58e-77	278
POS_NC_045512_2_F0.02_R3_2750	NC_012920.1	99.333	150	150	7.34e-76	272
POS_NC_045512_2_F0.02_R3_2751	NC_012920.1	99.333	150	150	7.34e-76	272
POS_NC_045512_2_F0.02_R3_2752	NC_012920.1	100.000	150	150	1.58e-77	278
POS_NC_045512_2_F0.02_R3_2753	NC_012920.1	100.000	150	150	1.58e-77	278
POS_NC_045512_2_F0.02_R3_2754	NC_012920.1	100.000	150	150	1.58e-77	278
POS_NC_045512_2_F0.02_R3_2755	NC_012920.1	100.000	150	150	1.58e-77	278
POS_NC_045512_2_F0.02_R3_2756	NC_012920.1	100.000	150	150	1.58e-77	278
POS_NC_045512_2_F0.02_R3_2757	NC_012920.1	99.333	150	150	7.34e-76	272
POS_NC_045512_2_F0.02_R3_2758	NC_012920.1	99.333	150	150	7.34e-76	272
POS_NC_045512_2_F0.02_R3_2759	NC_012920.1	100.000	150	150	1.58e-77	278
POS_NC_045512_2_F0.02_R3_2760	NC_012920.1	100.000	150	150	1.58e-77	278
POS_NC_045512_2_F0.02_R3_2761	NC_012920.1	100.000	150	150	1.58e-77	278
POS_NC_045512_2_F0.02_R3_2762	NC_012920.1	100.000	150	150	1.58e-77	278
POS_NC_045512_2_F0.02_R3_2763	NC_012920.1	100.000	150	150	1.58e-77	278
POS_NC_045512_2_F0.02_R3_2764	NC_012920.1	100.000	150	150	1.58e-77	278
POS_NC_045512_2_F0.02_R3_2765	NC_012920.1	100.000	150	150	1.58e-77	278
POS_NC_045512_2_F0.02_R3_2766	NC_012920.1	100.000	150	150	1.58e-77	278
POS_NC_045512_2_F0.02_R3_2767	NC_012920.1	100.000	150	150	1.58e-77	278
POS_NC_045512_2_F0.02_R3_2768	NC_012920.1	99.333	150	150	7.34e-76	272
POS_NC_045512_2_F0.02_R3_2769	NC_012920.1	100.000	150	150	1.58e-77	278
POS_NC_045512_2_F0.02_R3_2770	NC_012920.1	100.000	150	150	1.58e-77	278
POS_NC_045512_2_F0.02_R3_2771	NC_012920.1	100.000	150	150	1.58e-77	278
POS_NC_045512_2_F0.02_R3_2772	NC_012920.1	100.000	150	150	1.58e-77	278
POS_NC_045512_2_F0.02_R3_2773	NC_012920.1	100.000	150	150	1.58e-77	278
POS_NC_045512_2_F0.02_R3_2774	NC_012920.1	99.333	150	150	7.34e-76	272
POS_NC_045512_2_F0.02_R3_2775	NC_012920.1	100.000	150	150	1.58e-77	278
POS_NC_045512_2_F0.02_R3_2776	NC_012920.1	99.333	150	150	7.34e-76	272
POS_NC_045512_2_F0.02_R3_2777	NC_012920.1	98.667	150	150	3.42e-74	267
POS_NC_045512_2_F0.02_R3_2778	NC_012920.1	99.333	150	150	7.34e-76	272
POS_NC_045512_2_F0.02_R3_2779	NC_012920.1	100.000	150	150	1.58e-77	278
POS_NC_045512_2_F0.02_R3_2780	NC_012920.1	99.333	150	150	7.34e-76	272
POS_NC_045512_2_F0.02_R3_2781	NC_012920.1	99.333	150	150	7.34e-76	272
POS_NC_045512_2_F0.02_R3_2782	NC_012920.1	100.000	150	150	1.58e-77	278
POS_NC_045512_2_F0.02_R3_2783	NC_012920.1	100.000	150	150	1.58e-77	278
POS_NC_045512_2_F0.02_R3_2784	NC_012920.1	100.000	150	150	1.58e-77	278
POS_NC_045512_2_F0.02_R3_2785	NC_012920.1	100.000	150	150	1.58e-77	278
POS_NC_045512_2_F0.02_R3_2786	NC_012920.1	100.000	150	150	1.58e-77	278
POS_NC_045512_2_F0.02_R3_2787	NC_012920.1	99.333	150	150	7.34e-76	272
POS_NC_045512_2_F0.02_R3_2788	NC_012920.1	100.000	150	150	1.58e-77	278
POS_NC_045512_2_F0.02_R3_2789	NC_012920.1	100.000	150	150	1.58e-77	278
POS_NC_045512_2_F0.02_R3_2790	NC_012920.1	100.000	150	150	1.58e-77	278
POS_NC_045512_2_F0.02_R3_2791	NC_012920.1	100.000	150	150	1.58e-77	278
POS_NC_045512_2_F0.02_R3_2792	NC_012920.1	99.333	150	150	7.34e-76	272
POS_NC_045512_2_F0.02_R3_2793	NC_012920.1	100.000	150	150	1.58e-77	278
POS_NC_045512_2_F0.02_R3_2794	NC_012920.1	100.000	150	150	1.58e-77	278
POS_NC_045512_2_F0.02_R3_2795	NC_012920.1	100.000	150	150	1.58e-77	278
POS_NC_045512_2_F0.02_R3_2796	NC_012920.1	100.000	150	150	1.58e-77	278
POS_NC_045512_2_F0.02_R3_2797	NC_012920.1	100.000	150	150	1.58e-77	278
POS_NC_045512_2_F0.02_R3_2798	NC_012920.1	100.000	150	150	1.58e-77	278
POS_NC_045512_2_F0.02_R3_2799	NC_012920.1	100.000	150	150	1.58e-77	278
POS_NC_045512_2_F0.02_R3_2800	NC_012920.1	99.333	150	150	7.34e-76	272
POS_NC_045512_2_F0.02_R3_2801	NC_012920.1	100.000	150	150	1.58e-77	278
POS_NC_045512_2_F0.02_R3_2802	NC_012920.1	100.000	150	150	1.58e-77	278
POS_NC_045512_2_F0.02_R3_2803	NC_012920.1	100.000	150	150	1.58e-77	278
POS_NC_045512_2_F0.02_R3_2804	NC_012920.1	100.000	150	150	1.58e-77	278
POS_NC_045512_2_F0.02_R3_2805	NC_012920.1	100.000	150	150	1.58e-77	278
POS_NC_045512_2_F0.02_R3_2806	NC_012920.1	100.000	150	150	1.58e-77	278
POS_NC_045512_2_F0.02_R3_2807	NC_012920.1	98.667	150	150	3.42e-74	267
POS_NC_045512_2_F0.02_R3_2808	NC_012920.1	100.000	150	150	1.58e-77	278
POS_NC_045512_2_F0.02_R3_2809	NC_012920.1	100.000	150	150	1.58e-77	278
POS_NC_045512_2_F0.02_R3_2810	NC_012920.1	100.000	150	150	1.58e-77	278
POS_NC_045512_2_F0.02_R3_2811	NC_012920.1	99.333	150	150	7.34e-76	272
POS_NC_045512_2_F0.02_R3_2812	NC_012920.1	99.333	150	150	7.34e-76	272
POS_NC_045512_2_F0.02_R3_2813	NC_012920.1	99.333	150	150	7.34e-76	272
POS_NC_045512_2_F0.02_R3_2814	NC_012920.1	100.000	150	150	1.58e-77	278
POS_NC_045512_2_F0.02_R3_2815	NC_012920.1	100.000	150	150	1.58e-77	278
POS_NC_045512_2_F0.02_R3_2816	NC_012920.1	99.333	150	150	7.34e-76	272
POS_NC_045512_2_F0.02_R3_2817	NC_012920.1	100.000	150	150	1.58e-77	278
POS_NC_045512_2_F0.02_R3_2818	NC_012920.1	100.000	150	150	1.58e-77	278
POS_NC_045512_2_F0.02_R3_2819	NC_012920.1	100.000	150	150	1.58e-77	278
POS_NC_045512_2_F0.02_R3_2820	NC_012920.1	100.000	150	150	1.58e-77	278
POS_NC_045512_2_F0.02_R3_2821	NC_012920.1	99.333	150	150	7.34e-76	272
POS_NC_045512_2_F0.02_R3_2822	NC_012920.1	100.000	150	150	1.58e-77	278
POS_NC_045512_2_F0.02_R3_2823	NC_012920.1	100.000	148	150	2.04e-76	274
POS_NC_045512_2_F0.02_R3_2824	NC_012920.1	100.000	150	150	1.58e-77	278
POS_NC_045512_2_F0.02_R3_2825	NC_012920.1	99.333	150	150	7.34e-76	272
POS_NC_045512_2_F0.02_R3_2826	NC_012920.1	100.000	150	150	1.58e-77	278
POS_NC_045512_2_F0.02_R3_2827	NC_012920.1	99.333	150	150	7.34e-76	272
POS_NC_045512_2_F0.02_R3_2828	NC_012920.1	100.000	150	150	1.58e-77	278
POS_NC_045512_2_F0.02_R3_2829	NC_012920.1	100.000	150	150	1.58e-77	278
POS_NC_045512_2_F0.02_R3_2830	NC_012920.1	99.333	150	150	7.34e-76	272
POS_NC_045512_2_F0.02_R3_2831	NC_012920.1	100.000	150	150	1.58e-77	278
POS_NC_045512_2_F0.02_R3_2832	NC_012920.1	100.000	150	150	1.58e-77	278
POS_NC_045512_2_F0.02_R3_2833	NC_012920.1	99.333	150	150	7.34e-76	272
POS_NC_045512_2_F0.02_R3_2834	NC_012920.1	98.667	150	150	3.42e-74	267
POS_NC_045512_2_F0.02_R3_2835	NC_012920.1	100.000	150	150	1.58e-77	278
POS_NC_045512_2_F0.02_R3_2836	NC_012920.1	100.000	150	150	1.58e-77	278
POS_NC_045512_2_F0.02_R3_2837	NC_012920.1	99.333	150	150	7.34e-76	272
POS_NC_045512_2_F0.02_R3_2838	NC_012920.1	100.000	150	150	1.58e-77	278
POS_NC_045512_2_F0.02_R3_2839	NC_012920.1	100.000	150	150	1.58e-77	278
POS_NC_045512_2_F0.02_R3_2840	NC_012920.1	100.000	150	150	1.58e-77	278
POS_NC_045512_2_F0.02_R3_2841	NC_012920.1	100.000	150	150	1.58e-77	278
POS_NC_045512_2_F0.02_R3_2842	NC_012920.1	100.000	150	150	1.58e-77	278
POS_NC_045512_2_F0.02_R3_2843	NC_012920.1	100.000	150	150	1.58e-77	278
POS_NC_045512_2_F0.02_R3_2844	NC_012920.1	100.000	150	150	1.58e-77	278
POS_NC_045512_2_F0.02_R3_2845	NC_012920.1	100.000	150	150	1.58e-77	278
POS_NC_045512_2_F0.02_R3_2846	NC_012920.1	100.000	150	150	1.58e-77	278
POS_NC_045512_2_F0.02_R3_2847	NC_012920.1	100.000	150	150	1.58e-77	278
POS_NC_045512_2_F0.02_R3_2848	NC_012920.1	100.000	150	150	1.58e-77	278
POS_NC_045512_2_F0.02_R3_2849	NC_012920.1	99.333	150	150	7.34e-76	272
POS_NC_045512_2_F0.02_R3_2850	NC_012920.1	100.000	150	150	1.58e-77	278
POS_NC_045512_2_F0.02_R3_2851	NC_012920.1	100.000	150	150	1.58e-77	278
POS_NC_045512_2_F0.02_R3_2852	NC_012920.1	100.000	150	150	1.58e-77	278
POS_NC_045512_2_F0.02_R3_2853	NC_012920.1	100.000	150	150	1.58e-77	278
POS_NC_045512_2_F0.02_R3_2854	NC_012920.1	99.333	150	150	7.34e-76	272
POS_NC_045512_2_F0.02_R3_2855	NC_012920.1	100.000	150	150	1.58e-77	278
POS_NC_045512_2_F0.02_R3_2856	NC_012920.1	100.000	150	150	1.58e-77	278
POS_NC_045512_2_F0.02_R3_2857	NC_012920.1	98.667	150	150	3.42e-74	267
POS_NC_045512_2_F0.02_R3_2858	NC_012920.1	99.333	150	150	7.34e-76	272
POS_NC_045512_2_F0.02_R3_2859	NC_012920.1	98.667	150	150	3.42e-74	267
POS_NC_045512_2_F0.02_R3_2860	NC_012920.1	100.000	150	150	1.58e-77	278
POS_NC_045512_2_F0.02_R3_2861	NC_012920.1	100.000	150	150	1.58e-77	278
POS_NC_045512_2_F0.02_R3_2862	NC_012920.1	99.333	150	150	7.34e-76	272
POS_NC_045512_2_F0.02_R3_2863	NC_012920.1	100.000	150	150	1.58e-77	278
POS_NC_045512_2_F0.02_R3_2864	NC_012920.1	99.333	150	150	7.34e-76	272
POS_NC_045512_2_F0.02_R3_2865	NC_012920.1	99.333	150	150	7.34e-76	272
POS_NC_045512_2_F0.02_R3_2866	NC_012920.1	99.333	150	150	7.34e-76	272
POS_NC_045512_2_F0.02_R3_2867	NC_012920.1	99.333	150	150	7.34e-76	272
POS_NC_045512_2_F0.02_R3_2868	NC_012920.1	100.000	150	150	1.58e-77	278
POS_NC_045512_2_F0.02_R3_2869	NC_012920.1	100.000	150	150	1.58e-77	278
POS_NC_045512_2_F0.02_R3_2870	NC_012920.1	100.000	150	150	1.58e-77	278
POS_NC_045512_2_F0.02_R3_2871	NC_012920.1	100.000	150	150	1.58e-77	278
POS_NC_045512_2_F0.02_R3_2872	NC_012920.1	99.333	150	150	7.34e-76	272
POS_NC_045512_2_F0.02_R3_2873	NC_012920.1	100.000	150	150	1.58e-77	278
POS_NC_045512_2_F0.02_R3_2874	NC_012920.1	100.000	150	150	1.58e-77	278
POS_NC_045512_2_F0.02_R3_2875	NC_012920.1	100.000	150	150	1.58e-77	278
POS_NC_045512_2_F0.02_R3_2876	NC_012920.1	100.000	149	150	5.68e-77	276
POS_NC_045512_2_F0.02_R3_2877	NC_012920.1	100.000	150	150	1.58e-77	278
POS_NC_045512_2_F0.02_R3_2878	NC_012920.1	99.333	150	150	7.34e-76	272
POS_NC_045512_2_F0.02_R3_2879	NC_012920.1	100.000	150	150	1.58e-77	278
POS_NC_045512_2_F0.02_R3_2880	NC_012920.1	100.000	150	150	1.58e-77	278
POS_NC_045512_2_F0.02_R3_2881	NC_012920.1	100.000	150	150	1.58e-77	278
POS_NC_045512_2_F0.02_R3_2882	NC_012920.1	100.000	150	150	1.58e-77	278
POS_NC_045512_2_F0.02_R3_2883	NC_012920.1	100.000	150	150	1.58e-77	278
POS_NC_045512_2_F0.02_R3_2884	NC_012920.1	99.333	150	150	7.34e-76	272
POS_NC_045512_2_F0.02_R3_2885	NC_012920.1	100.000	150	150	1.58e-77	278
POS_NC_045512_2_F0.02_R3_2886	NC_012920.1	100.000	150	150	1.58e-77	278
POS_NC_045512_2_F0.02_R3_2887	NC_012920.1	100.000	150	150	1.58e-77	278
POS_NC_045512_2_F0.02_R3_2888	NC_012920.1	100.000	150	150	1.58e-77	278
POS_NC_045512_2_F0.02_R3_2889	NC_012920.1	98.667	150	150	3.42e-74	267
POS_NC_045512_2_F0.02_R3_2890	NC_012920.1	100.000	150	150	1.58e-77	278
POS_NC_045512_2_F0.02_R3_2891	NC_012920.1	100.000	150	150	1.58e-77	278
POS_NC_045512_2_F0.02_R3_2892	NC_012920.1	100.000	150	150	1.58e-77	278
POS_NC_045512_2_F0.02_R3_2893	NC_012920.1	100.000	150	150	1.58e-77	278
POS_NC_045512_2_F0.02_R3_2894	NC_012920.1	100.000	150	150	1.58e-77	278
POS_NC_045512_2_F0.02_R3_2895	NC_012920.1	99.333	150	150	7.34e-76	272
POS_NC_045512_2_F0.02_R3_2896	NC_012920.1	100.000	150	150	1.58e-77	278
POS_NC_045512_2_F0.02_R3_2897	NC_012920.1	100.000	150	150	1.58e-77	278
POS_NC_045512_2_F0.02_R3_2898	NC_012920.1	100.000	150	150	1.58e-77	278
POS_NC_045512_2_F0.02_R3_2899	NC_012920.1	100.000	150	150	1.58e-77	278
POS_NC_045512_2_F0.02_R3_2900	NC_012920.1	99.333	150	150	7.34e-76	272
POS_NC_045512_2_F0.02_R3_2901	NC_012920.1	100.000	150	150	1.58e-77	278
POS_NC_045512_2_F0.02_R3_2902	NC_012920.1	100.000	150	150	1.58e-77	278
POS_NC_045512_2_F0.02_R3_2903	NC_012920.1	100.000	150	150	1.58e-77	278
POS_NC_045512_2_F0.02_R3_2904	NC_012920.1	100.000	150	150	1.58e-77	278
POS_NC_045512_2_F0.02_R3_2905	NC_012920.1	99.333	150	150	7.34e-76	272
POS_NC_045512_2_F0.02_R3_2906	NC_012920.1	100.000	150	150	1.58e-77	278
POS_NC_045512_2_F0.02_R3_2907	NC_012920.1	100.000	150	150	1.58e-77	278
POS_NC_045512_2_F0.02_R3_2908	NC_012920.1	100.000	150	150	1.58e-77	278
POS_NC_045512_2_F0.02_R3_2909	NC_012920.1	100.000	150	150	1.58e-77	278
POS_NC_045512_2_F0.02_R3_2910	NC_012920.1	100.000	150	150	1.58e-77	278
POS_NC_045512_2_F0.02_R3_2911	NC_012920.1	98.667	150	150	3.42e-74	267
POS_NC_045512_2_F0.02_R3_2912	NC_012920.1	99.333	150	150	7.34e-76	272
POS_NC_045512_2_F0.02_R3_2913	NC_012920.1	100.000	150	150	1.58e-77	278
POS_NC_045512_2_F0.02_R3_2914	NC_012920.1	100.000	150	150	1.58e-77	278
POS_NC_045512_2_F0.02_R3_2915	NC_012920.1	100.000	150	150	1.58e-77	278
POS_NC_045512_2_F0.02_R3_2916	NC_012920.1	100.000	150	150	1.58e-77	278
POS_NC_045512_2_F0.02_R3_2917	NC_012920.1	100.000	150	150	1.58e-77	278
POS_NC_045512_2_F0.02_R3_2918	NC_012920.1	100.000	150	150	1.58e-77	278
POS_NC_045512_2_F0.02_R3_2919	NC_012920.1	99.333	150	150	7.34e-76	272
POS_NC_045512_2_F0.02_R3_2920	NC_012920.1	100.000	150	150	1.58e-77	278
POS_NC_045512_2_F0.02_R3_2921	NC_012920.1	100.000	150	150	1.58e-77	278
POS_NC_045512_2_F0.02_R3_2922	NC_012920.1	100.000	150	150	1.58e-77	278
POS_NC_045512_2_F0.02_R3_2923	NC_012920.1	100.000	150	150	1.58e-77	278
POS_NC_045512_2_F0.02_R3_2924	NC_012920.1	100.000	150	150	1.58e-77	278
POS_NC_045512_2_F0.02_R3_2925	NC_012920.1	100.000	150	150	1.58e-77	278
POS_NC_045512_2_F0.02_R3_2926	NC_012920.1	99.333	150	150	7.34e-76	272
POS_NC_045512_2_F0.02_R3_2927	NC_012920.1	100.000	150	150	1.58e-77	278
POS_NC_045512_2_F0.02_R3_2928	NC_012920.1	100.000	150	150	1.58e-77	278
POS_NC_045512_2_F0.02_R3_2929	NC_012920.1	100.000	150	150	1.58e-77	278
POS_NC_045512_2_F0.02_R3_2930	NC_012920.1	98.667	150	150	3.42e-74	267
POS_NC_045512_2_F0.02_R3_2931	NC_012920.1	100.000	150	150	1.58e-77	278
POS_NC_045512_2_F0.02_R3_2932	NC_012920.1	99.333	150	150	7.34e-76	272
POS_NC_045512_2_F0.02_R3_2933	NC_012920.1	100.000	150	150	1.58e-77	278
POS_NC_045512_2_F0.02_R3_2934	NC_012920.1	99.333	150	150	7.34e-76	272
POS_NC_045512_2_F0.02_R3_2935	NC_012920.1	100.000	150	150	1.58e-77	278
POS_NC_045512_2_F0.02_R3_2936	NC_012920.1	100.000	150	150	1.58e-77	278
POS_NC_045512_2_F0.02_R3_2937	NC_012920.1	100.000	150	150	1.58e-77	278
POS_NC_045512_2_F0.02_R3_2938	NC_012920.1	100.000	150	150	1.58e-77	278
POS_NC_045512_2_F0.02_R3_2939	NC_012920.1	100.000	150	150	1.58e-77	278
POS_NC_045512_2_F0.02_R3_2940	NC_012920.1	100.000	150	150	1.58e-77	278
POS_NC_045512_2_F0.02_R3_2941	NC_012920.1	100.000	150	150	1.58e-77	278
POS_NC_045512_2_F0.02_R3_2942	NC_012920.1	100.000	150	150	1.58e-77	278
POS_NC_045512_2_F0.02_R3_2943	NC_012920.1	100.000	150	150	1.58e-77	278
POS_NC_045512_2_F0.02_R3_2944	NC_012920.1	100.000	150	150	1.58e-77	278
POS_NC_045512_2_F0.02_R3_2945	NC_012920.1	100.000	150	150	1.58e-77	278
POS_NC_045512_2_F0.02_R3_2946	NC_012920.1	100.000	150	150	1.58e-77	278
POS_NC_045512_2_F0.02_R3_2947	NC_012920.1	100.000	150	150	1.58e-77	278
POS_NC_045512_2_F0.02_R3_2948	NC_012920.1	100.000	150	150	1.58e-77	278
POS_NC_045512_2_F0.02_R3_2949	NC_012920.1	99.333	150	150	7.34e-76	272
POS_NC_045512_2_F0.02_R3_2950	NC_012920.1	100.000	150	150	1.58e-77	278
POS_NC_045512_2_F0.02_R3_2951	NC_012920.1	100.000	150	150	1.58e-77	278
POS_NC_045512_2_F0.02_R3_2952	NC_012920.1	100.000	150	150	1.58e-77	278
POS_NC_045512_2_F0.02_R3_2953	NC_012920.1	99.333	150	150	7.34e-76	272
POS_NC_045512_2_F0.02_R3_2954	NC_012920.1	100.000	150	150	1.58e-77	278
POS_NC_045512_2_F0.02_R3_2955	NC_012920.1	100.000	148	150	2.04e-76	274
POS_NC_045512_2_F0.02_R3_2956	NC_012920.1	100.000	150	150	1.58e-77	278
POS_NC_045512_2_F0.02_R3_2957	NC_012920.1	100.000	148	150	2.04e-76	274
POS_NC_045512_2_F0.02_R3_2958	NC_012920.1	100.000	150	150	1.58e-77	278
POS_NC_045512_2_F0.02_R3_2959	NC_012920.1	98.667	150	150	3.42e-74	267
POS_NC_045512_2_F0.02_R3_2960	NC_012920.1	100.000	150	150	1.58e-77	278
POS_NC_045512_2_F0.02_R3_2961	NC_012920.1	99.333	150	150	7.34e-76	272
POS_NC_045512_2_F0.02_R3_2962	NC_012920.1	99.333	150	150	7.34e-76	272
POS_NC_045512_2_F0.02_R3_2963	NC_012920.1	99.333	150	150	7.34e-76	272
POS_NC_045512_2_F0.02_R3_2964	NC_012920.1	99.333	150	150	9.50e-75	268
POS_NC_045512_2_F0.02_R3_2965	NC_012920.1	100.000	150	150	1.58e-77	278
POS_NC_045512_2_F0.02_R3_2966	NC_012920.1	99.333	150	150	7.34e-76	272
POS_NC_045512_2_F0.02_R3_2967	NC_012920.1	100.000	150	150	1.58e-77	278
POS_NC_045512_2_F0.02_R3_2968	NC_012920.1	100.000	150	150	1.58e-77	278
POS_NC_045512_2_F0.02_R3_2969	NC_012920.1	100.000	150	150	1.58e-77	278
POS_NC_045512_2_F0.02_R3_2970	NC_012920.1	99.333	150	150	7.34e-76	272
POS_NC_045512_2_F0.02_R3_2971	NC_012920.1	100.000	150	150	1.58e-77	278
POS_NC_045512_2_F0.02_R3_2972	NC_012920.1	100.000	150	150	1.58e-77	278
POS_NC_045512_2_F0.02_R3_2973	NC_012920.1	99.333	150	150	7.34e-76	272
POS_NC_045512_2_F0.02_R3_2974	NC_012920.1	100.000	150	150	1.58e-77	278
POS_NC_045512_2_F0.02_R3_2975	NC_012920.1	100.000	150	150	1.58e-77	278
POS_NC_045512_2_F0.02_R3_2976	NC_012920.1	99.333	150	150	7.34e-76	272
POS_NC_045512_2_F0.02_R3_2977	NC_012920.1	99.333	150	150	7.34e-76	272
POS_NC_045512_2_F0.02_R3_2978	NC_012920.1	100.000	150	150	1.58e-77	278
POS_NC_045512_2_F0.02_R3_2979	NC_012920.1	100.000	150	150	1.58e-77	278
POS_NC_045512_2_F0.02_R3_2980	NC_012920.1	100.000	150	150	1.58e-77	278
POS_NC_045512_2_F0.02_R3_2981	NC_012920.1	100.000	150	150	1.58e-77	278
POS_NC_045512_2_F0.02_R3_2982	NC_012920.1	100.000	150	150	1.58e-77	278
POS_NC_045512_2_F0.02_R3_2983	NC_012920.1	100.000	150	150	1.58e-77	278
POS_NC_045512_2_F0.02_R3_2984	NC_012920.1	100.000	150	150	1.58e-77	278
POS_NC_045512_2_F0.02_R3_2985	NC_012920.1	99.333	150	150	7.34e-76	272
POS_NC_045512_2_F0.02_R3_2986	NC_012920.1	99.333	150	150	7.34e-76	272
POS_NC_045512_2_F0.02_R3_2987	NC_012920.1	100.000	150	150	1.58e-77	278
POS_NC_045512_2_F0.02_R3_2988	NC_012920.1	100.000	150	150	1.58e-77	278
POS_NC_045512_2_F0.02_R3_2989	NC_012920.1	100.000	150	150	1.58e-77	278
POS_NC_045512_2_F0.02_R3_2990	NC_012920.1	99.333	150	150	7.34e-76	272
POS_NC_045512_2_F0.02_R3_2991	NC_012920.1	99.333	150	150	7.34e-76	272
POS_NC_045512_2_F0.02_R3_2992	NC_012920.1	99.333	150	150	7.34e-76	272
POS_NC_045512_2_F0.02_R3_2993	NC_012920.1	100.000	150	150	1.58e-77	278
POS_NC_045512_2_F0.02_R3_2994	NC_012920.1	100.000	150	150	1.58e-77	278
POS_NC_045512_2_F0.02_R3_2995	NC_012920.1	100.000	150	150	1.58e-77	278
POS_NC_045512_2_F0.02_R3_2996	NC_012920.1	99.333	150	150	7.34e-76	272
POS_NC_045512_2_F0.02_R3_2997	NC_012920.1	100.000	150	150	1.58e-77	278
POS_NC_045512_2_F0.02_R3_2998	NC_012920.1	100.000	150	150	1.58e-77	278
POS_NC_045512_2_F0.02_R3_2999	NC_012920.1	100.000	150	150	1.58e-77	278
POS_NC_045512_2_F0.02_R3_3000	NC_012920.1	99.333	150	150	7.34e-76	272
POS_NC_045512_2_F0.02_R3_3001	NC_012920.1	100.000	150	150	1.58e-77	278
POS_NC_045512_2_F0.02_R3_3002	NC_012920.1	100.000	150	150	1.58e-77	278
POS_NC_045512_2_F0.02_R3_3003	NC_012920.1	100.000	150	150	1.58e-77	278
POS_NC_045512_2_F0.02_R3_3004	NC_012920.1	100.000	150	150	1.58e-77	278
POS_NC_045512_2_F0.02_R3_3005	NC_012920.1	100.000	150	150	1.58e-77	278
POS_NC_045512_2_F0.02_R3_3006	NC_012920.1	100.000	150	150	1.58e-77	278
POS_NC_045512_2_F0.02_R3_3007	NC_012920.1	100.000	150	150	1.58e-77	278
POS_NC_045512_2_F0.02_R3_3008	NC_012920.1	100.000	150	150	1.58e-77	278
POS_NC_045512_2_F0.02_R3_3009	NC_012920.1	100.000	150	150	1.58e-77	278
POS_NC_045512_2_F0.02_R3_3010	NC_012920.1	100.000	150	150	1.58e-77	278
POS_NC_045512_2_F0.02_R3_3011	NC_012920.1	100.000	150	150	1.58e-77	278
POS_NC_045512_2_F0.02_R3_3012	NC_012920.1	100.000	150	150	1.58e-77	278
POS_NC_045512_2_F0.02_R3_3013	NC_012920.1	100.000	150	150	1.58e-77	278
POS_NC_045512_2_F0.02_R3_3014	NC_012920.1	99.333	150	150	7.34e-76	272
POS_NC_045512_2_F0.02_R3_3015	NC_012920.1	100.000	150	150	1.58e-77	278
POS_NC_045512_2_F0.02_R3_3016	NC_012920.1	100.000	150	150	1.58e-77	278
POS_NC_045512_2_F0.02_R3_3017	NC_012920.1	100.000	150	150	1.58e-77	278
POS_NC_045512_2_F0.02_R3_3018	NC_012920.1	100.000	150	150	1.58e-77	278
POS_NC_045512_2_F0.02_R3_3019	NC_012920.1	99.333	150	150	7.34e-76	272
POS_NC_045512_2_F0.02_R3_3020	NC_012920.1	99.333	150	150	7.34e-76	272
POS_NC_045512_2_F0.02_R3_3021	NC_012920.1	100.000	150	150	1.58e-77	278
POS_NC_045512_2_F0.02_R3_3022	NC_012920.1	100.000	150	150	1.58e-77	278
POS_NC_045512_2_F0.02_R3_3023	NC_012920.1	100.000	150	150	1.58e-77	278
POS_NC_045512_2_F0.02_R3_3024	NC_012920.1	99.333	150	150	7.34e-76	272
POS_NC_045512_2_F0.02_R3_3025	NC_012920.1	99.333	150	150	7.34e-76	272
POS_NC_045512_2_F0.02_R3_3026	NC_012920.1	100.000	150	150	1.58e-77	278
POS_NC_045512_2_F0.02_R3_3027	NC_012920.1	99.333	150	150	7.34e-76	272
POS_NC_045512_2_F0.02_R3_3028	NC_012920.1	100.000	150	150	1.58e-77	278
POS_NC_045512_2_F0.02_R3_3029	NC_012920.1	100.000	150	150	1.58e-77	278
POS_NC_045512_2_F0.02_R3_3030	NC_012920.1	100.000	150	150	1.58e-77	278
POS_NC_045512_2_F0.02_R3_3031	NC_012920.1	99.333	150	150	7.34e-76	272
POS_NC_045512_2_F0.02_R3_3032	NC_012920.1	100.000	150	150	1.58e-77	278
POS_NC_045512_2_F0.02_R3_3033	NC_012920.1	99.333	150	150	7.34e-76	272
POS_NC_045512_2_F0.02_R3_3034	NC_012920.1	100.000	150	150	1.58e-77	278
POS_NC_045512_2_F0.02_R3_3035	NC_012920.1	100.000	150	150	1.58e-77	278
POS_NC_045512_2_F0.02_R3_3036	NC_012920.1	100.000	150	150	1.58e-77	278
POS_NC_045512_2_F0.02_R3_3037	NC_012920.1	100.000	150	150	1.58e-77	278
POS_NC_045512_2_F0.02_R3_3038	NC_012920.1	99.333	150	150	7.34e-76	272
POS_NC_045512_2_F0.02_R3_3039	NC_012920.1	100.000	150	150	1.58e-77	278
POS_NC_045512_2_F0.02_R3_3040	NC_012920.1	99.333	150	150	7.34e-76	272
POS_NC_045512_2_F0.02_R3_3041	NC_012920.1	100.000	150	150	1.58e-77	278
POS_NC_045512_2_F0.02_R3_3042	NC_012920.1	100.000	150	150	1.58e-77	278
POS_NC_045512_2_F0.02_R3_3043	NC_012920.1	100.000	150	150	1.58e-77	278
POS_NC_045512_2_F0.02_R3_3044	NC_012920.1	99.333	150	150	7.34e-76	272
POS_NC_045512_2_F0.02_R3_3045	NC_012920.1	99.333	150	150	9.50e-75	268
POS_NC_045512_2_F0.02_R3_3046	NC_012920.1	100.000	150	150	1.58e-77	278
POS_NC_045512_2_F0.02_R3_3047	NC_012920.1	99.333	150	150	7.34e-76	272
POS_NC_045512_2_F0.02_R3_3048	NC_012920.1	98.667	150	150	3.42e-74	267
POS_NC_045512_2_F0.02_R3_3049	NC_012920.1	99.333	150	150	7.34e-76	272
POS_NC_045512_2_F0.02_R3_3050	NC_012920.1	100.000	150	150	1.58e-77	278
POS_NC_045512_2_F0.02_R3_3051	NC_012920.1	98.667	150	150	3.42e-74	267
POS_NC_045512_2_F0.02_R3_3052	NC_012920.1	99.333	150	150	7.34e-76	272
POS_NC_045512_2_F0.02_R3_3053	NC_012920.1	99.333	150	150	7.34e-76	272
POS_NC_045512_2_F0.02_R3_3054	NC_012920.1	100.000	150	150	1.58e-77	278
POS_NC_045512_2_F0.02_R3_3055	NC_012920.1	100.000	150	150	1.58e-77	278
POS_NC_045512_2_F0.02_R3_3056	NC_012920.1	99.333	150	150	7.34e-76	272
POS_NC_045512_2_F0.02_R3_3057	NC_012920.1	100.000	150	150	1.58e-77	278
POS_NC_045512_2_F0.02_R3_3058	NC_012920.1	100.000	150	150	1.58e-77	278
POS_NC_045512_2_F0.02_R3_3059	NC_012920.1	100.000	150	150	1.58e-77	278
POS_NC_045512_2_F0.02_R3_3060	NC_012920.1	98.667	150	150	3.42e-74	267
POS_NC_045512_2_F0.02_R3_3061	NC_012920.1	99.333	150	150	7.34e-76	272
POS_NC_045512_2_F0.02_R3_3062	NC_012920.1	99.333	150	150	7.34e-76	272
POS_NC_045512_2_F0.02_R3_3063	NC_012920.1	100.000	150	150	1.58e-77	278
POS_NC_045512_2_F0.02_R3_3064	NC_012920.1	99.333	150	150	7.34e-76	272
POS_NC_045512_2_F0.02_R3_3065	NC_012920.1	100.000	150	150	1.58e-77	278
POS_NC_045512_2_F0.02_R3_3066	NC_012920.1	100.000	150	150	1.58e-77	278
POS_NC_045512_2_F0.02_R3_3067	NC_012920.1	99.333	150	150	7.34e-76	272
POS_NC_045512_2_F0.02_R3_3068	NC_012920.1	99.333	150	150	7.34e-76	272
POS_NC_045512_2_F0.02_R3_3069	NC_012920.1	100.000	150	150	1.58e-77	278
POS_NC_045512_2_F0.02_R3_3070	NC_012920.1	100.000	150	150	1.58e-77	278
POS_NC_045512_2_F0.02_R3_3071	NC_012920.1	99.333	150	150	7.34e-76	272
POS_NC_045512_2_F0.02_R3_3072	NC_012920.1	100.000	150	150	1.58e-77	278
POS_NC_045512_2_F0.02_R3_3073	NC_012920.1	100.000	150	150	1.58e-77	278
POS_NC_045512_2_F0.02_R3_3074	NC_012920.1	99.333	150	150	7.34e-76	272
POS_NC_045512_2_F0.02_R3_3075	NC_012920.1	100.000	150	150	1.58e-77	278
POS_NC_045512_2_F0.02_R3_3076	NC_012920.1	100.000	150	150	1.58e-77	278
POS_NC_045512_2_F0.02_R3_3077	NC_012920.1	100.000	150	150	1.58e-77	278
POS_NC_045512_2_F0.02_R3_3078	NC_012920.1	100.000	150	150	1.58e-77	278
POS_NC_045512_2_F0.02_R3_3079	NC_012920.1	99.333	150	150	7.34e-76	272
POS_NC_045512_2_F0.02_R3_3080	NC_012920.1	100.000	150	150	1.58e-77	278
POS_NC_045512_2_F0.02_R3_3081	NC_012920.1	100.000	150	150	1.58e-77	278
POS_NC_045512_2_F0.02_R3_3082	NC_012920.1	99.333	150	150	7.34e-76	272
POS_NC_045512_2_F0.02_R3_3083	NC_012920.1	99.333	150	150	7.34e-76	272
POS_NC_045512_2_F0.02_R3_3084	NC_012920.1	98.667	150	150	3.42e-74	267
POS_NC_045512_2_F0.02_R3_3085	NC_012920.1	100.000	150	150	1.58e-77	278
POS_NC_045512_2_F0.02_R3_3086	NC_012920.1	100.000	150	150	1.58e-77	278
POS_NC_045512_2_F0.02_R3_3087	NC_012920.1	100.000	150	150	1.58e-77	278
POS_NC_045512_2_F0.02_R3_3088	NC_012920.1	100.000	150	150	1.58e-77	278
POS_NC_045512_2_F0.02_R3_3089	NC_012920.1	100.000	150	150	1.58e-77	278
POS_NC_045512_2_F0.02_R3_3090	NC_012920.1	99.333	150	150	7.34e-76	272
POS_NC_045512_2_F0.02_R3_3091	NC_012920.1	100.000	150	150	1.58e-77	278
POS_NC_045512_2_F0.02_R3_3092	NC_012920.1	99.333	150	150	7.34e-76	272
POS_NC_045512_2_F0.02_R3_3093	NC_012920.1	99.333	150	150	7.34e-76	272
POS_NC_045512_2_F0.02_R3_3094	NC_012920.1	100.000	150	150	1.58e-77	278
POS_NC_045512_2_F0.02_R3_3095	NC_012920.1	100.000	150	150	1.58e-77	278
POS_NC_045512_2_F0.02_R3_3096	NC_012920.1	100.000	150	150	1.58e-77	278
POS_NC_045512_2_F0.02_R3_3097	NC_012920.1	99.333	150	150	7.34e-76	272
POS_NC_045512_2_F0.02_R3_3098	NC_012920.1	100.000	150	150	1.58e-77	278
POS_NC_045512_2_F0.02_R3_3099	NC_012920.1	100.000	150	150	1.58e-77	278
POS_NC_045512_2_F0.02_R3_3100	NC_012920.1	100.000	150	150	1.58e-77	278
POS_NC_045512_2_F0.02_R3_3101	NC_012920.1	100.000	150	150	1.58e-77	278
POS_NC_045512_2_F0.02_R3_3102	NC_012920.1	100.000	150	150	1.58e-77	278
POS_NC_045512_2_F0.02_R3_3103	NC_012920.1	98.667	150	150	3.42e-74	267
POS_NC_045512_2_F0.02_R3_3104	NC_012920.1	100.000	150	150	1.58e-77	278
POS_NC_045512_2_F0.02_R3_3105	NC_012920.1	99.333	150	150	7.34e-76	272
POS_NC_045512_2_F0.02_R3_3106	NC_012920.1	100.000	150	150	1.58e-77	278
POS_NC_045512_2_F0.02_R3_3107	NC_012920.1	100.000	150	150	1.58e-77	278
POS_NC_045512_2_F0.02_R3_3108	NC_012920.1	99.333	150	150	7.34e-76	272
POS_NC_045512_2_F0.02_R3_3109	NC_012920.1	99.333	150	150	7.34e-76	272
POS_NC_045512_2_F0.02_R3_3110	NC_012920.1	100.000	150	150	1.58e-77	278
POS_NC_045512_2_F0.02_R3_3111	NC_012920.1	99.333	150	150	7.34e-76	272
POS_NC_045512_2_F0.02_R3_3112	NC_012920.1	100.000	150	150	1.58e-77	278
POS_NC_045512_2_F0.02_R3_3113	NC_012920.1	100.000	150	150	1.58e-77	278
POS_NC_045512_2_F0.02_R3_3114	NC_012920.1	100.000	150	150	1.58e-77	278
POS_NC_045512_2_F0.02_R3_3115	NC_012920.1	99.333	150	150	7.34e-76	272
POS_NC_045512_2_F0.02_R3_3116	NC_012920.1	100.000	150	150	1.58e-77	278
POS_NC_045512_2_F0.02_R3_3117	NC_012920.1	100.000	150	150	1.58e-77	278
POS_NC_045512_2_F0.02_R3_3118	NC_012920.1	100.000	150	150	1.58e-77	278
POS_NC_045512_2_F0.02_R3_3119	NC_012920.1	100.000	150	150	1.58e-77	278
POS_NC_045512_2_F0.02_R3_3120	NC_012920.1	100.000	150	150	1.58e-77	278
POS_NC_045512_2_F0.02_R3_3121	NC_012920.1	100.000	150	150	1.58e-77	278
POS_NC_045512_2_F0.02_R3_3122	NC_012920.1	100.000	150	150	2.04e-76	274
POS_NC_045512_2_F0.02_R3_3123	NC_012920.1	100.000	150	150	1.58e-77	278
POS_NC_045512_2_F0.02_R3_3124	NC_012920.1	100.000	150	150	1.58e-77	278
POS_NC_045512_2_F0.02_R3_3125	NC_012920.1	100.000	150	150	1.58e-77	278
POS_NC_045512_2_F0.02_R3_3126	NC_012920.1	99.333	150	150	7.34e-76	272
POS_NC_045512_2_F0.02_R3_3127	NC_012920.1	100.000	150	150	1.58e-77	278
POS_NC_045512_2_F0.02_R3_3128	NC_012920.1	99.333	150	150	7.34e-76	272
POS_NC_045512_2_F0.02_R3_3129	NC_012920.1	100.000	150	150	1.58e-77	278
POS_NC_045512_2_F0.02_R3_3130	NC_012920.1	100.000	150	150	1.58e-77	278
POS_NC_045512_2_F0.02_R3_3131	NC_012920.1	100.000	150	150	1.58e-77	278
POS_NC_045512_2_F0.02_R3_3132	NC_012920.1	100.000	148	150	2.04e-76	274
POS_NC_045512_2_F0.02_R3_3133	NC_012920.1	100.000	150	150	1.58e-77	278
POS_NC_045512_2_F0.02_R3_3134	NC_012920.1	100.000	150	150	1.58e-77	278
POS_NC_045512_2_F0.02_R3_3135	NC_012920.1	100.000	150	150	1.58e-77	278
POS_NC_045512_2_F0.02_R3_3136	NC_012920.1	100.000	150	150	1.58e-77	278
POS_NC_045512_2_F0.02_R3_3137	NC_012920.1	100.000	150	150	1.58e-77	278
POS_NC_045512_2_F0.02_R3_3138	NC_012920.1	100.000	150	150	1.58e-77	278
POS_NC_045512_2_F0.02_R3_3139	NC_012920.1	100.000	150	150	1.58e-77	278
POS_NC_045512_2_F0.02_R3_3140	NC_012920.1	100.000	150	150	1.58e-77	278
POS_NC_045512_2_F0.02_R3_3141	NC_012920.1	99.333	150	150	7.34e-76	272
POS_NC_045512_2_F0.02_R3_3142	NC_012920.1	98.667	150	150	3.42e-74	267
POS_NC_045512_2_F0.02_R3_3143	NC_012920.1	99.333	150	150	7.34e-76	272
POS_NC_045512_2_F0.02_R3_3144	NC_012920.1	100.000	150	150	1.58e-77	278
POS_NC_045512_2_F0.02_R3_3145	NC_012920.1	100.000	150	150	1.58e-77	278
POS_NC_045512_2_F0.02_R3_3146	NC_012920.1	100.000	150	150	1.58e-77	278
POS_NC_045512_2_F0.02_R3_3147	NC_012920.1	99.333	150	150	7.34e-76	272
POS_NC_045512_2_F0.02_R3_3148	NC_012920.1	100.000	150	150	1.58e-77	278
POS_NC_045512_2_F0.02_R3_3149	NC_012920.1	100.000	150	150	1.58e-77	278
POS_NC_045512_2_F0.02_R3_3150	NC_012920.1	100.000	150	150	1.58e-77	278
POS_NC_045512_2_F0.02_R3_3151	NC_012920.1	100.000	150	150	1.58e-77	278
POS_NC_045512_2_F0.02_R3_3152	NC_012920.1	100.000	150	150	1.58e-77	278
POS_NC_045512_2_F0.02_R3_3153	NC_012920.1	100.000	150	150	1.58e-77	278
POS_NC_045512_2_F0.02_R3_3154	NC_012920.1	100.000	150	150	1.58e-77	278
POS_NC_045512_2_F0.02_R3_3155	NC_012920.1	100.000	150	150	1.58e-77	278
POS_NC_045512_2_F0.02_R3_3156	NC_012920.1	100.000	150	150	1.58e-77	278
POS_NC_045512_2_F0.02_R3_3157	NC_012920.1	100.000	150	150	1.58e-77	278
POS_NC_045512_2_F0.02_R3_3158	NC_012920.1	99.333	150	150	7.34e-76	272
POS_NC_045512_2_F0.02_R3_3159	NC_012920.1	100.000	150	150	1.58e-77	278
POS_NC_045512_2_F0.02_R3_3160	NC_012920.1	100.000	150	150	1.58e-77	278
POS_NC_045512_2_F0.02_R3_3161	NC_012920.1	100.000	150	150	1.58e-77	278
POS_NC_045512_2_F0.02_R3_3162	NC_012920.1	99.333	150	150	7.34e-76	272
POS_NC_045512_2_F0.02_R3_3163	NC_012920.1	100.000	150	150	1.58e-77	278
POS_NC_045512_2_F0.02_R3_3164	NC_012920.1	100.000	150	150	1.58e-77	278
POS_NC_045512_2_F0.02_R3_3165	NC_012920.1	100.000	150	150	1.58e-77	278
POS_NC_045512_2_F0.02_R3_3166	NC_012920.1	100.000	150	150	1.58e-77	278
POS_NC_045512_2_F0.02_R3_3167	NC_012920.1	100.000	149	150	5.68e-77	276
POS_NC_045512_2_F0.02_R3_3168	NC_012920.1	100.000	150	150	1.58e-77	278
POS_NC_045512_2_F0.02_R3_3169	NC_012920.1	100.000	150	150	1.58e-77	278
POS_NC_045512_2_F0.02_R3_3170	NC_012920.1	100.000	150	150	1.58e-77	278
POS_NC_045512_2_F0.02_R3_3171	NC_012920.1	100.000	150	150	1.58e-77	278
POS_NC_045512_2_F0.02_R3_3172	NC_012920.1	100.000	150	150	1.58e-77	278
POS_NC_045512_2_F0.02_R3_3173	NC_012920.1	100.000	150	150	1.58e-77	278
POS_NC_045512_2_F0.02_R3_3174	NC_012920.1	99.333	150	150	7.34e-76	272
POS_NC_045512_2_F0.02_R3_3175	NC_012920.1	100.000	150	150	1.58e-77	278
POS_NC_045512_2_F0.02_R3_3176	NC_012920.1	100.000	150	150	1.58e-77	278
POS_NC_045512_2_F0.02_R3_3177	NC_012920.1	98.667	150	150	3.42e-74	267
POS_NC_045512_2_F0.02_R3_3178	NC_012920.1	100.000	150	150	1.58e-77	278
POS_NC_045512_2_F0.02_R3_3179	NC_012920.1	100.000	150	150	1.58e-77	278
POS_NC_045512_2_F0.02_R3_3180	NC_012920.1	99.333	150	150	7.34e-76	272
POS_NC_045512_2_F0.02_R3_3181	NC_012920.1	100.000	150	150	1.58e-77	278
POS_NC_045512_2_F0.02_R3_3182	NC_012920.1	100.000	150	150	1.58e-77	278
POS_NC_045512_2_F0.02_R3_3183	NC_012920.1	100.000	150	150	1.58e-77	278
POS_NC_045512_2_F0.02_R3_3184	NC_012920.1	100.000	150	150	1.58e-77	278
POS_NC_045512_2_F0.02_R3_3185	NC_012920.1	100.000	150	150	1.58e-77	278
POS_NC_045512_2_F0.02_R3_3186	NC_012920.1	99.333	150	150	7.34e-76	272
POS_NC_045512_2_F0.02_R3_3187	NC_012920.1	100.000	150	150	1.58e-77	278
POS_NC_045512_2_F0.02_R3_3188	NC_012920.1	100.000	150	150	1.58e-77	278
POS_NC_045512_2_F0.02_R3_3189	NC_012920.1	100.000	150	150	1.58e-77	278
POS_NC_045512_2_F0.02_R3_3190	NC_012920.1	100.000	150	150	1.58e-77	278
POS_NC_045512_2_F0.02_R3_3191	NC_012920.1	100.000	150	150	1.58e-77	278
POS_NC_045512_2_F0.02_R3_3192	NC_012920.1	99.333	150	150	7.34e-76	272
POS_NC_045512_2_F0.02_R3_3193	NC_012920.1	100.000	150	150	1.58e-77	278
POS_NC_045512_2_F0.02_R3_3194	NC_012920.1	100.000	150	150	1.58e-77	278
POS_NC_045512_2_F0.02_R3_3195	NC_012920.1	100.000	150	150	1.58e-77	278
POS_NC_045512_2_F0.02_R3_3196	NC_012920.1	100.000	148	150	2.04e-76	274
POS_NC_045512_2_F0.02_R3_3197	NC_012920.1	100.000	150	150	1.58e-77	278
POS_NC_045512_2_F0.02_R3_3198	NC_012920.1	100.000	150	150	1.58e-77	278
POS_NC_045512_2_F0.02_R3_3199	NC_012920.1	100.000	150	150	1.58e-77	278
POS_NC_045512_2_F0.02_R3_3200	NC_012920.1	100.000	150	150	1.58e-77	278
POS_NC_045512_2_F0.02_R3_3201	NC_012920.1	100.000	150	150	1.58e-77	278
POS_NC_045512_2_F0.02_R3_3202	NC_012920.1	100.000	150	150	1.58e-77	278
POS_NC_045512_2_F0.02_R3_3203	NC_012920.1	100.000	150	150	1.58e-77	278
POS_NC_045512_2_F0.02_R3_3204	NC_012920.1	98.667	150	150	3.42e-74	267
POS_NC_045512_2_F0.02_R3_3205	NC_012920.1	99.333	150	150	7.34e-76	272
POS_NC_045512_2_F0.02_R3_3206	NC_012920.1	100.000	150	150	1.58e-77	278
POS_NC_045512_2_F0.02_R3_3207	NC_012920.1	100.000	150	150	1.58e-77	278
POS_NC_045512_2_F0.02_R3_3208	NC_012920.1	100.000	150	150	1.58e-77	278
POS_NC_045512_2_F0.02_R3_3209	NC_012920.1	100.000	150	150	1.58e-77	278
POS_NC_045512_2_F0.02_R3_3210	NC_012920.1	100.000	150	150	1.58e-77	278
POS_NC_045512_2_F0.02_R3_3211	NC_012920.1	100.000	150	150	1.58e-77	278
POS_NC_045512_2_F0.02_R3_3212	NC_012920.1	100.000	150	150	1.58e-77	278
POS_NC_045512_2_F0.02_R3_3213	NC_012920.1	100.000	150	150	1.58e-77	278
POS_NC_045512_2_F0.02_R3_3214	NC_012920.1	100.000	150	150	1.58e-77	278
POS_NC_045512_2_F0.02_R3_3215	NC_012920.1	100.000	150	150	1.58e-77	278
POS_NC_045512_2_F0.02_R3_3216	NC_012920.1	100.000	150	150	1.58e-77	278
POS_NC_045512_2_F0.02_R3_3217	NC_012920.1	100.000	150	150	1.58e-77	278
POS_NC_045512_2_F0.02_R3_3218	NC_012920.1	100.000	150	150	1.58e-77	278
POS_NC_045512_2_F0.02_R3_3219	NC_012920.1	99.333	150	150	7.34e-76	272
POS_NC_045512_2_F0.02_R3_3220	NC_012920.1	100.000	150	150	1.58e-77	278
POS_NC_045512_2_F0.02_R3_3221	NC_012920.1	100.000	150	150	1.58e-77	278
POS_NC_045512_2_F0.02_R3_3222	NC_012920.1	98.667	150	150	3.42e-74	267
POS_NC_045512_2_F0.02_R3_3223	NC_012920.1	99.333	150	150	7.34e-76	272
POS_NC_045512_2_F0.02_R3_3224	NC_012920.1	100.000	150	150	1.58e-77	278
POS_NC_045512_2_F0.02_R3_3225	NC_012920.1	100.000	150	150	1.58e-77	278
POS_NC_045512_2_F0.02_R3_3226	NC_012920.1	100.000	150	150	1.58e-77	278
POS_NC_045512_2_F0.02_R3_3227	NC_012920.1	100.000	150	150	1.58e-77	278
POS_NC_045512_2_F0.02_R3_3228	NC_012920.1	99.333	150	150	7.34e-76	272
POS_NC_045512_2_F0.02_R3_3229	NC_012920.1	100.000	150	150	1.58e-77	278
POS_NC_045512_2_F0.02_R3_3230	NC_012920.1	100.000	150	150	2.04e-76	274
POS_NC_045512_2_F0.02_R3_3231	NC_012920.1	100.000	150	150	1.58e-77	278
POS_NC_045512_2_F0.02_R3_3232	NC_012920.1	100.000	150	150	1.58e-77	278
POS_NC_045512_2_F0.02_R3_3233	NC_012920.1	100.000	150	150	1.58e-77	278
POS_NC_045512_2_F0.02_R3_3234	NC_012920.1	100.000	150	150	1.58e-77	278
POS_NC_045512_2_F0.02_R3_3235	NC_012920.1	100.000	150	150	1.58e-77	278
POS_NC_045512_2_F0.02_R3_3236	NC_012920.1	100.000	150	150	1.58e-77	278
POS_NC_045512_2_F0.02_R3_3237	NC_012920.1	100.000	150	150	1.58e-77	278
POS_NC_045512_2_F0.02_R3_3238	NC_012920.1	100.000	150	150	1.58e-77	278
POS_NC_045512_2_F0.02_R3_3239	NC_012920.1	100.000	150	150	1.58e-77	278
POS_NC_045512_2_F0.02_R3_3240	NC_012920.1	100.000	150	150	1.58e-77	278
POS_NC_045512_2_F0.02_R3_3241	NC_012920.1	98.667	150	150	3.42e-74	267
POS_NC_045512_2_F0.02_R3_3242	NC_012920.1	100.000	150	150	1.58e-77	278
POS_NC_045512_2_F0.02_R3_3243	NC_012920.1	99.333	150	150	7.34e-76	272
POS_NC_045512_2_F0.02_R3_3244	NC_012920.1	100.000	150	150	1.58e-77	278
POS_NC_045512_2_F0.02_R3_3245	NC_012920.1	100.000	150	150	1.58e-77	278
POS_NC_045512_2_F0.02_R3_3246	NC_012920.1	100.000	150	150	1.58e-77	278
POS_NC_045512_2_F0.02_R3_3247	NC_012920.1	100.000	150	150	1.58e-77	278
POS_NC_045512_2_F0.02_R3_3248	NC_012920.1	100.000	150	150	1.58e-77	278
POS_NC_045512_2_F0.02_R3_3249	NC_012920.1	100.000	150	150	1.58e-77	278
POS_NC_045512_2_F0.02_R3_3250	NC_012920.1	100.000	150	150	1.58e-77	278
POS_NC_045512_2_F0.02_R3_3251	NC_012920.1	100.000	150	150	1.58e-77	278
POS_NC_045512_2_F0.02_R3_3252	NC_012920.1	100.000	150	150	1.58e-77	278
POS_NC_045512_2_F0.02_R3_3253	NC_012920.1	99.333	150	150	7.34e-76	272
POS_NC_045512_2_F0.02_R3_3254	NC_012920.1	100.000	150	150	1.58e-77	278
POS_NC_045512_2_F0.02_R3_3255	NC_012920.1	100.000	150	150	1.58e-77	278
POS_NC_045512_2_F0.02_R3_3256	NC_012920.1	100.000	150	150	1.58e-77	278
POS_NC_045512_2_F0.02_R3_3257	NC_012920.1	100.000	150	150	1.58e-77	278
POS_NC_045512_2_F0.02_R3_3258	NC_012920.1	100.000	150	150	1.58e-77	278
POS_NC_045512_2_F0.02_R3_3259	NC_012920.1	100.000	150	150	1.58e-77	278
POS_NC_045512_2_F0.02_R3_3260	NC_012920.1	100.000	150	150	1.58e-77	278
POS_NC_045512_2_F0.02_R3_3261	NC_012920.1	99.333	150	150	7.34e-76	272
POS_NC_045512_2_F0.02_R3_3262	NC_012920.1	100.000	150	150	1.58e-77	278
POS_NC_045512_2_F0.02_R3_3263	NC_012920.1	100.000	150	150	1.58e-77	278
POS_NC_045512_2_F0.02_R3_3264	NC_012920.1	100.000	150	150	1.58e-77	278
POS_NC_045512_2_F0.02_R3_3265	NC_012920.1	100.000	150	150	1.58e-77	278
POS_NC_045512_2_F0.02_R3_3266	NC_012920.1	100.000	150	150	1.58e-77	278
POS_NC_045512_2_F0.02_R3_3267	NC_012920.1	100.000	150	150	1.58e-77	278
POS_NC_045512_2_F0.02_R3_3268	NC_012920.1	100.000	150	150	1.58e-77	278
POS_NC_045512_2_F0.02_R3_3269	NC_012920.1	99.333	150	150	7.34e-76	272
POS_NC_045512_2_F0.02_R3_3270	NC_012920.1	99.333	150	150	7.34e-76	272
POS_NC_045512_2_F0.02_R3_3271	NC_012920.1	100.000	150	150	1.58e-77	278
POS_NC_045512_2_F0.02_R3_3272	NC_012920.1	100.000	150	150	1.58e-77	278
POS_NC_045512_2_F0.02_R3_3273	NC_012920.1	99.333	150	150	7.34e-76	272
POS_NC_045512_2_F0.02_R3_3274	NC_012920.1	100.000	150	150	1.58e-77	278
POS_NC_045512_2_F0.02_R3_3275	NC_012920.1	99.333	150	150	7.34e-76	272
POS_NC_045512_2_F0.02_R3_3276	NC_012920.1	100.000	150	150	1.58e-77	278
POS_NC_045512_2_F0.02_R3_3277	NC_012920.1	100.000	150	150	1.58e-77	278
POS_NC_045512_2_F0.02_R3_3278	NC_012920.1	100.000	150	150	1.58e-77	278
POS_NC_045512_2_F0.02_R3_3279	NC_012920.1	100.000	150	150	1.58e-77	278
POS_NC_045512_2_F0.02_R3_3280	NC_012920.1	99.333	150	150	7.34e-76	272
POS_NC_045512_2_F0.02_R3_3281	NC_012920.1	100.000	150	150	1.58e-77	278
POS_NC_045512_2_F0.02_R3_3282	NC_012920.1	100.000	150	150	1.58e-77	278
POS_NC_045512_2_F0.02_R3_3283	NC_012920.1	100.000	150	150	1.58e-77	278
POS_NC_045512_2_F0.02_R3_3284	NC_012920.1	99.333	150	150	7.34e-76	272
POS_NC_045512_2_F0.02_R3_3285	NC_012920.1	100.000	150	150	1.58e-77	278
POS_NC_045512_2_F0.02_R3_3286	NC_012920.1	99.333	150	150	7.34e-76	272
POS_NC_045512_2_F0.02_R3_3287	NC_012920.1	100.000	150	150	1.58e-77	278
POS_NC_045512_2_F0.02_R3_3288	NC_012920.1	98.667	150	150	3.42e-74	267
POS_NC_045512_2_F0.02_R3_3289	NC_012920.1	99.333	150	150	7.34e-76	272
POS_NC_045512_2_F0.02_R3_3290	NC_012920.1	100.000	149	150	5.68e-77	276
POS_NC_045512_2_F0.02_R3_3291	NC_012920.1	100.000	150	150	1.58e-77	278
POS_NC_045512_2_F0.02_R3_3292	NC_012920.1	100.000	150	150	1.58e-77	278
POS_NC_045512_2_F0.02_R3_3293	NC_012920.1	99.333	150	150	7.34e-76	272
POS_NC_045512_2_F0.02_R3_3294	NC_012920.1	100.000	150	150	1.58e-77	278
POS_NC_045512_2_F0.02_R3_3295	NC_012920.1	100.000	150	150	1.58e-77	278
POS_NC_045512_2_F0.02_R3_3296	NC_012920.1	98.667	150	150	3.42e-74	267
POS_NC_045512_2_F0.02_R3_3297	NC_012920.1	99.333	150	150	7.34e-76	272
POS_NC_045512_2_F0.02_R3_3298	NC_012920.1	99.333	150	150	7.34e-76	272
POS_NC_045512_2_F0.02_R3_3299	NC_012920.1	100.000	150	150	1.58e-77	278
POS_NC_045512_2_F0.02_R3_3300	NC_012920.1	100.000	150	150	1.58e-77	278
POS_NC_045512_2_F0.02_R3_3301	NC_012920.1	100.000	150	150	1.58e-77	278
POS_NC_045512_2_F0.02_R3_3302	NC_012920.1	100.000	150	150	1.58e-77	278
POS_NC_045512_2_F0.02_R3_3303	NC_012920.1	100.000	150	150	1.58e-77	278
POS_NC_045512_2_F0.02_R3_3304	NC_012920.1	99.333	150	150	7.34e-76	272
POS_NC_045512_2_F0.02_R3_3305	NC_012920.1	98.667	150	150	3.42e-74	267
POS_NC_045512_2_F0.02_R3_3306	NC_012920.1	100.000	150	150	1.58e-77	278
POS_NC_045512_2_F0.02_R3_3307	NC_012920.1	99.333	150	150	7.34e-76	272
POS_NC_045512_2_F0.02_R3_3308	NC_012920.1	100.000	150	150	1.58e-77	278
POS_NC_045512_2_F0.02_R3_3309	NC_012920.1	100.000	150	150	1.58e-77	278
POS_NC_045512_2_F0.02_R3_3310	NC_012920.1	100.000	150	150	1.58e-77	278
POS_NC_045512_2_F0.02_R3_3311	NC_012920.1	100.000	150	150	1.58e-77	278
POS_NC_045512_2_F0.02_R3_3312	NC_012920.1	99.333	150	150	7.34e-76	272
POS_NC_045512_2_F0.02_R3_3313	NC_012920.1	100.000	150	150	1.58e-77	278
POS_NC_045512_2_F0.02_R3_3314	NC_012920.1	100.000	150	150	1.58e-77	278
POS_NC_045512_2_F0.02_R3_3315	NC_012920.1	100.000	150	150	1.58e-77	278
POS_NC_045512_2_F0.02_R3_3316	NC_012920.1	100.000	150	150	1.58e-77	278
POS_NC_045512_2_F0.02_R3_3317	NC_012920.1	100.000	150	150	1.58e-77	278
POS_NC_045512_2_F0.02_R3_3318	NC_012920.1	100.000	150	150	1.58e-77	278
POS_NC_045512_2_F0.02_R3_3319	NC_012920.1	100.000	150	150	1.58e-77	278
POS_NC_045512_2_F0.02_R3_3320	NC_012920.1	100.000	150	150	1.58e-77	278
POS_NC_045512_2_F0.02_R3_3321	NC_012920.1	99.333	150	150	7.34e-76	272
POS_NC_045512_2_F0.02_R3_3322	NC_012920.1	100.000	150	150	1.58e-77	278
POS_NC_045512_2_F0.02_R3_3323	NC_012920.1	100.000	150	150	1.58e-77	278
POS_NC_045512_2_F0.02_R3_3324	NC_012920.1	100.000	150	150	1.58e-77	278
POS_NC_045512_2_F0.02_R3_3325	NC_012920.1	100.000	150	150	1.58e-77	278
POS_NC_045512_2_F0.02_R3_3326	NC_012920.1	99.333	150	150	7.34e-76	272
POS_NC_045512_2_F0.02_R3_3327	NC_012920.1	100.000	150	150	1.58e-77	278
POS_NC_045512_2_F0.02_R3_3328	NC_012920.1	100.000	150	150	1.58e-77	278
POS_NC_045512_2_F0.02_R3_3329	NC_012920.1	100.000	150	150	1.58e-77	278
POS_NC_045512_2_F0.02_R3_3330	NC_012920.1	100.000	150	150	1.58e-77	278
POS_NC_045512_2_F0.02_R3_3331	NC_012920.1	99.333	150	150	7.34e-76	272
POS_NC_045512_2_F0.02_R3_3332	NC_012920.1	100.000	150	150	1.58e-77	278
POS_NC_045512_2_F0.02_R3_3333	NC_012920.1	100.000	150	150	1.58e-77	278
POS_NC_045512_2_F0.02_R3_3334	NC_012920.1	100.000	150	150	1.58e-77	278
POS_NC_045512_2_F0.02_R3_3335	NC_012920.1	100.000	150	150	1.58e-77	278
POS_NC_045512_2_F0.02_R3_3336	NC_012920.1	100.000	150	150	1.58e-77	278
POS_NC_045512_2_F0.02_R3_3337	NC_012920.1	99.333	150	150	7.34e-76	272
POS_NC_045512_2_F0.02_R3_3338	NC_012920.1	100.000	150	150	1.58e-77	278
POS_NC_045512_2_F0.02_R3_3339	NC_012920.1	100.000	150	150	1.58e-77	278
POS_NC_045512_2_F0.02_R3_3340	NC_012920.1	100.000	150	150	1.58e-77	278
POS_NC_045512_2_F0.02_R3_3341	NC_012920.1	100.000	150	150	1.58e-77	278
POS_NC_045512_2_F0.02_R3_3342	NC_012920.1	100.000	150	150	1.58e-77	278
POS_NC_045512_2_F0.02_R3_3343	NC_012920.1	100.000	150	150	1.58e-77	278
POS_NC_045512_2_F0.02_R3_3344	NC_012920.1	100.000	150	150	1.58e-77	278
POS_NC_045512_2_F0.02_R3_3345	NC_012920.1	100.000	150	150	1.58e-77	278
POS_NC_045512_2_F0.02_R3_3346	NC_012920.1	100.000	150	150	1.58e-77	278
POS_NC_045512_2_F0.02_R3_3347	NC_012920.1	100.000	150	150	1.58e-77	278
POS_NC_045512_2_F0.02_R3_3348	NC_012920.1	100.000	150	150	1.58e-77	278
POS_NC_045512_2_F0.02_R3_3349	NC_012920.1	100.000	150	150	1.58e-77	278
POS_NC_045512_2_F0.02_R3_3350	NC_012920.1	100.000	150	150	1.58e-77	278
POS_NC_045512_2_F0.02_R3_3351	NC_012920.1	100.000	150	150	1.58e-77	278
POS_NC_045512_2_F0.02_R3_3352	NC_012920.1	99.333	150	150	7.34e-76	272
POS_NC_045512_2_F0.02_R3_3353	NC_012920.1	100.000	150	150	1.58e-77	278
POS_NC_045512_2_F0.02_R3_3354	NC_012920.1	100.000	150	150	1.58e-77	278
POS_NC_045512_2_F0.02_R3_3355	NC_012920.1	100.000	150	150	1.58e-77	278
POS_NC_045512_2_F0.02_R3_3356	NC_012920.1	100.000	150	150	1.58e-77	278
POS_NC_045512_2_F0.02_R3_3357	NC_012920.1	100.000	150	150	1.58e-77	278
POS_NC_045512_2_F0.02_R3_3358	NC_012920.1	99.333	150	150	7.34e-76	272
POS_NC_045512_2_F0.02_R3_3359	NC_012920.1	100.000	150	150	1.58e-77	278
POS_NC_045512_2_F0.02_R3_3360	NC_012920.1	100.000	150	150	1.58e-77	278
POS_NC_045512_2_F0.02_R3_3361	NC_012920.1	100.000	150	150	1.58e-77	278
POS_NC_045512_2_F0.02_R3_3362	NC_012920.1	100.000	150	150	1.58e-77	278
POS_NC_045512_2_F0.02_R3_3363	NC_012920.1	99.333	150	150	7.34e-76	272
POS_NC_045512_2_F0.02_R3_3364	NC_012920.1	99.333	150	150	7.34e-76	272
POS_NC_045512_2_F0.02_R3_3365	NC_012920.1	100.000	150	150	1.58e-77	278
POS_NC_045512_2_F0.02_R3_3366	NC_012920.1	100.000	150	150	1.58e-77	278
POS_NC_045512_2_F0.02_R3_3367	NC_012920.1	100.000	150	150	1.58e-77	278
POS_NC_045512_2_F0.02_R3_3368	NC_012920.1	100.000	150	150	1.58e-77	278
POS_NC_045512_2_F0.02_R3_3369	NC_012920.1	99.333	150	150	7.34e-76	272
POS_NC_045512_2_F0.02_R3_3370	NC_012920.1	99.333	150	150	7.34e-76	272
POS_NC_045512_2_F0.02_R3_3371	NC_012920.1	100.000	150	150	1.58e-77	278
POS_NC_045512_2_F0.02_R3_3372	NC_012920.1	100.000	150	150	1.58e-77	278
POS_NC_045512_2_F0.02_R3_3373	NC_012920.1	99.333	150	150	7.34e-76	272
POS_NC_045512_2_F0.02_R3_3374	NC_012920.1	100.000	150	150	1.58e-77	278
POS_NC_045512_2_F0.02_R3_3375	NC_012920.1	99.333	150	150	7.34e-76	272
POS_NC_045512_2_F0.02_R3_3376	NC_012920.1	100.000	150	150	1.58e-77	278
POS_NC_045512_2_F0.02_R3_3377	NC_012920.1	100.000	150	150	1.58e-77	278
POS_NC_045512_2_F0.02_R3_3378	NC_012920.1	100.000	150	150	1.58e-77	278
POS_NC_045512_2_F0.02_R3_3379	NC_012920.1	100.000	150	150	1.58e-77	278
POS_NC_045512_2_F0.02_R3_3380	NC_012920.1	100.000	150	150	1.58e-77	278
POS_NC_045512_2_F0.02_R3_3381	NC_012920.1	100.000	150	150	1.58e-77	278
POS_NC_045512_2_F0.02_R3_3382	NC_012920.1	99.333	150	150	7.34e-76	272
POS_NC_045512_2_F0.02_R3_3383	NC_012920.1	99.333	150	150	7.34e-76	272
POS_NC_045512_2_F0.02_R3_3384	NC_012920.1	99.333	150	150	7.34e-76	272
POS_NC_045512_2_F0.02_R3_3385	NC_012920.1	100.000	150	150	1.58e-77	278
POS_NC_045512_2_F0.02_R3_3386	NC_012920.1	99.333	150	150	7.34e-76	272
POS_NC_045512_2_F0.02_R3_3387	NC_012920.1	99.333	150	150	7.34e-76	272
POS_NC_045512_2_F0.02_R3_3388	NC_012920.1	100.000	150	150	1.58e-77	278
POS_NC_045512_2_F0.02_R3_3389	NC_012920.1	99.333	150	150	7.34e-76	272
POS_NC_045512_2_F0.02_R3_3390	NC_012920.1	100.000	150	150	1.58e-77	278
POS_NC_045512_2_F0.02_R3_3391	NC_012920.1	100.000	150	150	1.58e-77	278
POS_NC_045512_2_F0.02_R3_3392	NC_012920.1	99.333	150	150	7.34e-76	272
POS_NC_045512_2_F0.02_R3_3393	NC_012920.1	100.000	150	150	1.58e-77	278
POS_NC_045512_2_F0.02_R3_3394	NC_012920.1	100.000	150	150	1.58e-77	278
POS_NC_045512_2_F0.02_R3_3395	NC_012920.1	100.000	150	150	1.58e-77	278
POS_NC_045512_2_F0.02_R3_3396	NC_012920.1	100.000	150	150	1.58e-77	278
POS_NC_045512_2_F0.02_R3_3397	NC_012920.1	98.667	150	150	3.42e-74	267
POS_NC_045512_2_F0.02_R3_3398	NC_012920.1	100.000	150	150	1.58e-77	278
POS_NC_045512_2_F0.02_R3_3399	NC_012920.1	99.333	150	150	7.34e-76	272
POS_NC_045512_2_F0.02_R3_3400	NC_012920.1	100.000	150	150	1.58e-77	278
POS_NC_045512_2_F0.02_R3_3401	NC_012920.1	100.000	150	150	1.58e-77	278
POS_NC_045512_2_F0.02_R3_3402	NC_012920.1	100.000	150	150	1.58e-77	278
POS_NC_045512_2_F0.02_R3_3403	NC_012920.1	100.000	150	150	1.58e-77	278
POS_NC_045512_2_F0.02_R3_3404	NC_012920.1	100.000	150	150	1.58e-77	278
POS_NC_045512_2_F0.02_R3_3405	NC_012920.1	100.000	150	150	1.58e-77	278
POS_NC_045512_2_F0.02_R3_3406	NC_012920.1	100.000	150	150	1.58e-77	278
POS_NC_045512_2_F0.02_R3_3407	NC_012920.1	100.000	150	150	1.58e-77	278
POS_NC_045512_2_F0.02_R3_3408	NC_012920.1	100.000	150	150	1.58e-77	278
POS_NC_045512_2_F0.02_R3_3409	NC_012920.1	99.333	150	150	7.34e-76	272
POS_NC_045512_2_F0.02_R3_3410	NC_012920.1	99.333	150	150	7.34e-76	272
POS_NC_045512_2_F0.02_R3_3411	NC_012920.1	100.000	150	150	1.58e-77	278
POS_NC_045512_2_F0.02_R3_3412	NC_012920.1	100.000	150	150	1.58e-77	278
POS_NC_045512_2_F0.02_R3_3413	NC_012920.1	100.000	150	150	1.58e-77	278
POS_NC_045512_2_F0.02_R3_3414	NC_012920.1	100.000	150	150	1.58e-77	278
POS_NC_045512_2_F0.02_R3_3415	NC_012920.1	98.667	150	150	3.42e-74	267
POS_NC_045512_2_F0.02_R3_3416	NC_012920.1	99.333	150	150	7.34e-76	272
POS_NC_045512_2_F0.02_R3_3417	NC_012920.1	100.000	150	150	1.58e-77	278
POS_NC_045512_2_F0.02_R3_3418	NC_012920.1	100.000	150	150	1.58e-77	278
POS_NC_045512_2_F0.02_R3_3419	NC_012920.1	100.000	150	150	1.58e-77	278
POS_NC_045512_2_F0.02_R3_3420	NC_012920.1	99.329	149	150	2.64e-75	270
POS_NC_045512_2_F0.02_R3_3421	NC_012920.1	99.333	150	150	7.34e-76	272
POS_NC_045512_2_F0.02_R3_3422	NC_012920.1	100.000	150	150	1.58e-77	278
POS_NC_045512_2_F0.02_R3_3423	NC_012920.1	99.333	150	150	7.34e-76	272
POS_NC_045512_2_F0.02_R3_3424	NC_012920.1	100.000	150	150	1.58e-77	278
POS_NC_045512_2_F0.02_R3_3425	NC_012920.1	99.333	150	150	9.50e-75	268
POS_NC_045512_2_F0.02_R3_3426	NC_012920.1	100.000	150	150	1.58e-77	278
POS_NC_045512_2_F0.02_R3_3427	NC_012920.1	99.333	150	150	7.34e-76	272
POS_NC_045512_2_F0.02_R3_3428	NC_012920.1	100.000	150	150	1.58e-77	278
POS_NC_045512_2_F0.02_R3_3429	NC_012920.1	99.333	150	150	7.34e-76	272
POS_NC_045512_2_F0.02_R3_3430	NC_012920.1	99.333	150	150	7.34e-76	272
POS_NC_045512_2_F0.02_R3_3431	NC_012920.1	100.000	150	150	1.58e-77	278
POS_NC_045512_2_F0.02_R3_3432	NC_012920.1	100.000	150	150	1.58e-77	278
POS_NC_045512_2_F0.02_R3_3433	NC_012920.1	100.000	150	150	1.58e-77	278
POS_NC_045512_2_F0.02_R3_3434	NC_012920.1	100.000	150	150	1.58e-77	278
POS_NC_045512_2_F0.02_R3_3435	NC_012920.1	100.000	150	150	1.58e-77	278
POS_NC_045512_2_F0.02_R3_3436	NC_012920.1	99.333	150	150	7.34e-76	272
POS_NC_045512_2_F0.02_R3_3437	NC_012920.1	99.333	150	150	7.34e-76	272
POS_NC_045512_2_F0.02_R3_3438	NC_012920.1	100.000	150	150	1.58e-77	278
POS_NC_045512_2_F0.02_R3_3439	NC_012920.1	100.000	150	150	1.58e-77	278
POS_NC_045512_2_F0.02_R3_3440	NC_012920.1	100.000	150	150	1.58e-77	278
POS_NC_045512_2_F0.02_R3_3441	NC_012920.1	100.000	150	150	1.58e-77	278
POS_NC_045512_2_F0.02_R3_3442	NC_012920.1	100.000	150	150	1.58e-77	278
POS_NC_045512_2_F0.02_R3_3443	NC_012920.1	99.333	150	150	7.34e-76	272
POS_NC_045512_2_F0.02_R3_3444	NC_012920.1	100.000	150	150	1.58e-77	278
POS_NC_045512_2_F0.02_R3_3445	NC_012920.1	100.000	150	150	1.58e-77	278
POS_NC_045512_2_F0.02_R3_3446	NC_012920.1	99.333	150	150	7.34e-76	272
POS_NC_045512_2_F0.02_R3_3447	NC_012920.1	100.000	150	150	1.58e-77	278
POS_NC_045512_2_F0.02_R3_3448	NC_012920.1	100.000	150	150	1.58e-77	278
POS_NC_045512_2_F0.02_R3_3449	NC_012920.1	99.333	150	150	7.34e-76	272
POS_NC_045512_2_F0.02_R3_3450	NC_012920.1	100.000	150	150	1.58e-77	278
POS_NC_045512_2_F0.02_R3_3451	NC_012920.1	100.000	150	150	1.58e-77	278
POS_NC_045512_2_F0.02_R3_3452	NC_012920.1	100.000	150	150	1.58e-77	278
POS_NC_045512_2_F0.02_R3_3453	NC_012920.1	99.333	150	150	7.34e-76	272
POS_NC_045512_2_F0.02_R3_3454	NC_012920.1	100.000	150	150	1.58e-77	278
POS_NC_045512_2_F0.02_R3_3455	NC_012920.1	99.333	150	150	7.34e-76	272
POS_NC_045512_2_F0.02_R3_3456	NC_012920.1	100.000	150	150	1.58e-77	278
POS_NC_045512_2_F0.02_R3_3457	NC_012920.1	100.000	150	150	1.58e-77	278
POS_NC_045512_2_F0.02_R3_3458	NC_012920.1	100.000	150	150	1.58e-77	278
POS_NC_045512_2_F0.02_R3_3459	NC_012920.1	100.000	150	150	1.58e-77	278
POS_NC_045512_2_F0.02_R3_3460	NC_012920.1	100.000	150	150	1.58e-77	278
POS_NC_045512_2_F0.02_R3_3461	NC_012920.1	100.000	150	150	1.58e-77	278
POS_NC_045512_2_F0.02_R3_3462	NC_012920.1	100.000	150	150	1.58e-77	278
POS_NC_045512_2_F0.02_R3_3463	NC_012920.1	99.333	150	150	7.34e-76	272
POS_NC_045512_2_F0.02_R3_3464	NC_012920.1	100.000	150	150	1.58e-77	278
POS_NC_045512_2_F0.02_R3_3465	NC_012920.1	99.333	150	150	7.34e-76	272
POS_NC_045512_2_F0.02_R3_3466	NC_012920.1	99.333	150	150	9.50e-75	268
POS_NC_045512_2_F0.02_R3_3467	NC_012920.1	100.000	150	150	1.58e-77	278
POS_NC_045512_2_F0.02_R3_3468	NC_012920.1	100.000	150	150	1.58e-77	278
POS_NC_045512_2_F0.02_R3_3469	NC_012920.1	100.000	150	150	1.58e-77	278
POS_NC_045512_2_F0.02_R3_3470	NC_012920.1	100.000	150	150	1.58e-77	278
POS_NC_045512_2_F0.02_R3_3471	NC_012920.1	100.000	150	150	1.58e-77	278
POS_NC_045512_2_F0.02_R3_3472	NC_012920.1	100.000	150	150	1.58e-77	278
POS_NC_045512_2_F0.02_R3_3473	NC_012920.1	100.000	150	150	1.58e-77	278
POS_NC_045512_2_F0.02_R3_3474	NC_012920.1	100.000	150	150	1.58e-77	278
POS_NC_045512_2_F0.02_R3_3475	NC_012920.1	100.000	150	150	1.58e-77	278
POS_NC_045512_2_F0.02_R3_3476	NC_012920.1	100.000	150	150	1.58e-77	278
POS_NC_045512_2_F0.02_R3_3477	NC_012920.1	99.333	150	150	7.34e-76	272
POS_NC_045512_2_F0.02_R3_3478	NC_012920.1	100.000	150	150	1.58e-77	278
POS_NC_045512_2_F0.02_R3_3479	NC_012920.1	100.000	150	150	1.58e-77	278
POS_NC_045512_2_F0.02_R3_3480	NC_012920.1	98.667	150	150	3.42e-74	267
POS_NC_045512_2_F0.02_R3_3481	NC_012920.1	100.000	150	150	1.58e-77	278
POS_NC_045512_2_F0.02_R3_3482	NC_012920.1	100.000	150	150	1.58e-77	278
POS_NC_045512_2_F0.02_R3_3483	NC_012920.1	100.000	150	150	1.58e-77	278
POS_NC_045512_2_F0.02_R3_3484	NC_012920.1	100.000	150	150	1.58e-77	278
POS_NC_045512_2_F0.02_R3_3485	NC_012920.1	100.000	150	150	1.58e-77	278
POS_NC_045512_2_F0.02_R3_3486	NC_012920.1	100.000	150	150	1.58e-77	278
POS_NC_045512_2_F0.02_R3_3487	NC_012920.1	100.000	150	150	1.58e-77	278
POS_NC_045512_2_F0.02_R3_3488	NC_012920.1	100.000	150	150	1.58e-77	278
POS_NC_045512_2_F0.02_R3_3489	NC_012920.1	100.000	150	150	1.58e-77	278
POS_NC_045512_2_F0.02_R3_3490	NC_012920.1	100.000	150	150	1.58e-77	278
POS_NC_045512_2_F0.02_R3_3491	NC_012920.1	99.333	150	150	7.34e-76	272
POS_NC_045512_2_F0.02_R3_3492	NC_012920.1	100.000	150	150	1.58e-77	278
POS_NC_045512_2_F0.02_R3_3493	NC_012920.1	99.333	150	150	7.34e-76	272
POS_NC_045512_2_F0.02_R3_3494	NC_012920.1	100.000	150	150	1.58e-77	278
POS_NC_045512_2_F0.02_R3_3495	NC_012920.1	100.000	150	150	1.58e-77	278
POS_NC_045512_2_F0.02_R3_3496	NC_012920.1	100.000	150	150	1.58e-77	278
POS_NC_045512_2_F0.02_R3_3497	NC_012920.1	100.000	150	150	1.58e-77	278
POS_NC_045512_2_F0.02_R3_3498	NC_012920.1	100.000	150	150	2.04e-76	274
POS_NC_045512_2_F0.02_R3_3499	NC_012920.1	100.000	150	150	1.58e-77	278
POS_NC_045512_2_F0.02_R3_3500	NC_012920.1	100.000	150	150	1.58e-77	278
POS_NC_045512_2_F0.02_R3_3501	NC_012920.1	99.333	150	150	7.34e-76	272
POS_NC_045512_2_F0.02_R3_3502	NC_012920.1	100.000	150	150	1.58e-77	278
POS_NC_045512_2_F0.02_R3_3503	NC_012920.1	100.000	150	150	1.58e-77	278
POS_NC_045512_2_F0.02_R3_3504	NC_012920.1	100.000	150	150	1.58e-77	278
POS_NC_045512_2_F0.02_R3_3505	NC_012920.1	100.000	150	150	1.58e-77	278
POS_NC_045512_2_F0.02_R3_3506	NC_012920.1	99.333	150	150	7.34e-76	272
POS_NC_045512_2_F0.02_R3_3507	NC_012920.1	100.000	150	150	1.58e-77	278
POS_NC_045512_2_F0.02_R3_3508	NC_012920.1	100.000	150	150	1.58e-77	278
POS_NC_045512_2_F0.02_R3_3509	NC_012920.1	100.000	150	150	1.58e-77	278
POS_NC_045512_2_F0.02_R3_3510	NC_012920.1	100.000	150	150	1.58e-77	278
POS_NC_045512_2_F0.02_R3_3511	NC_012920.1	100.000	150	150	1.58e-77	278
POS_NC_045512_2_F0.02_R3_3512	NC_012920.1	100.000	150	150	1.58e-77	278
POS_NC_045512_2_F0.02_R3_3513	NC_012920.1	99.333	150	150	7.34e-76	272
POS_NC_045512_2_F0.02_R3_3514	NC_012920.1	100.000	150	150	1.58e-77	278
POS_NC_045512_2_F0.02_R3_3515	NC_012920.1	100.000	150	150	1.58e-77	278
POS_NC_045512_2_F0.02_R3_3516	NC_012920.1	100.000	150	150	1.58e-77	278
POS_NC_045512_2_F0.02_R3_3517	NC_012920.1	100.000	150	150	1.58e-77	278
POS_NC_045512_2_F0.02_R3_3518	NC_012920.1	100.000	150	150	1.58e-77	278
POS_NC_045512_2_F0.02_R3_3519	NC_012920.1	100.000	150	150	1.58e-77	278
POS_NC_045512_2_F0.02_R3_3520	NC_012920.1	99.333	150	150	7.34e-76	272
POS_NC_045512_2_F0.02_R3_3521	NC_012920.1	100.000	150	150	1.58e-77	278
POS_NC_045512_2_F0.02_R3_3522	NC_012920.1	99.333	150	150	7.34e-76	272
POS_NC_045512_2_F0.02_R3_3523	NC_012920.1	100.000	150	150	1.58e-77	278
POS_NC_045512_2_F0.02_R3_3524	NC_012920.1	99.333	150	150	7.34e-76	272
POS_NC_045512_2_F0.02_R3_3525	NC_012920.1	100.000	150	150	1.58e-77	278
POS_NC_045512_2_F0.02_R3_3526	NC_012920.1	100.000	150	150	1.58e-77	278
POS_NC_045512_2_F0.02_R3_3527	NC_012920.1	100.000	150	150	1.58e-77	278
POS_NC_045512_2_F0.02_R3_3528	NC_012920.1	100.000	150	150	1.58e-77	278
POS_NC_045512_2_F0.02_R3_3529	NC_012920.1	99.333	150	150	7.34e-76	272
POS_NC_045512_2_F0.02_R3_3530	NC_012920.1	100.000	150	150	1.58e-77	278
POS_NC_045512_2_F0.02_R3_3531	NC_012920.1	100.000	150	150	1.58e-77	278
POS_NC_045512_2_F0.02_R3_3532	NC_012920.1	100.000	150	150	1.58e-77	278
POS_NC_045512_2_F0.02_R3_3533	NC_012920.1	100.000	150	150	1.58e-77	278
POS_NC_045512_2_F0.02_R3_3534	NC_012920.1	100.000	150	150	1.58e-77	278
POS_NC_045512_2_F0.02_R3_3535	NC_012920.1	100.000	150	150	1.58e-77	278
POS_NC_045512_2_F0.02_R3_3536	NC_012920.1	99.333	150	150	7.34e-76	272
POS_NC_045512_2_F0.02_R3_3537	NC_012920.1	100.000	150	150	1.58e-77	278
POS_NC_045512_2_F0.02_R3_3538	NC_012920.1	100.000	150	150	1.58e-77	278
POS_NC_045512_2_F0.02_R3_3539	NC_012920.1	100.000	150	150	1.58e-77	278
POS_NC_045512_2_F0.02_R3_3540	NC_012920.1	100.000	150	150	1.58e-77	278
POS_NC_045512_2_F0.02_R3_3541	NC_012920.1	100.000	150	150	1.58e-77	278
POS_NC_045512_2_F0.02_R3_3542	NC_012920.1	100.000	150	150	1.58e-77	278
POS_NC_045512_2_F0.02_R3_3543	NC_012920.1	100.000	150	150	1.58e-77	278
POS_NC_045512_2_F0.02_R3_3544	NC_012920.1	100.000	150	150	1.58e-77	278
POS_NC_045512_2_F0.02_R3_3545	NC_012920.1	100.000	150	150	1.58e-77	278
POS_NC_045512_2_F0.02_R3_3546	NC_012920.1	100.000	150	150	1.58e-77	278
POS_NC_045512_2_F0.02_R3_3547	NC_012920.1	100.000	150	150	1.58e-77	278
POS_NC_045512_2_F0.02_R3_3548	NC_012920.1	100.000	150	150	1.58e-77	278
POS_NC_045512_2_F0.02_R3_3549	NC_012920.1	100.000	150	150	1.58e-77	278
POS_NC_045512_2_F0.02_R3_3550	NC_012920.1	100.000	150	150	1.58e-77	278
POS_NC_045512_2_F0.02_R3_3551	NC_012920.1	100.000	150	150	1.58e-77	278
POS_NC_045512_2_F0.02_R3_3552	NC_012920.1	100.000	150	150	1.58e-77	278
POS_NC_045512_2_F0.02_R3_3553	NC_012920.1	100.000	150	150	1.58e-77	278
POS_NC_045512_2_F0.02_R3_3554	NC_012920.1	100.000	150	150	1.58e-77	278
POS_NC_045512_2_F0.02_R3_3555	NC_012920.1	100.000	150	150	1.58e-77	278
POS_NC_045512_2_F0.02_R3_3556	NC_012920.1	99.333	150	150	7.34e-76	272
POS_NC_045512_2_F0.02_R3_3557	NC_012920.1	100.000	150	150	1.58e-77	278
POS_NC_045512_2_F0.02_R3_3558	NC_012920.1	100.000	150	150	1.58e-77	278
POS_NC_045512_2_F0.02_R3_3559	NC_012920.1	98.667	150	150	3.42e-74	267
POS_NC_045512_2_F0.02_R3_3560	NC_012920.1	100.000	150	150	1.58e-77	278
POS_NC_045512_2_F0.02_R3_3561	NC_012920.1	99.333	150	150	7.34e-76	272
POS_NC_045512_2_F0.02_R3_3562	NC_012920.1	99.333	150	150	7.34e-76	272
POS_NC_045512_2_F0.02_R3_3563	NC_012920.1	100.000	150	150	1.58e-77	278
POS_NC_045512_2_F0.02_R3_3564	NC_012920.1	100.000	150	150	1.58e-77	278
POS_NC_045512_2_F0.02_R3_3565	NC_012920.1	100.000	150	150	1.58e-77	278
POS_NC_045512_2_F0.02_R3_3566	NC_012920.1	100.000	150	150	1.58e-77	278
POS_NC_045512_2_F0.02_R3_3567	NC_012920.1	100.000	150	150	1.58e-77	278
POS_NC_045512_2_F0.02_R3_3568	NC_012920.1	100.000	150	150	1.58e-77	278
POS_NC_045512_2_F0.02_R3_3569	NC_012920.1	100.000	150	150	1.58e-77	278
POS_NC_045512_2_F0.02_R3_3570	NC_012920.1	100.000	150	150	1.58e-77	278
POS_NC_045512_2_F0.02_R3_3571	NC_012920.1	100.000	150	150	1.58e-77	278
POS_NC_045512_2_F0.02_R3_3572	NC_012920.1	98.667	150	150	3.42e-74	267
POS_NC_045512_2_F0.02_R3_3573	NC_012920.1	100.000	150	150	1.58e-77	278
POS_NC_045512_2_F0.02_R3_3574	NC_012920.1	100.000	150	150	1.58e-77	278
POS_NC_045512_2_F0.02_R3_3575	NC_012920.1	100.000	150	150	1.58e-77	278
POS_NC_045512_2_F0.02_R3_3576	NC_012920.1	100.000	150	150	1.58e-77	278
POS_NC_045512_2_F0.02_R3_3577	NC_012920.1	99.333	150	150	7.34e-76	272
POS_NC_045512_2_F0.02_R3_3578	NC_012920.1	99.333	150	150	7.34e-76	272
POS_NC_045512_2_F0.02_R3_3579	NC_012920.1	100.000	150	150	1.58e-77	278
POS_NC_045512_2_F0.02_R3_3580	NC_012920.1	100.000	150	150	1.58e-77	278
POS_NC_045512_2_F0.02_R3_3581	NC_012920.1	100.000	150	150	1.58e-77	278
POS_NC_045512_2_F0.02_R3_3582	NC_012920.1	100.000	150	150	1.58e-77	278
POS_NC_045512_2_F0.02_R3_3583	NC_012920.1	100.000	150	150	1.58e-77	278
POS_NC_045512_2_F0.02_R3_3584	NC_012920.1	100.000	150	150	1.58e-77	278
POS_NC_045512_2_F0.02_R3_3585	NC_012920.1	100.000	150	150	1.58e-77	278
POS_NC_045512_2_F0.02_R3_3586	NC_012920.1	100.000	150	150	1.58e-77	278
POS_NC_045512_2_F0.02_R3_3587	NC_012920.1	100.000	150	150	1.58e-77	278
POS_NC_045512_2_F0.02_R3_3588	NC_012920.1	99.333	150	150	7.34e-76	272
POS_NC_045512_2_F0.02_R3_3589	NC_012920.1	99.333	150	150	7.34e-76	272
POS_NC_045512_2_F0.02_R3_3590	NC_012920.1	100.000	150	150	1.58e-77	278
POS_NC_045512_2_F0.02_R3_3591	NC_012920.1	100.000	150	150	1.58e-77	278
POS_NC_045512_2_F0.02_R3_3592	NC_012920.1	99.333	150	150	7.34e-76	272
POS_NC_045512_2_F0.02_R3_3593	NC_012920.1	100.000	150	150	1.58e-77	278
POS_NC_045512_2_F0.02_R3_3594	NC_012920.1	100.000	150	150	1.58e-77	278
POS_NC_045512_2_F0.02_R3_3595	NC_012920.1	100.000	150	150	1.58e-77	278
POS_NC_045512_2_F0.02_R3_3596	NC_012920.1	100.000	150	150	1.58e-77	278
POS_NC_045512_2_F0.02_R3_3597	NC_012920.1	100.000	150	150	1.58e-77	278
POS_NC_045512_2_F0.02_R3_3598	NC_012920.1	100.000	150	150	1.58e-77	278
POS_NC_045512_2_F0.02_R3_3599	NC_012920.1	100.000	150	150	1.58e-77	278
POS_NC_045512_2_F0.02_R3_3600	NC_012920.1	100.000	150	150	1.58e-77	278
POS_NC_045512_2_F0.02_R3_3601	NC_012920.1	99.333	150	150	7.34e-76	272
POS_NC_045512_2_F0.02_R3_3602	NC_012920.1	100.000	150	150	1.58e-77	278
POS_NC_045512_2_F0.02_R3_3603	NC_012920.1	100.000	150	150	1.58e-77	278
POS_NC_045512_2_F0.02_R3_3604	NC_012920.1	100.000	150	150	1.58e-77	278
POS_NC_045512_2_F0.02_R3_3605	NC_012920.1	100.000	150	150	1.58e-77	278
POS_NC_045512_2_F0.02_R3_3606	NC_012920.1	100.000	150	150	1.58e-77	278
POS_NC_045512_2_F0.02_R3_3607	NC_012920.1	100.000	150	150	1.58e-77	278
POS_NC_045512_2_F0.02_R3_3608	NC_012920.1	100.000	150	150	1.58e-77	278
POS_NC_045512_2_F0.02_R3_3609	NC_012920.1	100.000	150	150	1.58e-77	278
POS_NC_045512_2_F0.02_R3_3610	NC_012920.1	100.000	150	150	1.58e-77	278
POS_NC_045512_2_F0.02_R3_3611	NC_012920.1	100.000	150	150	1.58e-77	278
POS_NC_045512_2_F0.02_R3_3612	NC_012920.1	100.000	150	150	1.58e-77	278
POS_NC_045512_2_F0.02_R3_3613	NC_012920.1	100.000	150	150	1.58e-77	278
POS_NC_045512_2_F0.02_R3_3614	NC_012920.1	100.000	150	150	1.58e-77	278
POS_NC_045512_2_F0.02_R3_3615	NC_012920.1	100.000	150	150	1.58e-77	278
POS_NC_045512_2_F0.02_R3_3616	NC_012920.1	98.667	150	150	3.42e-74	267
POS_NC_045512_2_F0.02_R3_3617	NC_012920.1	100.000	150	150	1.58e-77	278
POS_NC_045512_2_F0.02_R3_3618	NC_012920.1	100.000	150	150	1.58e-77	278
POS_NC_045512_2_F0.02_R3_3619	NC_012920.1	100.000	150	150	1.58e-77	278
POS_NC_045512_2_F0.02_R3_3620	NC_012920.1	100.000	150	150	1.58e-77	278
POS_NC_045512_2_F0.02_R3_3621	NC_012920.1	99.333	150	150	7.34e-76	272
POS_NC_045512_2_F0.02_R3_3622	NC_012920.1	100.000	150	150	1.58e-77	278
POS_NC_045512_2_F0.02_R3_3623	NC_012920.1	100.000	150	150	1.58e-77	278
POS_NC_045512_2_F0.02_R3_3624	NC_012920.1	100.000	150	150	1.58e-77	278
POS_NC_045512_2_F0.02_R3_3625	NC_012920.1	100.000	150	150	1.58e-77	278
POS_NC_045512_2_F0.02_R3_3626	NC_012920.1	100.000	150	150	1.58e-77	278
POS_NC_045512_2_F0.02_R3_3627	NC_012920.1	100.000	150	150	1.58e-77	278
POS_NC_045512_2_F0.02_R3_3628	NC_012920.1	100.000	150	150	1.58e-77	278
POS_NC_045512_2_F0.02_R3_3629	NC_012920.1	100.000	150	150	1.58e-77	278
POS_NC_045512_2_F0.02_R3_3630	NC_012920.1	100.000	150	150	2.04e-76	274
POS_NC_045512_2_F0.02_R3_3631	NC_012920.1	100.000	150	150	1.58e-77	278
POS_NC_045512_2_F0.02_R3_3632	NC_012920.1	100.000	150	150	1.58e-77	278
POS_NC_045512_2_F0.02_R3_3633	NC_012920.1	99.333	150	150	7.34e-76	272
POS_NC_045512_2_F0.02_R3_3634	NC_012920.1	100.000	150	150	1.58e-77	278
POS_NC_045512_2_F0.02_R3_3635	NC_012920.1	99.333	150	150	7.34e-76	272
POS_NC_045512_2_F0.02_R3_3636	NC_012920.1	100.000	150	150	1.58e-77	278
POS_NC_045512_2_F0.02_R3_3637	NC_012920.1	100.000	150	150	1.58e-77	278
POS_NC_045512_2_F0.02_R3_3638	NC_012920.1	99.333	150	150	7.34e-76	272
POS_NC_045512_2_F0.02_R3_3639	NC_012920.1	99.333	150	150	7.34e-76	272
POS_NC_045512_2_F0.02_R3_3640	NC_012920.1	99.333	150	150	7.34e-76	272
POS_NC_045512_2_F0.02_R3_3641	NC_012920.1	100.000	150	150	1.58e-77	278
POS_NC_045512_2_F0.02_R3_3642	NC_012920.1	99.333	150	150	7.34e-76	272
POS_NC_045512_2_F0.02_R3_3643	NC_012920.1	100.000	150	150	1.58e-77	278
POS_NC_045512_2_F0.02_R3_3644	NC_012920.1	100.000	150	150	1.58e-77	278
POS_NC_045512_2_F0.02_R3_3645	NC_012920.1	100.000	150	150	1.58e-77	278
POS_NC_045512_2_F0.02_R3_3646	NC_012920.1	100.000	150	150	1.58e-77	278
POS_NC_045512_2_F0.02_R3_3647	NC_012920.1	100.000	150	150	1.58e-77	278
POS_NC_045512_2_F0.02_R3_3648	NC_012920.1	100.000	150	150	1.58e-77	278
POS_NC_045512_2_F0.02_R3_3649	NC_012920.1	100.000	150	150	1.58e-77	278
POS_NC_045512_2_F0.02_R3_3650	NC_012920.1	100.000	150	150	1.58e-77	278
POS_NC_045512_2_F0.02_R3_3651	NC_012920.1	100.000	150	150	1.58e-77	278
POS_NC_045512_2_F0.02_R3_3652	NC_012920.1	99.333	150	150	7.34e-76	272
POS_NC_045512_2_F0.02_R3_3653	NC_012920.1	100.000	150	150	1.58e-77	278
POS_NC_045512_2_F0.02_R3_3654	NC_012920.1	100.000	150	150	1.58e-77	278
POS_NC_045512_2_F0.02_R3_3655	NC_012920.1	100.000	150	150	1.58e-77	278
POS_NC_045512_2_F0.02_R3_3656	NC_012920.1	99.333	150	150	7.34e-76	272
POS_NC_045512_2_F0.02_R3_3657	NC_012920.1	99.333	150	150	7.34e-76	272
POS_NC_045512_2_F0.02_R3_3658	NC_012920.1	100.000	150	150	1.58e-77	278
POS_NC_045512_2_F0.02_R3_3659	NC_012920.1	100.000	150	150	1.58e-77	278
POS_NC_045512_2_F0.02_R3_3660	NC_012920.1	99.333	150	150	7.34e-76	272
POS_NC_045512_2_F0.02_R3_3661	NC_012920.1	99.333	150	150	7.34e-76	272
POS_NC_045512_2_F0.02_R3_3662	NC_012920.1	100.000	150	150	1.58e-77	278
POS_NC_045512_2_F0.02_R3_3663	NC_012920.1	100.000	150	150	1.58e-77	278
POS_NC_045512_2_F0.02_R3_3664	NC_012920.1	99.333	150	150	7.34e-76	272
POS_NC_045512_2_F0.02_R3_3665	NC_012920.1	99.333	150	150	7.34e-76	272
POS_NC_045512_2_F0.02_R3_3666	NC_012920.1	99.333	150	150	7.34e-76	272
POS_NC_045512_2_F0.02_R3_3667	NC_012920.1	100.000	150	150	1.58e-77	278
POS_NC_045512_2_F0.02_R3_3668	NC_012920.1	100.000	150	150	1.58e-77	278
POS_NC_045512_2_F0.02_R3_3669	NC_012920.1	100.000	150	150	1.58e-77	278
POS_NC_045512_2_F0.02_R3_3670	NC_012920.1	100.000	150	150	1.58e-77	278
POS_NC_045512_2_F0.02_R3_3671	NC_012920.1	100.000	150	150	1.58e-77	278
POS_NC_045512_2_F0.02_R3_3672	NC_012920.1	100.000	150	150	1.58e-77	278
POS_NC_045512_2_F0.02_R3_3673	NC_012920.1	100.000	150	150	1.58e-77	278
POS_NC_045512_2_F0.02_R3_3674	NC_012920.1	100.000	150	150	1.58e-77	278
POS_NC_045512_2_F0.02_R3_3675	NC_012920.1	100.000	150	150	1.58e-77	278
POS_NC_045512_2_F0.02_R3_3676	NC_012920.1	100.000	150	150	1.58e-77	278
POS_NC_045512_2_F0.02_R3_3677	NC_012920.1	100.000	150	150	1.58e-77	278
POS_NC_045512_2_F0.02_R3_3678	NC_012920.1	100.000	150	150	1.58e-77	278
POS_NC_045512_2_F0.02_R3_3679	NC_012920.1	100.000	150	150	1.58e-77	278
POS_NC_045512_2_F0.02_R3_3680	NC_012920.1	99.333	150	150	7.34e-76	272
POS_NC_045512_2_F0.02_R3_3681	NC_012920.1	100.000	150	150	1.58e-77	278
POS_NC_045512_2_F0.02_R3_3682	NC_012920.1	100.000	150	150	1.58e-77	278
POS_NC_045512_2_F0.02_R3_3683	NC_012920.1	100.000	150	150	1.58e-77	278
POS_NC_045512_2_F0.02_R3_3684	NC_012920.1	99.333	150	150	7.34e-76	272
POS_NC_045512_2_F0.02_R3_3685	NC_012920.1	100.000	150	150	1.58e-77	278
POS_NC_045512_2_F0.02_R3_3686	NC_012920.1	100.000	150	150	2.04e-76	274
POS_NC_045512_2_F0.02_R3_3687	NC_012920.1	100.000	150	150	1.58e-77	278
POS_NC_045512_2_F0.02_R3_3688	NC_012920.1	100.000	150	150	1.58e-77	278
POS_NC_045512_2_F0.02_R3_3689	NC_012920.1	100.000	150	150	2.04e-76	274
POS_NC_045512_2_F0.02_R3_3690	NC_012920.1	100.000	150	150	1.58e-77	278
POS_NC_045512_2_F0.02_R3_3691	NC_012920.1	99.333	150	150	7.34e-76	272
POS_NC_045512_2_F0.02_R3_3692	NC_012920.1	100.000	150	150	1.58e-77	278
POS_NC_045512_2_F0.02_R3_3693	NC_012920.1	100.000	150	150	1.58e-77	278
POS_NC_045512_2_F0.02_R3_3694	NC_012920.1	100.000	150	150	1.58e-77	278
POS_NC_045512_2_F0.02_R3_3695	NC_012920.1	100.000	150	150	1.58e-77	278
POS_NC_045512_2_F0.02_R3_3696	NC_012920.1	100.000	150	150	1.58e-77	278
POS_NC_045512_2_F0.02_R3_3697	NC_012920.1	100.000	150	150	1.58e-77	278
POS_NC_045512_2_F0.02_R3_3698	NC_012920.1	100.000	150	150	1.58e-77	278
POS_NC_045512_2_F0.02_R3_3699	NC_012920.1	100.000	150	150	1.58e-77	278
POS_NC_045512_2_F0.02_R3_3700	NC_012920.1	99.333	150	150	7.34e-76	272
POS_NC_045512_2_F0.02_R3_3701	NC_012920.1	99.333	150	150	7.34e-76	272
POS_NC_045512_2_F0.02_R3_3702	NC_012920.1	100.000	150	150	1.58e-77	278
POS_NC_045512_2_F0.02_R3_3703	NC_012920.1	99.333	150	150	7.34e-76	272
POS_NC_045512_2_F0.02_R3_3704	NC_012920.1	100.000	150	150	1.58e-77	278
POS_NC_045512_2_F0.02_R3_3705	NC_012920.1	100.000	150	150	1.58e-77	278
POS_NC_045512_2_F0.02_R3_3706	NC_012920.1	99.329	149	150	2.64e-75	270
POS_NC_045512_2_F0.02_R3_3707	NC_012920.1	99.333	150	150	7.34e-76	272
POS_NC_045512_2_F0.02_R3_3708	NC_012920.1	100.000	150	150	1.58e-77	278
POS_NC_045512_2_F0.02_R3_3709	NC_012920.1	100.000	150	150	1.58e-77	278
POS_NC_045512_2_F0.02_R3_3710	NC_012920.1	99.333	150	150	7.34e-76	272
POS_NC_045512_2_F0.02_R3_3711	NC_012920.1	100.000	150	150	1.58e-77	278
POS_NC_045512_2_F0.02_R3_3712	NC_012920.1	99.333	150	150	7.34e-76	272
POS_NC_045512_2_F0.02_R3_3713	NC_012920.1	100.000	150	150	1.58e-77	278
POS_NC_045512_2_F0.02_R3_3714	NC_012920.1	100.000	150	150	1.58e-77	278
POS_NC_045512_2_F0.02_R3_3715	NC_012920.1	100.000	150	150	1.58e-77	278
POS_NC_045512_2_F0.02_R3_3716	NC_012920.1	100.000	150	150	1.58e-77	278
POS_NC_045512_2_F0.02_R3_3717	NC_012920.1	100.000	150	150	1.58e-77	278
POS_NC_045512_2_F0.02_R3_3718	NC_012920.1	100.000	150	150	1.58e-77	278
POS_NC_045512_2_F0.02_R3_3719	NC_012920.1	99.333	150	150	7.34e-76	272
POS_NC_045512_2_F0.02_R3_3720	NC_012920.1	100.000	150	150	1.58e-77	278
POS_NC_045512_2_F0.02_R3_3721	NC_012920.1	100.000	150	150	1.58e-77	278
POS_NC_045512_2_F0.02_R3_3722	NC_012920.1	100.000	150	150	1.58e-77	278
POS_NC_045512_2_F0.02_R3_3723	NC_012920.1	99.333	150	150	7.34e-76	272
POS_NC_045512_2_F0.02_R3_3724	NC_012920.1	100.000	150	150	1.58e-77	278
POS_NC_045512_2_F0.02_R3_3725	NC_012920.1	100.000	150	150	1.58e-77	278
POS_NC_045512_2_F0.02_R3_3726	NC_012920.1	100.000	150	150	1.58e-77	278
POS_NC_045512_2_F0.02_R3_3727	NC_012920.1	99.333	150	150	7.34e-76	272
POS_NC_045512_2_F0.02_R3_3728	NC_012920.1	99.333	150	150	7.34e-76	272
POS_NC_045512_2_F0.02_R3_3729	NC_012920.1	99.333	150	150	9.50e-75	268
POS_NC_045512_2_F0.02_R3_3730	NC_012920.1	99.333	150	150	7.34e-76	272
POS_NC_045512_2_F0.02_R3_3731	NC_012920.1	100.000	150	150	1.58e-77	278
POS_NC_045512_2_F0.02_R3_3732	NC_012920.1	100.000	150	150	1.58e-77	278
POS_NC_045512_2_F0.02_R3_3733	NC_012920.1	100.000	150	150	1.58e-77	278
POS_NC_045512_2_F0.02_R3_3734	NC_012920.1	99.324	148	150	9.50e-75	268
POS_NC_045512_2_F0.02_R3_3735	NC_012920.1	100.000	150	150	1.58e-77	278
POS_NC_045512_2_F0.02_R3_3736	NC_012920.1	100.000	150	150	1.58e-77	278
POS_NC_045512_2_F0.02_R3_3737	NC_012920.1	100.000	150	150	1.58e-77	278
POS_NC_045512_2_F0.02_R3_3738	NC_012920.1	100.000	150	150	1.58e-77	278
POS_NC_045512_2_F0.02_R3_3739	NC_012920.1	98.000	150	150	1.59e-72	261
POS_NC_045512_2_F0.02_R3_3740	NC_012920.1	100.000	150	150	2.04e-76	274
POS_NC_045512_2_F0.02_R3_3741	NC_012920.1	100.000	150	150	1.58e-77	278
POS_NC_045512_2_F0.02_R3_3742	NC_012920.1	100.000	150	150	1.58e-77	278
POS_NC_045512_2_F0.02_R3_3743	NC_012920.1	99.333	150	150	7.34e-76	272
POS_NC_045512_2_F0.02_R3_3744	NC_012920.1	100.000	150	150	1.58e-77	278
POS_NC_045512_2_F0.02_R3_3745	NC_012920.1	100.000	150	150	1.58e-77	278
POS_NC_045512_2_F0.02_R3_3746	NC_012920.1	100.000	150	150	1.58e-77	278
POS_NC_045512_2_F0.02_R3_3747	NC_012920.1	100.000	150	150	1.58e-77	278
POS_NC_045512_2_F0.02_R3_3748	NC_012920.1	100.000	148	150	2.04e-76	274
POS_NC_045512_2_F0.02_R3_3749	NC_012920.1	100.000	150	150	1.58e-77	278
POS_NC_045512_2_F0.02_R3_3750	NC_012920.1	99.333	150	150	7.34e-76	272
POS_NC_045512_2_F0.02_R3_3751	NC_012920.1	100.000	150	150	1.58e-77	278
POS_NC_045512_2_F0.02_R3_3752	NC_012920.1	100.000	150	150	1.58e-77	278
POS_NC_045512_2_F0.02_R3_3753	NC_012920.1	100.000	150	150	1.58e-77	278
POS_NC_045512_2_F0.02_R3_3754	NC_012920.1	100.000	150	150	1.58e-77	278
POS_NC_045512_2_F0.02_R3_3755	NC_012920.1	99.333	150	150	7.34e-76	272
POS_NC_045512_2_F0.02_R3_3756	NC_012920.1	100.000	150	150	1.58e-77	278
POS_NC_045512_2_F0.02_R3_3757	NC_012920.1	100.000	150	150	1.58e-77	278
POS_NC_045512_2_F0.02_R3_3758	NC_012920.1	100.000	150	150	1.58e-77	278
POS_NC_045512_2_F0.02_R3_3759	NC_012920.1	100.000	150	150	1.58e-77	278
POS_NC_045512_2_F0.02_R3_3760	NC_012920.1	100.000	150	150	1.58e-77	278
POS_NC_045512_2_F0.02_R3_3761	NC_012920.1	99.333	150	150	7.34e-76	272
POS_NC_045512_2_F0.02_R3_3762	NC_012920.1	100.000	150	150	1.58e-77	278
POS_NC_045512_2_F0.02_R3_3763	NC_012920.1	99.333	150	150	7.34e-76	272
POS_NC_045512_2_F0.02_R3_3764	NC_012920.1	99.333	150	150	7.34e-76	272
POS_NC_045512_2_F0.02_R3_3765	NC_012920.1	100.000	150	150	1.58e-77	278
POS_NC_045512_2_F0.02_R3_3766	NC_012920.1	100.000	150	150	1.58e-77	278
POS_NC_045512_2_F0.02_R3_3767	NC_012920.1	100.000	150	150	1.58e-77	278
POS_NC_045512_2_F0.02_R3_3768	NC_012920.1	100.000	150	150	1.58e-77	278
POS_NC_045512_2_F0.02_R3_3769	NC_012920.1	100.000	150	150	1.58e-77	278
POS_NC_045512_2_F0.02_R3_3770	NC_012920.1	100.000	150	150	1.58e-77	278
POS_NC_045512_2_F0.02_R3_3771	NC_012920.1	100.000	150	150	1.58e-77	278
POS_NC_045512_2_F0.02_R3_3772	NC_012920.1	100.000	150	150	1.58e-77	278
POS_NC_045512_2_F0.02_R3_3773	NC_012920.1	100.000	150	150	1.58e-77	278
POS_NC_045512_2_F0.02_R3_3774	NC_012920.1	100.000	150	150	1.58e-77	278
POS_NC_045512_2_F0.02_R3_3775	NC_012920.1	100.000	150	150	1.58e-77	278
POS_NC_045512_2_F0.02_R3_3776	NC_012920.1	100.000	150	150	1.58e-77	278
POS_NC_045512_2_F0.02_R3_3777	NC_012920.1	100.000	150	150	1.58e-77	278
POS_NC_045512_2_F0.02_R3_3778	NC_012920.1	100.000	150	150	1.58e-77	278
POS_NC_045512_2_F0.02_R3_3779	NC_012920.1	99.333	150	150	7.34e-76	272
POS_NC_045512_2_F0.02_R3_3780	NC_012920.1	100.000	150	150	1.58e-77	278
POS_NC_045512_2_F0.02_R3_3781	NC_012920.1	100.000	150	150	1.58e-77	278
POS_NC_045512_2_F0.02_R3_3782	NC_012920.1	100.000	150	150	1.58e-77	278
POS_NC_045512_2_F0.02_R3_3783	NC_012920.1	100.000	150	150	1.58e-77	278
POS_NC_045512_2_F0.02_R3_3784	NC_012920.1	100.000	150	150	1.58e-77	278
POS_NC_045512_2_F0.02_R3_3785	NC_012920.1	99.333	150	150	7.34e-76	272
POS_NC_045512_2_F0.02_R3_3786	NC_012920.1	100.000	150	150	1.58e-77	278
POS_NC_045512_2_F0.02_R3_3787	NC_012920.1	99.333	150	150	7.34e-76	272
POS_NC_045512_2_F0.02_R3_3788	NC_012920.1	100.000	150	150	1.58e-77	278
POS_NC_045512_2_F0.02_R3_3789	NC_012920.1	100.000	150	150	1.58e-77	278
POS_NC_045512_2_F0.02_R3_3790	NC_012920.1	100.000	150	150	1.58e-77	278
POS_NC_045512_2_F0.02_R3_3791	NC_012920.1	100.000	150	150	1.58e-77	278
POS_NC_045512_2_F0.02_R3_3792	NC_012920.1	99.333	150	150	7.34e-76	272
POS_NC_045512_2_F0.02_R3_3793	NC_012920.1	100.000	150	150	1.58e-77	278
POS_NC_045512_2_F0.02_R3_3794	NC_012920.1	100.000	150	150	1.58e-77	278
POS_NC_045512_2_F0.02_R3_3795	NC_012920.1	100.000	150	150	1.58e-77	278
POS_NC_045512_2_F0.02_R3_3796	NC_012920.1	99.333	150	150	7.34e-76	272
POS_NC_045512_2_F0.02_R3_3797	NC_012920.1	99.333	150	150	7.34e-76	272
POS_NC_045512_2_F0.02_R3_3798	NC_012920.1	100.000	150	150	1.58e-77	278
POS_NC_045512_2_F0.02_R3_3799	NC_012920.1	99.333	150	150	7.34e-76	272
POS_NC_045512_2_F0.02_R3_3800	NC_012920.1	100.000	150	150	1.58e-77	278
POS_NC_045512_2_F0.02_R3_3801	NC_012920.1	100.000	150	150	1.58e-77	278
POS_NC_045512_2_F0.02_R3_3802	NC_012920.1	99.333	150	150	7.34e-76	272
POS_NC_045512_2_F0.02_R3_3803	NC_012920.1	99.333	150	150	7.34e-76	272
POS_NC_045512_2_F0.02_R3_3804	NC_012920.1	100.000	150	150	1.58e-77	278
POS_NC_045512_2_F0.02_R3_3805	NC_012920.1	100.000	150	150	1.58e-77	278
POS_NC_045512_2_F0.02_R3_3806	NC_012920.1	99.329	149	150	2.64e-75	270
POS_NC_045512_2_F0.02_R3_3807	NC_012920.1	99.333	150	150	7.34e-76	272
POS_NC_045512_2_F0.02_R3_3808	NC_012920.1	100.000	150	150	1.58e-77	278
POS_NC_045512_2_F0.02_R3_3809	NC_012920.1	100.000	150	150	1.58e-77	278
POS_NC_045512_2_F0.02_R3_3810	NC_012920.1	100.000	149	150	5.68e-77	276
POS_NC_045512_2_F0.02_R3_3811	NC_012920.1	99.333	150	150	7.34e-76	272
POS_NC_045512_2_F0.02_R3_3812	NC_012920.1	100.000	150	150	1.58e-77	278
POS_NC_045512_2_F0.02_R3_3813	NC_012920.1	100.000	150	150	1.58e-77	278
POS_NC_045512_2_F0.02_R3_3814	NC_012920.1	100.000	150	150	1.58e-77	278
POS_NC_045512_2_F0.02_R3_3815	NC_012920.1	100.000	150	150	1.58e-77	278
POS_NC_045512_2_F0.02_R3_3816	NC_012920.1	100.000	150	150	1.58e-77	278
POS_NC_045512_2_F0.02_R3_3817	NC_012920.1	100.000	150	150	1.58e-77	278
POS_NC_045512_2_F0.02_R3_3818	NC_012920.1	100.000	150	150	1.58e-77	278
POS_NC_045512_2_F0.02_R3_3819	NC_012920.1	100.000	150	150	1.58e-77	278
POS_NC_045512_2_F0.02_R3_3820	NC_012920.1	100.000	150	150	1.58e-77	278
POS_NC_045512_2_F0.02_R3_3821	NC_012920.1	98.667	150	150	3.42e-74	267
POS_NC_045512_2_F0.02_R3_3822	NC_012920.1	100.000	150	150	1.58e-77	278
POS_NC_045512_2_F0.02_R3_3823	NC_012920.1	100.000	150	150	1.58e-77	278
POS_NC_045512_2_F0.02_R3_3824	NC_012920.1	100.000	150	150	1.58e-77	278
POS_NC_045512_2_F0.02_R3_3825	NC_012920.1	100.000	150	150	1.58e-77	278
POS_NC_045512_2_F0.02_R3_3826	NC_012920.1	100.000	150	150	1.58e-77	278
POS_NC_045512_2_F0.02_R3_3827	NC_012920.1	100.000	150	150	1.58e-77	278
POS_NC_045512_2_F0.02_R3_3828	NC_012920.1	100.000	150	150	1.58e-77	278
POS_NC_045512_2_F0.02_R3_3829	NC_012920.1	99.333	150	150	7.34e-76	272
POS_NC_045512_2_F0.02_R3_3830	NC_012920.1	100.000	150	150	1.58e-77	278
POS_NC_045512_2_F0.02_R3_3831	NC_012920.1	100.000	150	150	1.58e-77	278
POS_NC_045512_2_F0.02_R3_3832	NC_012920.1	100.000	150	150	1.58e-77	278
POS_NC_045512_2_F0.02_R3_3833	NC_012920.1	100.000	150	150	1.58e-77	278
POS_NC_045512_2_F0.02_R3_3834	NC_012920.1	99.333	150	150	7.34e-76	272
POS_NC_045512_2_F0.02_R3_3835	NC_012920.1	100.000	150	150	1.58e-77	278
POS_NC_045512_2_F0.02_R3_3836	NC_012920.1	99.333	150	150	7.34e-76	272
POS_NC_045512_2_F0.02_R3_3837	NC_012920.1	100.000	150	150	1.58e-77	278
POS_NC_045512_2_F0.02_R3_3838	NC_012920.1	100.000	150	150	1.58e-77	278
POS_NC_045512_2_F0.02_R3_3839	NC_012920.1	100.000	150	150	1.58e-77	278
POS_NC_045512_2_F0.02_R3_3840	NC_012920.1	100.000	150	150	1.58e-77	278
POS_NC_045512_2_F0.02_R3_3841	NC_012920.1	98.667	150	150	3.42e-74	267
POS_NC_045512_2_F0.02_R3_3842	NC_012920.1	100.000	150	150	1.58e-77	278
POS_NC_045512_2_F0.02_R3_3843	NC_012920.1	100.000	149	150	5.68e-77	276
POS_NC_045512_2_F0.02_R3_3844	NC_012920.1	100.000	150	150	1.58e-77	278
POS_NC_045512_2_F0.02_R3_3845	NC_012920.1	99.333	150	150	7.34e-76	272
POS_NC_045512_2_F0.02_R3_3846	NC_012920.1	100.000	150	150	1.58e-77	278
POS_NC_045512_2_F0.02_R3_3847	NC_012920.1	100.000	150	150	1.58e-77	278
POS_NC_045512_2_F0.02_R3_3848	NC_012920.1	99.333	150	150	7.34e-76	272
POS_NC_045512_2_F0.02_R3_3849	NC_012920.1	100.000	150	150	1.58e-77	278
POS_NC_045512_2_F0.02_R3_3850	NC_012920.1	100.000	150	150	1.58e-77	278
POS_NC_045512_2_F0.02_R3_3851	NC_012920.1	99.333	150	150	7.34e-76	272
POS_NC_045512_2_F0.02_R3_3852	NC_012920.1	100.000	150	150	1.58e-77	278
POS_NC_045512_2_F0.02_R3_3853	NC_012920.1	99.333	150	150	7.34e-76	272
POS_NC_045512_2_F0.02_R3_3854	NC_012920.1	99.333	150	150	7.34e-76	272
POS_NC_045512_2_F0.02_R3_3855	NC_012920.1	100.000	150	150	1.58e-77	278
POS_NC_045512_2_F0.02_R3_3856	NC_012920.1	100.000	150	150	1.58e-77	278
POS_NC_045512_2_F0.02_R3_3857	NC_012920.1	100.000	150	150	1.58e-77	278
POS_NC_045512_2_F0.02_R3_3858	NC_012920.1	100.000	150	150	1.58e-77	278
POS_NC_045512_2_F0.02_R3_3859	NC_012920.1	100.000	150	150	1.58e-77	278
POS_NC_045512_2_F0.02_R3_3860	NC_012920.1	100.000	150	150	1.58e-77	278
POS_NC_045512_2_F0.02_R3_3861	NC_012920.1	100.000	150	150	1.58e-77	278
POS_NC_045512_2_F0.02_R3_3862	NC_012920.1	100.000	150	150	1.58e-77	278
POS_NC_045512_2_F0.02_R3_3863	NC_012920.1	100.000	150	150	1.58e-77	278
POS_NC_045512_2_F0.02_R3_3864	NC_012920.1	100.000	150	150	1.58e-77	278
POS_NC_045512_2_F0.02_R3_3865	NC_012920.1	99.333	150	150	7.34e-76	272
POS_NC_045512_2_F0.02_R3_3866	NC_012920.1	99.333	150	150	7.34e-76	272
POS_NC_045512_2_F0.02_R3_3867	NC_012920.1	98.667	150	150	3.42e-74	267
POS_NC_045512_2_F0.02_R3_3868	NC_012920.1	100.000	150	150	1.58e-77	278
POS_NC_045512_2_F0.02_R3_3869	NC_012920.1	100.000	150	150	1.58e-77	278
POS_NC_045512_2_F0.02_R3_3870	NC_012920.1	100.000	150	150	1.58e-77	278
POS_NC_045512_2_F0.02_R3_3871	NC_012920.1	100.000	150	150	1.58e-77	278
POS_NC_045512_2_F0.02_R3_3872	NC_012920.1	100.000	150	150	1.58e-77	278
POS_NC_045512_2_F0.02_R3_3873	NC_012920.1	100.000	150	150	1.58e-77	278
POS_NC_045512_2_F0.02_R3_3874	NC_012920.1	100.000	150	150	1.58e-77	278
POS_NC_045512_2_F0.02_R3_3875	NC_012920.1	100.000	150	150	1.58e-77	278
POS_NC_045512_2_F0.02_R3_3876	NC_012920.1	100.000	150	150	1.58e-77	278
POS_NC_045512_2_F0.02_R3_3877	NC_012920.1	100.000	150	150	1.58e-77	278
POS_NC_045512_2_F0.02_R3_3878	NC_012920.1	100.000	150	150	1.58e-77	278
POS_NC_045512_2_F0.02_R3_3879	NC_012920.1	100.000	150	150	1.58e-77	278
POS_NC_045512_2_F0.02_R3_3880	NC_012920.1	99.333	150	150	7.34e-76	272
POS_NC_045512_2_F0.02_R3_3881	NC_012920.1	99.333	150	150	7.34e-76	272
POS_NC_045512_2_F0.02_R3_3882	NC_012920.1	99.333	150	150	7.34e-76	272
POS_NC_045512_2_F0.02_R3_3883	NC_012920.1	99.333	150	150	7.34e-76	272
POS_NC_045512_2_F0.02_R3_3884	NC_012920.1	100.000	150	150	1.58e-77	278
POS_NC_045512_2_F0.02_R3_3885	NC_012920.1	99.333	150	150	7.34e-76	272
POS_NC_045512_2_F0.02_R3_3886	NC_012920.1	98.667	150	150	3.42e-74	267
POS_NC_045512_2_F0.02_R3_3887	NC_012920.1	100.000	150	150	1.58e-77	278
POS_NC_045512_2_F0.02_R3_3888	NC_012920.1	100.000	150	150	1.58e-77	278
POS_NC_045512_2_F0.02_R3_3889	NC_012920.1	100.000	150	150	1.58e-77	278
POS_NC_045512_2_F0.02_R3_3890	NC_012920.1	100.000	150	150	1.58e-77	278
POS_NC_045512_2_F0.02_R3_3891	NC_012920.1	100.000	150	150	1.58e-77	278
POS_NC_045512_2_F0.02_R3_3892	NC_012920.1	100.000	150	150	1.58e-77	278
POS_NC_045512_2_F0.02_R3_3893	NC_012920.1	100.000	150	150	1.58e-77	278
POS_NC_045512_2_F0.02_R3_3894	NC_012920.1	100.000	150	150	1.58e-77	278
POS_NC_045512_2_F0.02_R3_3895	NC_012920.1	100.000	150	150	1.58e-77	278
POS_NC_045512_2_F0.02_R3_3896	NC_012920.1	100.000	150	150	1.58e-77	278
POS_NC_045512_2_F0.02_R3_3897	NC_012920.1	100.000	150	150	1.58e-77	278
POS_NC_045512_2_F0.02_R3_3898	NC_012920.1	100.000	150	150	2.04e-76	274
POS_NC_045512_2_F0.02_R3_3899	NC_012920.1	99.333	150	150	7.34e-76	272
POS_NC_045512_2_F0.02_R3_3900	NC_012920.1	99.333	150	150	7.34e-76	272
POS_NC_045512_2_F0.02_R3_3901	NC_012920.1	100.000	150	150	1.58e-77	278
POS_NC_045512_2_F0.02_R3_3902	NC_012920.1	100.000	150	150	1.58e-77	278
POS_NC_045512_2_F0.02_R3_3903	NC_012920.1	100.000	150	150	1.58e-77	278
POS_NC_045512_2_F0.02_R3_3904	NC_012920.1	100.000	150	150	1.58e-77	278
POS_NC_045512_2_F0.02_R3_3905	NC_012920.1	100.000	150	150	1.58e-77	278
POS_NC_045512_2_F0.02_R3_3906	NC_012920.1	99.333	150	150	7.34e-76	272
POS_NC_045512_2_F0.02_R3_3907	NC_012920.1	98.000	150	150	1.59e-72	261
POS_NC_045512_2_F0.02_R3_3908	NC_012920.1	100.000	150	150	1.58e-77	278
POS_NC_045512_2_F0.02_R3_3909	NC_012920.1	100.000	150	150	1.58e-77	278
POS_NC_045512_2_F0.02_R3_3910	NC_012920.1	100.000	150	150	1.58e-77	278
POS_NC_045512_2_F0.02_R3_3911	NC_012920.1	100.000	150	150	1.58e-77	278
POS_NC_045512_2_F0.02_R3_3912	NC_012920.1	98.667	150	150	3.42e-74	267
POS_NC_045512_2_F0.02_R3_3913	NC_012920.1	100.000	150	150	1.58e-77	278
POS_NC_045512_2_F0.02_R3_3914	NC_012920.1	100.000	150	150	1.58e-77	278
POS_NC_045512_2_F0.02_R3_3915	NC_012920.1	100.000	150	150	1.58e-77	278
POS_NC_045512_2_F0.02_R3_3916	NC_012920.1	100.000	150	150	1.58e-77	278
POS_NC_045512_2_F0.02_R3_3917	NC_012920.1	100.000	150	150	1.58e-77	278
POS_NC_045512_2_F0.02_R3_3918	NC_012920.1	100.000	150	150	1.58e-77	278
POS_NC_045512_2_F0.02_R3_3919	NC_012920.1	100.000	150	150	1.58e-77	278
POS_NC_045512_2_F0.02_R3_3920	NC_012920.1	100.000	150	150	1.58e-77	278
POS_NC_045512_2_F0.02_R3_3921	NC_012920.1	98.000	150	150	1.59e-72	261
POS_NC_045512_2_F0.02_R3_3922	NC_012920.1	100.000	150	150	1.58e-77	278
POS_NC_045512_2_F0.02_R3_3923	NC_012920.1	100.000	150	150	1.58e-77	278
POS_NC_045512_2_F0.02_R3_3924	NC_012920.1	100.000	150	150	1.58e-77	278
POS_NC_045512_2_F0.02_R3_3925	NC_012920.1	99.333	150	150	7.34e-76	272
POS_NC_045512_2_F0.02_R3_3926	NC_012920.1	100.000	150	150	1.58e-77	278
POS_NC_045512_2_F0.02_R3_3927	NC_012920.1	100.000	150	150	1.58e-77	278
POS_NC_045512_2_F0.02_R3_3928	NC_012920.1	98.667	150	150	3.42e-74	267
POS_NC_045512_2_F0.02_R3_3929	NC_012920.1	99.333	150	150	7.34e-76	272
POS_NC_045512_2_F0.02_R3_3930	NC_012920.1	99.333	150	150	7.34e-76	272
POS_NC_045512_2_F0.02_R3_3931	NC_012920.1	99.333	150	150	7.34e-76	272
POS_NC_045512_2_F0.02_R3_3932	NC_012920.1	100.000	150	150	1.58e-77	278
POS_NC_045512_2_F0.02_R3_3933	NC_012920.1	100.000	150	150	1.58e-77	278
POS_NC_045512_2_F0.02_R3_3934	NC_012920.1	100.000	150	150	1.58e-77	278
POS_NC_045512_2_F0.02_R3_3935	NC_012920.1	100.000	150	150	1.58e-77	278
POS_NC_045512_2_F0.02_R3_3936	NC_012920.1	99.333	150	150	7.34e-76	272
POS_NC_045512_2_F0.02_R3_3937	NC_012920.1	100.000	150	150	1.58e-77	278
POS_NC_045512_2_F0.02_R3_3938	NC_012920.1	100.000	150	150	1.58e-77	278
POS_NC_045512_2_F0.02_R3_3939	NC_012920.1	100.000	150	150	1.58e-77	278
POS_NC_045512_2_F0.02_R3_3940	NC_012920.1	99.333	150	150	7.34e-76	272
POS_NC_045512_2_F0.02_R3_3941	NC_012920.1	100.000	150	150	1.58e-77	278
POS_NC_045512_2_F0.02_R3_3942	NC_012920.1	100.000	150	150	1.58e-77	278
POS_NC_045512_2_F0.02_R3_3943	NC_012920.1	100.000	150	150	1.58e-77	278
POS_NC_045512_2_F0.02_R3_3944	NC_012920.1	100.000	150	150	1.58e-77	278
POS_NC_045512_2_F0.02_R3_3945	NC_012920.1	100.000	150	150	1.58e-77	278
POS_NC_045512_2_F0.02_R3_3946	NC_012920.1	100.000	150	150	1.58e-77	278
POS_NC_045512_2_F0.02_R3_3947	NC_012920.1	99.333	150	150	7.34e-76	272
POS_NC_045512_2_F0.02_R3_3948	NC_012920.1	100.000	150	150	1.58e-77	278
POS_NC_045512_2_F0.02_R3_3949	NC_012920.1	99.333	150	150	7.34e-76	272
POS_NC_045512_2_F0.02_R3_3950	NC_012920.1	99.333	150	150	7.34e-76	272
POS_NC_045512_2_F0.02_R3_3951	NC_012920.1	100.000	150	150	1.58e-77	278
POS_NC_045512_2_F0.02_R3_3952	NC_012920.1	100.000	150	150	1.58e-77	278
POS_NC_045512_2_F0.02_R3_3953	NC_012920.1	98.667	150	150	3.42e-74	267
POS_NC_045512_2_F0.02_R3_3954	NC_012920.1	100.000	150	150	1.58e-77	278
POS_NC_045512_2_F0.02_R3_3955	NC_012920.1	98.667	150	150	3.42e-74	267
POS_NC_045512_2_F0.02_R3_3956	NC_012920.1	100.000	150	150	1.58e-77	278
POS_NC_045512_2_F0.02_R3_3957	NC_012920.1	100.000	150	150	1.58e-77	278
POS_NC_045512_2_F0.02_R3_3958	NC_012920.1	100.000	150	150	1.58e-77	278
POS_NC_045512_2_F0.02_R3_3959	NC_012920.1	99.333	150	150	7.34e-76	272
POS_NC_045512_2_F0.02_R3_3960	NC_012920.1	100.000	150	150	1.58e-77	278
POS_NC_045512_2_F0.02_R3_3961	NC_012920.1	100.000	150	150	1.58e-77	278
POS_NC_045512_2_F0.02_R3_3962	NC_012920.1	100.000	150	150	1.58e-77	278
POS_NC_045512_2_F0.02_R3_3963	NC_012920.1	100.000	150	150	1.58e-77	278
POS_NC_045512_2_F0.02_R3_3964	NC_012920.1	100.000	150	150	1.58e-77	278
POS_NC_045512_2_F0.02_R3_3965	NC_012920.1	99.333	150	150	7.34e-76	272
POS_NC_045512_2_F0.02_R3_3966	NC_012920.1	100.000	150	150	1.58e-77	278
POS_NC_045512_2_F0.02_R3_3967	NC_012920.1	100.000	150	150	1.58e-77	278
POS_NC_045512_2_F0.02_R3_3968	NC_012920.1	100.000	150	150	1.58e-77	278
POS_NC_045512_2_F0.02_R3_3969	NC_012920.1	99.333	150	150	7.34e-76	272
POS_NC_045512_2_F0.02_R3_3970	NC_012920.1	100.000	150	150	1.58e-77	278
POS_NC_045512_2_F0.02_R3_3971	NC_012920.1	100.000	150	150	1.58e-77	278
POS_NC_045512_2_F0.02_R3_3972	NC_012920.1	100.000	150	150	1.58e-77	278
POS_NC_045512_2_F0.02_R3_3973	NC_012920.1	100.000	150	150	1.58e-77	278
POS_NC_045512_2_F0.02_R3_3974	NC_012920.1	100.000	150	150	1.58e-77	278
POS_NC_045512_2_F0.02_R3_3975	NC_012920.1	100.000	150	150	1.58e-77	278
POS_NC_045512_2_F0.02_R3_3976	NC_012920.1	100.000	150	150	1.58e-77	278
POS_NC_045512_2_F0.02_R3_3977	NC_012920.1	100.000	150	150	1.58e-77	278
POS_NC_045512_2_F0.02_R3_3978	NC_012920.1	100.000	150	150	1.58e-77	278
POS_NC_045512_2_F0.02_R3_3979	NC_012920.1	100.000	150	150	1.58e-77	278
POS_NC_045512_2_F0.02_R3_3980	NC_012920.1	100.000	150	150	1.58e-77	278
POS_NC_045512_2_F0.02_R3_3981	NC_012920.1	100.000	150	150	1.58e-77	278
POS_NC_045512_2_F0.02_R3_3982	NC_012920.1	100.000	150	150	1.58e-77	278
POS_NC_045512_2_F0.02_R3_3983	NC_012920.1	100.000	150	150	1.58e-77	278
POS_NC_045512_2_F0.02_R3_3984	NC_012920.1	99.333	150	150	7.34e-76	272
POS_NC_045512_2_F0.02_R3_3985	NC_012920.1	100.000	150	150	1.58e-77	278
POS_NC_045512_2_F0.02_R3_3986	NC_012920.1	100.000	150	150	1.58e-77	278
POS_NC_045512_2_F0.02_R3_3987	NC_012920.1	98.667	150	150	3.42e-74	267
POS_NC_045512_2_F0.02_R3_3988	NC_012920.1	100.000	150	150	1.58e-77	278
POS_NC_045512_2_F0.02_R3_3989	NC_012920.1	99.333	150	150	7.34e-76	272
POS_NC_045512_2_F0.02_R3_3990	NC_012920.1	100.000	150	150	1.58e-77	278
POS_NC_045512_2_F0.02_R3_3991	NC_012920.1	99.333	150	150	7.34e-76	272
POS_NC_045512_2_F0.02_R3_3992	NC_012920.1	100.000	150	150	1.58e-77	278
POS_NC_045512_2_F0.02_R3_3993	NC_012920.1	100.000	150	150	1.58e-77	278
POS_NC_045512_2_F0.02_R3_3994	NC_012920.1	99.333	150	150	7.34e-76	272
POS_NC_045512_2_F0.02_R3_3995	NC_012920.1	100.000	150	150	1.58e-77	278
POS_NC_045512_2_F0.02_R3_3996	NC_012920.1	100.000	150	150	1.58e-77	278
POS_NC_045512_2_F0.02_R3_3997	NC_012920.1	100.000	150	150	1.58e-77	278
POS_NC_045512_2_F0.02_R3_3998	NC_012920.1	100.000	150	150	1.58e-77	278
POS_NC_045512_2_F0.02_R3_3999	NC_012920.1	100.000	150	150	1.58e-77	278
POS_NC_045512_2_F0.02_R3_4000	NC_012920.1	100.000	150	150	1.58e-77	278
POS_NC_045512_2_F0.02_R3_4001	NC_012920.1	99.333	150	150	7.34e-76	272
POS_NC_045512_2_F0.02_R3_4002	NC_012920.1	100.000	150	150	1.58e-77	278
POS_NC_045512_2_F0.02_R3_4003	NC_012920.1	100.000	150	150	1.58e-77	278
POS_NC_045512_2_F0.02_R3_4004	NC_012920.1	100.000	150	150	1.58e-77	278
POS_NC_045512_2_F0.02_R3_4005	NC_012920.1	99.333	150	150	7.34e-76	272
POS_NC_045512_2_F0.02_R3_4006	NC_012920.1	100.000	150	150	1.58e-77	278
POS_NC_045512_2_F0.02_R3_4007	NC_012920.1	99.333	150	150	7.34e-76	272
POS_NC_045512_2_F0.02_R3_4008	NC_012920.1	100.000	150	150	1.58e-77	278
POS_NC_045512_2_F0.02_R3_4009	NC_012920.1	99.333	150	150	7.34e-76	272
POS_NC_045512_2_F0.02_R3_4010	NC_012920.1	100.000	150	150	1.58e-77	278
POS_NC_045512_2_F0.02_R3_4011	NC_012920.1	100.000	150	150	1.58e-77	278
POS_NC_045512_2_F0.02_R3_4012	NC_012920.1	100.000	150	150	1.58e-77	278
POS_NC_045512_2_F0.02_R3_4013	NC_012920.1	100.000	150	150	1.58e-77	278
POS_NC_045512_2_F0.02_R3_4014	NC_012920.1	99.333	150	150	7.34e-76	272
POS_NC_045512_2_F0.02_R3_4015	NC_012920.1	100.000	150	150	1.58e-77	278
POS_NC_045512_2_F0.02_R3_4016	NC_012920.1	100.000	150	150	1.58e-77	278
POS_NC_045512_2_F0.02_R3_4017	NC_012920.1	99.333	150	150	7.34e-76	272
POS_NC_045512_2_F0.02_R3_4018	NC_012920.1	100.000	150	150	1.58e-77	278
POS_NC_045512_2_F0.02_R3_4019	NC_012920.1	99.333	150	150	7.34e-76	272
POS_NC_045512_2_F0.02_R3_4020	NC_012920.1	99.333	150	150	7.34e-76	272
POS_NC_045512_2_F0.02_R3_4021	NC_012920.1	99.333	150	150	7.34e-76	272
POS_NC_045512_2_F0.02_R3_4022	NC_012920.1	100.000	150	150	1.58e-77	278
POS_NC_045512_2_F0.02_R3_4023	NC_012920.1	99.333	150	150	7.34e-76	272
POS_NC_045512_2_F0.02_R3_4024	NC_012920.1	100.000	150	150	1.58e-77	278
POS_NC_045512_2_F0.02_R3_4025	NC_012920.1	100.000	150	150	1.58e-77	278
POS_NC_045512_2_F0.02_R3_4026	NC_012920.1	100.000	150	150	1.58e-77	278
POS_NC_045512_2_F0.02_R3_4027	NC_012920.1	100.000	150	150	1.58e-77	278
POS_NC_045512_2_F0.02_R3_4028	NC_012920.1	100.000	150	150	1.58e-77	278
POS_NC_045512_2_F0.02_R3_4029	NC_012920.1	100.000	150	150	1.58e-77	278
POS_NC_045512_2_F0.02_R3_4030	NC_012920.1	100.000	150	150	1.58e-77	278
POS_NC_045512_2_F0.02_R3_4031	NC_012920.1	100.000	150	150	1.58e-77	278
POS_NC_045512_2_F0.02_R3_4032	NC_012920.1	99.333	150	150	7.34e-76	272
POS_NC_045512_2_F0.02_R3_4033	NC_012920.1	100.000	150	150	1.58e-77	278
POS_NC_045512_2_F0.02_R3_4034	NC_012920.1	100.000	150	150	1.58e-77	278
POS_NC_045512_2_F0.02_R3_4035	NC_012920.1	100.000	150	150	1.58e-77	278
POS_NC_045512_2_F0.02_R3_4036	NC_012920.1	100.000	150	150	1.58e-77	278
POS_NC_045512_2_F0.02_R3_4037	NC_012920.1	99.333	150	150	7.34e-76	272
POS_NC_045512_2_F0.02_R3_4038	NC_012920.1	100.000	150	150	1.58e-77	278
POS_NC_045512_2_F0.02_R3_4039	NC_012920.1	100.000	150	150	1.58e-77	278
POS_NC_045512_2_F0.02_R3_4040	NC_012920.1	100.000	150	150	1.58e-77	278
POS_NC_045512_2_F0.02_R3_4041	NC_012920.1	100.000	150	150	1.58e-77	278
POS_NC_045512_2_F0.02_R3_4042	NC_012920.1	99.333	150	150	7.34e-76	272
POS_NC_045512_2_F0.02_R3_4043	NC_012920.1	99.333	150	150	7.34e-76	272
POS_NC_045512_2_F0.02_R3_4044	NC_012920.1	100.000	150	150	1.58e-77	278
POS_NC_045512_2_F0.02_R3_4045	NC_012920.1	100.000	150	150	1.58e-77	278
POS_NC_045512_2_F0.02_R3_4046	NC_012920.1	100.000	150	150	1.58e-77	278
POS_NC_045512_2_F0.02_R3_4047	NC_012920.1	100.000	150	150	1.58e-77	278
POS_NC_045512_2_F0.02_R3_4048	NC_012920.1	99.333	150	150	7.34e-76	272
POS_NC_045512_2_F0.02_R3_4049	NC_012920.1	100.000	150	150	1.58e-77	278
POS_NC_045512_2_F0.02_R3_4050	NC_012920.1	99.333	150	150	7.34e-76	272
POS_NC_045512_2_F0.02_R3_4051	NC_012920.1	99.333	150	150	7.34e-76	272
POS_NC_045512_2_F0.02_R3_4052	NC_012920.1	100.000	150	150	1.58e-77	278
POS_NC_045512_2_F0.02_R3_4053	NC_012920.1	98.667	150	150	3.42e-74	267
POS_NC_045512_2_F0.02_R3_4054	NC_012920.1	100.000	150	150	1.58e-77	278
POS_NC_045512_2_F0.02_R3_4055	NC_012920.1	99.333	150	150	7.34e-76	272
POS_NC_045512_2_F0.02_R3_4056	NC_012920.1	100.000	150	150	1.58e-77	278
POS_NC_045512_2_F0.02_R3_4057	NC_012920.1	98.667	150	150	3.42e-74	267
POS_NC_045512_2_F0.02_R3_4058	NC_012920.1	100.000	150	150	1.58e-77	278
POS_NC_045512_2_F0.02_R3_4059	NC_012920.1	100.000	150	150	1.58e-77	278
POS_NC_045512_2_F0.02_R3_4060	NC_012920.1	100.000	150	150	1.58e-77	278
POS_NC_045512_2_F0.02_R3_4061	NC_012920.1	100.000	150	150	1.58e-77	278
POS_NC_045512_2_F0.02_R3_4062	NC_012920.1	100.000	150	150	1.58e-77	278
POS_NC_045512_2_F0.02_R3_4063	NC_012920.1	100.000	150	150	1.58e-77	278
POS_NC_045512_2_F0.02_R3_4064	NC_012920.1	100.000	150	150	1.58e-77	278
POS_NC_045512_2_F0.02_R3_4065	NC_012920.1	100.000	150	150	1.58e-77	278
POS_NC_045512_2_F0.02_R3_4066	NC_012920.1	98.667	150	150	3.42e-74	267
POS_NC_045512_2_F0.02_R3_4067	NC_012920.1	100.000	150	150	1.58e-77	278
POS_NC_045512_2_F0.02_R3_4068	NC_012920.1	100.000	150	150	1.58e-77	278
POS_NC_045512_2_F0.02_R3_4069	NC_012920.1	100.000	150	150	1.58e-77	278
POS_NC_045512_2_F0.02_R3_4070	NC_012920.1	100.000	150	150	1.58e-77	278
POS_NC_045512_2_F0.02_R3_4071	NC_012920.1	100.000	150	150	1.58e-77	278
POS_NC_045512_2_F0.02_R3_4072	NC_012920.1	100.000	150	150	1.58e-77	278
POS_NC_045512_2_F0.02_R3_4073	NC_012920.1	100.000	150	150	1.58e-77	278
POS_NC_045512_2_F0.02_R3_4074	NC_012920.1	100.000	150	150	1.58e-77	278
POS_NC_045512_2_F0.02_R3_4075	NC_012920.1	100.000	150	150	1.58e-77	278
POS_NC_045512_2_F0.02_R3_4076	NC_012920.1	99.333	150	150	7.34e-76	272
POS_NC_045512_2_F0.02_R3_4077	NC_012920.1	99.329	149	150	2.64e-75	270
POS_NC_045512_2_F0.02_R3_4078	NC_012920.1	100.000	150	150	1.58e-77	278
POS_NC_045512_2_F0.02_R3_4079	NC_012920.1	100.000	150	150	1.58e-77	278
POS_NC_045512_2_F0.02_R3_4080	NC_012920.1	100.000	150	150	1.58e-77	278
POS_NC_045512_2_F0.02_R3_4081	NC_012920.1	99.333	150	150	7.34e-76	272
POS_NC_045512_2_F0.02_R3_4082	NC_012920.1	100.000	150	150	1.58e-77	278
POS_NC_045512_2_F0.02_R3_4083	NC_012920.1	100.000	150	150	1.58e-77	278
POS_NC_045512_2_F0.02_R3_4084	NC_012920.1	100.000	150	150	1.58e-77	278
POS_NC_045512_2_F0.02_R3_4085	NC_012920.1	100.000	150	150	1.58e-77	278
POS_NC_045512_2_F0.02_R3_4086	NC_012920.1	100.000	150	150	1.58e-77	278
POS_NC_045512_2_F0.02_R3_4087	NC_012920.1	100.000	150	150	1.58e-77	278
POS_NC_045512_2_F0.02_R3_4088	NC_012920.1	100.000	150	150	1.58e-77	278
POS_NC_045512_2_F0.02_R3_4089	NC_012920.1	100.000	150	150	1.58e-77	278
POS_NC_045512_2_F0.02_R3_4090	NC_012920.1	99.333	150	150	7.34e-76	272
POS_NC_045512_2_F0.02_R3_4091	NC_012920.1	100.000	150	150	1.58e-77	278
POS_NC_045512_2_F0.02_R3_4092	NC_012920.1	100.000	150	150	1.58e-77	278
POS_NC_045512_2_F0.02_R3_4093	NC_012920.1	99.333	150	150	7.34e-76	272
POS_NC_045512_2_F0.02_R3_4094	NC_012920.1	100.000	150	150	1.58e-77	278
POS_NC_045512_2_F0.02_R3_4095	NC_012920.1	100.000	150	150	1.58e-77	278
POS_NC_045512_2_F0.02_R3_4096	NC_012920.1	98.667	150	150	3.42e-74	267
POS_NC_045512_2_F0.02_R3_4097	NC_012920.1	100.000	150	150	1.58e-77	278
POS_NC_045512_2_F0.02_R3_4098	NC_012920.1	100.000	150	150	1.58e-77	278
POS_NC_045512_2_F0.02_R3_4099	NC_012920.1	100.000	150	150	1.58e-77	278
POS_NC_045512_2_F0.02_R3_4100	NC_012920.1	100.000	150	150	1.58e-77	278
POS_NC_045512_2_F0.02_R3_4101	NC_012920.1	99.333	150	150	7.34e-76	272
POS_NC_045512_2_F0.02_R3_4102	NC_012920.1	99.333	150	150	7.34e-76	272
POS_NC_045512_2_F0.02_R3_4103	NC_012920.1	100.000	150	150	1.58e-77	278
POS_NC_045512_2_F0.02_R3_4104	NC_012920.1	100.000	150	150	1.58e-77	278
POS_NC_045512_2_F0.02_R3_4105	NC_012920.1	100.000	150	150	1.58e-77	278
POS_NC_045512_2_F0.02_R3_4106	NC_012920.1	100.000	150	150	1.58e-77	278
POS_NC_045512_2_F0.02_R3_4107	NC_012920.1	100.000	150	150	1.58e-77	278
POS_NC_045512_2_F0.02_R3_4108	NC_012920.1	99.333	150	150	7.34e-76	272
POS_NC_045512_2_F0.02_R3_4109	NC_012920.1	100.000	150	150	1.58e-77	278
POS_NC_045512_2_F0.02_R3_4110	NC_012920.1	100.000	150	150	1.58e-77	278
POS_NC_045512_2_F0.02_R3_4111	NC_012920.1	100.000	150	150	1.58e-77	278
POS_NC_045512_2_F0.02_R3_4112	NC_012920.1	100.000	150	150	1.58e-77	278
POS_NC_045512_2_F0.02_R3_4113	NC_012920.1	100.000	150	150	1.58e-77	278
POS_NC_045512_2_F0.02_R3_4114	NC_012920.1	100.000	150	150	1.58e-77	278
POS_NC_045512_2_F0.02_R3_4115	NC_012920.1	100.000	150	150	1.58e-77	278
POS_NC_045512_2_F0.02_R3_4116	NC_012920.1	99.333	150	150	7.34e-76	272
POS_NC_045512_2_F0.02_R3_4117	NC_012920.1	100.000	150	150	1.58e-77	278
POS_NC_045512_2_F0.02_R3_4118	NC_012920.1	99.333	150	150	7.34e-76	272
POS_NC_045512_2_F0.02_R3_4119	NC_012920.1	99.333	150	150	7.34e-76	272
POS_NC_045512_2_F0.02_R3_4120	NC_012920.1	100.000	150	150	1.58e-77	278
POS_NC_045512_2_F0.02_R3_4121	NC_012920.1	100.000	150	150	1.58e-77	278
POS_NC_045512_2_F0.02_R3_4122	NC_012920.1	100.000	150	150	1.58e-77	278
POS_NC_045512_2_F0.02_R3_4123	NC_012920.1	100.000	150	150	1.58e-77	278
POS_NC_045512_2_F0.02_R3_4124	NC_012920.1	100.000	150	150	1.58e-77	278
POS_NC_045512_2_F0.02_R3_4125	NC_012920.1	100.000	150	150	1.58e-77	278
POS_NC_045512_2_F0.02_R3_4126	NC_012920.1	100.000	150	150	1.58e-77	278
POS_NC_045512_2_F0.02_R3_4127	NC_012920.1	100.000	150	150	1.58e-77	278
POS_NC_045512_2_F0.02_R3_4128	NC_012920.1	99.333	150	150	7.34e-76	272
POS_NC_045512_2_F0.02_R3_4129	NC_012920.1	100.000	150	150	1.58e-77	278
POS_NC_045512_2_F0.02_R3_4130	NC_012920.1	100.000	150	150	1.58e-77	278
POS_NC_045512_2_F0.02_R3_4131	NC_012920.1	100.000	150	150	1.58e-77	278
POS_NC_045512_2_F0.02_R3_4132	NC_012920.1	100.000	150	150	1.58e-77	278
POS_NC_045512_2_F0.02_R3_4133	NC_012920.1	100.000	150	150	1.58e-77	278
POS_NC_045512_2_F0.02_R3_4134	NC_012920.1	100.000	150	150	1.58e-77	278
POS_NC_045512_2_F0.02_R3_4135	NC_012920.1	100.000	150	150	1.58e-77	278
POS_NC_045512_2_F0.02_R3_4136	NC_012920.1	100.000	150	150	1.58e-77	278
POS_NC_045512_2_F0.02_R3_4137	NC_012920.1	100.000	150	150	1.58e-77	278
POS_NC_045512_2_F0.02_R3_4138	NC_012920.1	100.000	150	150	1.58e-77	278
POS_NC_045512_2_F0.02_R3_4139	NC_012920.1	100.000	150	150	1.58e-77	278
POS_NC_045512_2_F0.02_R3_4140	NC_012920.1	100.000	150	150	1.58e-77	278
POS_NC_045512_2_F0.02_R3_4141	NC_012920.1	100.000	150	150	1.58e-77	278
POS_NC_045512_2_F0.02_R3_4142	NC_012920.1	100.000	150	150	1.58e-77	278
POS_NC_045512_2_F0.02_R3_4143	NC_012920.1	100.000	150	150	1.58e-77	278
POS_NC_045512_2_F0.02_R3_4144	NC_012920.1	100.000	150	150	1.58e-77	278
POS_NC_045512_2_F0.02_R3_4145	NC_012920.1	99.333	150	150	7.34e-76	272
POS_NC_045512_2_F0.02_R3_4146	NC_012920.1	100.000	150	150	1.58e-77	278
POS_NC_045512_2_F0.02_R3_4147	NC_012920.1	99.333	150	150	7.34e-76	272
POS_NC_045512_2_F0.02_R3_4148	NC_012920.1	99.333	150	150	7.34e-76	272
POS_NC_045512_2_F0.02_R3_4149	NC_012920.1	98.667	150	150	3.42e-74	267
POS_NC_045512_2_F0.02_R3_4150	NC_012920.1	100.000	150	150	1.58e-77	278
POS_NC_045512_2_F0.02_R3_4151	NC_012920.1	99.333	150	150	7.34e-76	272
POS_NC_045512_2_F0.02_R3_4152	NC_012920.1	100.000	150	150	1.58e-77	278
POS_NC_045512_2_F0.02_R3_4153	NC_012920.1	100.000	150	150	1.58e-77	278
POS_NC_045512_2_F0.02_R3_4154	NC_012920.1	99.333	150	150	7.34e-76	272
POS_NC_045512_2_F0.02_R3_4155	NC_012920.1	99.333	150	150	7.34e-76	272
POS_NC_045512_2_F0.02_R3_4156	NC_012920.1	99.333	150	150	7.34e-76	272
POS_NC_045512_2_F0.02_R3_4157	NC_012920.1	100.000	150	150	1.58e-77	278
POS_NC_045512_2_F0.02_R3_4158	NC_012920.1	99.333	150	150	7.34e-76	272
POS_NC_045512_2_F0.02_R3_4159	NC_012920.1	98.667	150	150	3.42e-74	267
POS_NC_045512_2_F0.02_R3_4160	NC_012920.1	98.667	150	150	3.42e-74	267
POS_NC_045512_2_F0.02_R3_4161	NC_012920.1	99.333	150	150	7.34e-76	272
POS_NC_045512_2_F0.02_R3_4162	NC_012920.1	100.000	150	150	1.58e-77	278
POS_NC_045512_2_F0.02_R3_4163	NC_012920.1	100.000	150	150	1.58e-77	278
POS_NC_045512_2_F0.02_R3_4164	NC_012920.1	100.000	150	150	1.58e-77	278
POS_NC_045512_2_F0.02_R3_4165	NC_012920.1	100.000	150	150	1.58e-77	278
POS_NC_045512_2_F0.02_R3_4166	NC_012920.1	100.000	150	150	1.58e-77	278
POS_NC_045512_2_F0.02_R3_4167	NC_012920.1	100.000	150	150	1.58e-77	278
POS_NC_045512_2_F0.02_R3_4168	NC_012920.1	100.000	150	150	1.58e-77	278
POS_NC_045512_2_F0.02_R3_4169	NC_012920.1	99.333	150	150	7.34e-76	272
POS_NC_045512_2_F0.02_R3_4170	NC_012920.1	100.000	150	150	1.58e-77	278
POS_NC_045512_2_F0.02_R3_4171	NC_012920.1	100.000	150	150	1.58e-77	278
POS_NC_045512_2_F0.02_R3_4172	NC_012920.1	100.000	150	150	1.58e-77	278
POS_NC_045512_2_F0.02_R3_4173	NC_012920.1	100.000	150	150	1.58e-77	278
POS_NC_045512_2_F0.02_R3_4174	NC_012920.1	100.000	150	150	1.58e-77	278
POS_NC_045512_2_F0.02_R3_4175	NC_012920.1	100.000	150	150	1.58e-77	278
POS_NC_045512_2_F0.02_R3_4176	NC_012920.1	99.333	150	150	7.34e-76	272
POS_NC_045512_2_F0.02_R3_4177	NC_012920.1	100.000	150	150	1.58e-77	278
POS_NC_045512_2_F0.02_R3_4178	NC_012920.1	100.000	150	150	1.58e-77	278
POS_NC_045512_2_F0.02_R3_4179	NC_012920.1	100.000	150	150	1.58e-77	278
POS_NC_045512_2_F0.02_R3_4180	NC_012920.1	99.333	150	150	7.34e-76	272
POS_NC_045512_2_F0.02_R3_4181	NC_012920.1	100.000	150	150	1.58e-77	278
POS_NC_045512_2_F0.02_R3_4182	NC_012920.1	100.000	150	150	1.58e-77	278
POS_NC_045512_2_F0.02_R3_4183	NC_012920.1	100.000	150	150	1.58e-77	278
POS_NC_045512_2_F0.02_R3_4184	NC_012920.1	98.667	150	150	3.42e-74	267
POS_NC_045512_2_F0.02_R3_4185	NC_012920.1	99.333	150	150	7.34e-76	272
POS_NC_045512_2_F0.02_R3_4186	NC_012920.1	100.000	150	150	1.58e-77	278
POS_NC_045512_2_F0.02_R3_4187	NC_012920.1	100.000	150	150	1.58e-77	278
POS_NC_045512_2_F0.02_R3_4188	NC_012920.1	100.000	150	150	1.58e-77	278
POS_NC_045512_2_F0.02_R3_4189	NC_012920.1	100.000	150	150	1.58e-77	278
POS_NC_045512_2_F0.02_R3_4190	NC_012920.1	100.000	150	150	1.58e-77	278
POS_NC_045512_2_F0.02_R3_4191	NC_012920.1	100.000	150	150	1.58e-77	278
POS_NC_045512_2_F0.02_R3_4192	NC_012920.1	99.333	150	150	7.34e-76	272
POS_NC_045512_2_F0.02_R3_4193	NC_012920.1	100.000	150	150	1.58e-77	278
POS_NC_045512_2_F0.02_R3_4194	NC_012920.1	100.000	150	150	1.58e-77	278
POS_NC_045512_2_F0.02_R3_4195	NC_012920.1	100.000	150	150	1.58e-77	278
POS_NC_045512_2_F0.02_R3_4196	NC_012920.1	99.333	150	150	7.34e-76	272
POS_NC_045512_2_F0.02_R3_4197	NC_012920.1	99.333	150	150	7.34e-76	272
POS_NC_045512_2_F0.02_R3_4198	NC_012920.1	99.333	150	150	7.34e-76	272
POS_NC_045512_2_F0.02_R3_4199	NC_012920.1	100.000	150	150	1.58e-77	278
POS_NC_045512_2_F0.02_R3_4200	NC_012920.1	100.000	150	150	1.58e-77	278
POS_NC_045512_2_F0.02_R3_4201	NC_012920.1	99.333	150	150	7.34e-76	272
POS_NC_045512_2_F0.02_R3_4202	NC_012920.1	100.000	150	150	2.04e-76	274
POS_NC_045512_2_F0.02_R3_4203	NC_012920.1	100.000	150	150	1.58e-77	278
POS_NC_045512_2_F0.02_R3_4204	NC_012920.1	100.000	150	150	1.58e-77	278
POS_NC_045512_2_F0.02_R3_4205	NC_012920.1	99.333	150	150	7.34e-76	272
POS_NC_045512_2_F0.02_R3_4206	NC_012920.1	99.333	150	150	7.34e-76	272
POS_NC_045512_2_F0.02_R3_4207	NC_012920.1	100.000	150	150	1.58e-77	278
POS_NC_045512_2_F0.02_R3_4208	NC_012920.1	100.000	150	150	1.58e-77	278
POS_NC_045512_2_F0.02_R3_4209	NC_012920.1	98.000	150	150	1.59e-72	261
POS_NC_045512_2_F0.02_R3_4210	NC_012920.1	98.667	150	150	3.42e-74	267
POS_NC_045512_2_F0.02_R3_4211	NC_012920.1	100.000	150	150	1.58e-77	278
POS_NC_045512_2_F0.02_R3_4212	NC_012920.1	100.000	150	150	1.58e-77	278
POS_NC_045512_2_F0.02_R3_4213	NC_012920.1	100.000	150	150	1.58e-77	278
POS_NC_045512_2_F0.02_R3_4214	NC_012920.1	100.000	150	150	1.58e-77	278
POS_NC_045512_2_F0.02_R3_4215	NC_012920.1	100.000	150	150	1.58e-77	278
POS_NC_045512_2_F0.02_R3_4216	NC_012920.1	100.000	150	150	1.58e-77	278
POS_NC_045512_2_F0.02_R3_4217	NC_012920.1	100.000	150	150	1.58e-77	278
POS_NC_045512_2_F0.02_R3_4218	NC_012920.1	100.000	150	150	1.58e-77	278
POS_NC_045512_2_F0.02_R3_4219	NC_012920.1	99.333	150	150	7.34e-76	272
POS_NC_045512_2_F0.02_R3_4220	NC_012920.1	100.000	150	150	1.58e-77	278
POS_NC_045512_2_F0.02_R3_4221	NC_012920.1	100.000	150	150	1.58e-77	278
POS_NC_045512_2_F0.02_R3_4222	NC_012920.1	100.000	150	150	1.58e-77	278
POS_NC_045512_2_F0.02_R3_4223	NC_012920.1	100.000	150	150	1.58e-77	278
POS_NC_045512_2_F0.02_R3_4224	NC_012920.1	100.000	150	150	1.58e-77	278
POS_NC_045512_2_F0.02_R3_4225	NC_012920.1	100.000	150	150	1.58e-77	278
POS_NC_045512_2_F0.02_R3_4226	NC_012920.1	100.000	150	150	1.58e-77	278
POS_NC_045512_2_F0.02_R3_4227	NC_012920.1	99.333	150	150	7.34e-76	272
POS_NC_045512_2_F0.02_R3_4228	NC_012920.1	100.000	150	150	1.58e-77	278
POS_NC_045512_2_F0.02_R3_4229	NC_012920.1	100.000	150	150	1.58e-77	278
POS_NC_045512_2_F0.02_R3_4230	NC_012920.1	99.333	150	150	7.34e-76	272
POS_NC_045512_2_F0.02_R3_4231	NC_012920.1	99.333	150	150	7.34e-76	272
POS_NC_045512_2_F0.02_R3_4232	NC_012920.1	99.333	150	150	7.34e-76	272
POS_NC_045512_2_F0.02_R3_4233	NC_012920.1	100.000	150	150	1.58e-77	278
POS_NC_045512_2_F0.02_R3_4234	NC_012920.1	100.000	150	150	1.58e-77	278
POS_NC_045512_2_F0.02_R3_4235	NC_012920.1	99.333	150	150	7.34e-76	272
POS_NC_045512_2_F0.02_R3_4236	NC_012920.1	100.000	150	150	1.58e-77	278
POS_NC_045512_2_F0.02_R3_4237	NC_012920.1	100.000	150	150	1.58e-77	278
POS_NC_045512_2_F0.02_R3_4238	NC_012920.1	100.000	150	150	1.58e-77	278
POS_NC_045512_2_F0.02_R3_4239	NC_012920.1	98.667	150	150	3.42e-74	267
POS_NC_045512_2_F0.02_R3_4240	NC_012920.1	100.000	150	150	1.58e-77	278
POS_NC_045512_2_F0.02_R3_4241	NC_012920.1	100.000	150	150	1.58e-77	278
POS_NC_045512_2_F0.02_R3_4242	NC_012920.1	98.667	150	150	3.42e-74	267
POS_NC_045512_2_F0.02_R3_4243	NC_012920.1	99.333	150	150	7.34e-76	272
POS_NC_045512_2_F0.02_R3_4244	NC_012920.1	99.333	150	150	7.34e-76	272
POS_NC_045512_2_F0.02_R3_4245	NC_012920.1	100.000	150	150	1.58e-77	278
POS_NC_045512_2_F0.02_R3_4246	NC_012920.1	100.000	150	150	1.58e-77	278
POS_NC_045512_2_F0.02_R3_4247	NC_012920.1	99.333	150	150	7.34e-76	272
POS_NC_045512_2_F0.02_R3_4248	NC_012920.1	99.333	150	150	7.34e-76	272
POS_NC_045512_2_F0.02_R3_4249	NC_012920.1	100.000	150	150	1.58e-77	278
POS_NC_045512_2_F0.02_R3_4250	NC_012920.1	100.000	150	150	1.58e-77	278
POS_NC_045512_2_F0.02_R3_4251	NC_012920.1	100.000	150	150	1.58e-77	278
POS_NC_045512_2_F0.02_R3_4252	NC_012920.1	100.000	149	150	5.68e-77	276
POS_NC_045512_2_F0.02_R3_4253	NC_012920.1	100.000	150	150	1.58e-77	278
POS_NC_045512_2_F0.02_R3_4254	NC_012920.1	99.333	150	150	7.34e-76	272
POS_NC_045512_2_F0.02_R3_4255	NC_012920.1	99.333	150	150	7.34e-76	272
POS_NC_045512_2_F0.02_R3_4256	NC_012920.1	100.000	150	150	1.58e-77	278
POS_NC_045512_2_F0.02_R3_4257	NC_012920.1	99.333	150	150	7.34e-76	272
POS_NC_045512_2_F0.02_R3_4258	NC_012920.1	100.000	150	150	1.58e-77	278
POS_NC_045512_2_F0.02_R3_4259	NC_012920.1	99.333	150	150	7.34e-76	272
POS_NC_045512_2_F0.02_R3_4260	NC_012920.1	100.000	150	150	1.58e-77	278
POS_NC_045512_2_F0.02_R3_4261	NC_012920.1	100.000	150	150	1.58e-77	278
POS_NC_045512_2_F0.02_R3_4262	NC_012920.1	100.000	150	150	1.58e-77	278
POS_NC_045512_2_F0.02_R3_4263	NC_012920.1	100.000	150	150	1.58e-77	278
POS_NC_045512_2_F0.02_R3_4264	NC_012920.1	100.000	150	150	1.58e-77	278
POS_NC_045512_2_F0.02_R3_4265	NC_012920.1	100.000	150	150	1.58e-77	278
POS_NC_045512_2_F0.02_R3_4266	NC_012920.1	100.000	150	150	1.58e-77	278
POS_NC_045512_2_F0.02_R3_4267	NC_012920.1	100.000	150	150	1.58e-77	278
POS_NC_045512_2_F0.02_R3_4268	NC_012920.1	100.000	150	150	1.58e-77	278
POS_NC_045512_2_F0.02_R3_4269	NC_012920.1	100.000	150	150	1.58e-77	278
POS_NC_045512_2_F0.02_R3_4270	NC_012920.1	100.000	150	150	1.58e-77	278
POS_NC_045512_2_F0.02_R3_4271	NC_012920.1	100.000	150	150	1.58e-77	278
POS_NC_045512_2_F0.02_R3_4272	NC_012920.1	99.333	150	150	7.34e-76	272
POS_NC_045512_2_F0.02_R3_4273	NC_012920.1	99.333	150	150	7.34e-76	272
POS_NC_045512_2_F0.02_R3_4274	NC_012920.1	99.333	150	150	7.34e-76	272
POS_NC_045512_2_F0.02_R3_4275	NC_012920.1	100.000	150	150	1.58e-77	278
POS_NC_045512_2_F0.02_R3_4276	NC_012920.1	100.000	150	150	1.58e-77	278
POS_NC_045512_2_F0.02_R3_4277	NC_012920.1	100.000	150	150	1.58e-77	278
POS_NC_045512_2_F0.02_R3_4278	NC_012920.1	100.000	150	150	1.58e-77	278
POS_NC_045512_2_F0.02_R3_4279	NC_012920.1	100.000	150	150	1.58e-77	278
POS_NC_045512_2_F0.02_R3_4280	NC_012920.1	99.333	150	150	7.34e-76	272
POS_NC_045512_2_F0.02_R3_4281	NC_012920.1	100.000	150	150	1.58e-77	278
POS_NC_045512_2_F0.02_R3_4282	NC_012920.1	99.333	150	150	7.34e-76	272
POS_NC_045512_2_F0.02_R3_4283	NC_012920.1	99.333	150	150	7.34e-76	272
POS_NC_045512_2_F0.02_R3_4284	NC_012920.1	100.000	150	150	1.58e-77	278
POS_NC_045512_2_F0.02_R3_4285	NC_012920.1	100.000	150	150	1.58e-77	278
POS_NC_045512_2_F0.02_R3_4286	NC_012920.1	100.000	150	150	1.58e-77	278
POS_NC_045512_2_F0.02_R3_4287	NC_012920.1	100.000	150	150	1.58e-77	278
POS_NC_045512_2_F0.02_R3_4288	NC_012920.1	100.000	150	150	1.58e-77	278
POS_NC_045512_2_F0.02_R3_4289	NC_012920.1	100.000	148	150	2.04e-76	274
POS_NC_045512_2_F0.02_R3_4290	NC_012920.1	99.333	150	150	7.34e-76	272
POS_NC_045512_2_F0.02_R3_4291	NC_012920.1	100.000	150	150	1.58e-77	278
POS_NC_045512_2_F0.02_R3_4292	NC_012920.1	100.000	150	150	1.58e-77	278
POS_NC_045512_2_F0.02_R3_4293	NC_012920.1	100.000	150	150	1.58e-77	278
POS_NC_045512_2_F0.02_R3_4294	NC_012920.1	99.333	150	150	7.34e-76	272
POS_NC_045512_2_F0.02_R3_4295	NC_012920.1	100.000	150	150	1.58e-77	278
POS_NC_045512_2_F0.02_R3_4296	NC_012920.1	99.333	150	150	7.34e-76	272
POS_NC_045512_2_F0.02_R3_4297	NC_012920.1	100.000	150	150	1.58e-77	278
POS_NC_045512_2_F0.02_R3_4298	NC_012920.1	100.000	150	150	1.58e-77	278
POS_NC_045512_2_F0.02_R3_4299	NC_012920.1	100.000	150	150	1.58e-77	278
POS_NC_045512_2_F0.02_R3_4300	NC_012920.1	100.000	150	150	1.58e-77	278
POS_NC_045512_2_F0.02_R3_4301	NC_012920.1	100.000	150	150	1.58e-77	278
POS_NC_045512_2_F0.02_R3_4302	NC_012920.1	100.000	150	150	1.58e-77	278
POS_NC_045512_2_F0.02_R3_4303	NC_012920.1	100.000	150	150	1.58e-77	278
POS_NC_045512_2_F0.02_R3_4304	NC_012920.1	100.000	150	150	1.58e-77	278
POS_NC_045512_2_F0.02_R3_4305	NC_012920.1	100.000	150	150	1.58e-77	278
POS_NC_045512_2_F0.02_R3_4306	NC_012920.1	100.000	150	150	1.58e-77	278
POS_NC_045512_2_F0.02_R3_4307	NC_012920.1	100.000	150	150	1.58e-77	278
POS_NC_045512_2_F0.02_R3_4308	NC_012920.1	99.333	150	150	7.34e-76	272
POS_NC_045512_2_F0.02_R3_4309	NC_012920.1	100.000	150	150	2.04e-76	274
POS_NC_045512_2_F0.02_R3_4310	NC_012920.1	99.333	150	150	7.34e-76	272
POS_NC_045512_2_F0.02_R3_4311	NC_012920.1	100.000	148	150	2.04e-76	274
POS_NC_045512_2_F0.02_R3_4312	NC_012920.1	100.000	150	150	1.58e-77	278
POS_NC_045512_2_F0.02_R3_4313	NC_012920.1	100.000	150	150	1.58e-77	278
POS_NC_045512_2_F0.02_R3_4314	NC_012920.1	100.000	150	150	1.58e-77	278
POS_NC_045512_2_F0.02_R3_4315	NC_012920.1	99.333	150	150	7.34e-76	272
POS_NC_045512_2_F0.02_R3_4316	NC_012920.1	100.000	150	150	1.58e-77	278
POS_NC_045512_2_F0.02_R3_4317	NC_012920.1	100.000	150	150	1.58e-77	278
POS_NC_045512_2_F0.02_R3_4318	NC_012920.1	100.000	150	150	1.58e-77	278
POS_NC_045512_2_F0.02_R3_4319	NC_012920.1	100.000	150	150	2.04e-76	274
POS_NC_045512_2_F0.02_R3_4320	NC_012920.1	100.000	150	150	1.58e-77	278
POS_NC_045512_2_F0.02_R3_4321	NC_012920.1	100.000	150	150	1.58e-77	278
POS_NC_045512_2_F0.02_R3_4322	NC_012920.1	100.000	150	150	1.58e-77	278
POS_NC_045512_2_F0.02_R3_4323	NC_012920.1	100.000	150	150	1.58e-77	278
POS_NC_045512_2_F0.02_R3_4324	NC_012920.1	99.333	150	150	7.34e-76	272
POS_NC_045512_2_F0.02_R3_4325	NC_012920.1	100.000	150	150	1.58e-77	278
POS_NC_045512_2_F0.02_R3_4326	NC_012920.1	98.000	150	150	1.59e-72	261
POS_NC_045512_2_F0.02_R3_4327	NC_012920.1	99.333	150	150	7.34e-76	272
POS_NC_045512_2_F0.02_R3_4328	NC_012920.1	99.333	150	150	7.34e-76	272
POS_NC_045512_2_F0.02_R3_4329	NC_012920.1	100.000	150	150	1.58e-77	278
POS_NC_045512_2_F0.02_R3_4330	NC_012920.1	100.000	150	150	1.58e-77	278
POS_NC_045512_2_F0.02_R3_4331	NC_012920.1	100.000	150	150	1.58e-77	278
POS_NC_045512_2_F0.02_R3_4332	NC_012920.1	100.000	150	150	1.58e-77	278
POS_NC_045512_2_F0.02_R3_4333	NC_012920.1	99.333	150	150	7.34e-76	272
POS_NC_045512_2_F0.02_R3_4334	NC_012920.1	99.333	150	150	7.34e-76	272
POS_NC_045512_2_F0.02_R3_4335	NC_012920.1	100.000	150	150	1.58e-77	278
POS_NC_045512_2_F0.02_R3_4336	NC_012920.1	100.000	150	150	1.58e-77	278
POS_NC_045512_2_F0.02_R3_4337	NC_012920.1	99.333	150	150	7.34e-76	272
POS_NC_045512_2_F0.02_R3_4338	NC_012920.1	100.000	150	150	1.58e-77	278
POS_NC_045512_2_F0.02_R3_4339	NC_012920.1	99.333	150	150	7.34e-76	272
POS_NC_045512_2_F0.02_R3_4340	NC_012920.1	100.000	150	150	1.58e-77	278
POS_NC_045512_2_F0.02_R3_4341	NC_012920.1	100.000	150	150	1.58e-77	278
POS_NC_045512_2_F0.02_R3_4342	NC_012920.1	100.000	150	150	1.58e-77	278
POS_NC_045512_2_F0.02_R3_4343	NC_012920.1	99.333	150	150	7.34e-76	272
POS_NC_045512_2_F0.02_R3_4344	NC_012920.1	99.333	150	150	7.34e-76	272
POS_NC_045512_2_F0.02_R3_4345	NC_012920.1	100.000	150	150	1.58e-77	278
POS_NC_045512_2_F0.02_R3_4346	NC_012920.1	100.000	150	150	1.58e-77	278
POS_NC_045512_2_F0.02_R3_4347	NC_012920.1	99.333	150	150	7.34e-76	272
POS_NC_045512_2_F0.02_R3_4348	NC_012920.1	100.000	150	150	1.58e-77	278
POS_NC_045512_2_F0.02_R3_4349	NC_012920.1	99.333	150	150	7.34e-76	272
POS_NC_045512_2_F0.02_R3_4350	NC_012920.1	100.000	150	150	1.58e-77	278
POS_NC_045512_2_F0.02_R3_4351	NC_012920.1	99.333	150	150	7.34e-76	272
POS_NC_045512_2_F0.02_R3_4352	NC_012920.1	100.000	150	150	1.58e-77	278
POS_NC_045512_2_F0.02_R3_4353	NC_012920.1	100.000	150	150	2.04e-76	274
POS_NC_045512_2_F0.02_R3_4354	NC_012920.1	100.000	150	150	1.58e-77	278
POS_NC_045512_2_F0.02_R3_4355	NC_012920.1	99.333	150	150	7.34e-76	272
POS_NC_045512_2_F0.02_R3_4356	NC_012920.1	100.000	150	150	1.58e-77	278
POS_NC_045512_2_F0.02_R3_4357	NC_012920.1	100.000	150	150	1.58e-77	278
POS_NC_045512_2_F0.02_R3_4358	NC_012920.1	99.333	150	150	7.34e-76	272
POS_NC_045512_2_F0.02_R3_4359	NC_012920.1	99.333	150	150	7.34e-76	272
POS_NC_045512_2_F0.02_R3_4360	NC_012920.1	100.000	150	150	1.58e-77	278
POS_NC_045512_2_F0.02_R3_4361	NC_012920.1	100.000	150	150	1.58e-77	278
POS_NC_045512_2_F0.02_R3_4362	NC_012920.1	100.000	150	150	1.58e-77	278
POS_NC_045512_2_F0.02_R3_4363	NC_012920.1	100.000	150	150	1.58e-77	278
POS_NC_045512_2_F0.02_R3_4364	NC_012920.1	100.000	150	150	1.58e-77	278
POS_NC_045512_2_F0.02_R3_4365	NC_012920.1	100.000	150	150	1.58e-77	278
POS_NC_045512_2_F0.02_R3_4366	NC_012920.1	100.000	150	150	1.58e-77	278
POS_NC_045512_2_F0.02_R3_4367	NC_012920.1	100.000	150	150	1.58e-77	278
POS_NC_045512_2_F0.02_R3_4368	NC_012920.1	100.000	150	150	1.58e-77	278
POS_NC_045512_2_F0.02_R3_4369	NC_012920.1	100.000	150	150	1.58e-77	278
POS_NC_045512_2_F0.02_R3_4370	NC_012920.1	100.000	150	150	1.58e-77	278
POS_NC_045512_2_F0.02_R3_4371	NC_012920.1	100.000	150	150	1.58e-77	278
POS_NC_045512_2_F0.02_R3_4372	NC_012920.1	98.000	150	150	1.59e-72	261
POS_NC_045512_2_F0.02_R3_4373	NC_012920.1	100.000	150	150	1.58e-77	278
POS_NC_045512_2_F0.02_R3_4374	NC_012920.1	100.000	150	150	1.58e-77	278
POS_NC_045512_2_F0.02_R3_4375	NC_012920.1	99.333	150	150	7.34e-76	272
POS_NC_045512_2_F0.02_R3_4376	NC_012920.1	100.000	150	150	1.58e-77	278
POS_NC_045512_2_F0.02_R3_4377	NC_012920.1	100.000	150	150	1.58e-77	278
POS_NC_045512_2_F0.02_R3_4378	NC_012920.1	100.000	150	150	1.58e-77	278
POS_NC_045512_2_F0.02_R3_4379	NC_012920.1	100.000	150	150	1.58e-77	278
POS_NC_045512_2_F0.02_R3_4380	NC_012920.1	100.000	150	150	1.58e-77	278
POS_NC_045512_2_F0.02_R3_4381	NC_012920.1	100.000	150	150	1.58e-77	278
POS_NC_045512_2_F0.02_R3_4382	NC_012920.1	100.000	150	150	1.58e-77	278
POS_NC_045512_2_F0.02_R3_4383	NC_012920.1	99.333	150	150	7.34e-76	272
POS_NC_045512_2_F0.02_R3_4384	NC_012920.1	100.000	150	150	1.58e-77	278
POS_NC_045512_2_F0.02_R3_4385	NC_012920.1	100.000	150	150	1.58e-77	278
POS_NC_045512_2_F0.02_R3_4386	NC_012920.1	100.000	150	150	1.58e-77	278
POS_NC_045512_2_F0.02_R3_4387	NC_012920.1	100.000	150	150	1.58e-77	278
POS_NC_045512_2_F0.02_R3_4388	NC_012920.1	100.000	150	150	1.58e-77	278
POS_NC_045512_2_F0.02_R3_4389	NC_012920.1	99.333	150	150	7.34e-76	272
POS_NC_045512_2_F0.02_R3_4390	NC_012920.1	100.000	150	150	1.58e-77	278
POS_NC_045512_2_F0.02_R3_4391	NC_012920.1	100.000	150	150	1.58e-77	278
POS_NC_045512_2_F0.02_R3_4392	NC_012920.1	100.000	150	150	1.58e-77	278
POS_NC_045512_2_F0.02_R3_4393	NC_012920.1	100.000	150	150	1.58e-77	278
POS_NC_045512_2_F0.02_R3_4394	NC_012920.1	100.000	150	150	1.58e-77	278
POS_NC_045512_2_F0.02_R3_4395	NC_012920.1	99.333	150	150	7.34e-76	272
POS_NC_045512_2_F0.02_R3_4396	NC_012920.1	100.000	150	150	1.58e-77	278
POS_NC_045512_2_F0.02_R3_4397	NC_012920.1	100.000	150	150	1.58e-77	278
POS_NC_045512_2_F0.02_R3_4398	NC_012920.1	100.000	150	150	1.58e-77	278
POS_NC_045512_2_F0.02_R3_4399	NC_012920.1	100.000	150	150	1.58e-77	278
POS_NC_045512_2_F0.02_R3_4400	NC_012920.1	99.333	150	150	7.34e-76	272
POS_NC_045512_2_F0.02_R3_4401	NC_012920.1	100.000	150	150	1.58e-77	278
POS_NC_045512_2_F0.02_R3_4402	NC_012920.1	99.333	150	150	7.34e-76	272
POS_NC_045512_2_F0.02_R3_4403	NC_012920.1	100.000	150	150	1.58e-77	278
POS_NC_045512_2_F0.02_R3_4404	NC_012920.1	100.000	150	150	1.58e-77	278
POS_NC_045512_2_F0.02_R3_4405	NC_012920.1	100.000	150	150	1.58e-77	278
POS_NC_045512_2_F0.02_R3_4406	NC_012920.1	100.000	150	150	1.58e-77	278
POS_NC_045512_2_F0.02_R3_4407	NC_012920.1	100.000	150	150	1.58e-77	278
POS_NC_045512_2_F0.02_R3_4408	NC_012920.1	99.333	150	150	7.34e-76	272
POS_NC_045512_2_F0.02_R3_4409	NC_012920.1	99.333	150	150	7.34e-76	272
POS_NC_045512_2_F0.02_R3_4410	NC_012920.1	100.000	150	150	1.58e-77	278
POS_NC_045512_2_F0.02_R3_4411	NC_012920.1	100.000	150	150	1.58e-77	278
POS_NC_045512_2_F0.02_R3_4412	NC_012920.1	99.333	150	150	7.34e-76	272
POS_NC_045512_2_F0.02_R3_4413	NC_012920.1	100.000	150	150	1.58e-77	278
POS_NC_045512_2_F0.02_R3_4414	NC_012920.1	100.000	150	150	1.58e-77	278
POS_NC_045512_2_F0.02_R3_4415	NC_012920.1	100.000	150	150	1.58e-77	278
POS_NC_045512_2_F0.02_R3_4416	NC_012920.1	100.000	150	150	1.58e-77	278
POS_NC_045512_2_F0.02_R3_4417	NC_012920.1	100.000	150	150	1.58e-77	278
POS_NC_045512_2_F0.02_R3_4418	NC_012920.1	99.333	150	150	7.34e-76	272
POS_NC_045512_2_F0.02_R3_4419	NC_012920.1	100.000	150	150	1.58e-77	278
POS_NC_045512_2_F0.02_R3_4420	NC_012920.1	100.000	150	150	1.58e-77	278
POS_NC_045512_2_F0.02_R3_4421	NC_012920.1	99.333	150	150	7.34e-76	272
POS_NC_045512_2_F0.02_R3_4422	NC_012920.1	100.000	150	150	1.58e-77	278
POS_NC_045512_2_F0.02_R3_4423	NC_012920.1	100.000	150	150	1.58e-77	278
POS_NC_045512_2_F0.02_R3_4424	NC_012920.1	99.333	150	150	7.34e-76	272
POS_NC_045512_2_F0.02_R3_4425	NC_012920.1	100.000	150	150	1.58e-77	278
POS_NC_045512_2_F0.02_R3_4426	NC_012920.1	98.667	150	150	3.42e-74	267
POS_NC_045512_2_F0.02_R3_4427	NC_012920.1	100.000	150	150	1.58e-77	278
POS_NC_045512_2_F0.02_R3_4428	NC_012920.1	100.000	150	150	1.58e-77	278
POS_NC_045512_2_F0.02_R3_4429	NC_012920.1	100.000	150	150	1.58e-77	278
POS_NC_045512_2_F0.02_R3_4430	NC_012920.1	100.000	150	150	1.58e-77	278
POS_NC_045512_2_F0.02_R3_4431	NC_012920.1	99.333	150	150	7.34e-76	272
POS_NC_045512_2_F0.02_R3_4432	NC_012920.1	100.000	150	150	1.58e-77	278
POS_NC_045512_2_F0.02_R3_4433	NC_012920.1	100.000	150	150	1.58e-77	278
POS_NC_045512_2_F0.02_R3_4434	NC_012920.1	100.000	150	150	1.58e-77	278
POS_NC_045512_2_F0.02_R3_4435	NC_012920.1	100.000	150	150	1.58e-77	278
POS_NC_045512_2_F0.02_R3_4436	NC_012920.1	100.000	150	150	1.58e-77	278
POS_NC_045512_2_F0.02_R3_4437	NC_012920.1	100.000	150	150	1.58e-77	278
POS_NC_045512_2_F0.02_R3_4438	NC_012920.1	99.333	150	150	7.34e-76	272
POS_NC_045512_2_F0.02_R3_4439	NC_012920.1	100.000	150	150	1.58e-77	278
POS_NC_045512_2_F0.02_R3_4440	NC_012920.1	100.000	150	150	1.58e-77	278
POS_NC_045512_2_F0.02_R3_4441	NC_012920.1	100.000	150	150	1.58e-77	278
POS_NC_045512_2_F0.02_R3_4442	NC_012920.1	100.000	150	150	1.58e-77	278
POS_NC_045512_2_F0.02_R3_4443	NC_012920.1	100.000	150	150	1.58e-77	278
POS_NC_045512_2_F0.02_R3_4444	NC_012920.1	100.000	150	150	1.58e-77	278
POS_NC_045512_2_F0.02_R3_4445	NC_012920.1	100.000	150	150	1.58e-77	278
POS_NC_045512_2_F0.02_R3_4446	NC_012920.1	99.333	150	150	7.34e-76	272
POS_NC_045512_2_F0.02_R3_4447	NC_012920.1	100.000	150	150	1.58e-77	278
POS_NC_045512_2_F0.02_R3_4448	NC_012920.1	100.000	150	150	1.58e-77	278
POS_NC_045512_2_F0.02_R3_4449	NC_012920.1	100.000	150	150	1.58e-77	278
POS_NC_045512_2_F0.02_R3_4450	NC_012920.1	100.000	150	150	1.58e-77	278
POS_NC_045512_2_F0.02_R3_4451	NC_012920.1	99.333	150	150	7.34e-76	272
POS_NC_045512_2_F0.02_R3_4452	NC_012920.1	99.333	150	150	7.34e-76	272
POS_NC_045512_2_F0.02_R3_4453	NC_012920.1	100.000	150	150	1.58e-77	278
POS_NC_045512_2_F0.02_R3_4454	NC_012920.1	100.000	150	150	1.58e-77	278
POS_NC_045512_2_F0.02_R3_4455	NC_012920.1	100.000	150	150	1.58e-77	278
POS_NC_045512_2_F0.02_R3_4456	NC_012920.1	100.000	150	150	1.58e-77	278
POS_NC_045512_2_F0.02_R3_4457	NC_012920.1	100.000	150	150	1.58e-77	278
POS_NC_045512_2_F0.02_R3_4458	NC_012920.1	99.333	150	150	7.34e-76	272
POS_NC_045512_2_F0.02_R3_4459	NC_012920.1	99.333	150	150	7.34e-76	272
POS_NC_045512_2_F0.02_R3_4460	NC_012920.1	100.000	150	150	1.58e-77	278
POS_NC_045512_2_F0.02_R3_4461	NC_012920.1	100.000	150	150	1.58e-77	278
POS_NC_045512_2_F0.02_R3_4462	NC_012920.1	97.333	150	150	7.40e-71	255
POS_NC_045512_2_F0.02_R3_4463	NC_012920.1	100.000	150	150	1.58e-77	278
POS_NC_045512_2_F0.02_R3_4464	NC_012920.1	100.000	150	150	1.58e-77	278
POS_NC_045512_2_F0.02_R3_4465	NC_012920.1	100.000	150	150	1.58e-77	278
POS_NC_045512_2_F0.02_R3_4466	NC_012920.1	100.000	150	150	1.58e-77	278
POS_NC_045512_2_F0.02_R3_4467	NC_012920.1	100.000	150	150	1.58e-77	278
POS_NC_045512_2_F0.02_R3_4468	NC_012920.1	100.000	150	150	1.58e-77	278
POS_NC_045512_2_F0.02_R3_4469	NC_012920.1	100.000	150	150	1.58e-77	278
POS_NC_045512_2_F0.02_R3_4470	NC_012920.1	100.000	150	150	1.58e-77	278
POS_NC_045512_2_F0.02_R3_4471	NC_012920.1	100.000	150	150	1.58e-77	278
POS_NC_045512_2_F0.02_R3_4472	NC_012920.1	98.667	150	150	3.42e-74	267
POS_NC_045512_2_F0.02_R3_4473	NC_012920.1	100.000	150	150	1.58e-77	278
POS_NC_045512_2_F0.02_R3_4474	NC_012920.1	100.000	150	150	1.58e-77	278
POS_NC_045512_2_F0.02_R3_4475	NC_012920.1	99.333	150	150	7.34e-76	272
POS_NC_045512_2_F0.02_R3_4476	NC_012920.1	100.000	150	150	1.58e-77	278
POS_NC_045512_2_F0.02_R3_4477	NC_012920.1	100.000	150	150	1.58e-77	278
POS_NC_045512_2_F0.02_R3_4478	NC_012920.1	98.667	150	150	3.42e-74	267
POS_NC_045512_2_F0.02_R3_4479	NC_012920.1	100.000	150	150	2.04e-76	274
POS_NC_045512_2_F0.02_R3_4480	NC_012920.1	100.000	150	150	1.58e-77	278
POS_NC_045512_2_F0.02_R3_4481	NC_012920.1	100.000	150	150	1.58e-77	278
POS_NC_045512_2_F0.02_R3_4482	NC_012920.1	100.000	150	150	1.58e-77	278
POS_NC_045512_2_F0.02_R3_4483	NC_012920.1	100.000	150	150	1.58e-77	278
POS_NC_045512_2_F0.02_R3_4484	NC_012920.1	100.000	150	150	1.58e-77	278
POS_NC_045512_2_F0.02_R3_4485	NC_012920.1	100.000	150	150	1.58e-77	278
POS_NC_045512_2_F0.02_R3_4486	NC_012920.1	99.333	150	150	7.34e-76	272
POS_NC_045512_2_F0.02_R3_4487	NC_012920.1	100.000	150	150	1.58e-77	278
POS_NC_045512_2_F0.02_R3_4488	NC_012920.1	100.000	150	150	1.58e-77	278
POS_NC_045512_2_F0.02_R3_4489	NC_012920.1	100.000	150	150	1.58e-77	278
POS_NC_045512_2_F0.02_R3_4490	NC_012920.1	99.333	150	150	7.34e-76	272
POS_NC_045512_2_F0.02_R3_4491	NC_012920.1	98.667	150	150	3.42e-74	267
POS_NC_045512_2_F0.02_R3_4492	NC_012920.1	98.667	150	150	3.42e-74	267
POS_NC_045512_2_F0.02_R3_4493	NC_012920.1	100.000	150	150	1.58e-77	278
POS_NC_045512_2_F0.02_R3_4494	NC_012920.1	100.000	150	150	1.58e-77	278
POS_NC_045512_2_F0.02_R3_4495	NC_012920.1	100.000	150	150	1.58e-77	278
POS_NC_045512_2_F0.02_R3_4496	NC_012920.1	100.000	150	150	1.58e-77	278
POS_NC_045512_2_F0.02_R3_4497	NC_012920.1	100.000	150	150	1.58e-77	278
POS_NC_045512_2_F0.02_R3_4498	NC_012920.1	99.333	150	150	7.34e-76	272
POS_NC_045512_2_F0.02_R3_4499	NC_012920.1	100.000	150	150	1.58e-77	278
POS_NC_045512_2_F0.02_R3_4500	NC_012920.1	100.000	150	150	1.58e-77	278
POS_NC_045512_2_F0.02_R3_4501	NC_012920.1	100.000	150	150	1.58e-77	278
POS_NC_045512_2_F0.02_R3_4502	NC_012920.1	100.000	150	150	1.58e-77	278
POS_NC_045512_2_F0.02_R3_4503	NC_012920.1	100.000	150	150	1.58e-77	278
POS_NC_045512_2_F0.02_R3_4504	NC_012920.1	99.333	150	150	7.34e-76	272
POS_NC_045512_2_F0.02_R3_4505	NC_012920.1	99.333	150	150	7.34e-76	272
POS_NC_045512_2_F0.02_R3_4506	NC_012920.1	99.333	150	150	7.34e-76	272
POS_NC_045512_2_F0.02_R3_4507	NC_012920.1	100.000	150	150	1.58e-77	278
POS_NC_045512_2_F0.02_R3_4508	NC_012920.1	100.000	150	150	1.58e-77	278
POS_NC_045512_2_F0.02_R3_4509	NC_012920.1	100.000	150	150	1.58e-77	278
POS_NC_045512_2_F0.02_R3_4510	NC_012920.1	100.000	150	150	1.58e-77	278
POS_NC_045512_2_F0.02_R3_4511	NC_012920.1	99.333	150	150	7.34e-76	272
POS_NC_045512_2_F0.02_R3_4512	NC_012920.1	100.000	150	150	1.58e-77	278
POS_NC_045512_2_F0.02_R3_4513	NC_012920.1	100.000	150	150	1.58e-77	278
POS_NC_045512_2_F0.02_R3_4514	NC_012920.1	99.333	150	150	7.34e-76	272
POS_NC_045512_2_F0.02_R3_4515	NC_012920.1	100.000	150	150	1.58e-77	278
POS_NC_045512_2_F0.02_R3_4516	NC_012920.1	100.000	150	150	1.58e-77	278
POS_NC_045512_2_F0.02_R3_4517	NC_012920.1	99.333	150	150	7.34e-76	272
POS_NC_045512_2_F0.02_R3_4518	NC_012920.1	100.000	150	150	1.58e-77	278
POS_NC_045512_2_F0.02_R3_4519	NC_012920.1	100.000	150	150	1.58e-77	278
POS_NC_045512_2_F0.02_R3_4520	NC_012920.1	100.000	150	150	1.58e-77	278
POS_NC_045512_2_F0.02_R3_4521	NC_012920.1	100.000	150	150	1.58e-77	278
POS_NC_045512_2_F0.02_R3_4522	NC_012920.1	100.000	150	150	1.58e-77	278
POS_NC_045512_2_F0.02_R3_4523	NC_012920.1	100.000	150	150	1.58e-77	278
POS_NC_045512_2_F0.02_R3_4524	NC_012920.1	100.000	150	150	1.58e-77	278
POS_NC_045512_2_F0.02_R3_4525	NC_012920.1	100.000	150	150	1.58e-77	278
POS_NC_045512_2_F0.02_R3_4526	NC_012920.1	100.000	150	150	1.58e-77	278
POS_NC_045512_2_F0.02_R3_4527	NC_012920.1	100.000	150	150	1.58e-77	278
POS_NC_045512_2_F0.02_R3_4528	NC_012920.1	100.000	150	150	1.58e-77	278
POS_NC_045512_2_F0.02_R3_4529	NC_012920.1	100.000	150	150	1.58e-77	278
POS_NC_045512_2_F0.02_R3_4530	NC_012920.1	100.000	150	150	1.58e-77	278
POS_NC_045512_2_F0.02_R3_4531	NC_012920.1	100.000	150	150	1.58e-77	278
POS_NC_045512_2_F0.02_R3_4532	NC_012920.1	99.333	150	150	7.34e-76	272
POS_NC_045512_2_F0.02_R3_4533	NC_012920.1	100.000	150	150	1.58e-77	278
POS_NC_045512_2_F0.02_R3_4534	NC_012920.1	100.000	150	150	1.58e-77	278
POS_NC_045512_2_F0.02_R3_4535	NC_012920.1	100.000	150	150	1.58e-77	278
POS_NC_045512_2_F0.02_R3_4536	NC_012920.1	100.000	150	150	1.58e-77	278
POS_NC_045512_2_F0.02_R3_4537	NC_012920.1	98.667	150	150	3.42e-74	267
POS_NC_045512_2_F0.02_R3_4538	NC_012920.1	100.000	150	150	1.58e-77	278
POS_NC_045512_2_F0.02_R3_4539	NC_012920.1	100.000	150	150	1.58e-77	278
POS_NC_045512_2_F0.02_R3_4540	NC_012920.1	100.000	150	150	1.58e-77	278
POS_NC_045512_2_F0.02_R3_4541	NC_012920.1	100.000	150	150	1.58e-77	278
POS_NC_045512_2_F0.02_R3_4542	NC_012920.1	100.000	150	150	1.58e-77	278
POS_NC_045512_2_F0.02_R3_4543	NC_012920.1	100.000	150	150	1.58e-77	278
POS_NC_045512_2_F0.02_R3_4544	NC_012920.1	100.000	150	150	1.58e-77	278
POS_NC_045512_2_F0.02_R3_4545	NC_012920.1	100.000	150	150	1.58e-77	278
POS_NC_045512_2_F0.02_R3_4546	NC_012920.1	100.000	150	150	1.58e-77	278
POS_NC_045512_2_F0.02_R3_4547	NC_012920.1	99.333	150	150	7.34e-76	272
POS_NC_045512_2_F0.02_R3_4548	NC_012920.1	100.000	150	150	1.58e-77	278
POS_NC_045512_2_F0.02_R3_4549	NC_012920.1	100.000	150	150	1.58e-77	278
POS_NC_045512_2_F0.02_R3_4550	NC_012920.1	100.000	150	150	1.58e-77	278
POS_NC_045512_2_F0.02_R3_4551	NC_012920.1	98.000	150	150	1.59e-72	261
POS_NC_045512_2_F0.02_R3_4552	NC_012920.1	100.000	150	150	1.58e-77	278
POS_NC_045512_2_F0.02_R3_4553	NC_012920.1	100.000	150	150	1.58e-77	278
POS_NC_045512_2_F0.02_R3_4554	NC_012920.1	100.000	150	150	1.58e-77	278
POS_NC_045512_2_F0.02_R3_4555	NC_012920.1	100.000	150	150	1.58e-77	278
POS_NC_045512_2_F0.02_R3_4556	NC_012920.1	100.000	150	150	1.58e-77	278
POS_NC_045512_2_F0.02_R3_4557	NC_012920.1	100.000	150	150	1.58e-77	278
POS_NC_045512_2_F0.02_R3_4558	NC_012920.1	100.000	150	150	1.58e-77	278
POS_NC_045512_2_F0.02_R3_4559	NC_012920.1	100.000	150	150	1.58e-77	278
POS_NC_045512_2_F0.02_R3_4560	NC_012920.1	99.333	150	150	7.34e-76	272
POS_NC_045512_2_F0.02_R3_4561	NC_012920.1	99.333	150	150	7.34e-76	272
POS_NC_045512_2_F0.02_R3_4562	NC_012920.1	100.000	150	150	1.58e-77	278
POS_NC_045512_2_F0.02_R3_4563	NC_012920.1	100.000	150	150	1.58e-77	278
POS_NC_045512_2_F0.02_R3_4564	NC_012920.1	100.000	150	150	1.58e-77	278
POS_NC_045512_2_F0.02_R3_4565	NC_012920.1	100.000	150	150	1.58e-77	278
POS_NC_045512_2_F0.02_R3_4566	NC_012920.1	100.000	150	150	1.58e-77	278
POS_NC_045512_2_F0.02_R3_4567	NC_012920.1	99.333	150	150	7.34e-76	272
POS_NC_045512_2_F0.02_R3_4568	NC_012920.1	100.000	150	150	1.58e-77	278
POS_NC_045512_2_F0.02_R3_4569	NC_012920.1	100.000	150	150	1.58e-77	278
POS_NC_045512_2_F0.02_R3_4570	NC_012920.1	100.000	150	150	1.58e-77	278
POS_NC_045512_2_F0.02_R3_4571	NC_012920.1	100.000	150	150	1.58e-77	278
POS_NC_045512_2_F0.02_R3_4572	NC_012920.1	100.000	150	150	1.58e-77	278
POS_NC_045512_2_F0.02_R3_4573	NC_012920.1	100.000	150	150	1.58e-77	278
POS_NC_045512_2_F0.02_R3_4574	NC_012920.1	100.000	150	150	1.58e-77	278
POS_NC_045512_2_F0.02_R3_4575	NC_012920.1	100.000	150	150	1.58e-77	278
POS_NC_045512_2_F0.02_R3_4576	NC_012920.1	100.000	150	150	1.58e-77	278
POS_NC_045512_2_F0.02_R3_4577	NC_012920.1	100.000	150	150	1.58e-77	278
POS_NC_045512_2_F0.02_R3_4578	NC_012920.1	100.000	150	150	1.58e-77	278
POS_NC_045512_2_F0.02_R3_4579	NC_012920.1	99.333	150	150	7.34e-76	272
POS_NC_045512_2_F0.02_R3_4580	NC_012920.1	99.333	150	150	7.34e-76	272
POS_NC_045512_2_F0.02_R3_4581	NC_012920.1	100.000	150	150	1.58e-77	278
POS_NC_045512_2_F0.02_R3_4582	NC_012920.1	100.000	150	150	1.58e-77	278
POS_NC_045512_2_F0.02_R3_4583	NC_012920.1	100.000	150	150	1.58e-77	278
POS_NC_045512_2_F0.02_R3_4584	NC_012920.1	100.000	150	150	1.58e-77	278
POS_NC_045512_2_F0.02_R3_4585	NC_012920.1	100.000	150	150	1.58e-77	278
POS_NC_045512_2_F0.02_R3_4586	NC_012920.1	100.000	150	150	1.58e-77	278
POS_NC_045512_2_F0.02_R3_4587	NC_012920.1	100.000	150	150	1.58e-77	278
POS_NC_045512_2_F0.02_R3_4588	NC_012920.1	100.000	150	150	1.58e-77	278
POS_NC_045512_2_F0.02_R3_4589	NC_012920.1	98.667	150	150	3.42e-74	267
POS_NC_045512_2_F0.02_R3_4590	NC_012920.1	100.000	150	150	1.58e-77	278
POS_NC_045512_2_F0.02_R3_4591	NC_012920.1	100.000	150	150	1.58e-77	278
POS_NC_045512_2_F0.02_R3_4592	NC_012920.1	99.333	150	150	7.34e-76	272
POS_NC_045512_2_F0.02_R3_4593	NC_012920.1	99.333	150	150	7.34e-76	272
POS_NC_045512_2_F0.02_R3_4594	NC_012920.1	99.333	150	150	7.34e-76	272
POS_NC_045512_2_F0.02_R3_4595	NC_012920.1	99.333	150	150	7.34e-76	272
POS_NC_045512_2_F0.02_R3_4596	NC_012920.1	100.000	150	150	1.58e-77	278
POS_NC_045512_2_F0.02_R3_4597	NC_012920.1	100.000	150	150	1.58e-77	278
POS_NC_045512_2_F0.02_R3_4598	NC_012920.1	100.000	150	150	1.58e-77	278
POS_NC_045512_2_F0.02_R3_4599	NC_012920.1	100.000	150	150	1.58e-77	278
POS_NC_045512_2_F0.02_R3_4600	NC_012920.1	100.000	150	150	1.58e-77	278
POS_NC_045512_2_F0.02_R3_4601	NC_012920.1	100.000	150	150	1.58e-77	278
POS_NC_045512_2_F0.02_R3_4602	NC_012920.1	100.000	150	150	1.58e-77	278
POS_NC_045512_2_F0.02_R3_4603	NC_012920.1	98.000	150	150	1.59e-72	261
POS_NC_045512_2_F0.02_R3_4604	NC_012920.1	98.667	150	150	3.42e-74	267
POS_NC_045512_2_F0.02_R3_4605	NC_012920.1	100.000	150	150	1.58e-77	278
POS_NC_045512_2_F0.02_R3_4606	NC_012920.1	100.000	150	150	1.58e-77	278
POS_NC_045512_2_F0.02_R3_4607	NC_012920.1	99.333	150	150	7.34e-76	272
POS_NC_045512_2_F0.02_R3_4608	NC_012920.1	98.667	150	150	3.42e-74	267
POS_NC_045512_2_F0.02_R3_4609	NC_012920.1	99.333	150	150	7.34e-76	272
POS_NC_045512_2_F0.02_R3_4610	NC_012920.1	100.000	150	150	1.58e-77	278
POS_NC_045512_2_F0.02_R3_4611	NC_012920.1	100.000	150	150	1.58e-77	278
POS_NC_045512_2_F0.02_R3_4612	NC_012920.1	100.000	150	150	1.58e-77	278
POS_NC_045512_2_F0.02_R3_4613	NC_012920.1	99.333	150	150	7.34e-76	272
POS_NC_045512_2_F0.02_R3_4614	NC_012920.1	99.333	150	150	7.34e-76	272
POS_NC_045512_2_F0.02_R3_4615	NC_012920.1	100.000	150	150	1.58e-77	278
POS_NC_045512_2_F0.02_R3_4616	NC_012920.1	100.000	150	150	1.58e-77	278
POS_NC_045512_2_F0.02_R3_4617	NC_012920.1	100.000	150	150	1.58e-77	278
POS_NC_045512_2_F0.02_R3_4618	NC_012920.1	99.333	150	150	7.34e-76	272
POS_NC_045512_2_F0.02_R3_4619	NC_012920.1	100.000	150	150	1.58e-77	278
POS_NC_045512_2_F0.02_R3_4620	NC_012920.1	100.000	150	150	1.58e-77	278
POS_NC_045512_2_F0.02_R3_4621	NC_012920.1	100.000	150	150	1.58e-77	278
POS_NC_045512_2_F0.02_R3_4622	NC_012920.1	100.000	150	150	1.58e-77	278
POS_NC_045512_2_F0.02_R3_4623	NC_012920.1	100.000	150	150	1.58e-77	278
POS_NC_045512_2_F0.02_R3_4624	NC_012920.1	99.333	150	150	9.50e-75	268
POS_NC_045512_2_F0.02_R3_4625	NC_012920.1	100.000	150	150	1.58e-77	278
POS_NC_045512_2_F0.02_R3_4626	NC_012920.1	99.333	150	150	7.34e-76	272
POS_NC_045512_2_F0.02_R3_4627	NC_012920.1	100.000	150	150	1.58e-77	278
POS_NC_045512_2_F0.02_R3_4628	NC_012920.1	99.333	150	150	7.34e-76	272
POS_NC_045512_2_F0.02_R3_4629	NC_012920.1	99.333	150	150	7.34e-76	272
POS_NC_045512_2_F0.02_R3_4630	NC_012920.1	100.000	150	150	1.58e-77	278
POS_NC_045512_2_F0.02_R3_4631	NC_012920.1	100.000	150	150	1.58e-77	278
POS_NC_045512_2_F0.02_R3_4632	NC_012920.1	100.000	150	150	1.58e-77	278
POS_NC_045512_2_F0.02_R3_4633	NC_012920.1	99.333	150	150	7.34e-76	272
POS_NC_045512_2_F0.02_R3_4634	NC_012920.1	100.000	150	150	1.58e-77	278
POS_NC_045512_2_F0.02_R3_4635	NC_012920.1	100.000	150	150	1.58e-77	278
POS_NC_045512_2_F0.02_R3_4636	NC_012920.1	99.333	150	150	7.34e-76	272
POS_NC_045512_2_F0.02_R3_4637	NC_012920.1	99.333	150	150	7.34e-76	272
POS_NC_045512_2_F0.02_R3_4638	NC_012920.1	99.333	150	150	7.34e-76	272
POS_NC_045512_2_F0.02_R3_4639	NC_012920.1	100.000	150	150	1.58e-77	278
POS_NC_045512_2_F0.02_R3_4640	NC_012920.1	100.000	150	150	1.58e-77	278
POS_NC_045512_2_F0.02_R3_4641	NC_012920.1	100.000	150	150	1.58e-77	278
POS_NC_045512_2_F0.02_R3_4642	NC_012920.1	100.000	150	150	1.58e-77	278
POS_NC_045512_2_F0.02_R3_4643	NC_012920.1	100.000	150	150	1.58e-77	278
POS_NC_045512_2_F0.02_R3_4644	NC_012920.1	99.333	150	150	7.34e-76	272
POS_NC_045512_2_F0.02_R3_4645	NC_012920.1	100.000	150	150	1.58e-77	278
POS_NC_045512_2_F0.02_R3_4646	NC_012920.1	99.333	150	150	7.34e-76	272
POS_NC_045512_2_F0.02_R3_4647	NC_012920.1	100.000	150	150	1.58e-77	278
POS_NC_045512_2_F0.02_R3_4648	NC_012920.1	100.000	150	150	1.58e-77	278
POS_NC_045512_2_F0.02_R3_4649	NC_012920.1	99.333	150	150	7.34e-76	272
POS_NC_045512_2_F0.02_R3_4650	NC_012920.1	100.000	150	150	1.58e-77	278
POS_NC_045512_2_F0.02_R3_4651	NC_012920.1	100.000	150	150	1.58e-77	278
POS_NC_045512_2_F0.02_R3_4652	NC_012920.1	100.000	150	150	1.58e-77	278
POS_NC_045512_2_F0.02_R3_4653	NC_012920.1	99.333	150	150	7.34e-76	272
POS_NC_045512_2_F0.02_R3_4654	NC_012920.1	99.333	150	150	7.34e-76	272
POS_NC_045512_2_F0.02_R3_4655	NC_012920.1	100.000	150	150	1.58e-77	278
POS_NC_045512_2_F0.02_R3_4656	NC_012920.1	100.000	150	150	1.58e-77	278
POS_NC_045512_2_F0.02_R3_4657	NC_012920.1	100.000	150	150	1.58e-77	278
POS_NC_045512_2_F0.02_R3_4658	NC_012920.1	99.333	150	150	7.34e-76	272
POS_NC_045512_2_F0.02_R3_4659	NC_012920.1	99.333	150	150	7.34e-76	272
POS_NC_045512_2_F0.02_R3_4660	NC_012920.1	100.000	150	150	1.58e-77	278
POS_NC_045512_2_F0.02_R3_4661	NC_012920.1	100.000	150	150	1.58e-77	278
POS_NC_045512_2_F0.02_R3_4662	NC_012920.1	100.000	150	150	1.58e-77	278
POS_NC_045512_2_F0.02_R3_4663	NC_012920.1	99.333	150	150	7.34e-76	272
POS_NC_045512_2_F0.02_R3_4664	NC_012920.1	99.333	150	150	7.34e-76	272
POS_NC_045512_2_F0.02_R3_4665	NC_012920.1	100.000	150	150	1.58e-77	278
POS_NC_045512_2_F0.02_R3_4666	NC_012920.1	100.000	150	150	1.58e-77	278
POS_NC_045512_2_F0.02_R3_4667	NC_012920.1	100.000	150	150	1.58e-77	278
POS_NC_045512_2_F0.02_R3_4668	NC_012920.1	100.000	150	150	1.58e-77	278
POS_NC_045512_2_F0.02_R3_4669	NC_012920.1	98.667	150	150	3.42e-74	267
POS_NC_045512_2_F0.02_R3_4670	NC_012920.1	99.333	150	150	7.34e-76	272
POS_NC_045512_2_F0.02_R3_4671	NC_012920.1	99.333	150	150	7.34e-76	272
POS_NC_045512_2_F0.02_R3_4672	NC_012920.1	99.333	150	150	7.34e-76	272
POS_NC_045512_2_F0.02_R3_4673	NC_012920.1	100.000	150	150	1.58e-77	278
POS_NC_045512_2_F0.02_R3_4674	NC_012920.1	100.000	150	150	1.58e-77	278
POS_NC_045512_2_F0.02_R3_4675	NC_012920.1	99.333	150	150	7.34e-76	272
POS_NC_045512_2_F0.02_R3_4676	NC_012920.1	100.000	150	150	1.58e-77	278
POS_NC_045512_2_F0.02_R3_4677	NC_012920.1	100.000	150	150	1.58e-77	278
POS_NC_045512_2_F0.02_R3_4678	NC_012920.1	99.333	150	150	7.34e-76	272
POS_NC_045512_2_F0.02_R3_4679	NC_012920.1	100.000	150	150	1.58e-77	278
POS_NC_045512_2_F0.02_R3_4680	NC_012920.1	100.000	150	150	1.58e-77	278
POS_NC_045512_2_F0.02_R3_4681	NC_012920.1	99.333	150	150	7.34e-76	272
POS_NC_045512_2_F0.02_R3_4682	NC_012920.1	100.000	150	150	1.58e-77	278
POS_NC_045512_2_F0.02_R3_4683	NC_012920.1	100.000	150	150	1.58e-77	278
POS_NC_045512_2_F0.02_R3_4684	NC_012920.1	98.667	150	150	3.42e-74	267
POS_NC_045512_2_F0.02_R3_4685	NC_012920.1	100.000	150	150	1.58e-77	278
POS_NC_045512_2_F0.02_R3_4686	NC_012920.1	100.000	150	150	1.58e-77	278
POS_NC_045512_2_F0.02_R3_4687	NC_012920.1	100.000	150	150	1.58e-77	278
POS_NC_045512_2_F0.02_R3_4688	NC_012920.1	100.000	150	150	1.58e-77	278
POS_NC_045512_2_F0.02_R3_4689	NC_012920.1	100.000	150	150	1.58e-77	278
POS_NC_045512_2_F0.02_R3_4690	NC_012920.1	100.000	150	150	1.58e-77	278
POS_NC_045512_2_F0.02_R3_4691	NC_012920.1	99.333	150	150	7.34e-76	272
POS_NC_045512_2_F0.02_R3_4692	NC_012920.1	100.000	150	150	1.58e-77	278
POS_NC_045512_2_F0.02_R3_4693	NC_012920.1	100.000	150	150	1.58e-77	278
POS_NC_045512_2_F0.02_R3_4694	NC_012920.1	100.000	150	150	1.58e-77	278
POS_NC_045512_2_F0.02_R3_4695	NC_012920.1	100.000	150	150	1.58e-77	278
POS_NC_045512_2_F0.02_R3_4696	NC_012920.1	100.000	150	150	1.58e-77	278
POS_NC_045512_2_F0.02_R3_4697	NC_012920.1	99.333	150	150	7.34e-76	272
POS_NC_045512_2_F0.02_R3_4698	NC_012920.1	100.000	150	150	1.58e-77	278
POS_NC_045512_2_F0.02_R3_4699	NC_012920.1	100.000	150	150	1.58e-77	278
POS_NC_045512_2_F0.02_R3_4700	NC_012920.1	100.000	150	150	1.58e-77	278
POS_NC_045512_2_F0.02_R3_4701	NC_012920.1	100.000	150	150	1.58e-77	278
POS_NC_045512_2_F0.02_R3_4702	NC_012920.1	100.000	150	150	1.58e-77	278
POS_NC_045512_2_F0.02_R3_4703	NC_012920.1	99.333	150	150	7.34e-76	272
POS_NC_045512_2_F0.02_R3_4704	NC_012920.1	99.333	150	150	7.34e-76	272
POS_NC_045512_2_F0.02_R3_4705	NC_012920.1	100.000	150	150	1.58e-77	278
POS_NC_045512_2_F0.02_R3_4706	NC_012920.1	98.000	150	150	1.59e-72	261
POS_NC_045512_2_F0.02_R3_4707	NC_012920.1	100.000	150	150	1.58e-77	278
POS_NC_045512_2_F0.02_R3_4708	NC_012920.1	100.000	148	150	2.04e-76	274
POS_NC_045512_2_F0.02_R3_4709	NC_012920.1	100.000	150	150	1.58e-77	278
POS_NC_045512_2_F0.02_R3_4710	NC_012920.1	100.000	150	150	1.58e-77	278
POS_NC_045512_2_F0.02_R3_4711	NC_012920.1	100.000	150	150	1.58e-77	278
POS_NC_045512_2_F0.02_R3_4712	NC_012920.1	100.000	150	150	1.58e-77	278
POS_NC_045512_2_F0.02_R3_4713	NC_012920.1	100.000	150	150	1.58e-77	278
POS_NC_045512_2_F0.02_R3_4714	NC_012920.1	99.333	150	150	7.34e-76	272
POS_NC_045512_2_F0.02_R3_4715	NC_012920.1	100.000	150	150	1.58e-77	278
POS_NC_045512_2_F0.02_R3_4716	NC_012920.1	100.000	150	150	1.58e-77	278
POS_NC_045512_2_F0.02_R3_4717	NC_012920.1	100.000	150	150	1.58e-77	278
POS_NC_045512_2_F0.02_R3_4718	NC_012920.1	99.333	150	150	7.34e-76	272
POS_NC_045512_2_F0.02_R3_4719	NC_012920.1	100.000	150	150	1.58e-77	278
POS_NC_045512_2_F0.02_R3_4720	NC_012920.1	100.000	150	150	1.58e-77	278
POS_NC_045512_2_F0.02_R3_4721	NC_012920.1	99.333	150	150	7.34e-76	272
POS_NC_045512_2_F0.02_R3_4722	NC_012920.1	99.333	150	150	7.34e-76	272
POS_NC_045512_2_F0.02_R3_4723	NC_012920.1	100.000	150	150	1.58e-77	278
POS_NC_045512_2_F0.02_R3_4724	NC_012920.1	99.333	150	150	7.34e-76	272
POS_NC_045512_2_F0.02_R3_4725	NC_012920.1	99.333	150	150	7.34e-76	272
POS_NC_045512_2_F0.02_R3_4726	NC_012920.1	100.000	150	150	1.58e-77	278
POS_NC_045512_2_F0.02_R3_4727	NC_012920.1	100.000	150	150	1.58e-77	278
POS_NC_045512_2_F0.02_R3_4728	NC_012920.1	100.000	150	150	1.58e-77	278
POS_NC_045512_2_F0.02_R3_4729	NC_012920.1	100.000	150	150	1.58e-77	278
POS_NC_045512_2_F0.02_R3_4730	NC_012920.1	100.000	150	150	1.58e-77	278
POS_NC_045512_2_F0.02_R3_4731	NC_012920.1	100.000	150	150	1.58e-77	278
POS_NC_045512_2_F0.02_R3_4732	NC_012920.1	100.000	150	150	1.58e-77	278
POS_NC_045512_2_F0.02_R3_4733	NC_012920.1	99.333	150	150	7.34e-76	272
POS_NC_045512_2_F0.02_R3_4734	NC_012920.1	100.000	150	150	1.58e-77	278
POS_NC_045512_2_F0.02_R3_4735	NC_012920.1	99.333	150	150	7.34e-76	272
POS_NC_045512_2_F0.02_R3_4736	NC_012920.1	100.000	150	150	1.58e-77	278
POS_NC_045512_2_F0.02_R3_4737	NC_012920.1	99.333	150	150	7.34e-76	272
POS_NC_045512_2_F0.02_R3_4738	NC_012920.1	100.000	150	150	1.58e-77	278
POS_NC_045512_2_F0.02_R3_4739	NC_012920.1	100.000	150	150	1.58e-77	278
POS_NC_045512_2_F0.02_R3_4740	NC_012920.1	99.333	150	150	7.34e-76	272
POS_NC_045512_2_F0.02_R3_4741	NC_012920.1	100.000	150	150	1.58e-77	278
POS_NC_045512_2_F0.02_R3_4742	NC_012920.1	99.333	150	150	7.34e-76	272
POS_NC_045512_2_F0.02_R3_4743	NC_012920.1	100.000	150	150	1.58e-77	278
POS_NC_045512_2_F0.02_R3_4744	NC_012920.1	99.333	150	150	7.34e-76	272
POS_NC_045512_2_F0.02_R3_4745	NC_012920.1	100.000	150	150	1.58e-77	278
POS_NC_045512_2_F0.02_R3_4746	NC_012920.1	100.000	150	150	1.58e-77	278
POS_NC_045512_2_F0.02_R3_4747	NC_012920.1	99.333	150	150	7.34e-76	272
POS_NC_045512_2_F0.02_R3_4748	NC_012920.1	100.000	150	150	1.58e-77	278
POS_NC_045512_2_F0.02_R3_4749	NC_012920.1	100.000	150	150	1.58e-77	278
POS_NC_045512_2_F0.02_R3_4750	NC_012920.1	99.333	150	150	7.34e-76	272
POS_NC_045512_2_F0.02_R3_4751	NC_012920.1	100.000	150	150	1.58e-77	278
POS_NC_045512_2_F0.02_R3_4752	NC_012920.1	100.000	150	150	1.58e-77	278
POS_NC_045512_2_F0.02_R3_4753	NC_012920.1	100.000	150	150	1.58e-77	278
POS_NC_045512_2_F0.02_R3_4754	NC_012920.1	100.000	150	150	1.58e-77	278
POS_NC_045512_2_F0.02_R3_4755	NC_012920.1	100.000	150	150	1.58e-77	278
POS_NC_045512_2_F0.02_R3_4756	NC_012920.1	100.000	150	150	1.58e-77	278
POS_NC_045512_2_F0.02_R3_4757	NC_012920.1	100.000	150	150	1.58e-77	278
POS_NC_045512_2_F0.02_R3_4758	NC_012920.1	99.333	150	150	7.34e-76	272
POS_NC_045512_2_F0.02_R3_4759	NC_012920.1	100.000	150	150	1.58e-77	278
POS_NC_045512_2_F0.02_R3_4760	NC_012920.1	100.000	150	150	1.58e-77	278
POS_NC_045512_2_F0.02_R3_4761	NC_012920.1	100.000	150	150	1.58e-77	278
POS_NC_045512_2_F0.02_R3_4762	NC_012920.1	100.000	150	150	1.58e-77	278
POS_NC_045512_2_F0.02_R3_4763	NC_012920.1	100.000	150	150	1.58e-77	278
POS_NC_045512_2_F0.02_R3_4764	NC_012920.1	100.000	150	150	1.58e-77	278
POS_NC_045512_2_F0.02_R3_4765	NC_012920.1	100.000	150	150	1.58e-77	278
POS_NC_045512_2_F0.02_R3_4766	NC_012920.1	100.000	150	150	1.58e-77	278
POS_NC_045512_2_F0.02_R3_4767	NC_012920.1	100.000	150	150	1.58e-77	278
POS_NC_045512_2_F0.02_R3_4768	NC_012920.1	100.000	150	150	1.58e-77	278
POS_NC_045512_2_F0.02_R3_4769	NC_012920.1	100.000	150	150	1.58e-77	278
POS_NC_045512_2_F0.02_R3_4770	NC_012920.1	99.333	150	150	7.34e-76	272
POS_NC_045512_2_F0.02_R3_4771	NC_012920.1	100.000	150	150	1.58e-77	278
POS_NC_045512_2_F0.02_R3_4772	NC_012920.1	100.000	150	150	1.58e-77	278
POS_NC_045512_2_F0.02_R3_4773	NC_012920.1	100.000	150	150	1.58e-77	278
POS_NC_045512_2_F0.02_R3_4774	NC_012920.1	100.000	150	150	1.58e-77	278
POS_NC_045512_2_F0.02_R3_4775	NC_012920.1	100.000	150	150	1.58e-77	278
POS_NC_045512_2_F0.02_R3_4776	NC_012920.1	98.667	150	150	3.42e-74	267
POS_NC_045512_2_F0.02_R3_4777	NC_012920.1	100.000	150	150	1.58e-77	278
POS_NC_045512_2_F0.02_R3_4778	NC_012920.1	100.000	150	150	1.58e-77	278
POS_NC_045512_2_F0.02_R3_4779	NC_012920.1	100.000	150	150	1.58e-77	278
POS_NC_045512_2_F0.02_R3_4780	NC_012920.1	100.000	150	150	1.58e-77	278
POS_NC_045512_2_F0.02_R3_4781	NC_012920.1	100.000	150	150	1.58e-77	278
POS_NC_045512_2_F0.02_R3_4782	NC_012920.1	100.000	150	150	1.58e-77	278
POS_NC_045512_2_F0.02_R3_4783	NC_012920.1	100.000	150	150	1.58e-77	278
POS_NC_045512_2_F0.02_R3_4784	NC_012920.1	100.000	150	150	1.58e-77	278
POS_NC_045512_2_F0.02_R3_4785	NC_012920.1	100.000	150	150	1.58e-77	278
POS_NC_045512_2_F0.02_R3_4786	NC_012920.1	100.000	150	150	1.58e-77	278
POS_NC_045512_2_F0.02_R3_4787	NC_012920.1	100.000	150	150	1.58e-77	278
POS_NC_045512_2_F0.02_R3_4788	NC_012920.1	100.000	150	150	1.58e-77	278
POS_NC_045512_2_F0.02_R3_4789	NC_012920.1	100.000	150	150	1.58e-77	278
POS_NC_045512_2_F0.02_R3_4790	NC_012920.1	100.000	150	150	1.58e-77	278
POS_NC_045512_2_F0.02_R3_4791	NC_012920.1	100.000	150	150	1.58e-77	278
POS_NC_045512_2_F0.02_R3_4792	NC_012920.1	99.333	150	150	7.34e-76	272
POS_NC_045512_2_F0.02_R3_4793	NC_012920.1	100.000	150	150	1.58e-77	278
POS_NC_045512_2_F0.02_R3_4794	NC_012920.1	100.000	150	150	1.58e-77	278
POS_NC_045512_2_F0.02_R3_4795	NC_012920.1	100.000	150	150	1.58e-77	278
POS_NC_045512_2_F0.02_R3_4796	NC_012920.1	99.333	150	150	7.34e-76	272
POS_NC_045512_2_F0.02_R3_4797	NC_012920.1	99.333	150	150	7.34e-76	272
POS_NC_045512_2_F0.02_R3_4798	NC_012920.1	100.000	150	150	1.58e-77	278
POS_NC_045512_2_F0.02_R3_4799	NC_012920.1	100.000	149	150	5.68e-77	276
POS_NC_045512_2_F0.02_R3_4800	NC_012920.1	100.000	150	150	1.58e-77	278
POS_NC_045512_2_F0.02_R3_4801	NC_012920.1	100.000	150	150	1.58e-77	278
POS_NC_045512_2_F0.02_R3_4802	NC_012920.1	100.000	150	150	1.58e-77	278
POS_NC_045512_2_F0.02_R3_4803	NC_012920.1	99.333	150	150	7.34e-76	272
POS_NC_045512_2_F0.02_R3_4804	NC_012920.1	100.000	150	150	1.58e-77	278
POS_NC_045512_2_F0.02_R3_4805	NC_012920.1	100.000	150	150	1.58e-77	278
POS_NC_045512_2_F0.02_R3_4806	NC_012920.1	100.000	150	150	1.58e-77	278
POS_NC_045512_2_F0.02_R3_4807	NC_012920.1	100.000	150	150	1.58e-77	278
POS_NC_045512_2_F0.02_R3_4808	NC_012920.1	100.000	150	150	1.58e-77	278
POS_NC_045512_2_F0.02_R3_4809	NC_012920.1	100.000	150	150	1.58e-77	278
POS_NC_045512_2_F0.02_R3_4810	NC_012920.1	100.000	150	150	1.58e-77	278
POS_NC_045512_2_F0.02_R3_4811	NC_012920.1	100.000	150	150	1.58e-77	278
POS_NC_045512_2_F0.02_R3_4812	NC_012920.1	100.000	150	150	1.58e-77	278
POS_NC_045512_2_F0.02_R3_4813	NC_012920.1	100.000	150	150	1.58e-77	278
POS_NC_045512_2_F0.02_R3_4814	NC_012920.1	100.000	150	150	1.58e-77	278
POS_NC_045512_2_F0.02_R3_4815	NC_012920.1	99.333	150	150	7.34e-76	272
POS_NC_045512_2_F0.02_R3_4816	NC_012920.1	100.000	150	150	1.58e-77	278
POS_NC_045512_2_F0.02_R3_4817	NC_012920.1	100.000	150	150	1.58e-77	278
POS_NC_045512_2_F0.02_R3_4818	NC_012920.1	100.000	150	150	1.58e-77	278
POS_NC_045512_2_F0.02_R3_4819	NC_012920.1	100.000	150	150	1.58e-77	278
POS_NC_045512_2_F0.02_R3_4820	NC_012920.1	100.000	150	150	1.58e-77	278
POS_NC_045512_2_F0.02_R3_4821	NC_012920.1	100.000	150	150	1.58e-77	278
POS_NC_045512_2_F0.02_R3_4822	NC_012920.1	100.000	150	150	1.58e-77	278
POS_NC_045512_2_F0.02_R3_4823	NC_012920.1	99.333	150	150	7.34e-76	272
POS_NC_045512_2_F0.02_R3_4824	NC_012920.1	100.000	150	150	1.58e-77	278
POS_NC_045512_2_F0.02_R3_4825	NC_012920.1	100.000	150	150	1.58e-77	278
POS_NC_045512_2_F0.02_R3_4826	NC_012920.1	99.333	150	150	7.34e-76	272
POS_NC_045512_2_F0.02_R3_4827	NC_012920.1	99.333	150	150	7.34e-76	272
POS_NC_045512_2_F0.02_R3_4828	NC_012920.1	100.000	150	150	1.58e-77	278
POS_NC_045512_2_F0.02_R3_4829	NC_012920.1	100.000	150	150	1.58e-77	278
POS_NC_045512_2_F0.02_R3_4830	NC_012920.1	100.000	150	150	1.58e-77	278
POS_NC_045512_2_F0.02_R3_4831	NC_012920.1	100.000	150	150	1.58e-77	278
POS_NC_045512_2_F0.02_R3_4832	NC_012920.1	99.333	150	150	7.34e-76	272
POS_NC_045512_2_F0.02_R3_4833	NC_012920.1	100.000	150	150	1.58e-77	278
POS_NC_045512_2_F0.02_R3_4834	NC_012920.1	100.000	150	150	1.58e-77	278
POS_NC_045512_2_F0.02_R3_4835	NC_012920.1	100.000	150	150	1.58e-77	278
POS_NC_045512_2_F0.02_R3_4836	NC_012920.1	100.000	150	150	1.58e-77	278
POS_NC_045512_2_F0.02_R3_4837	NC_012920.1	100.000	150	150	1.58e-77	278
POS_NC_045512_2_F0.02_R3_4838	NC_012920.1	100.000	150	150	1.58e-77	278
POS_NC_045512_2_F0.02_R3_4839	NC_012920.1	100.000	150	150	1.58e-77	278
POS_NC_045512_2_F0.02_R3_4840	NC_012920.1	100.000	150	150	1.58e-77	278
POS_NC_045512_2_F0.02_R3_4841	NC_012920.1	100.000	150	150	1.58e-77	278
POS_NC_045512_2_F0.02_R3_4842	NC_012920.1	100.000	150	150	1.58e-77	278
POS_NC_045512_2_F0.02_R3_4843	NC_012920.1	99.333	150	150	7.34e-76	272
POS_NC_045512_2_F0.02_R3_4844	NC_012920.1	100.000	150	150	1.58e-77	278
POS_NC_045512_2_F0.02_R3_4845	NC_012920.1	100.000	150	150	1.58e-77	278
POS_NC_045512_2_F0.02_R3_4846	NC_012920.1	100.000	150	150	1.58e-77	278
POS_NC_045512_2_F0.02_R3_4847	NC_012920.1	99.333	150	150	7.34e-76	272
POS_NC_045512_2_F0.02_R3_4848	NC_012920.1	100.000	150	150	1.58e-77	278
POS_NC_045512_2_F0.02_R3_4849	NC_012920.1	100.000	150	150	1.58e-77	278
POS_NC_045512_2_F0.02_R3_4850	NC_012920.1	100.000	150	150	1.58e-77	278
POS_NC_045512_2_F0.02_R3_4851	NC_012920.1	100.000	150	150	1.58e-77	278
POS_NC_045512_2_F0.02_R3_4852	NC_012920.1	100.000	150	150	1.58e-77	278
POS_NC_045512_2_F0.02_R3_4853	NC_012920.1	100.000	150	150	1.58e-77	278
POS_NC_045512_2_F0.02_R3_4854	NC_012920.1	99.333	150	150	7.34e-76	272
POS_NC_045512_2_F0.02_R3_4855	NC_012920.1	99.333	150	150	7.34e-76	272
POS_NC_045512_2_F0.02_R3_4856	NC_012920.1	99.333	150	150	7.34e-76	272
POS_NC_045512_2_F0.02_R3_4857	NC_012920.1	99.333	150	150	7.34e-76	272
POS_NC_045512_2_F0.02_R3_4858	NC_012920.1	100.000	150	150	1.58e-77	278
POS_NC_045512_2_F0.02_R3_4859	NC_012920.1	100.000	150	150	1.58e-77	278
POS_NC_045512_2_F0.02_R3_4860	NC_012920.1	100.000	150	150	1.58e-77	278
POS_NC_045512_2_F0.02_R3_4861	NC_012920.1	100.000	150	150	1.58e-77	278
POS_NC_045512_2_F0.02_R3_4862	NC_012920.1	100.000	150	150	1.58e-77	278
POS_NC_045512_2_F0.02_R3_4863	NC_012920.1	100.000	150	150	1.58e-77	278
POS_NC_045512_2_F0.02_R3_4864	NC_012920.1	100.000	150	150	1.58e-77	278
POS_NC_045512_2_F0.02_R3_4865	NC_012920.1	100.000	150	150	2.04e-76	274
POS_NC_045512_2_F0.02_R3_4866	NC_012920.1	100.000	150	150	1.58e-77	278
POS_NC_045512_2_F0.02_R3_4867	NC_012920.1	100.000	150	150	1.58e-77	278
POS_NC_045512_2_F0.02_R3_4868	NC_012920.1	100.000	150	150	1.58e-77	278
POS_NC_045512_2_F0.02_R3_4869	NC_012920.1	100.000	150	150	1.58e-77	278
POS_NC_045512_2_F0.02_R3_4870	NC_012920.1	99.333	150	150	7.34e-76	272
POS_NC_045512_2_F0.02_R3_4871	NC_012920.1	100.000	150	150	1.58e-77	278
POS_NC_045512_2_F0.02_R3_4872	NC_012920.1	98.000	150	150	1.59e-72	261
POS_NC_045512_2_F0.02_R3_4873	NC_012920.1	100.000	150	150	1.58e-77	278
POS_NC_045512_2_F0.02_R3_4874	NC_012920.1	100.000	150	150	1.58e-77	278
POS_NC_045512_2_F0.02_R3_4875	NC_012920.1	99.333	150	150	7.34e-76	272
POS_NC_045512_2_F0.02_R3_4876	NC_012920.1	100.000	150	150	1.58e-77	278
POS_NC_045512_2_F0.02_R3_4877	NC_012920.1	100.000	150	150	1.58e-77	278
POS_NC_045512_2_F0.02_R3_4878	NC_012920.1	100.000	150	150	1.58e-77	278
POS_NC_045512_2_F0.02_R3_4879	NC_012920.1	100.000	150	150	1.58e-77	278
POS_NC_045512_2_F0.02_R3_4880	NC_012920.1	99.333	150	150	7.34e-76	272
POS_NC_045512_2_F0.02_R3_4881	NC_012920.1	99.333	150	150	7.34e-76	272
POS_NC_045512_2_F0.02_R3_4882	NC_012920.1	100.000	150	150	1.58e-77	278
POS_NC_045512_2_F0.02_R3_4883	NC_012920.1	100.000	150	150	1.58e-77	278
POS_NC_045512_2_F0.02_R3_4884	NC_012920.1	100.000	150	150	1.58e-77	278
POS_NC_045512_2_F0.02_R3_4885	NC_012920.1	100.000	150	150	1.58e-77	278
POS_NC_045512_2_F0.02_R3_4886	NC_012920.1	99.333	150	150	7.34e-76	272
POS_NC_045512_2_F0.02_R3_4887	NC_012920.1	100.000	150	150	1.58e-77	278
POS_NC_045512_2_F0.02_R3_4888	NC_012920.1	99.333	150	150	7.34e-76	272
POS_NC_045512_2_F0.02_R3_4889	NC_012920.1	100.000	150	150	1.58e-77	278
POS_NC_045512_2_F0.02_R3_4890	NC_012920.1	100.000	150	150	1.58e-77	278
POS_NC_045512_2_F0.02_R3_4891	NC_012920.1	100.000	150	150	1.58e-77	278
POS_NC_045512_2_F0.02_R3_4892	NC_012920.1	100.000	150	150	1.58e-77	278
POS_NC_045512_2_F0.02_R3_4893	NC_012920.1	100.000	150	150	1.58e-77	278
POS_NC_045512_2_F0.02_R3_4894	NC_012920.1	100.000	150	150	1.58e-77	278
POS_NC_045512_2_F0.02_R3_4895	NC_012920.1	100.000	150	150	1.58e-77	278
POS_NC_045512_2_F0.02_R3_4896	NC_012920.1	100.000	150	150	1.58e-77	278
POS_NC_045512_2_F0.02_R3_4897	NC_012920.1	100.000	150	150	1.58e-77	278
POS_NC_045512_2_F0.02_R3_4898	NC_012920.1	100.000	150	150	1.58e-77	278
POS_NC_045512_2_F0.02_R3_4899	NC_012920.1	100.000	150	150	1.58e-77	278
POS_NC_045512_2_F0.02_R3_4900	NC_012920.1	100.000	150	150	1.58e-77	278
POS_NC_045512_2_F0.02_R3_4901	NC_012920.1	100.000	150	150	1.58e-77	278
POS_NC_045512_2_F0.02_R3_4902	NC_012920.1	100.000	150	150	1.58e-77	278
POS_NC_045512_2_F0.02_R3_4903	NC_012920.1	100.000	150	150	1.58e-77	278
POS_NC_045512_2_F0.02_R3_4904	NC_012920.1	100.000	150	150	1.58e-77	278
POS_NC_045512_2_F0.02_R3_4905	NC_012920.1	100.000	150	150	1.58e-77	278
POS_NC_045512_2_F0.02_R3_4906	NC_012920.1	100.000	150	150	1.58e-77	278
POS_NC_045512_2_F0.02_R3_4907	NC_012920.1	100.000	150	150	1.58e-77	278
POS_NC_045512_2_F0.02_R3_4908	NC_012920.1	100.000	150	150	1.58e-77	278
POS_NC_045512_2_F0.02_R3_4909	NC_012920.1	98.667	150	150	3.42e-74	267
POS_NC_045512_2_F0.02_R3_4910	NC_012920.1	100.000	150	150	1.58e-77	278
POS_NC_045512_2_F0.02_R3_4911	NC_012920.1	100.000	150	150	1.58e-77	278
POS_NC_045512_2_F0.02_R3_4912	NC_012920.1	100.000	150	150	1.58e-77	278
POS_NC_045512_2_F0.02_R3_4913	NC_012920.1	100.000	150	150	1.58e-77	278
POS_NC_045512_2_F0.02_R3_4914	NC_012920.1	100.000	150	150	1.58e-77	278
POS_NC_045512_2_F0.02_R3_4915	NC_012920.1	100.000	150	150	1.58e-77	278
POS_NC_045512_2_F0.02_R3_4916	NC_012920.1	100.000	150	150	1.58e-77	278
POS_NC_045512_2_F0.02_R3_4917	NC_012920.1	100.000	150	150	1.58e-77	278
POS_NC_045512_2_F0.02_R3_4918	NC_012920.1	100.000	150	150	1.58e-77	278
POS_NC_045512_2_F0.02_R3_4919	NC_012920.1	99.333	150	150	7.34e-76	272
POS_NC_045512_2_F0.02_R3_4920	NC_012920.1	100.000	150	150	1.58e-77	278
POS_NC_045512_2_F0.02_R3_4921	NC_012920.1	100.000	150	150	1.58e-77	278
POS_NC_045512_2_F0.02_R3_4922	NC_012920.1	100.000	150	150	1.58e-77	278
POS_NC_045512_2_F0.02_R3_4923	NC_012920.1	99.333	150	150	7.34e-76	272
POS_NC_045512_2_F0.02_R3_4924	NC_012920.1	100.000	150	150	1.58e-77	278
POS_NC_045512_2_F0.02_R3_4925	NC_012920.1	100.000	150	150	1.58e-77	278
POS_NC_045512_2_F0.02_R3_4926	NC_012920.1	98.667	150	150	3.42e-74	267
POS_NC_045512_2_F0.02_R3_4927	NC_012920.1	100.000	148	150	2.04e-76	274
POS_NC_045512_2_F0.02_R3_4928	NC_012920.1	100.000	150	150	1.58e-77	278
POS_NC_045512_2_F0.02_R3_4929	NC_012920.1	100.000	150	150	1.58e-77	278
POS_NC_045512_2_F0.02_R3_4930	NC_012920.1	99.333	150	150	7.34e-76	272
POS_NC_045512_2_F0.02_R3_4931	NC_012920.1	100.000	150	150	1.58e-77	278
POS_NC_045512_2_F0.02_R3_4932	NC_012920.1	99.333	150	150	7.34e-76	272
POS_NC_045512_2_F0.02_R3_4933	NC_012920.1	100.000	150	150	1.58e-77	278
POS_NC_045512_2_F0.02_R3_4934	NC_012920.1	99.333	150	150	7.34e-76	272
POS_NC_045512_2_F0.02_R3_4935	NC_012920.1	100.000	150	150	1.58e-77	278
POS_NC_045512_2_F0.02_R3_4936	NC_012920.1	100.000	150	150	1.58e-77	278
POS_NC_045512_2_F0.02_R3_4937	NC_012920.1	100.000	150	150	1.58e-77	278
POS_NC_045512_2_F0.02_R3_4938	NC_012920.1	100.000	150	150	1.58e-77	278
POS_NC_045512_2_F0.02_R3_4939	NC_012920.1	100.000	150	150	1.58e-77	278
POS_NC_045512_2_F0.02_R3_4940	NC_012920.1	100.000	150	150	1.58e-77	278
POS_NC_045512_2_F0.02_R3_4941	NC_012920.1	100.000	150	150	1.58e-77	278
POS_NC_045512_2_F0.02_R3_4942	NC_012920.1	98.000	150	150	1.59e-72	261
POS_NC_045512_2_F0.02_R3_4943	NC_012920.1	99.333	150	150	7.34e-76	272
POS_NC_045512_2_F0.02_R3_4944	NC_012920.1	100.000	150	150	1.58e-77	278
POS_NC_045512_2_F0.02_R3_4945	NC_012920.1	100.000	150	150	2.04e-76	274
POS_NC_045512_2_F0.02_R3_4946	NC_012920.1	100.000	150	150	1.58e-77	278
POS_NC_045512_2_F0.02_R3_4947	NC_012920.1	100.000	150	150	1.58e-77	278
POS_NC_045512_2_F0.02_R3_4948	NC_012920.1	100.000	150	150	1.58e-77	278
POS_NC_045512_2_F0.02_R3_4949	NC_012920.1	100.000	150	150	1.58e-77	278
POS_NC_045512_2_F0.02_R3_4950	NC_012920.1	100.000	150	150	1.58e-77	278
POS_NC_045512_2_F0.02_R3_4951	NC_012920.1	100.000	150	150	1.58e-77	278
POS_NC_045512_2_F0.02_R3_4952	NC_012920.1	100.000	150	150	1.58e-77	278
POS_NC_045512_2_F0.02_R3_4953	NC_012920.1	99.333	150	150	7.34e-76	272
POS_NC_045512_2_F0.02_R3_4954	NC_012920.1	100.000	150	150	1.58e-77	278
POS_NC_045512_2_F0.02_R3_4955	NC_012920.1	100.000	150	150	1.58e-77	278
POS_NC_045512_2_F0.02_R3_4956	NC_012920.1	100.000	150	150	1.58e-77	278
POS_NC_045512_2_F0.02_R3_4957	NC_012920.1	98.667	150	150	3.42e-74	267
POS_NC_045512_2_F0.02_R3_4958	NC_012920.1	100.000	150	150	1.58e-77	278
POS_NC_045512_2_F0.02_R3_4959	NC_012920.1	100.000	150	150	1.58e-77	278
POS_NC_045512_2_F0.02_R3_4960	NC_012920.1	99.333	150	150	7.34e-76	272
POS_NC_045512_2_F0.02_R3_4961	NC_012920.1	98.667	150	150	3.42e-74	267
POS_NC_045512_2_F0.02_R3_4962	NC_012920.1	99.333	150	150	7.34e-76	272
POS_NC_045512_2_F0.02_R3_4963	NC_012920.1	100.000	150	150	1.58e-77	278
POS_NC_045512_2_F0.02_R3_4964	NC_012920.1	100.000	150	150	1.58e-77	278
POS_NC_045512_2_F0.02_R3_4965	NC_012920.1	100.000	150	150	1.58e-77	278
POS_NC_045512_2_F0.02_R3_4966	NC_012920.1	100.000	150	150	1.58e-77	278
POS_NC_045512_2_F0.02_R3_4967	NC_012920.1	100.000	150	150	1.58e-77	278
POS_NC_045512_2_F0.02_R3_4968	NC_012920.1	100.000	150	150	1.58e-77	278
POS_NC_045512_2_F0.02_R3_4969	NC_012920.1	100.000	150	150	1.58e-77	278
POS_NC_045512_2_F0.02_R3_4970	NC_012920.1	100.000	150	150	1.58e-77	278
POS_NC_045512_2_F0.02_R3_4971	NC_012920.1	100.000	150	150	1.58e-77	278
POS_NC_045512_2_F0.02_R3_4972	NC_012920.1	100.000	150	150	1.58e-77	278
POS_NC_045512_2_F0.02_R3_4973	NC_012920.1	100.000	150	150	1.58e-77	278
POS_NC_045512_2_F0.02_R3_4974	NC_012920.1	100.000	150	150	1.58e-77	278
POS_NC_045512_2_F0.02_R3_4975	NC_012920.1	100.000	150	150	1.58e-77	278
POS_NC_045512_2_F0.02_R3_4976	NC_012920.1	100.000	150	150	1.58e-77	278
POS_NC_045512_2_F0.02_R3_4977	NC_012920.1	100.000	150	150	1.58e-77	278
POS_NC_045512_2_F0.02_R3_4978	NC_012920.1	100.000	150	150	1.58e-77	278
POS_NC_045512_2_F0.02_R3_4979	NC_012920.1	100.000	150	150	1.58e-77	278
POS_NC_045512_2_F0.02_R3_4980	NC_012920.1	100.000	150	150	1.58e-77	278
POS_NC_045512_2_F0.02_R3_4981	NC_012920.1	99.333	150	150	7.34e-76	272
POS_NC_045512_2_F0.02_R3_4982	NC_012920.1	100.000	150	150	1.58e-77	278
POS_NC_045512_2_F0.02_R3_4983	NC_012920.1	100.000	150	150	1.58e-77	278
POS_NC_045512_2_F0.02_R3_4984	NC_012920.1	99.333	150	150	7.34e-76	272
POS_NC_045512_2_F0.02_R3_4985	NC_012920.1	100.000	150	150	1.58e-77	278
POS_NC_045512_2_F0.02_R3_4986	NC_012920.1	100.000	150	150	1.58e-77	278
POS_NC_045512_2_F0.02_R3_4987	NC_012920.1	100.000	150	150	1.58e-77	278
POS_NC_045512_2_F0.02_R3_4988	NC_012920.1	100.000	150	150	1.58e-77	278
POS_NC_045512_2_F0.02_R3_4989	NC_012920.1	100.000	150	150	1.58e-77	278
POS_NC_045512_2_F0.02_R3_4990	NC_012920.1	100.000	150	150	1.58e-77	278
POS_NC_045512_2_F0.02_R3_4991	NC_012920.1	100.000	150	150	1.58e-77	278
POS_NC_045512_2_F0.02_R3_4992	NC_012920.1	100.000	150	150	1.58e-77	278
POS_NC_045512_2_F0.02_R3_4993	NC_012920.1	99.333	150	150	7.34e-76	272
POS_NC_045512_2_F0.02_R3_4994	NC_012920.1	99.333	150	150	7.34e-76	272
POS_NC_045512_2_F0.02_R3_4995	NC_012920.1	100.000	150	150	1.58e-77	278
POS_NC_045512_2_F0.02_R3_4996	NC_012920.1	100.000	150	150	1.58e-77	278
POS_NC_045512_2_F0.02_R3_4997	NC_012920.1	100.000	150	150	1.58e-77	278
POS_NC_045512_2_F0.02_R3_4998	NC_012920.1	100.000	150	150	1.58e-77	278
POS_NC_045512_2_F0.02_R3_4999	NC_012920.1	100.000	150	150	2.04e-76	274
POS_NC_045512_2_F0.02_R3_5000	NC_012920.1	100.000	150	150	1.58e-77	278
