POS_NC_001803_1_F0.001_R1_1	NC_001803.1	99.333	150	150	7.34e-76	272
POS_NC_001803_1_F0.001_R1_2	NC_001803.1	100.000	150	150	1.58e-77	278
POS_NC_001803_1_F0.001_R1_3	NC_001803.1	100.000	150	150	1.58e-77	278
POS_NC_001803_1_F0.001_R1_4	NC_001803.1	100.000	150	150	1.58e-77	278
POS_NC_001803_1_F0.001_R1_5	NC_001803.1	99.333	150	150	7.34e-76	272
POS_NC_001803_1_F0.001_R1_6	NC_012920.1	99.333	150	150	7.34e-76	272
POS_NC_001803_1_F0.001_R1_7	NC_012920.1	100.000	150	150	1.58e-77	278
POS_NC_001803_1_F0.001_R1_8	NC_012920.1	98.667	150	150	3.42e-74	267
POS_NC_001803_1_F0.001_R1_9	NC_012920.1	100.000	150	150	1.58e-77	278
POS_NC_001803_1_F0.001_R1_10	NC_012920.1	100.000	150	150	1.58e-77	278
POS_NC_001803_1_F0.001_R1_11	NC_012920.1	99.333	150	150	7.34e-76	272
POS_NC_001803_1_F0.001_R1_12	NC_012920.1	100.000	150	150	1.58e-77	278
POS_NC_001803_1_F0.001_R1_13	NC_012920.1	100.000	150	150	1.58e-77	278
POS_NC_001803_1_F0.001_R1_14	NC_012920.1	100.000	150	150	1.58e-77	278
POS_NC_001803_1_F0.001_R1_15	NC_012920.1	100.000	150	150	1.58e-77	278
POS_NC_001803_1_F0.001_R1_16	NC_012920.1	100.000	150	150	1.58e-77	278
POS_NC_001803_1_F0.001_R1_17	NC_012920.1	100.000	150	150	1.58e-77	278
POS_NC_001803_1_F0.001_R1_18	NC_012920.1	100.000	150	150	1.58e-77	278
POS_NC_001803_1_F0.001_R1_19	NC_012920.1	100.000	150	150	1.58e-77	278
POS_NC_001803_1_F0.001_R1_20	NC_012920.1	98.667	150	150	3.42e-74	267
POS_NC_001803_1_F0.001_R1_21	NC_012920.1	100.000	150	150	1.58e-77	278
POS_NC_001803_1_F0.001_R1_22	NC_012920.1	100.000	150	150	1.58e-77	278
POS_NC_001803_1_F0.001_R1_23	NC_012920.1	100.000	150	150	1.58e-77	278
POS_NC_001803_1_F0.001_R1_24	NC_012920.1	100.000	150	150	1.58e-77	278
POS_NC_001803_1_F0.001_R1_25	NC_012920.1	99.333	150	150	7.34e-76	272
POS_NC_001803_1_F0.001_R1_26	NC_012920.1	100.000	150	150	1.58e-77	278
POS_NC_001803_1_F0.001_R1_27	NC_012920.1	100.000	150	150	1.58e-77	278
POS_NC_001803_1_F0.001_R1_28	NC_012920.1	100.000	150	150	1.58e-77	278
POS_NC_001803_1_F0.001_R1_29	NC_012920.1	100.000	150	150	1.58e-77	278
POS_NC_001803_1_F0.001_R1_30	NC_012920.1	100.000	150	150	1.58e-77	278
POS_NC_001803_1_F0.001_R1_31	NC_012920.1	100.000	150	150	1.58e-77	278
POS_NC_001803_1_F0.001_R1_32	NC_012920.1	100.000	150	150	1.58e-77	278
POS_NC_001803_1_F0.001_R1_33	NC_012920.1	100.000	150	150	1.58e-77	278
POS_NC_001803_1_F0.001_R1_34	NC_012920.1	99.333	150	150	7.34e-76	272
POS_NC_001803_1_F0.001_R1_35	NC_012920.1	99.333	150	150	7.34e-76	272
POS_NC_001803_1_F0.001_R1_36	NC_012920.1	100.000	150	150	1.58e-77	278
POS_NC_001803_1_F0.001_R1_37	NC_012920.1	100.000	150	150	1.58e-77	278
POS_NC_001803_1_F0.001_R1_38	NC_012920.1	99.333	150	150	7.34e-76	272
POS_NC_001803_1_F0.001_R1_39	NC_012920.1	100.000	150	150	1.58e-77	278
POS_NC_001803_1_F0.001_R1_40	NC_012920.1	99.333	150	150	7.34e-76	272
POS_NC_001803_1_F0.001_R1_41	NC_012920.1	99.333	150	150	7.34e-76	272
POS_NC_001803_1_F0.001_R1_42	NC_012920.1	100.000	150	150	1.58e-77	278
POS_NC_001803_1_F0.001_R1_43	NC_012920.1	100.000	150	150	1.58e-77	278
POS_NC_001803_1_F0.001_R1_44	NC_012920.1	100.000	150	150	1.58e-77	278
POS_NC_001803_1_F0.001_R1_45	NC_012920.1	99.333	150	150	7.34e-76	272
POS_NC_001803_1_F0.001_R1_46	NC_012920.1	100.000	150	150	1.58e-77	278
POS_NC_001803_1_F0.001_R1_47	NC_012920.1	100.000	150	150	1.58e-77	278
POS_NC_001803_1_F0.001_R1_48	NC_012920.1	99.333	150	150	7.34e-76	272
POS_NC_001803_1_F0.001_R1_49	NC_012920.1	100.000	150	150	1.58e-77	278
POS_NC_001803_1_F0.001_R1_50	NC_012920.1	100.000	150	150	1.58e-77	278
POS_NC_001803_1_F0.001_R1_51	NC_012920.1	100.000	150	150	1.58e-77	278
POS_NC_001803_1_F0.001_R1_52	NC_012920.1	100.000	150	150	1.58e-77	278
POS_NC_001803_1_F0.001_R1_53	NC_012920.1	100.000	150	150	1.58e-77	278
POS_NC_001803_1_F0.001_R1_54	NC_012920.1	100.000	150	150	1.58e-77	278
POS_NC_001803_1_F0.001_R1_55	NC_012920.1	100.000	150	150	1.58e-77	278
POS_NC_001803_1_F0.001_R1_56	NC_012920.1	100.000	150	150	1.58e-77	278
POS_NC_001803_1_F0.001_R1_57	NC_012920.1	98.667	150	150	3.42e-74	267
POS_NC_001803_1_F0.001_R1_58	NC_012920.1	99.333	150	150	7.34e-76	272
POS_NC_001803_1_F0.001_R1_59	NC_012920.1	100.000	150	150	1.58e-77	278
POS_NC_001803_1_F0.001_R1_60	NC_012920.1	99.333	150	150	7.34e-76	272
POS_NC_001803_1_F0.001_R1_61	NC_012920.1	100.000	150	150	1.58e-77	278
POS_NC_001803_1_F0.001_R1_62	NC_012920.1	100.000	150	150	1.58e-77	278
POS_NC_001803_1_F0.001_R1_63	NC_012920.1	100.000	150	150	1.58e-77	278
POS_NC_001803_1_F0.001_R1_64	NC_012920.1	100.000	150	150	1.58e-77	278
POS_NC_001803_1_F0.001_R1_65	NC_012920.1	100.000	150	150	1.58e-77	278
POS_NC_001803_1_F0.001_R1_66	NC_012920.1	100.000	149	150	5.68e-77	276
POS_NC_001803_1_F0.001_R1_67	NC_012920.1	100.000	150	150	1.58e-77	278
POS_NC_001803_1_F0.001_R1_68	NC_012920.1	100.000	150	150	1.58e-77	278
POS_NC_001803_1_F0.001_R1_69	NC_012920.1	99.333	150	150	7.34e-76	272
POS_NC_001803_1_F0.001_R1_70	NC_012920.1	100.000	150	150	1.58e-77	278
POS_NC_001803_1_F0.001_R1_71	NC_012920.1	100.000	150	150	1.58e-77	278
POS_NC_001803_1_F0.001_R1_72	NC_012920.1	100.000	150	150	1.58e-77	278
POS_NC_001803_1_F0.001_R1_73	NC_012920.1	100.000	150	150	1.58e-77	278
POS_NC_001803_1_F0.001_R1_74	NC_012920.1	100.000	150	150	1.58e-77	278
POS_NC_001803_1_F0.001_R1_75	NC_012920.1	100.000	150	150	1.58e-77	278
POS_NC_001803_1_F0.001_R1_76	NC_012920.1	100.000	150	150	1.58e-77	278
POS_NC_001803_1_F0.001_R1_77	NC_012920.1	100.000	150	150	1.58e-77	278
POS_NC_001803_1_F0.001_R1_78	NC_012920.1	100.000	150	150	1.58e-77	278
POS_NC_001803_1_F0.001_R1_79	NC_012920.1	99.333	150	150	7.34e-76	272
POS_NC_001803_1_F0.001_R1_80	NC_012920.1	100.000	150	150	1.58e-77	278
POS_NC_001803_1_F0.001_R1_81	NC_012920.1	100.000	150	150	1.58e-77	278
POS_NC_001803_1_F0.001_R1_82	NC_012920.1	100.000	150	150	1.58e-77	278
POS_NC_001803_1_F0.001_R1_83	NC_012920.1	100.000	150	150	1.58e-77	278
POS_NC_001803_1_F0.001_R1_84	NC_012920.1	98.667	150	150	3.42e-74	267
POS_NC_001803_1_F0.001_R1_85	NC_012920.1	100.000	148	150	2.04e-76	274
POS_NC_001803_1_F0.001_R1_86	NC_012920.1	100.000	150	150	1.58e-77	278
POS_NC_001803_1_F0.001_R1_87	NC_012920.1	100.000	150	150	1.58e-77	278
POS_NC_001803_1_F0.001_R1_88	NC_012920.1	100.000	150	150	1.58e-77	278
POS_NC_001803_1_F0.001_R1_89	NC_012920.1	99.333	150	150	7.34e-76	272
POS_NC_001803_1_F0.001_R1_90	NC_012920.1	100.000	150	150	1.58e-77	278
POS_NC_001803_1_F0.001_R1_91	NC_012920.1	100.000	150	150	1.58e-77	278
POS_NC_001803_1_F0.001_R1_92	NC_012920.1	100.000	150	150	1.58e-77	278
POS_NC_001803_1_F0.001_R1_93	NC_012920.1	100.000	150	150	1.58e-77	278
POS_NC_001803_1_F0.001_R1_94	NC_012920.1	100.000	150	150	1.58e-77	278
POS_NC_001803_1_F0.001_R1_95	NC_012920.1	99.333	150	150	7.34e-76	272
POS_NC_001803_1_F0.001_R1_96	NC_012920.1	100.000	150	150	1.58e-77	278
POS_NC_001803_1_F0.001_R1_97	NC_012920.1	100.000	150	150	1.58e-77	278
POS_NC_001803_1_F0.001_R1_98	NC_012920.1	100.000	150	150	1.58e-77	278
POS_NC_001803_1_F0.001_R1_99	NC_012920.1	99.333	150	150	7.34e-76	272
POS_NC_001803_1_F0.001_R1_100	NC_012920.1	100.000	150	150	1.58e-77	278
POS_NC_001803_1_F0.001_R1_101	NC_012920.1	99.333	150	150	7.34e-76	272
POS_NC_001803_1_F0.001_R1_102	NC_012920.1	100.000	150	150	1.58e-77	278
POS_NC_001803_1_F0.001_R1_103	NC_012920.1	99.333	150	150	7.34e-76	272
POS_NC_001803_1_F0.001_R1_104	NC_012920.1	100.000	150	150	1.58e-77	278
POS_NC_001803_1_F0.001_R1_105	NC_012920.1	99.333	150	150	7.34e-76	272
POS_NC_001803_1_F0.001_R1_106	NC_012920.1	100.000	150	150	1.58e-77	278
POS_NC_001803_1_F0.001_R1_107	NC_012920.1	100.000	150	150	2.04e-76	274
POS_NC_001803_1_F0.001_R1_108	NC_012920.1	100.000	150	150	1.58e-77	278
POS_NC_001803_1_F0.001_R1_109	NC_012920.1	99.333	150	150	7.34e-76	272
POS_NC_001803_1_F0.001_R1_110	NC_012920.1	99.333	150	150	7.34e-76	272
POS_NC_001803_1_F0.001_R1_111	NC_012920.1	100.000	150	150	1.58e-77	278
POS_NC_001803_1_F0.001_R1_112	NC_012920.1	100.000	150	150	1.58e-77	278
POS_NC_001803_1_F0.001_R1_113	NC_012920.1	99.333	150	150	7.34e-76	272
POS_NC_001803_1_F0.001_R1_114	NC_012920.1	99.333	150	150	7.34e-76	272
POS_NC_001803_1_F0.001_R1_115	NC_012920.1	100.000	150	150	1.58e-77	278
POS_NC_001803_1_F0.001_R1_116	NC_012920.1	100.000	150	150	1.58e-77	278
POS_NC_001803_1_F0.001_R1_117	NC_012920.1	99.333	150	150	7.34e-76	272
POS_NC_001803_1_F0.001_R1_118	NC_012920.1	100.000	150	150	1.58e-77	278
POS_NC_001803_1_F0.001_R1_119	NC_012920.1	100.000	150	150	1.58e-77	278
POS_NC_001803_1_F0.001_R1_120	NC_012920.1	99.333	150	150	7.34e-76	272
POS_NC_001803_1_F0.001_R1_121	NC_012920.1	99.333	150	150	7.34e-76	272
POS_NC_001803_1_F0.001_R1_122	NC_012920.1	100.000	150	150	1.58e-77	278
POS_NC_001803_1_F0.001_R1_123	NC_012920.1	100.000	150	150	1.58e-77	278
POS_NC_001803_1_F0.001_R1_124	NC_012920.1	100.000	150	150	1.58e-77	278
POS_NC_001803_1_F0.001_R1_125	NC_012920.1	100.000	150	150	1.58e-77	278
POS_NC_001803_1_F0.001_R1_126	NC_012920.1	100.000	150	150	1.58e-77	278
POS_NC_001803_1_F0.001_R1_127	NC_012920.1	99.333	150	150	7.34e-76	272
POS_NC_001803_1_F0.001_R1_128	NC_012920.1	99.333	150	150	7.34e-76	272
POS_NC_001803_1_F0.001_R1_129	NC_012920.1	100.000	150	150	1.58e-77	278
POS_NC_001803_1_F0.001_R1_130	NC_012920.1	100.000	150	150	1.58e-77	278
POS_NC_001803_1_F0.001_R1_131	NC_012920.1	100.000	150	150	1.58e-77	278
POS_NC_001803_1_F0.001_R1_132	NC_012920.1	100.000	150	150	1.58e-77	278
POS_NC_001803_1_F0.001_R1_133	NC_012920.1	100.000	150	150	1.58e-77	278
POS_NC_001803_1_F0.001_R1_134	NC_012920.1	99.333	150	150	7.34e-76	272
POS_NC_001803_1_F0.001_R1_135	NC_012920.1	99.333	150	150	7.34e-76	272
POS_NC_001803_1_F0.001_R1_136	NC_012920.1	99.333	150	150	7.34e-76	272
POS_NC_001803_1_F0.001_R1_137	NC_012920.1	100.000	150	150	1.58e-77	278
POS_NC_001803_1_F0.001_R1_138	NC_012920.1	100.000	150	150	1.58e-77	278
POS_NC_001803_1_F0.001_R1_139	NC_012920.1	100.000	150	150	1.58e-77	278
POS_NC_001803_1_F0.001_R1_140	NC_012920.1	100.000	150	150	1.58e-77	278
POS_NC_001803_1_F0.001_R1_141	NC_012920.1	100.000	150	150	1.58e-77	278
POS_NC_001803_1_F0.001_R1_142	NC_012920.1	100.000	150	150	1.58e-77	278
POS_NC_001803_1_F0.001_R1_143	NC_012920.1	100.000	150	150	1.58e-77	278
POS_NC_001803_1_F0.001_R1_144	NC_012920.1	100.000	150	150	1.58e-77	278
POS_NC_001803_1_F0.001_R1_145	NC_012920.1	100.000	150	150	1.58e-77	278
POS_NC_001803_1_F0.001_R1_146	NC_012920.1	99.324	148	150	9.50e-75	268
POS_NC_001803_1_F0.001_R1_147	NC_012920.1	100.000	150	150	1.58e-77	278
POS_NC_001803_1_F0.001_R1_148	NC_012920.1	99.333	150	150	7.34e-76	272
POS_NC_001803_1_F0.001_R1_149	NC_012920.1	99.333	150	150	7.34e-76	272
POS_NC_001803_1_F0.001_R1_150	NC_012920.1	100.000	149	150	5.68e-77	276
POS_NC_001803_1_F0.001_R1_151	NC_012920.1	99.333	150	150	7.34e-76	272
POS_NC_001803_1_F0.001_R1_152	NC_012920.1	100.000	150	150	1.58e-77	278
POS_NC_001803_1_F0.001_R1_153	NC_012920.1	100.000	150	150	1.58e-77	278
POS_NC_001803_1_F0.001_R1_154	NC_012920.1	100.000	150	150	1.58e-77	278
POS_NC_001803_1_F0.001_R1_155	NC_012920.1	100.000	150	150	1.58e-77	278
POS_NC_001803_1_F0.001_R1_156	NC_012920.1	100.000	150	150	1.58e-77	278
POS_NC_001803_1_F0.001_R1_157	NC_012920.1	100.000	150	150	1.58e-77	278
POS_NC_001803_1_F0.001_R1_158	NC_012920.1	99.333	150	150	7.34e-76	272
POS_NC_001803_1_F0.001_R1_159	NC_012920.1	100.000	150	150	1.58e-77	278
POS_NC_001803_1_F0.001_R1_160	NC_012920.1	100.000	150	150	1.58e-77	278
POS_NC_001803_1_F0.001_R1_161	NC_012920.1	100.000	150	150	1.58e-77	278
POS_NC_001803_1_F0.001_R1_162	NC_012920.1	100.000	150	150	1.58e-77	278
POS_NC_001803_1_F0.001_R1_163	NC_012920.1	100.000	150	150	1.58e-77	278
POS_NC_001803_1_F0.001_R1_164	NC_012920.1	99.333	150	150	7.34e-76	272
POS_NC_001803_1_F0.001_R1_165	NC_012920.1	100.000	150	150	1.58e-77	278
POS_NC_001803_1_F0.001_R1_166	NC_012920.1	100.000	150	150	1.58e-77	278
POS_NC_001803_1_F0.001_R1_167	NC_012920.1	100.000	150	150	1.58e-77	278
POS_NC_001803_1_F0.001_R1_168	NC_012920.1	100.000	150	150	1.58e-77	278
POS_NC_001803_1_F0.001_R1_169	NC_012920.1	100.000	150	150	1.58e-77	278
POS_NC_001803_1_F0.001_R1_170	NC_012920.1	100.000	150	150	1.58e-77	278
POS_NC_001803_1_F0.001_R1_171	NC_012920.1	98.667	150	150	3.42e-74	267
POS_NC_001803_1_F0.001_R1_172	NC_012920.1	100.000	150	150	1.58e-77	278
POS_NC_001803_1_F0.001_R1_173	NC_012920.1	99.333	150	150	7.34e-76	272
POS_NC_001803_1_F0.001_R1_174	NC_012920.1	99.333	150	150	7.34e-76	272
POS_NC_001803_1_F0.001_R1_175	NC_012920.1	100.000	150	150	1.58e-77	278
POS_NC_001803_1_F0.001_R1_176	NC_012920.1	100.000	150	150	1.58e-77	278
POS_NC_001803_1_F0.001_R1_177	NC_012920.1	100.000	150	150	1.58e-77	278
POS_NC_001803_1_F0.001_R1_178	NC_012920.1	100.000	150	150	1.58e-77	278
POS_NC_001803_1_F0.001_R1_179	NC_012920.1	100.000	150	150	1.58e-77	278
POS_NC_001803_1_F0.001_R1_180	NC_012920.1	99.333	150	150	7.34e-76	272
POS_NC_001803_1_F0.001_R1_181	NC_012920.1	100.000	150	150	1.58e-77	278
POS_NC_001803_1_F0.001_R1_182	NC_012920.1	100.000	150	150	1.58e-77	278
POS_NC_001803_1_F0.001_R1_183	NC_012920.1	100.000	150	150	1.58e-77	278
POS_NC_001803_1_F0.001_R1_184	NC_012920.1	98.667	150	150	3.42e-74	267
POS_NC_001803_1_F0.001_R1_185	NC_012920.1	99.333	150	150	7.34e-76	272
POS_NC_001803_1_F0.001_R1_186	NC_012920.1	100.000	150	150	1.58e-77	278
POS_NC_001803_1_F0.001_R1_187	NC_012920.1	100.000	150	150	1.58e-77	278
POS_NC_001803_1_F0.001_R1_188	NC_012920.1	100.000	150	150	1.58e-77	278
POS_NC_001803_1_F0.001_R1_189	NC_012920.1	100.000	150	150	1.58e-77	278
POS_NC_001803_1_F0.001_R1_190	NC_012920.1	100.000	150	150	1.58e-77	278
POS_NC_001803_1_F0.001_R1_191	NC_012920.1	100.000	150	150	1.58e-77	278
POS_NC_001803_1_F0.001_R1_192	NC_012920.1	100.000	150	150	1.58e-77	278
POS_NC_001803_1_F0.001_R1_193	NC_012920.1	100.000	150	150	1.58e-77	278
POS_NC_001803_1_F0.001_R1_194	NC_012920.1	100.000	150	150	1.58e-77	278
POS_NC_001803_1_F0.001_R1_195	NC_012920.1	100.000	150	150	1.58e-77	278
POS_NC_001803_1_F0.001_R1_196	NC_012920.1	100.000	150	150	1.58e-77	278
POS_NC_001803_1_F0.001_R1_197	NC_012920.1	100.000	150	150	1.58e-77	278
POS_NC_001803_1_F0.001_R1_198	NC_012920.1	99.333	150	150	7.34e-76	272
POS_NC_001803_1_F0.001_R1_199	NC_012920.1	100.000	149	150	5.68e-77	276
POS_NC_001803_1_F0.001_R1_200	NC_012920.1	99.333	150	150	7.34e-76	272
POS_NC_001803_1_F0.001_R1_201	NC_012920.1	99.333	150	150	7.34e-76	272
POS_NC_001803_1_F0.001_R1_202	NC_012920.1	99.333	150	150	7.34e-76	272
POS_NC_001803_1_F0.001_R1_203	NC_012920.1	100.000	150	150	1.58e-77	278
POS_NC_001803_1_F0.001_R1_204	NC_012920.1	99.333	150	150	7.34e-76	272
POS_NC_001803_1_F0.001_R1_205	NC_012920.1	99.333	150	150	7.34e-76	272
POS_NC_001803_1_F0.001_R1_206	NC_012920.1	100.000	150	150	1.58e-77	278
POS_NC_001803_1_F0.001_R1_207	NC_012920.1	100.000	150	150	1.58e-77	278
POS_NC_001803_1_F0.001_R1_208	NC_012920.1	99.333	150	150	7.34e-76	272
POS_NC_001803_1_F0.001_R1_209	NC_012920.1	100.000	150	150	1.58e-77	278
POS_NC_001803_1_F0.001_R1_210	NC_012920.1	100.000	150	150	1.58e-77	278
POS_NC_001803_1_F0.001_R1_211	NC_012920.1	100.000	150	150	1.58e-77	278
POS_NC_001803_1_F0.001_R1_212	NC_012920.1	100.000	150	150	1.58e-77	278
POS_NC_001803_1_F0.001_R1_213	NC_012920.1	100.000	150	150	1.58e-77	278
POS_NC_001803_1_F0.001_R1_214	NC_012920.1	100.000	150	150	1.58e-77	278
POS_NC_001803_1_F0.001_R1_215	NC_012920.1	100.000	150	150	1.58e-77	278
POS_NC_001803_1_F0.001_R1_216	NC_012920.1	99.333	150	150	7.34e-76	272
POS_NC_001803_1_F0.001_R1_217	NC_012920.1	100.000	150	150	1.58e-77	278
POS_NC_001803_1_F0.001_R1_218	NC_012920.1	100.000	150	150	1.58e-77	278
POS_NC_001803_1_F0.001_R1_219	NC_012920.1	100.000	150	150	1.58e-77	278
POS_NC_001803_1_F0.001_R1_220	NC_012920.1	100.000	150	150	1.58e-77	278
POS_NC_001803_1_F0.001_R1_221	NC_012920.1	99.333	150	150	7.34e-76	272
POS_NC_001803_1_F0.001_R1_222	NC_012920.1	100.000	150	150	1.58e-77	278
POS_NC_001803_1_F0.001_R1_223	NC_012920.1	100.000	150	150	2.04e-76	274
POS_NC_001803_1_F0.001_R1_224	NC_012920.1	100.000	150	150	1.58e-77	278
POS_NC_001803_1_F0.001_R1_225	NC_012920.1	100.000	150	150	1.58e-77	278
POS_NC_001803_1_F0.001_R1_226	NC_012920.1	100.000	150	150	1.58e-77	278
POS_NC_001803_1_F0.001_R1_227	NC_012920.1	100.000	150	150	1.58e-77	278
POS_NC_001803_1_F0.001_R1_228	NC_012920.1	99.333	150	150	7.34e-76	272
POS_NC_001803_1_F0.001_R1_229	NC_012920.1	99.333	150	150	7.34e-76	272
POS_NC_001803_1_F0.001_R1_230	NC_012920.1	100.000	150	150	1.58e-77	278
POS_NC_001803_1_F0.001_R1_231	NC_012920.1	100.000	150	150	1.58e-77	278
POS_NC_001803_1_F0.001_R1_232	NC_012920.1	100.000	150	150	1.58e-77	278
POS_NC_001803_1_F0.001_R1_233	NC_012920.1	99.333	150	150	7.34e-76	272
POS_NC_001803_1_F0.001_R1_234	NC_012920.1	99.333	150	150	7.34e-76	272
POS_NC_001803_1_F0.001_R1_235	NC_012920.1	100.000	150	150	1.58e-77	278
POS_NC_001803_1_F0.001_R1_236	NC_012920.1	100.000	150	150	1.58e-77	278
POS_NC_001803_1_F0.001_R1_237	NC_012920.1	98.667	150	150	3.42e-74	267
POS_NC_001803_1_F0.001_R1_238	NC_012920.1	100.000	150	150	1.58e-77	278
POS_NC_001803_1_F0.001_R1_239	NC_012920.1	98.667	150	150	3.42e-74	267
POS_NC_001803_1_F0.001_R1_240	NC_012920.1	100.000	150	150	1.58e-77	278
POS_NC_001803_1_F0.001_R1_241	NC_012920.1	99.333	150	150	7.34e-76	272
POS_NC_001803_1_F0.001_R1_242	NC_012920.1	100.000	150	150	1.58e-77	278
POS_NC_001803_1_F0.001_R1_243	NC_012920.1	99.333	150	150	7.34e-76	272
POS_NC_001803_1_F0.001_R1_244	NC_012920.1	99.333	150	150	7.34e-76	272
POS_NC_001803_1_F0.001_R1_245	NC_012920.1	99.333	150	150	7.34e-76	272
POS_NC_001803_1_F0.001_R1_246	NC_012920.1	100.000	150	150	1.58e-77	278
POS_NC_001803_1_F0.001_R1_247	NC_012920.1	100.000	150	150	1.58e-77	278
POS_NC_001803_1_F0.001_R1_248	NC_012920.1	99.333	150	150	7.34e-76	272
POS_NC_001803_1_F0.001_R1_249	NC_012920.1	100.000	150	150	1.58e-77	278
POS_NC_001803_1_F0.001_R1_250	NC_012920.1	98.667	150	150	3.42e-74	267
POS_NC_001803_1_F0.001_R1_251	NC_012920.1	100.000	150	150	1.58e-77	278
POS_NC_001803_1_F0.001_R1_252	NC_012920.1	100.000	150	150	1.58e-77	278
POS_NC_001803_1_F0.001_R1_253	NC_012920.1	100.000	150	150	1.58e-77	278
POS_NC_001803_1_F0.001_R1_254	NC_012920.1	98.667	150	150	3.42e-74	267
POS_NC_001803_1_F0.001_R1_255	NC_012920.1	100.000	150	150	1.58e-77	278
POS_NC_001803_1_F0.001_R1_256	NC_012920.1	100.000	150	150	1.58e-77	278
POS_NC_001803_1_F0.001_R1_257	NC_012920.1	99.333	150	150	7.34e-76	272
POS_NC_001803_1_F0.001_R1_258	NC_012920.1	100.000	150	150	1.58e-77	278
POS_NC_001803_1_F0.001_R1_259	NC_012920.1	100.000	150	150	1.58e-77	278
POS_NC_001803_1_F0.001_R1_260	NC_012920.1	100.000	150	150	1.58e-77	278
POS_NC_001803_1_F0.001_R1_261	NC_012920.1	100.000	150	150	1.58e-77	278
POS_NC_001803_1_F0.001_R1_262	NC_012920.1	100.000	150	150	1.58e-77	278
POS_NC_001803_1_F0.001_R1_263	NC_012920.1	99.333	150	150	7.34e-76	272
POS_NC_001803_1_F0.001_R1_264	NC_012920.1	100.000	150	150	1.58e-77	278
POS_NC_001803_1_F0.001_R1_265	NC_012920.1	99.333	150	150	7.34e-76	272
POS_NC_001803_1_F0.001_R1_266	NC_012920.1	100.000	150	150	1.58e-77	278
POS_NC_001803_1_F0.001_R1_267	NC_012920.1	100.000	150	150	1.58e-77	278
POS_NC_001803_1_F0.001_R1_268	NC_012920.1	100.000	150	150	1.58e-77	278
POS_NC_001803_1_F0.001_R1_269	NC_012920.1	100.000	150	150	1.58e-77	278
POS_NC_001803_1_F0.001_R1_270	NC_012920.1	100.000	150	150	1.58e-77	278
POS_NC_001803_1_F0.001_R1_271	NC_012920.1	100.000	148	150	2.04e-76	274
POS_NC_001803_1_F0.001_R1_272	NC_012920.1	99.333	150	150	7.34e-76	272
POS_NC_001803_1_F0.001_R1_273	NC_012920.1	100.000	150	150	1.58e-77	278
POS_NC_001803_1_F0.001_R1_274	NC_012920.1	100.000	150	150	1.58e-77	278
POS_NC_001803_1_F0.001_R1_275	NC_012920.1	100.000	150	150	1.58e-77	278
POS_NC_001803_1_F0.001_R1_276	NC_012920.1	100.000	150	150	1.58e-77	278
POS_NC_001803_1_F0.001_R1_277	NC_012920.1	99.333	150	150	7.34e-76	272
POS_NC_001803_1_F0.001_R1_278	NC_012920.1	100.000	150	150	1.58e-77	278
POS_NC_001803_1_F0.001_R1_279	NC_012920.1	100.000	150	150	1.58e-77	278
POS_NC_001803_1_F0.001_R1_280	NC_012920.1	100.000	150	150	1.58e-77	278
POS_NC_001803_1_F0.001_R1_281	NC_012920.1	100.000	150	150	1.58e-77	278
POS_NC_001803_1_F0.001_R1_282	NC_012920.1	100.000	150	150	1.58e-77	278
POS_NC_001803_1_F0.001_R1_283	NC_012920.1	99.333	150	150	7.34e-76	272
POS_NC_001803_1_F0.001_R1_284	NC_012920.1	100.000	150	150	1.58e-77	278
POS_NC_001803_1_F0.001_R1_285	NC_012920.1	100.000	150	150	1.58e-77	278
POS_NC_001803_1_F0.001_R1_286	NC_012920.1	100.000	150	150	1.58e-77	278
POS_NC_001803_1_F0.001_R1_287	NC_012920.1	100.000	150	150	1.58e-77	278
POS_NC_001803_1_F0.001_R1_288	NC_012920.1	100.000	150	150	1.58e-77	278
POS_NC_001803_1_F0.001_R1_289	NC_012920.1	100.000	150	150	1.58e-77	278
POS_NC_001803_1_F0.001_R1_290	NC_012920.1	100.000	150	150	1.58e-77	278
POS_NC_001803_1_F0.001_R1_291	NC_012920.1	100.000	150	150	1.58e-77	278
POS_NC_001803_1_F0.001_R1_292	NC_012920.1	100.000	150	150	1.58e-77	278
POS_NC_001803_1_F0.001_R1_293	NC_012920.1	100.000	150	150	1.58e-77	278
POS_NC_001803_1_F0.001_R1_294	NC_012920.1	100.000	150	150	1.58e-77	278
POS_NC_001803_1_F0.001_R1_295	NC_012920.1	100.000	150	150	1.58e-77	278
POS_NC_001803_1_F0.001_R1_296	NC_012920.1	100.000	148	150	2.04e-76	274
POS_NC_001803_1_F0.001_R1_297	NC_012920.1	99.333	150	150	7.34e-76	272
POS_NC_001803_1_F0.001_R1_298	NC_012920.1	100.000	150	150	1.58e-77	278
POS_NC_001803_1_F0.001_R1_299	NC_012920.1	100.000	150	150	1.58e-77	278
POS_NC_001803_1_F0.001_R1_300	NC_012920.1	100.000	150	150	1.58e-77	278
POS_NC_001803_1_F0.001_R1_301	NC_012920.1	100.000	150	150	1.58e-77	278
POS_NC_001803_1_F0.001_R1_302	NC_012920.1	100.000	150	150	1.58e-77	278
POS_NC_001803_1_F0.001_R1_303	NC_012920.1	100.000	150	150	1.58e-77	278
POS_NC_001803_1_F0.001_R1_304	NC_012920.1	100.000	150	150	1.58e-77	278
POS_NC_001803_1_F0.001_R1_305	NC_012920.1	100.000	150	150	1.58e-77	278
POS_NC_001803_1_F0.001_R1_306	NC_012920.1	100.000	150	150	1.58e-77	278
POS_NC_001803_1_F0.001_R1_307	NC_012920.1	100.000	150	150	1.58e-77	278
POS_NC_001803_1_F0.001_R1_308	NC_012920.1	100.000	150	150	1.58e-77	278
POS_NC_001803_1_F0.001_R1_309	NC_012920.1	100.000	150	150	1.58e-77	278
POS_NC_001803_1_F0.001_R1_310	NC_012920.1	100.000	150	150	1.58e-77	278
POS_NC_001803_1_F0.001_R1_311	NC_012920.1	99.333	150	150	7.34e-76	272
POS_NC_001803_1_F0.001_R1_312	NC_012920.1	100.000	150	150	1.58e-77	278
POS_NC_001803_1_F0.001_R1_313	NC_012920.1	100.000	150	150	1.58e-77	278
POS_NC_001803_1_F0.001_R1_314	NC_012920.1	100.000	150	150	1.58e-77	278
POS_NC_001803_1_F0.001_R1_315	NC_012920.1	100.000	150	150	1.58e-77	278
POS_NC_001803_1_F0.001_R1_316	NC_012920.1	100.000	150	150	1.58e-77	278
POS_NC_001803_1_F0.001_R1_317	NC_012920.1	100.000	150	150	1.58e-77	278
POS_NC_001803_1_F0.001_R1_318	NC_012920.1	100.000	150	150	1.58e-77	278
POS_NC_001803_1_F0.001_R1_319	NC_012920.1	100.000	150	150	1.58e-77	278
POS_NC_001803_1_F0.001_R1_320	NC_012920.1	100.000	150	150	1.58e-77	278
POS_NC_001803_1_F0.001_R1_321	NC_012920.1	100.000	150	150	1.58e-77	278
POS_NC_001803_1_F0.001_R1_322	NC_012920.1	100.000	150	150	1.58e-77	278
POS_NC_001803_1_F0.001_R1_323	NC_012920.1	100.000	150	150	1.58e-77	278
POS_NC_001803_1_F0.001_R1_324	NC_012920.1	100.000	150	150	1.58e-77	278
POS_NC_001803_1_F0.001_R1_325	NC_012920.1	100.000	150	150	1.58e-77	278
POS_NC_001803_1_F0.001_R1_326	NC_012920.1	100.000	150	150	1.58e-77	278
POS_NC_001803_1_F0.001_R1_327	NC_012920.1	100.000	150	150	1.58e-77	278
POS_NC_001803_1_F0.001_R1_328	NC_012920.1	100.000	150	150	1.58e-77	278
POS_NC_001803_1_F0.001_R1_329	NC_012920.1	100.000	150	150	2.04e-76	274
POS_NC_001803_1_F0.001_R1_330	NC_012920.1	100.000	150	150	1.58e-77	278
POS_NC_001803_1_F0.001_R1_331	NC_012920.1	100.000	150	150	1.58e-77	278
POS_NC_001803_1_F0.001_R1_332	NC_012920.1	100.000	150	150	1.58e-77	278
POS_NC_001803_1_F0.001_R1_333	NC_012920.1	100.000	150	150	1.58e-77	278
POS_NC_001803_1_F0.001_R1_334	NC_012920.1	100.000	150	150	1.58e-77	278
POS_NC_001803_1_F0.001_R1_335	NC_012920.1	100.000	150	150	1.58e-77	278
POS_NC_001803_1_F0.001_R1_336	NC_012920.1	99.333	150	150	7.34e-76	272
POS_NC_001803_1_F0.001_R1_337	NC_012920.1	99.333	150	150	7.34e-76	272
POS_NC_001803_1_F0.001_R1_338	NC_012920.1	99.333	150	150	7.34e-76	272
POS_NC_001803_1_F0.001_R1_339	NC_012920.1	100.000	150	150	1.58e-77	278
POS_NC_001803_1_F0.001_R1_340	NC_012920.1	100.000	150	150	1.58e-77	278
POS_NC_001803_1_F0.001_R1_341	NC_012920.1	99.333	150	150	7.34e-76	272
POS_NC_001803_1_F0.001_R1_342	NC_012920.1	100.000	150	150	1.58e-77	278
POS_NC_001803_1_F0.001_R1_343	NC_012920.1	100.000	150	150	1.58e-77	278
POS_NC_001803_1_F0.001_R1_344	NC_012920.1	99.333	150	150	7.34e-76	272
POS_NC_001803_1_F0.001_R1_345	NC_012920.1	99.333	150	150	7.34e-76	272
POS_NC_001803_1_F0.001_R1_346	NC_012920.1	100.000	150	150	1.58e-77	278
POS_NC_001803_1_F0.001_R1_347	NC_012920.1	100.000	150	150	1.58e-77	278
POS_NC_001803_1_F0.001_R1_348	NC_012920.1	98.667	150	150	3.42e-74	267
POS_NC_001803_1_F0.001_R1_349	NC_012920.1	100.000	150	150	1.58e-77	278
POS_NC_001803_1_F0.001_R1_350	NC_012920.1	99.333	150	150	7.34e-76	272
POS_NC_001803_1_F0.001_R1_351	NC_012920.1	100.000	150	150	1.58e-77	278
POS_NC_001803_1_F0.001_R1_352	NC_012920.1	100.000	150	150	1.58e-77	278
POS_NC_001803_1_F0.001_R1_353	NC_012920.1	100.000	150	150	1.58e-77	278
POS_NC_001803_1_F0.001_R1_354	NC_012920.1	99.333	150	150	7.34e-76	272
POS_NC_001803_1_F0.001_R1_355	NC_012920.1	99.333	150	150	7.34e-76	272
POS_NC_001803_1_F0.001_R1_356	NC_012920.1	100.000	150	150	1.58e-77	278
POS_NC_001803_1_F0.001_R1_357	NC_012920.1	100.000	150	150	1.58e-77	278
POS_NC_001803_1_F0.001_R1_358	NC_012920.1	100.000	150	150	1.58e-77	278
POS_NC_001803_1_F0.001_R1_359	NC_012920.1	99.333	150	150	7.34e-76	272
POS_NC_001803_1_F0.001_R1_360	NC_012920.1	100.000	150	150	1.58e-77	278
POS_NC_001803_1_F0.001_R1_361	NC_012920.1	100.000	150	150	1.58e-77	278
POS_NC_001803_1_F0.001_R1_362	NC_012920.1	100.000	150	150	1.58e-77	278
POS_NC_001803_1_F0.001_R1_363	NC_012920.1	99.333	150	150	7.34e-76	272
POS_NC_001803_1_F0.001_R1_364	NC_012920.1	100.000	150	150	1.58e-77	278
POS_NC_001803_1_F0.001_R1_365	NC_012920.1	100.000	150	150	1.58e-77	278
POS_NC_001803_1_F0.001_R1_366	NC_012920.1	100.000	150	150	1.58e-77	278
POS_NC_001803_1_F0.001_R1_367	NC_012920.1	99.333	150	150	7.34e-76	272
POS_NC_001803_1_F0.001_R1_368	NC_012920.1	100.000	150	150	1.58e-77	278
POS_NC_001803_1_F0.001_R1_369	NC_012920.1	100.000	150	150	1.58e-77	278
POS_NC_001803_1_F0.001_R1_370	NC_012920.1	100.000	150	150	1.58e-77	278
POS_NC_001803_1_F0.001_R1_371	NC_012920.1	100.000	150	150	1.58e-77	278
POS_NC_001803_1_F0.001_R1_372	NC_012920.1	100.000	148	150	2.04e-76	274
POS_NC_001803_1_F0.001_R1_373	NC_012920.1	99.333	150	150	7.34e-76	272
POS_NC_001803_1_F0.001_R1_374	NC_012920.1	100.000	150	150	1.58e-77	278
POS_NC_001803_1_F0.001_R1_375	NC_012920.1	100.000	150	150	1.58e-77	278
POS_NC_001803_1_F0.001_R1_376	NC_012920.1	100.000	150	150	1.58e-77	278
POS_NC_001803_1_F0.001_R1_377	NC_012920.1	99.333	150	150	7.34e-76	272
POS_NC_001803_1_F0.001_R1_378	NC_012920.1	100.000	150	150	1.58e-77	278
POS_NC_001803_1_F0.001_R1_379	NC_012920.1	99.333	150	150	7.34e-76	272
POS_NC_001803_1_F0.001_R1_380	NC_012920.1	100.000	150	150	1.58e-77	278
POS_NC_001803_1_F0.001_R1_381	NC_012920.1	98.667	150	150	3.42e-74	267
POS_NC_001803_1_F0.001_R1_382	NC_012920.1	100.000	150	150	1.58e-77	278
POS_NC_001803_1_F0.001_R1_383	NC_012920.1	100.000	150	150	1.58e-77	278
POS_NC_001803_1_F0.001_R1_384	NC_012920.1	100.000	150	150	1.58e-77	278
POS_NC_001803_1_F0.001_R1_385	NC_012920.1	100.000	150	150	2.04e-76	274
POS_NC_001803_1_F0.001_R1_386	NC_012920.1	99.333	150	150	7.34e-76	272
POS_NC_001803_1_F0.001_R1_387	NC_012920.1	99.333	150	150	7.34e-76	272
POS_NC_001803_1_F0.001_R1_388	NC_012920.1	100.000	150	150	1.58e-77	278
POS_NC_001803_1_F0.001_R1_389	NC_012920.1	100.000	150	150	1.58e-77	278
POS_NC_001803_1_F0.001_R1_390	NC_012920.1	100.000	150	150	1.58e-77	278
POS_NC_001803_1_F0.001_R1_391	NC_012920.1	99.333	150	150	7.34e-76	272
POS_NC_001803_1_F0.001_R1_392	NC_012920.1	100.000	150	150	1.58e-77	278
POS_NC_001803_1_F0.001_R1_393	NC_012920.1	99.333	150	150	7.34e-76	272
POS_NC_001803_1_F0.001_R1_394	NC_012920.1	100.000	150	150	1.58e-77	278
POS_NC_001803_1_F0.001_R1_395	NC_012920.1	99.333	150	150	7.34e-76	272
POS_NC_001803_1_F0.001_R1_396	NC_012920.1	100.000	150	150	1.58e-77	278
POS_NC_001803_1_F0.001_R1_397	NC_012920.1	100.000	150	150	1.58e-77	278
POS_NC_001803_1_F0.001_R1_398	NC_012920.1	100.000	150	150	1.58e-77	278
POS_NC_001803_1_F0.001_R1_399	NC_012920.1	100.000	150	150	1.58e-77	278
POS_NC_001803_1_F0.001_R1_400	NC_012920.1	100.000	150	150	1.58e-77	278
POS_NC_001803_1_F0.001_R1_401	NC_012920.1	99.333	150	150	7.34e-76	272
POS_NC_001803_1_F0.001_R1_402	NC_012920.1	100.000	150	150	1.58e-77	278
POS_NC_001803_1_F0.001_R1_403	NC_012920.1	100.000	150	150	1.58e-77	278
POS_NC_001803_1_F0.001_R1_404	NC_012920.1	100.000	150	150	1.58e-77	278
POS_NC_001803_1_F0.001_R1_405	NC_012920.1	100.000	150	150	1.58e-77	278
POS_NC_001803_1_F0.001_R1_406	NC_012920.1	99.333	150	150	7.34e-76	272
POS_NC_001803_1_F0.001_R1_407	NC_012920.1	100.000	150	150	1.58e-77	278
POS_NC_001803_1_F0.001_R1_408	NC_012920.1	100.000	150	150	1.58e-77	278
POS_NC_001803_1_F0.001_R1_409	NC_012920.1	99.333	150	150	7.34e-76	272
POS_NC_001803_1_F0.001_R1_410	NC_012920.1	99.333	150	150	7.34e-76	272
POS_NC_001803_1_F0.001_R1_411	NC_012920.1	100.000	150	150	1.58e-77	278
POS_NC_001803_1_F0.001_R1_412	NC_012920.1	100.000	150	150	1.58e-77	278
POS_NC_001803_1_F0.001_R1_413	NC_012920.1	100.000	150	150	1.58e-77	278
POS_NC_001803_1_F0.001_R1_414	NC_012920.1	100.000	150	150	1.58e-77	278
POS_NC_001803_1_F0.001_R1_415	NC_012920.1	100.000	150	150	1.58e-77	278
POS_NC_001803_1_F0.001_R1_416	NC_012920.1	99.333	150	150	7.34e-76	272
POS_NC_001803_1_F0.001_R1_417	NC_012920.1	100.000	150	150	1.58e-77	278
POS_NC_001803_1_F0.001_R1_418	NC_012920.1	100.000	150	150	1.58e-77	278
POS_NC_001803_1_F0.001_R1_419	NC_012920.1	99.333	150	150	7.34e-76	272
POS_NC_001803_1_F0.001_R1_420	NC_012920.1	100.000	150	150	1.58e-77	278
POS_NC_001803_1_F0.001_R1_421	NC_012920.1	100.000	150	150	1.58e-77	278
POS_NC_001803_1_F0.001_R1_422	NC_012920.1	100.000	149	150	5.68e-77	276
POS_NC_001803_1_F0.001_R1_423	NC_012920.1	100.000	150	150	1.58e-77	278
POS_NC_001803_1_F0.001_R1_424	NC_012920.1	99.333	150	150	7.34e-76	272
POS_NC_001803_1_F0.001_R1_425	NC_012920.1	100.000	150	150	1.58e-77	278
POS_NC_001803_1_F0.001_R1_426	NC_012920.1	100.000	150	150	1.58e-77	278
POS_NC_001803_1_F0.001_R1_427	NC_012920.1	99.333	150	150	7.34e-76	272
POS_NC_001803_1_F0.001_R1_428	NC_012920.1	100.000	150	150	1.58e-77	278
POS_NC_001803_1_F0.001_R1_429	NC_012920.1	100.000	150	150	1.58e-77	278
POS_NC_001803_1_F0.001_R1_430	NC_012920.1	100.000	150	150	1.58e-77	278
POS_NC_001803_1_F0.001_R1_431	NC_012920.1	100.000	150	150	1.58e-77	278
POS_NC_001803_1_F0.001_R1_432	NC_012920.1	100.000	150	150	1.58e-77	278
POS_NC_001803_1_F0.001_R1_433	NC_012920.1	100.000	150	150	1.58e-77	278
POS_NC_001803_1_F0.001_R1_434	NC_012920.1	100.000	150	150	1.58e-77	278
POS_NC_001803_1_F0.001_R1_435	NC_012920.1	100.000	150	150	1.58e-77	278
POS_NC_001803_1_F0.001_R1_436	NC_012920.1	100.000	150	150	1.58e-77	278
POS_NC_001803_1_F0.001_R1_437	NC_012920.1	100.000	150	150	1.58e-77	278
POS_NC_001803_1_F0.001_R1_438	NC_012920.1	99.333	150	150	7.34e-76	272
POS_NC_001803_1_F0.001_R1_439	NC_012920.1	100.000	150	150	1.58e-77	278
POS_NC_001803_1_F0.001_R1_440	NC_012920.1	100.000	150	150	1.58e-77	278
POS_NC_001803_1_F0.001_R1_441	NC_012920.1	100.000	150	150	1.58e-77	278
POS_NC_001803_1_F0.001_R1_442	NC_012920.1	100.000	150	150	1.58e-77	278
POS_NC_001803_1_F0.001_R1_443	NC_012920.1	99.333	150	150	7.34e-76	272
POS_NC_001803_1_F0.001_R1_444	NC_012920.1	100.000	150	150	1.58e-77	278
POS_NC_001803_1_F0.001_R1_445	NC_012920.1	99.333	150	150	7.34e-76	272
POS_NC_001803_1_F0.001_R1_446	NC_012920.1	99.333	150	150	7.34e-76	272
POS_NC_001803_1_F0.001_R1_447	NC_012920.1	100.000	150	150	1.58e-77	278
POS_NC_001803_1_F0.001_R1_448	NC_012920.1	100.000	150	150	1.58e-77	278
POS_NC_001803_1_F0.001_R1_449	NC_012920.1	100.000	150	150	1.58e-77	278
POS_NC_001803_1_F0.001_R1_450	NC_012920.1	100.000	150	150	1.58e-77	278
POS_NC_001803_1_F0.001_R1_451	NC_012920.1	100.000	150	150	1.58e-77	278
POS_NC_001803_1_F0.001_R1_452	NC_012920.1	100.000	150	150	1.58e-77	278
POS_NC_001803_1_F0.001_R1_453	NC_012920.1	100.000	150	150	1.58e-77	278
POS_NC_001803_1_F0.001_R1_454	NC_012920.1	100.000	150	150	1.58e-77	278
POS_NC_001803_1_F0.001_R1_455	NC_012920.1	100.000	150	150	1.58e-77	278
POS_NC_001803_1_F0.001_R1_456	NC_012920.1	99.333	150	150	7.34e-76	272
POS_NC_001803_1_F0.001_R1_457	NC_012920.1	100.000	150	150	1.58e-77	278
POS_NC_001803_1_F0.001_R1_458	NC_012920.1	100.000	150	150	1.58e-77	278
POS_NC_001803_1_F0.001_R1_459	NC_012920.1	100.000	150	150	1.58e-77	278
POS_NC_001803_1_F0.001_R1_460	NC_012920.1	100.000	150	150	1.58e-77	278
POS_NC_001803_1_F0.001_R1_461	NC_012920.1	100.000	150	150	1.58e-77	278
POS_NC_001803_1_F0.001_R1_462	NC_012920.1	100.000	150	150	1.58e-77	278
POS_NC_001803_1_F0.001_R1_463	NC_012920.1	99.333	150	150	7.34e-76	272
POS_NC_001803_1_F0.001_R1_464	NC_012920.1	100.000	150	150	1.58e-77	278
POS_NC_001803_1_F0.001_R1_465	NC_012920.1	100.000	150	150	1.58e-77	278
POS_NC_001803_1_F0.001_R1_466	NC_012920.1	100.000	150	150	1.58e-77	278
POS_NC_001803_1_F0.001_R1_467	NC_012920.1	99.333	150	150	7.34e-76	272
POS_NC_001803_1_F0.001_R1_468	NC_012920.1	100.000	150	150	1.58e-77	278
POS_NC_001803_1_F0.001_R1_469	NC_012920.1	100.000	150	150	1.58e-77	278
POS_NC_001803_1_F0.001_R1_470	NC_012920.1	99.333	150	150	7.34e-76	272
POS_NC_001803_1_F0.001_R1_471	NC_012920.1	99.329	149	150	2.64e-75	270
POS_NC_001803_1_F0.001_R1_472	NC_012920.1	99.333	150	150	7.34e-76	272
POS_NC_001803_1_F0.001_R1_473	NC_012920.1	100.000	150	150	1.58e-77	278
POS_NC_001803_1_F0.001_R1_474	NC_012920.1	100.000	150	150	1.58e-77	278
POS_NC_001803_1_F0.001_R1_475	NC_012920.1	100.000	150	150	1.58e-77	278
POS_NC_001803_1_F0.001_R1_476	NC_012920.1	100.000	150	150	1.58e-77	278
POS_NC_001803_1_F0.001_R1_477	NC_012920.1	100.000	150	150	1.58e-77	278
POS_NC_001803_1_F0.001_R1_478	NC_012920.1	99.333	150	150	7.34e-76	272
POS_NC_001803_1_F0.001_R1_479	NC_012920.1	99.333	150	150	7.34e-76	272
POS_NC_001803_1_F0.001_R1_480	NC_012920.1	99.333	150	150	7.34e-76	272
POS_NC_001803_1_F0.001_R1_481	NC_012920.1	100.000	150	150	1.58e-77	278
POS_NC_001803_1_F0.001_R1_482	NC_012920.1	99.333	150	150	7.34e-76	272
POS_NC_001803_1_F0.001_R1_483	NC_012920.1	100.000	150	150	1.58e-77	278
POS_NC_001803_1_F0.001_R1_484	NC_012920.1	98.667	150	150	3.42e-74	267
POS_NC_001803_1_F0.001_R1_485	NC_012920.1	99.333	150	150	7.34e-76	272
POS_NC_001803_1_F0.001_R1_486	NC_012920.1	100.000	150	150	1.58e-77	278
POS_NC_001803_1_F0.001_R1_487	NC_012920.1	100.000	150	150	1.58e-77	278
POS_NC_001803_1_F0.001_R1_488	NC_012920.1	99.333	150	150	7.34e-76	272
POS_NC_001803_1_F0.001_R1_489	NC_012920.1	100.000	150	150	1.58e-77	278
POS_NC_001803_1_F0.001_R1_490	NC_012920.1	100.000	150	150	1.58e-77	278
POS_NC_001803_1_F0.001_R1_491	NC_012920.1	98.667	150	150	3.42e-74	267
POS_NC_001803_1_F0.001_R1_492	NC_012920.1	100.000	150	150	1.58e-77	278
POS_NC_001803_1_F0.001_R1_493	NC_012920.1	99.333	150	150	7.34e-76	272
POS_NC_001803_1_F0.001_R1_494	NC_012920.1	100.000	150	150	1.58e-77	278
POS_NC_001803_1_F0.001_R1_495	NC_012920.1	100.000	150	150	1.58e-77	278
POS_NC_001803_1_F0.001_R1_496	NC_012920.1	100.000	150	150	1.58e-77	278
POS_NC_001803_1_F0.001_R1_497	NC_012920.1	100.000	150	150	1.58e-77	278
POS_NC_001803_1_F0.001_R1_498	NC_012920.1	100.000	150	150	1.58e-77	278
POS_NC_001803_1_F0.001_R1_499	NC_012920.1	100.000	150	150	1.58e-77	278
POS_NC_001803_1_F0.001_R1_500	NC_012920.1	100.000	150	150	1.58e-77	278
POS_NC_001803_1_F0.001_R1_501	NC_012920.1	99.333	150	150	7.34e-76	272
POS_NC_001803_1_F0.001_R1_502	NC_012920.1	99.333	150	150	7.34e-76	272
POS_NC_001803_1_F0.001_R1_503	NC_012920.1	100.000	150	150	1.58e-77	278
POS_NC_001803_1_F0.001_R1_504	NC_012920.1	100.000	150	150	1.58e-77	278
POS_NC_001803_1_F0.001_R1_505	NC_012920.1	99.333	150	150	7.34e-76	272
POS_NC_001803_1_F0.001_R1_506	NC_012920.1	100.000	150	150	2.04e-76	274
POS_NC_001803_1_F0.001_R1_507	NC_012920.1	100.000	150	150	1.58e-77	278
POS_NC_001803_1_F0.001_R1_508	NC_012920.1	98.667	150	150	3.42e-74	267
POS_NC_001803_1_F0.001_R1_509	NC_012920.1	100.000	150	150	1.58e-77	278
POS_NC_001803_1_F0.001_R1_510	NC_012920.1	100.000	150	150	1.58e-77	278
POS_NC_001803_1_F0.001_R1_511	NC_012920.1	100.000	150	150	1.58e-77	278
POS_NC_001803_1_F0.001_R1_512	NC_012920.1	100.000	150	150	1.58e-77	278
POS_NC_001803_1_F0.001_R1_513	NC_012920.1	100.000	150	150	1.58e-77	278
POS_NC_001803_1_F0.001_R1_514	NC_012920.1	99.333	150	150	7.34e-76	272
POS_NC_001803_1_F0.001_R1_515	NC_012920.1	100.000	150	150	1.58e-77	278
POS_NC_001803_1_F0.001_R1_516	NC_012920.1	100.000	150	150	1.58e-77	278
POS_NC_001803_1_F0.001_R1_517	NC_012920.1	100.000	150	150	1.58e-77	278
POS_NC_001803_1_F0.001_R1_518	NC_012920.1	100.000	150	150	1.58e-77	278
POS_NC_001803_1_F0.001_R1_519	NC_012920.1	100.000	150	150	1.58e-77	278
POS_NC_001803_1_F0.001_R1_520	NC_012920.1	100.000	150	150	1.58e-77	278
POS_NC_001803_1_F0.001_R1_521	NC_012920.1	100.000	150	150	1.58e-77	278
POS_NC_001803_1_F0.001_R1_522	NC_012920.1	98.667	150	150	3.42e-74	267
POS_NC_001803_1_F0.001_R1_523	NC_012920.1	100.000	150	150	1.58e-77	278
POS_NC_001803_1_F0.001_R1_524	NC_012920.1	100.000	150	150	1.58e-77	278
POS_NC_001803_1_F0.001_R1_525	NC_012920.1	100.000	150	150	1.58e-77	278
POS_NC_001803_1_F0.001_R1_526	NC_012920.1	99.333	150	150	7.34e-76	272
POS_NC_001803_1_F0.001_R1_527	NC_012920.1	100.000	150	150	1.58e-77	278
POS_NC_001803_1_F0.001_R1_528	NC_012920.1	100.000	150	150	1.58e-77	278
POS_NC_001803_1_F0.001_R1_529	NC_012920.1	100.000	150	150	1.58e-77	278
POS_NC_001803_1_F0.001_R1_530	NC_012920.1	100.000	150	150	1.58e-77	278
POS_NC_001803_1_F0.001_R1_531	NC_012920.1	100.000	150	150	1.58e-77	278
POS_NC_001803_1_F0.001_R1_532	NC_012920.1	99.333	150	150	7.34e-76	272
POS_NC_001803_1_F0.001_R1_533	NC_012920.1	100.000	150	150	1.58e-77	278
POS_NC_001803_1_F0.001_R1_534	NC_012920.1	100.000	150	150	1.58e-77	278
POS_NC_001803_1_F0.001_R1_535	NC_012920.1	100.000	150	150	1.58e-77	278
POS_NC_001803_1_F0.001_R1_536	NC_012920.1	100.000	150	150	1.58e-77	278
POS_NC_001803_1_F0.001_R1_537	NC_012920.1	99.333	150	150	7.34e-76	272
POS_NC_001803_1_F0.001_R1_538	NC_012920.1	100.000	150	150	1.58e-77	278
POS_NC_001803_1_F0.001_R1_539	NC_012920.1	100.000	150	150	1.58e-77	278
POS_NC_001803_1_F0.001_R1_540	NC_012920.1	100.000	150	150	1.58e-77	278
POS_NC_001803_1_F0.001_R1_541	NC_012920.1	99.333	150	150	7.34e-76	272
POS_NC_001803_1_F0.001_R1_542	NC_012920.1	100.000	150	150	1.58e-77	278
POS_NC_001803_1_F0.001_R1_543	NC_012920.1	100.000	150	150	1.58e-77	278
POS_NC_001803_1_F0.001_R1_544	NC_012920.1	99.333	150	150	7.34e-76	272
POS_NC_001803_1_F0.001_R1_545	NC_012920.1	100.000	150	150	1.58e-77	278
POS_NC_001803_1_F0.001_R1_546	NC_012920.1	100.000	150	150	1.58e-77	278
POS_NC_001803_1_F0.001_R1_547	NC_012920.1	100.000	150	150	1.58e-77	278
POS_NC_001803_1_F0.001_R1_548	NC_012920.1	98.667	150	150	3.42e-74	267
POS_NC_001803_1_F0.001_R1_549	NC_012920.1	100.000	150	150	1.58e-77	278
POS_NC_001803_1_F0.001_R1_550	NC_012920.1	99.333	150	150	7.34e-76	272
POS_NC_001803_1_F0.001_R1_551	NC_012920.1	100.000	150	150	1.58e-77	278
POS_NC_001803_1_F0.001_R1_552	NC_012920.1	100.000	150	150	1.58e-77	278
POS_NC_001803_1_F0.001_R1_553	NC_012920.1	100.000	150	150	1.58e-77	278
POS_NC_001803_1_F0.001_R1_554	NC_012920.1	100.000	150	150	1.58e-77	278
POS_NC_001803_1_F0.001_R1_555	NC_012920.1	100.000	150	150	1.58e-77	278
POS_NC_001803_1_F0.001_R1_556	NC_012920.1	100.000	150	150	1.58e-77	278
POS_NC_001803_1_F0.001_R1_557	NC_012920.1	100.000	150	150	1.58e-77	278
POS_NC_001803_1_F0.001_R1_558	NC_012920.1	100.000	150	150	1.58e-77	278
POS_NC_001803_1_F0.001_R1_559	NC_012920.1	100.000	150	150	1.58e-77	278
POS_NC_001803_1_F0.001_R1_560	NC_012920.1	100.000	150	150	1.58e-77	278
POS_NC_001803_1_F0.001_R1_561	NC_012920.1	100.000	150	150	1.58e-77	278
POS_NC_001803_1_F0.001_R1_562	NC_012920.1	99.333	150	150	7.34e-76	272
POS_NC_001803_1_F0.001_R1_563	NC_012920.1	99.333	150	150	7.34e-76	272
POS_NC_001803_1_F0.001_R1_564	NC_012920.1	100.000	150	150	1.58e-77	278
POS_NC_001803_1_F0.001_R1_565	NC_012920.1	100.000	150	150	1.58e-77	278
POS_NC_001803_1_F0.001_R1_566	NC_012920.1	100.000	150	150	1.58e-77	278
POS_NC_001803_1_F0.001_R1_567	NC_012920.1	100.000	150	150	1.58e-77	278
POS_NC_001803_1_F0.001_R1_568	NC_012920.1	100.000	150	150	1.58e-77	278
POS_NC_001803_1_F0.001_R1_569	NC_012920.1	99.333	150	150	7.34e-76	272
POS_NC_001803_1_F0.001_R1_570	NC_012920.1	100.000	150	150	1.58e-77	278
POS_NC_001803_1_F0.001_R1_571	NC_012920.1	100.000	150	150	1.58e-77	278
POS_NC_001803_1_F0.001_R1_572	NC_012920.1	99.333	150	150	9.50e-75	268
POS_NC_001803_1_F0.001_R1_573	NC_012920.1	100.000	150	150	1.58e-77	278
POS_NC_001803_1_F0.001_R1_574	NC_012920.1	100.000	150	150	1.58e-77	278
POS_NC_001803_1_F0.001_R1_575	NC_012920.1	100.000	150	150	1.58e-77	278
POS_NC_001803_1_F0.001_R1_576	NC_012920.1	100.000	150	150	1.58e-77	278
POS_NC_001803_1_F0.001_R1_577	NC_012920.1	99.333	150	150	7.34e-76	272
POS_NC_001803_1_F0.001_R1_578	NC_012920.1	100.000	150	150	1.58e-77	278
POS_NC_001803_1_F0.001_R1_579	NC_012920.1	100.000	150	150	1.58e-77	278
POS_NC_001803_1_F0.001_R1_580	NC_012920.1	100.000	150	150	1.58e-77	278
POS_NC_001803_1_F0.001_R1_581	NC_012920.1	99.333	150	150	7.34e-76	272
POS_NC_001803_1_F0.001_R1_582	NC_012920.1	99.333	150	150	7.34e-76	272
POS_NC_001803_1_F0.001_R1_583	NC_012920.1	100.000	150	150	1.58e-77	278
POS_NC_001803_1_F0.001_R1_584	NC_012920.1	100.000	150	150	1.58e-77	278
POS_NC_001803_1_F0.001_R1_585	NC_012920.1	100.000	150	150	1.58e-77	278
POS_NC_001803_1_F0.001_R1_586	NC_012920.1	100.000	150	150	1.58e-77	278
POS_NC_001803_1_F0.001_R1_587	NC_012920.1	100.000	150	150	1.58e-77	278
POS_NC_001803_1_F0.001_R1_588	NC_012920.1	100.000	150	150	1.58e-77	278
POS_NC_001803_1_F0.001_R1_589	NC_012920.1	100.000	150	150	1.58e-77	278
POS_NC_001803_1_F0.001_R1_590	NC_012920.1	100.000	148	150	2.04e-76	274
POS_NC_001803_1_F0.001_R1_591	NC_012920.1	99.333	150	150	7.34e-76	272
POS_NC_001803_1_F0.001_R1_592	NC_012920.1	100.000	150	150	1.58e-77	278
POS_NC_001803_1_F0.001_R1_593	NC_012920.1	100.000	150	150	1.58e-77	278
POS_NC_001803_1_F0.001_R1_594	NC_012920.1	100.000	150	150	1.58e-77	278
POS_NC_001803_1_F0.001_R1_595	NC_012920.1	100.000	150	150	1.58e-77	278
POS_NC_001803_1_F0.001_R1_596	NC_012920.1	100.000	150	150	1.58e-77	278
POS_NC_001803_1_F0.001_R1_597	NC_012920.1	100.000	150	150	1.58e-77	278
POS_NC_001803_1_F0.001_R1_598	NC_012920.1	99.333	150	150	7.34e-76	272
POS_NC_001803_1_F0.001_R1_599	NC_012920.1	99.333	150	150	7.34e-76	272
POS_NC_001803_1_F0.001_R1_600	NC_012920.1	100.000	150	150	1.58e-77	278
POS_NC_001803_1_F0.001_R1_601	NC_012920.1	100.000	150	150	1.58e-77	278
POS_NC_001803_1_F0.001_R1_602	NC_012920.1	100.000	150	150	1.58e-77	278
POS_NC_001803_1_F0.001_R1_603	NC_012920.1	99.333	150	150	7.34e-76	272
POS_NC_001803_1_F0.001_R1_604	NC_012920.1	98.667	150	150	3.42e-74	267
POS_NC_001803_1_F0.001_R1_605	NC_012920.1	100.000	150	150	1.58e-77	278
POS_NC_001803_1_F0.001_R1_606	NC_012920.1	99.333	150	150	7.34e-76	272
POS_NC_001803_1_F0.001_R1_607	NC_012920.1	100.000	150	150	1.58e-77	278
POS_NC_001803_1_F0.001_R1_608	NC_012920.1	100.000	150	150	1.58e-77	278
POS_NC_001803_1_F0.001_R1_609	NC_012920.1	100.000	150	150	1.58e-77	278
POS_NC_001803_1_F0.001_R1_610	NC_012920.1	100.000	150	150	1.58e-77	278
POS_NC_001803_1_F0.001_R1_611	NC_012920.1	100.000	150	150	1.58e-77	278
POS_NC_001803_1_F0.001_R1_612	NC_012920.1	100.000	150	150	1.58e-77	278
POS_NC_001803_1_F0.001_R1_613	NC_012920.1	99.333	150	150	7.34e-76	272
POS_NC_001803_1_F0.001_R1_614	NC_012920.1	100.000	150	150	1.58e-77	278
POS_NC_001803_1_F0.001_R1_615	NC_012920.1	99.333	150	150	7.34e-76	272
POS_NC_001803_1_F0.001_R1_616	NC_012920.1	99.333	150	150	7.34e-76	272
POS_NC_001803_1_F0.001_R1_617	NC_012920.1	99.333	150	150	7.34e-76	272
POS_NC_001803_1_F0.001_R1_618	NC_012920.1	100.000	150	150	1.58e-77	278
POS_NC_001803_1_F0.001_R1_619	NC_012920.1	100.000	150	150	1.58e-77	278
POS_NC_001803_1_F0.001_R1_620	NC_012920.1	100.000	150	150	1.58e-77	278
POS_NC_001803_1_F0.001_R1_621	NC_012920.1	100.000	150	150	1.58e-77	278
POS_NC_001803_1_F0.001_R1_622	NC_012920.1	100.000	150	150	1.58e-77	278
POS_NC_001803_1_F0.001_R1_623	NC_012920.1	100.000	150	150	1.58e-77	278
POS_NC_001803_1_F0.001_R1_624	NC_012920.1	100.000	150	150	1.58e-77	278
POS_NC_001803_1_F0.001_R1_625	NC_012920.1	99.333	150	150	7.34e-76	272
POS_NC_001803_1_F0.001_R1_626	NC_012920.1	100.000	150	150	1.58e-77	278
POS_NC_001803_1_F0.001_R1_627	NC_012920.1	100.000	150	150	1.58e-77	278
POS_NC_001803_1_F0.001_R1_628	NC_012920.1	100.000	150	150	1.58e-77	278
POS_NC_001803_1_F0.001_R1_629	NC_012920.1	100.000	150	150	1.58e-77	278
POS_NC_001803_1_F0.001_R1_630	NC_012920.1	100.000	150	150	1.58e-77	278
POS_NC_001803_1_F0.001_R1_631	NC_012920.1	100.000	150	150	1.58e-77	278
POS_NC_001803_1_F0.001_R1_632	NC_012920.1	100.000	150	150	1.58e-77	278
POS_NC_001803_1_F0.001_R1_633	NC_012920.1	100.000	150	150	1.58e-77	278
POS_NC_001803_1_F0.001_R1_634	NC_012920.1	100.000	150	150	1.58e-77	278
POS_NC_001803_1_F0.001_R1_635	NC_012920.1	100.000	150	150	1.58e-77	278
POS_NC_001803_1_F0.001_R1_636	NC_012920.1	100.000	150	150	1.58e-77	278
POS_NC_001803_1_F0.001_R1_637	NC_012920.1	100.000	150	150	1.58e-77	278
POS_NC_001803_1_F0.001_R1_638	NC_012920.1	100.000	150	150	1.58e-77	278
POS_NC_001803_1_F0.001_R1_639	NC_012920.1	100.000	150	150	1.58e-77	278
POS_NC_001803_1_F0.001_R1_640	NC_012920.1	100.000	150	150	1.58e-77	278
POS_NC_001803_1_F0.001_R1_641	NC_012920.1	100.000	150	150	1.58e-77	278
POS_NC_001803_1_F0.001_R1_642	NC_012920.1	99.333	150	150	7.34e-76	272
POS_NC_001803_1_F0.001_R1_643	NC_012920.1	99.333	150	150	7.34e-76	272
POS_NC_001803_1_F0.001_R1_644	NC_012920.1	100.000	150	150	1.58e-77	278
POS_NC_001803_1_F0.001_R1_645	NC_012920.1	100.000	150	150	1.58e-77	278
POS_NC_001803_1_F0.001_R1_646	NC_012920.1	100.000	150	150	1.58e-77	278
POS_NC_001803_1_F0.001_R1_647	NC_012920.1	100.000	150	150	1.58e-77	278
POS_NC_001803_1_F0.001_R1_648	NC_012920.1	100.000	150	150	1.58e-77	278
POS_NC_001803_1_F0.001_R1_649	NC_012920.1	100.000	150	150	1.58e-77	278
POS_NC_001803_1_F0.001_R1_650	NC_012920.1	100.000	150	150	1.58e-77	278
POS_NC_001803_1_F0.001_R1_651	NC_012920.1	99.333	150	150	7.34e-76	272
POS_NC_001803_1_F0.001_R1_652	NC_012920.1	100.000	150	150	1.58e-77	278
POS_NC_001803_1_F0.001_R1_653	NC_012920.1	100.000	150	150	1.58e-77	278
POS_NC_001803_1_F0.001_R1_654	NC_012920.1	100.000	150	150	1.58e-77	278
POS_NC_001803_1_F0.001_R1_655	NC_012920.1	99.333	150	150	7.34e-76	272
POS_NC_001803_1_F0.001_R1_656	NC_012920.1	99.333	150	150	7.34e-76	272
POS_NC_001803_1_F0.001_R1_657	NC_012920.1	100.000	150	150	1.58e-77	278
POS_NC_001803_1_F0.001_R1_658	NC_012920.1	100.000	150	150	1.58e-77	278
POS_NC_001803_1_F0.001_R1_659	NC_012920.1	99.333	150	150	7.34e-76	272
POS_NC_001803_1_F0.001_R1_660	NC_012920.1	100.000	150	150	1.58e-77	278
POS_NC_001803_1_F0.001_R1_661	NC_012920.1	99.333	150	150	7.34e-76	272
POS_NC_001803_1_F0.001_R1_662	NC_012920.1	100.000	150	150	1.58e-77	278
POS_NC_001803_1_F0.001_R1_663	NC_012920.1	99.333	150	150	7.34e-76	272
POS_NC_001803_1_F0.001_R1_664	NC_012920.1	99.333	150	150	7.34e-76	272
POS_NC_001803_1_F0.001_R1_665	NC_012920.1	100.000	150	150	1.58e-77	278
POS_NC_001803_1_F0.001_R1_666	NC_012920.1	100.000	150	150	1.58e-77	278
POS_NC_001803_1_F0.001_R1_667	NC_012920.1	98.667	150	150	3.42e-74	267
POS_NC_001803_1_F0.001_R1_668	NC_012920.1	99.333	150	150	7.34e-76	272
POS_NC_001803_1_F0.001_R1_669	NC_012920.1	99.333	150	150	7.34e-76	272
POS_NC_001803_1_F0.001_R1_670	NC_012920.1	100.000	150	150	1.58e-77	278
POS_NC_001803_1_F0.001_R1_671	NC_012920.1	100.000	150	150	1.58e-77	278
POS_NC_001803_1_F0.001_R1_672	NC_012920.1	100.000	150	150	1.58e-77	278
POS_NC_001803_1_F0.001_R1_673	NC_012920.1	100.000	150	150	1.58e-77	278
POS_NC_001803_1_F0.001_R1_674	NC_012920.1	100.000	150	150	1.58e-77	278
POS_NC_001803_1_F0.001_R1_675	NC_012920.1	100.000	150	150	1.58e-77	278
POS_NC_001803_1_F0.001_R1_676	NC_012920.1	100.000	150	150	1.58e-77	278
POS_NC_001803_1_F0.001_R1_677	NC_012920.1	99.333	150	150	7.34e-76	272
POS_NC_001803_1_F0.001_R1_678	NC_012920.1	100.000	150	150	1.58e-77	278
POS_NC_001803_1_F0.001_R1_679	NC_012920.1	100.000	150	150	1.58e-77	278
POS_NC_001803_1_F0.001_R1_680	NC_012920.1	100.000	150	150	1.58e-77	278
POS_NC_001803_1_F0.001_R1_681	NC_012920.1	100.000	150	150	1.58e-77	278
POS_NC_001803_1_F0.001_R1_682	NC_012920.1	100.000	150	150	1.58e-77	278
POS_NC_001803_1_F0.001_R1_683	NC_012920.1	100.000	150	150	1.58e-77	278
POS_NC_001803_1_F0.001_R1_684	NC_012920.1	99.333	150	150	7.34e-76	272
POS_NC_001803_1_F0.001_R1_685	NC_012920.1	99.333	150	150	7.34e-76	272
POS_NC_001803_1_F0.001_R1_686	NC_012920.1	100.000	150	150	1.58e-77	278
POS_NC_001803_1_F0.001_R1_687	NC_012920.1	100.000	150	150	1.58e-77	278
POS_NC_001803_1_F0.001_R1_688	NC_012920.1	99.333	150	150	7.34e-76	272
POS_NC_001803_1_F0.001_R1_689	NC_012920.1	100.000	150	150	1.58e-77	278
POS_NC_001803_1_F0.001_R1_690	NC_012920.1	100.000	150	150	1.58e-77	278
POS_NC_001803_1_F0.001_R1_691	NC_012920.1	99.333	150	150	7.34e-76	272
POS_NC_001803_1_F0.001_R1_692	NC_012920.1	100.000	150	150	1.58e-77	278
POS_NC_001803_1_F0.001_R1_693	NC_012920.1	100.000	150	150	2.04e-76	274
POS_NC_001803_1_F0.001_R1_694	NC_012920.1	99.333	150	150	7.34e-76	272
POS_NC_001803_1_F0.001_R1_695	NC_012920.1	100.000	150	150	1.58e-77	278
POS_NC_001803_1_F0.001_R1_696	NC_012920.1	99.333	150	150	7.34e-76	272
POS_NC_001803_1_F0.001_R1_697	NC_012920.1	100.000	150	150	1.58e-77	278
POS_NC_001803_1_F0.001_R1_698	NC_012920.1	100.000	150	150	1.58e-77	278
POS_NC_001803_1_F0.001_R1_699	NC_012920.1	100.000	150	150	1.58e-77	278
POS_NC_001803_1_F0.001_R1_700	NC_012920.1	100.000	150	150	1.58e-77	278
POS_NC_001803_1_F0.001_R1_701	NC_012920.1	100.000	150	150	1.58e-77	278
POS_NC_001803_1_F0.001_R1_702	NC_012920.1	100.000	148	150	2.04e-76	274
POS_NC_001803_1_F0.001_R1_703	NC_012920.1	99.333	150	150	7.34e-76	272
POS_NC_001803_1_F0.001_R1_704	NC_012920.1	100.000	150	150	1.58e-77	278
POS_NC_001803_1_F0.001_R1_705	NC_012920.1	100.000	150	150	1.58e-77	278
POS_NC_001803_1_F0.001_R1_706	NC_012920.1	100.000	150	150	1.58e-77	278
POS_NC_001803_1_F0.001_R1_707	NC_012920.1	100.000	150	150	1.58e-77	278
POS_NC_001803_1_F0.001_R1_708	NC_012920.1	100.000	150	150	1.58e-77	278
POS_NC_001803_1_F0.001_R1_709	NC_012920.1	100.000	150	150	1.58e-77	278
POS_NC_001803_1_F0.001_R1_710	NC_012920.1	99.333	150	150	7.34e-76	272
POS_NC_001803_1_F0.001_R1_711	NC_012920.1	100.000	150	150	1.58e-77	278
POS_NC_001803_1_F0.001_R1_712	NC_012920.1	100.000	150	150	1.58e-77	278
POS_NC_001803_1_F0.001_R1_713	NC_012920.1	100.000	150	150	1.58e-77	278
POS_NC_001803_1_F0.001_R1_714	NC_012920.1	99.333	150	150	7.34e-76	272
POS_NC_001803_1_F0.001_R1_715	NC_012920.1	100.000	150	150	1.58e-77	278
POS_NC_001803_1_F0.001_R1_716	NC_012920.1	100.000	150	150	1.58e-77	278
POS_NC_001803_1_F0.001_R1_717	NC_012920.1	100.000	150	150	1.58e-77	278
POS_NC_001803_1_F0.001_R1_718	NC_012920.1	100.000	150	150	1.58e-77	278
POS_NC_001803_1_F0.001_R1_719	NC_012920.1	99.333	150	150	7.34e-76	272
POS_NC_001803_1_F0.001_R1_720	NC_012920.1	100.000	150	150	1.58e-77	278
POS_NC_001803_1_F0.001_R1_721	NC_012920.1	100.000	150	150	1.58e-77	278
POS_NC_001803_1_F0.001_R1_722	NC_012920.1	100.000	150	150	1.58e-77	278
POS_NC_001803_1_F0.001_R1_723	NC_012920.1	100.000	150	150	1.58e-77	278
POS_NC_001803_1_F0.001_R1_724	NC_012920.1	100.000	150	150	1.58e-77	278
POS_NC_001803_1_F0.001_R1_725	NC_012920.1	100.000	150	150	1.58e-77	278
POS_NC_001803_1_F0.001_R1_726	NC_012920.1	100.000	150	150	1.58e-77	278
POS_NC_001803_1_F0.001_R1_727	NC_012920.1	100.000	150	150	1.58e-77	278
POS_NC_001803_1_F0.001_R1_728	NC_012920.1	100.000	150	150	1.58e-77	278
POS_NC_001803_1_F0.001_R1_729	NC_012920.1	100.000	150	150	1.58e-77	278
POS_NC_001803_1_F0.001_R1_730	NC_012920.1	100.000	150	150	1.58e-77	278
POS_NC_001803_1_F0.001_R1_731	NC_012920.1	100.000	150	150	1.58e-77	278
POS_NC_001803_1_F0.001_R1_732	NC_012920.1	100.000	150	150	1.58e-77	278
POS_NC_001803_1_F0.001_R1_733	NC_012920.1	100.000	150	150	1.58e-77	278
POS_NC_001803_1_F0.001_R1_734	NC_012920.1	99.333	150	150	7.34e-76	272
POS_NC_001803_1_F0.001_R1_735	NC_012920.1	99.333	150	150	7.34e-76	272
POS_NC_001803_1_F0.001_R1_736	NC_012920.1	100.000	150	150	1.58e-77	278
POS_NC_001803_1_F0.001_R1_737	NC_012920.1	100.000	150	150	1.58e-77	278
POS_NC_001803_1_F0.001_R1_738	NC_012920.1	100.000	150	150	1.58e-77	278
POS_NC_001803_1_F0.001_R1_739	NC_012920.1	99.333	150	150	7.34e-76	272
POS_NC_001803_1_F0.001_R1_740	NC_012920.1	100.000	150	150	1.58e-77	278
POS_NC_001803_1_F0.001_R1_741	NC_012920.1	100.000	150	150	1.58e-77	278
POS_NC_001803_1_F0.001_R1_742	NC_012920.1	100.000	150	150	1.58e-77	278
POS_NC_001803_1_F0.001_R1_743	NC_012920.1	100.000	150	150	1.58e-77	278
POS_NC_001803_1_F0.001_R1_744	NC_012920.1	100.000	150	150	1.58e-77	278
POS_NC_001803_1_F0.001_R1_745	NC_012920.1	100.000	150	150	1.58e-77	278
POS_NC_001803_1_F0.001_R1_746	NC_012920.1	99.333	150	150	7.34e-76	272
POS_NC_001803_1_F0.001_R1_747	NC_012920.1	100.000	150	150	1.58e-77	278
POS_NC_001803_1_F0.001_R1_748	NC_012920.1	100.000	150	150	1.58e-77	278
POS_NC_001803_1_F0.001_R1_749	NC_012920.1	98.667	150	150	3.42e-74	267
POS_NC_001803_1_F0.001_R1_750	NC_012920.1	99.333	150	150	7.34e-76	272
POS_NC_001803_1_F0.001_R1_751	NC_012920.1	100.000	150	150	1.58e-77	278
POS_NC_001803_1_F0.001_R1_752	NC_012920.1	99.333	150	150	7.34e-76	272
POS_NC_001803_1_F0.001_R1_753	NC_012920.1	99.333	150	150	7.34e-76	272
POS_NC_001803_1_F0.001_R1_754	NC_012920.1	99.333	150	150	7.34e-76	272
POS_NC_001803_1_F0.001_R1_755	NC_012920.1	100.000	150	150	1.58e-77	278
POS_NC_001803_1_F0.001_R1_756	NC_012920.1	100.000	150	150	1.58e-77	278
POS_NC_001803_1_F0.001_R1_757	NC_012920.1	99.333	150	150	7.34e-76	272
POS_NC_001803_1_F0.001_R1_758	NC_012920.1	100.000	150	150	1.58e-77	278
POS_NC_001803_1_F0.001_R1_759	NC_012920.1	100.000	150	150	1.58e-77	278
POS_NC_001803_1_F0.001_R1_760	NC_012920.1	98.667	150	150	3.42e-74	267
POS_NC_001803_1_F0.001_R1_761	NC_012920.1	99.333	150	150	7.34e-76	272
POS_NC_001803_1_F0.001_R1_762	NC_012920.1	100.000	150	150	1.58e-77	278
POS_NC_001803_1_F0.001_R1_763	NC_012920.1	100.000	150	150	1.58e-77	278
POS_NC_001803_1_F0.001_R1_764	NC_012920.1	98.667	150	150	3.42e-74	267
POS_NC_001803_1_F0.001_R1_765	NC_012920.1	99.333	150	150	7.34e-76	272
POS_NC_001803_1_F0.001_R1_766	NC_012920.1	99.333	150	150	7.34e-76	272
POS_NC_001803_1_F0.001_R1_767	NC_012920.1	100.000	150	150	1.58e-77	278
POS_NC_001803_1_F0.001_R1_768	NC_012920.1	100.000	150	150	1.58e-77	278
POS_NC_001803_1_F0.001_R1_769	NC_012920.1	100.000	150	150	1.58e-77	278
POS_NC_001803_1_F0.001_R1_770	NC_012920.1	99.333	150	150	7.34e-76	272
POS_NC_001803_1_F0.001_R1_771	NC_012920.1	100.000	150	150	1.58e-77	278
POS_NC_001803_1_F0.001_R1_772	NC_012920.1	100.000	150	150	1.58e-77	278
POS_NC_001803_1_F0.001_R1_773	NC_012920.1	99.333	150	150	7.34e-76	272
POS_NC_001803_1_F0.001_R1_774	NC_012920.1	100.000	150	150	1.58e-77	278
POS_NC_001803_1_F0.001_R1_775	NC_012920.1	98.667	150	150	3.42e-74	267
POS_NC_001803_1_F0.001_R1_776	NC_012920.1	100.000	150	150	1.58e-77	278
POS_NC_001803_1_F0.001_R1_777	NC_012920.1	100.000	150	150	1.58e-77	278
POS_NC_001803_1_F0.001_R1_778	NC_012920.1	99.333	150	150	7.34e-76	272
POS_NC_001803_1_F0.001_R1_779	NC_012920.1	99.333	150	150	7.34e-76	272
POS_NC_001803_1_F0.001_R1_780	NC_012920.1	100.000	150	150	1.58e-77	278
POS_NC_001803_1_F0.001_R1_781	NC_012920.1	99.333	150	150	7.34e-76	272
POS_NC_001803_1_F0.001_R1_782	NC_012920.1	99.333	150	150	7.34e-76	272
POS_NC_001803_1_F0.001_R1_783	NC_012920.1	100.000	150	150	2.04e-76	274
POS_NC_001803_1_F0.001_R1_784	NC_012920.1	100.000	150	150	1.58e-77	278
POS_NC_001803_1_F0.001_R1_785	NC_012920.1	100.000	150	150	1.58e-77	278
POS_NC_001803_1_F0.001_R1_786	NC_012920.1	100.000	150	150	1.58e-77	278
POS_NC_001803_1_F0.001_R1_787	NC_012920.1	100.000	150	150	1.58e-77	278
POS_NC_001803_1_F0.001_R1_788	NC_012920.1	100.000	150	150	1.58e-77	278
POS_NC_001803_1_F0.001_R1_789	NC_012920.1	99.333	150	150	7.34e-76	272
POS_NC_001803_1_F0.001_R1_790	NC_012920.1	100.000	150	150	1.58e-77	278
POS_NC_001803_1_F0.001_R1_791	NC_012920.1	100.000	150	150	1.58e-77	278
POS_NC_001803_1_F0.001_R1_792	NC_012920.1	100.000	150	150	1.58e-77	278
POS_NC_001803_1_F0.001_R1_793	NC_012920.1	100.000	150	150	1.58e-77	278
POS_NC_001803_1_F0.001_R1_794	NC_012920.1	100.000	150	150	1.58e-77	278
POS_NC_001803_1_F0.001_R1_795	NC_012920.1	100.000	150	150	1.58e-77	278
POS_NC_001803_1_F0.001_R1_796	NC_012920.1	100.000	150	150	1.58e-77	278
POS_NC_001803_1_F0.001_R1_797	NC_012920.1	100.000	150	150	1.58e-77	278
POS_NC_001803_1_F0.001_R1_798	NC_012920.1	100.000	150	150	1.58e-77	278
POS_NC_001803_1_F0.001_R1_799	NC_012920.1	100.000	150	150	1.58e-77	278
POS_NC_001803_1_F0.001_R1_800	NC_012920.1	100.000	150	150	1.58e-77	278
POS_NC_001803_1_F0.001_R1_801	NC_012920.1	100.000	150	150	1.58e-77	278
POS_NC_001803_1_F0.001_R1_802	NC_012920.1	100.000	150	150	1.58e-77	278
POS_NC_001803_1_F0.001_R1_803	NC_012920.1	100.000	150	150	1.58e-77	278
POS_NC_001803_1_F0.001_R1_804	NC_012920.1	100.000	150	150	1.58e-77	278
POS_NC_001803_1_F0.001_R1_805	NC_012920.1	100.000	150	150	1.58e-77	278
POS_NC_001803_1_F0.001_R1_806	NC_012920.1	100.000	150	150	1.58e-77	278
POS_NC_001803_1_F0.001_R1_807	NC_012920.1	100.000	150	150	1.58e-77	278
POS_NC_001803_1_F0.001_R1_808	NC_012920.1	99.333	150	150	7.34e-76	272
POS_NC_001803_1_F0.001_R1_809	NC_012920.1	99.333	150	150	7.34e-76	272
POS_NC_001803_1_F0.001_R1_810	NC_012920.1	100.000	150	150	1.58e-77	278
POS_NC_001803_1_F0.001_R1_811	NC_012920.1	100.000	150	150	1.58e-77	278
POS_NC_001803_1_F0.001_R1_812	NC_012920.1	100.000	150	150	1.58e-77	278
POS_NC_001803_1_F0.001_R1_813	NC_012920.1	99.333	150	150	7.34e-76	272
POS_NC_001803_1_F0.001_R1_814	NC_012920.1	98.667	150	150	3.42e-74	267
POS_NC_001803_1_F0.001_R1_815	NC_012920.1	100.000	150	150	1.58e-77	278
POS_NC_001803_1_F0.001_R1_816	NC_012920.1	99.333	150	150	7.34e-76	272
POS_NC_001803_1_F0.001_R1_817	NC_012920.1	100.000	150	150	1.58e-77	278
POS_NC_001803_1_F0.001_R1_818	NC_012920.1	100.000	150	150	1.58e-77	278
POS_NC_001803_1_F0.001_R1_819	NC_012920.1	99.333	150	150	7.34e-76	272
POS_NC_001803_1_F0.001_R1_820	NC_012920.1	100.000	150	150	1.58e-77	278
POS_NC_001803_1_F0.001_R1_821	NC_012920.1	100.000	150	150	1.58e-77	278
POS_NC_001803_1_F0.001_R1_822	NC_012920.1	100.000	150	150	1.58e-77	278
POS_NC_001803_1_F0.001_R1_823	NC_012920.1	100.000	150	150	1.58e-77	278
POS_NC_001803_1_F0.001_R1_824	NC_012920.1	99.333	150	150	7.34e-76	272
POS_NC_001803_1_F0.001_R1_825	NC_012920.1	100.000	150	150	1.58e-77	278
POS_NC_001803_1_F0.001_R1_826	NC_012920.1	99.333	150	150	7.34e-76	272
POS_NC_001803_1_F0.001_R1_827	NC_012920.1	100.000	150	150	1.58e-77	278
POS_NC_001803_1_F0.001_R1_828	NC_012920.1	100.000	150	150	1.58e-77	278
POS_NC_001803_1_F0.001_R1_829	NC_012920.1	100.000	150	150	1.58e-77	278
POS_NC_001803_1_F0.001_R1_830	NC_012920.1	99.333	150	150	7.34e-76	272
POS_NC_001803_1_F0.001_R1_831	NC_012920.1	100.000	150	150	1.58e-77	278
POS_NC_001803_1_F0.001_R1_832	NC_012920.1	100.000	150	150	1.58e-77	278
POS_NC_001803_1_F0.001_R1_833	NC_012920.1	100.000	150	150	1.58e-77	278
POS_NC_001803_1_F0.001_R1_834	NC_012920.1	100.000	150	150	1.58e-77	278
POS_NC_001803_1_F0.001_R1_835	NC_012920.1	99.333	150	150	7.34e-76	272
POS_NC_001803_1_F0.001_R1_836	NC_012920.1	99.333	150	150	7.34e-76	272
POS_NC_001803_1_F0.001_R1_837	NC_012920.1	100.000	150	150	1.58e-77	278
POS_NC_001803_1_F0.001_R1_838	NC_012920.1	99.333	150	150	7.34e-76	272
POS_NC_001803_1_F0.001_R1_839	NC_012920.1	100.000	150	150	1.58e-77	278
POS_NC_001803_1_F0.001_R1_840	NC_012920.1	100.000	150	150	1.58e-77	278
POS_NC_001803_1_F0.001_R1_841	NC_012920.1	99.333	150	150	7.34e-76	272
POS_NC_001803_1_F0.001_R1_842	NC_012920.1	99.333	150	150	9.50e-75	268
POS_NC_001803_1_F0.001_R1_843	NC_012920.1	100.000	150	150	1.58e-77	278
POS_NC_001803_1_F0.001_R1_844	NC_012920.1	99.333	150	150	7.34e-76	272
POS_NC_001803_1_F0.001_R1_845	NC_012920.1	100.000	150	150	1.58e-77	278
POS_NC_001803_1_F0.001_R1_846	NC_012920.1	100.000	150	150	1.58e-77	278
POS_NC_001803_1_F0.001_R1_847	NC_012920.1	100.000	150	150	1.58e-77	278
POS_NC_001803_1_F0.001_R1_848	NC_012920.1	100.000	150	150	1.58e-77	278
POS_NC_001803_1_F0.001_R1_849	NC_012920.1	98.000	150	150	1.59e-72	261
POS_NC_001803_1_F0.001_R1_850	NC_012920.1	100.000	150	150	1.58e-77	278
POS_NC_001803_1_F0.001_R1_851	NC_012920.1	98.667	150	150	3.42e-74	267
POS_NC_001803_1_F0.001_R1_852	NC_012920.1	99.333	150	150	7.34e-76	272
POS_NC_001803_1_F0.001_R1_853	NC_012920.1	100.000	150	150	1.58e-77	278
POS_NC_001803_1_F0.001_R1_854	NC_012920.1	99.333	150	150	7.34e-76	272
POS_NC_001803_1_F0.001_R1_855	NC_012920.1	100.000	150	150	1.58e-77	278
POS_NC_001803_1_F0.001_R1_856	NC_012920.1	100.000	150	150	1.58e-77	278
POS_NC_001803_1_F0.001_R1_857	NC_012920.1	100.000	150	150	1.58e-77	278
POS_NC_001803_1_F0.001_R1_858	NC_012920.1	100.000	150	150	1.58e-77	278
POS_NC_001803_1_F0.001_R1_859	NC_012920.1	100.000	150	150	1.58e-77	278
POS_NC_001803_1_F0.001_R1_860	NC_012920.1	100.000	150	150	1.58e-77	278
POS_NC_001803_1_F0.001_R1_861	NC_012920.1	100.000	150	150	1.58e-77	278
POS_NC_001803_1_F0.001_R1_862	NC_012920.1	100.000	150	150	1.58e-77	278
POS_NC_001803_1_F0.001_R1_863	NC_012920.1	100.000	150	150	1.58e-77	278
POS_NC_001803_1_F0.001_R1_864	NC_012920.1	100.000	150	150	1.58e-77	278
POS_NC_001803_1_F0.001_R1_865	NC_012920.1	100.000	150	150	1.58e-77	278
POS_NC_001803_1_F0.001_R1_866	NC_012920.1	100.000	150	150	1.58e-77	278
POS_NC_001803_1_F0.001_R1_867	NC_012920.1	100.000	150	150	1.58e-77	278
POS_NC_001803_1_F0.001_R1_868	NC_012920.1	100.000	150	150	1.58e-77	278
POS_NC_001803_1_F0.001_R1_869	NC_012920.1	100.000	150	150	1.58e-77	278
POS_NC_001803_1_F0.001_R1_870	NC_012920.1	100.000	150	150	1.58e-77	278
POS_NC_001803_1_F0.001_R1_871	NC_012920.1	100.000	150	150	1.58e-77	278
POS_NC_001803_1_F0.001_R1_872	NC_012920.1	100.000	150	150	1.58e-77	278
POS_NC_001803_1_F0.001_R1_873	NC_012920.1	100.000	150	150	1.58e-77	278
POS_NC_001803_1_F0.001_R1_874	NC_012920.1	100.000	150	150	1.58e-77	278
POS_NC_001803_1_F0.001_R1_875	NC_012920.1	100.000	150	150	1.58e-77	278
POS_NC_001803_1_F0.001_R1_876	NC_012920.1	100.000	150	150	1.58e-77	278
POS_NC_001803_1_F0.001_R1_877	NC_012920.1	100.000	150	150	1.58e-77	278
POS_NC_001803_1_F0.001_R1_878	NC_012920.1	99.333	150	150	7.34e-76	272
POS_NC_001803_1_F0.001_R1_879	NC_012920.1	100.000	150	150	1.58e-77	278
POS_NC_001803_1_F0.001_R1_880	NC_012920.1	100.000	150	150	1.58e-77	278
POS_NC_001803_1_F0.001_R1_881	NC_012920.1	99.333	150	150	7.34e-76	272
POS_NC_001803_1_F0.001_R1_882	NC_012920.1	98.667	150	150	3.42e-74	267
POS_NC_001803_1_F0.001_R1_883	NC_012920.1	100.000	150	150	1.58e-77	278
POS_NC_001803_1_F0.001_R1_884	NC_012920.1	100.000	150	150	1.58e-77	278
POS_NC_001803_1_F0.001_R1_885	NC_012920.1	99.333	150	150	7.34e-76	272
POS_NC_001803_1_F0.001_R1_886	NC_012920.1	100.000	150	150	1.58e-77	278
POS_NC_001803_1_F0.001_R1_887	NC_012920.1	100.000	150	150	1.58e-77	278
POS_NC_001803_1_F0.001_R1_888	NC_012920.1	99.333	150	150	7.34e-76	272
POS_NC_001803_1_F0.001_R1_889	NC_012920.1	100.000	150	150	1.58e-77	278
POS_NC_001803_1_F0.001_R1_890	NC_012920.1	100.000	150	150	1.58e-77	278
POS_NC_001803_1_F0.001_R1_891	NC_012920.1	99.333	150	150	7.34e-76	272
POS_NC_001803_1_F0.001_R1_892	NC_012920.1	100.000	150	150	1.58e-77	278
POS_NC_001803_1_F0.001_R1_893	NC_012920.1	100.000	150	150	2.04e-76	274
POS_NC_001803_1_F0.001_R1_894	NC_012920.1	100.000	150	150	1.58e-77	278
POS_NC_001803_1_F0.001_R1_895	NC_012920.1	100.000	150	150	1.58e-77	278
POS_NC_001803_1_F0.001_R1_896	NC_012920.1	100.000	150	150	1.58e-77	278
POS_NC_001803_1_F0.001_R1_897	NC_012920.1	99.333	150	150	7.34e-76	272
POS_NC_001803_1_F0.001_R1_898	NC_012920.1	100.000	150	150	1.58e-77	278
POS_NC_001803_1_F0.001_R1_899	NC_012920.1	100.000	150	150	1.58e-77	278
POS_NC_001803_1_F0.001_R1_900	NC_012920.1	100.000	150	150	1.58e-77	278
POS_NC_001803_1_F0.001_R1_901	NC_012920.1	100.000	150	150	1.58e-77	278
POS_NC_001803_1_F0.001_R1_902	NC_012920.1	100.000	150	150	1.58e-77	278
POS_NC_001803_1_F0.001_R1_903	NC_012920.1	100.000	150	150	1.58e-77	278
POS_NC_001803_1_F0.001_R1_904	NC_012920.1	100.000	150	150	1.58e-77	278
POS_NC_001803_1_F0.001_R1_905	NC_012920.1	100.000	150	150	1.58e-77	278
POS_NC_001803_1_F0.001_R1_906	NC_012920.1	100.000	150	150	1.58e-77	278
POS_NC_001803_1_F0.001_R1_907	NC_012920.1	100.000	150	150	1.58e-77	278
POS_NC_001803_1_F0.001_R1_908	NC_012920.1	99.333	150	150	7.34e-76	272
POS_NC_001803_1_F0.001_R1_909	NC_012920.1	99.333	150	150	7.34e-76	272
POS_NC_001803_1_F0.001_R1_910	NC_012920.1	100.000	150	150	1.58e-77	278
POS_NC_001803_1_F0.001_R1_911	NC_012920.1	100.000	150	150	1.58e-77	278
POS_NC_001803_1_F0.001_R1_912	NC_012920.1	100.000	150	150	1.58e-77	278
POS_NC_001803_1_F0.001_R1_913	NC_012920.1	100.000	150	150	1.58e-77	278
POS_NC_001803_1_F0.001_R1_914	NC_012920.1	99.333	150	150	7.34e-76	272
POS_NC_001803_1_F0.001_R1_915	NC_012920.1	99.333	150	150	7.34e-76	272
POS_NC_001803_1_F0.001_R1_916	NC_012920.1	99.333	150	150	7.34e-76	272
POS_NC_001803_1_F0.001_R1_917	NC_012920.1	100.000	150	150	1.58e-77	278
POS_NC_001803_1_F0.001_R1_918	NC_012920.1	100.000	150	150	1.58e-77	278
POS_NC_001803_1_F0.001_R1_919	NC_012920.1	99.333	150	150	7.34e-76	272
POS_NC_001803_1_F0.001_R1_920	NC_012920.1	100.000	150	150	1.58e-77	278
POS_NC_001803_1_F0.001_R1_921	NC_012920.1	100.000	150	150	1.58e-77	278
POS_NC_001803_1_F0.001_R1_922	NC_012920.1	100.000	150	150	1.58e-77	278
POS_NC_001803_1_F0.001_R1_923	NC_012920.1	100.000	150	150	1.58e-77	278
POS_NC_001803_1_F0.001_R1_924	NC_012920.1	100.000	150	150	1.58e-77	278
POS_NC_001803_1_F0.001_R1_925	NC_012920.1	100.000	150	150	1.58e-77	278
POS_NC_001803_1_F0.001_R1_926	NC_012920.1	99.333	150	150	7.34e-76	272
POS_NC_001803_1_F0.001_R1_927	NC_012920.1	100.000	150	150	1.58e-77	278
POS_NC_001803_1_F0.001_R1_928	NC_012920.1	100.000	150	150	1.58e-77	278
POS_NC_001803_1_F0.001_R1_929	NC_012920.1	99.333	150	150	7.34e-76	272
POS_NC_001803_1_F0.001_R1_930	NC_012920.1	100.000	150	150	1.58e-77	278
POS_NC_001803_1_F0.001_R1_931	NC_012920.1	100.000	150	150	1.58e-77	278
POS_NC_001803_1_F0.001_R1_932	NC_012920.1	100.000	150	150	1.58e-77	278
POS_NC_001803_1_F0.001_R1_933	NC_012920.1	98.667	150	150	3.42e-74	267
POS_NC_001803_1_F0.001_R1_934	NC_012920.1	98.667	150	150	3.42e-74	267
POS_NC_001803_1_F0.001_R1_935	NC_012920.1	99.333	150	150	7.34e-76	272
POS_NC_001803_1_F0.001_R1_936	NC_012920.1	100.000	150	150	1.58e-77	278
POS_NC_001803_1_F0.001_R1_937	NC_012920.1	100.000	150	150	1.58e-77	278
POS_NC_001803_1_F0.001_R1_938	NC_012920.1	100.000	150	150	1.58e-77	278
POS_NC_001803_1_F0.001_R1_939	NC_012920.1	100.000	150	150	1.58e-77	278
POS_NC_001803_1_F0.001_R1_940	NC_012920.1	100.000	150	150	1.58e-77	278
POS_NC_001803_1_F0.001_R1_941	NC_012920.1	100.000	150	150	1.58e-77	278
POS_NC_001803_1_F0.001_R1_942	NC_012920.1	100.000	150	150	1.58e-77	278
POS_NC_001803_1_F0.001_R1_943	NC_012920.1	100.000	150	150	1.58e-77	278
POS_NC_001803_1_F0.001_R1_944	NC_012920.1	100.000	150	150	1.58e-77	278
POS_NC_001803_1_F0.001_R1_945	NC_012920.1	100.000	150	150	1.58e-77	278
POS_NC_001803_1_F0.001_R1_946	NC_012920.1	100.000	150	150	1.58e-77	278
POS_NC_001803_1_F0.001_R1_947	NC_012920.1	99.333	150	150	7.34e-76	272
POS_NC_001803_1_F0.001_R1_948	NC_012920.1	100.000	150	150	1.58e-77	278
POS_NC_001803_1_F0.001_R1_949	NC_012920.1	100.000	150	150	1.58e-77	278
POS_NC_001803_1_F0.001_R1_950	NC_012920.1	100.000	150	150	1.58e-77	278
POS_NC_001803_1_F0.001_R1_951	NC_012920.1	100.000	150	150	1.58e-77	278
POS_NC_001803_1_F0.001_R1_952	NC_012920.1	99.333	150	150	7.34e-76	272
POS_NC_001803_1_F0.001_R1_953	NC_012920.1	100.000	150	150	1.58e-77	278
POS_NC_001803_1_F0.001_R1_954	NC_012920.1	100.000	150	150	1.58e-77	278
POS_NC_001803_1_F0.001_R1_955	NC_012920.1	99.333	150	150	7.34e-76	272
POS_NC_001803_1_F0.001_R1_956	NC_012920.1	100.000	150	150	1.58e-77	278
POS_NC_001803_1_F0.001_R1_957	NC_012920.1	100.000	150	150	1.58e-77	278
POS_NC_001803_1_F0.001_R1_958	NC_012920.1	100.000	148	150	2.04e-76	274
POS_NC_001803_1_F0.001_R1_959	NC_012920.1	100.000	150	150	1.58e-77	278
POS_NC_001803_1_F0.001_R1_960	NC_012920.1	100.000	150	150	1.58e-77	278
POS_NC_001803_1_F0.001_R1_961	NC_012920.1	100.000	150	150	1.58e-77	278
POS_NC_001803_1_F0.001_R1_962	NC_012920.1	99.333	150	150	7.34e-76	272
POS_NC_001803_1_F0.001_R1_963	NC_012920.1	100.000	150	150	1.58e-77	278
POS_NC_001803_1_F0.001_R1_964	NC_012920.1	99.333	150	150	7.34e-76	272
POS_NC_001803_1_F0.001_R1_965	NC_012920.1	100.000	150	150	1.58e-77	278
POS_NC_001803_1_F0.001_R1_966	NC_012920.1	100.000	150	150	1.58e-77	278
POS_NC_001803_1_F0.001_R1_967	NC_012920.1	100.000	150	150	1.58e-77	278
POS_NC_001803_1_F0.001_R1_968	NC_012920.1	99.333	150	150	7.34e-76	272
POS_NC_001803_1_F0.001_R1_969	NC_012920.1	100.000	150	150	1.58e-77	278
POS_NC_001803_1_F0.001_R1_970	NC_012920.1	99.333	150	150	7.34e-76	272
POS_NC_001803_1_F0.001_R1_971	NC_012920.1	100.000	150	150	1.58e-77	278
POS_NC_001803_1_F0.001_R1_972	NC_012920.1	99.333	150	150	7.34e-76	272
POS_NC_001803_1_F0.001_R1_973	NC_012920.1	99.333	150	150	7.34e-76	272
POS_NC_001803_1_F0.001_R1_974	NC_012920.1	100.000	150	150	1.58e-77	278
POS_NC_001803_1_F0.001_R1_975	NC_012920.1	100.000	150	150	1.58e-77	278
POS_NC_001803_1_F0.001_R1_976	NC_012920.1	100.000	150	150	1.58e-77	278
POS_NC_001803_1_F0.001_R1_977	NC_012920.1	100.000	150	150	1.58e-77	278
POS_NC_001803_1_F0.001_R1_978	NC_012920.1	100.000	147	150	7.34e-76	272
POS_NC_001803_1_F0.001_R1_979	NC_012920.1	100.000	150	150	1.58e-77	278
POS_NC_001803_1_F0.001_R1_980	NC_012920.1	99.333	150	150	7.34e-76	272
POS_NC_001803_1_F0.001_R1_981	NC_012920.1	100.000	150	150	1.58e-77	278
POS_NC_001803_1_F0.001_R1_982	NC_012920.1	99.333	150	150	7.34e-76	272
POS_NC_001803_1_F0.001_R1_983	NC_012920.1	99.333	150	150	7.34e-76	272
POS_NC_001803_1_F0.001_R1_984	NC_012920.1	100.000	150	150	1.58e-77	278
POS_NC_001803_1_F0.001_R1_985	NC_012920.1	99.333	150	150	7.34e-76	272
POS_NC_001803_1_F0.001_R1_986	NC_012920.1	100.000	150	150	1.58e-77	278
POS_NC_001803_1_F0.001_R1_987	NC_012920.1	100.000	150	150	1.58e-77	278
POS_NC_001803_1_F0.001_R1_988	NC_012920.1	100.000	150	150	1.58e-77	278
POS_NC_001803_1_F0.001_R1_989	NC_012920.1	100.000	150	150	1.58e-77	278
POS_NC_001803_1_F0.001_R1_990	NC_012920.1	99.333	150	150	7.34e-76	272
POS_NC_001803_1_F0.001_R1_991	NC_012920.1	98.000	150	150	1.59e-72	261
POS_NC_001803_1_F0.001_R1_992	NC_012920.1	100.000	150	150	1.58e-77	278
POS_NC_001803_1_F0.001_R1_993	NC_012920.1	100.000	150	150	1.58e-77	278
POS_NC_001803_1_F0.001_R1_994	NC_012920.1	99.333	150	150	7.34e-76	272
POS_NC_001803_1_F0.001_R1_995	NC_012920.1	99.333	150	150	7.34e-76	272
POS_NC_001803_1_F0.001_R1_996	NC_012920.1	100.000	150	150	1.58e-77	278
POS_NC_001803_1_F0.001_R1_997	NC_012920.1	100.000	150	150	1.58e-77	278
POS_NC_001803_1_F0.001_R1_998	NC_012920.1	100.000	150	150	1.58e-77	278
POS_NC_001803_1_F0.001_R1_999	NC_012920.1	100.000	150	150	1.58e-77	278
POS_NC_001803_1_F0.001_R1_1000	NC_012920.1	100.000	150	150	1.58e-77	278
POS_NC_001803_1_F0.001_R1_1001	NC_012920.1	99.333	150	150	7.34e-76	272
POS_NC_001803_1_F0.001_R1_1002	NC_012920.1	100.000	150	150	1.58e-77	278
POS_NC_001803_1_F0.001_R1_1003	NC_012920.1	100.000	150	150	1.58e-77	278
POS_NC_001803_1_F0.001_R1_1004	NC_012920.1	99.333	150	150	7.34e-76	272
POS_NC_001803_1_F0.001_R1_1005	NC_012920.1	100.000	150	150	1.58e-77	278
POS_NC_001803_1_F0.001_R1_1006	NC_012920.1	100.000	150	150	1.58e-77	278
POS_NC_001803_1_F0.001_R1_1007	NC_012920.1	100.000	150	150	1.58e-77	278
POS_NC_001803_1_F0.001_R1_1008	NC_012920.1	100.000	150	150	1.58e-77	278
POS_NC_001803_1_F0.001_R1_1009	NC_012920.1	100.000	150	150	1.58e-77	278
POS_NC_001803_1_F0.001_R1_1010	NC_012920.1	100.000	150	150	1.58e-77	278
POS_NC_001803_1_F0.001_R1_1011	NC_012920.1	100.000	150	150	1.58e-77	278
POS_NC_001803_1_F0.001_R1_1012	NC_012920.1	100.000	150	150	1.58e-77	278
POS_NC_001803_1_F0.001_R1_1013	NC_012920.1	100.000	150	150	1.58e-77	278
POS_NC_001803_1_F0.001_R1_1014	NC_012920.1	100.000	150	150	1.58e-77	278
POS_NC_001803_1_F0.001_R1_1015	NC_012920.1	100.000	150	150	1.58e-77	278
POS_NC_001803_1_F0.001_R1_1016	NC_012920.1	100.000	150	150	1.58e-77	278
POS_NC_001803_1_F0.001_R1_1017	NC_012920.1	99.333	150	150	7.34e-76	272
POS_NC_001803_1_F0.001_R1_1018	NC_012920.1	100.000	150	150	1.58e-77	278
POS_NC_001803_1_F0.001_R1_1019	NC_012920.1	100.000	150	150	1.58e-77	278
POS_NC_001803_1_F0.001_R1_1020	NC_012920.1	100.000	150	150	1.58e-77	278
POS_NC_001803_1_F0.001_R1_1021	NC_012920.1	100.000	150	150	1.58e-77	278
POS_NC_001803_1_F0.001_R1_1022	NC_012920.1	100.000	150	150	2.04e-76	274
POS_NC_001803_1_F0.001_R1_1023	NC_012920.1	99.333	150	150	7.34e-76	272
POS_NC_001803_1_F0.001_R1_1024	NC_012920.1	99.333	150	150	7.34e-76	272
POS_NC_001803_1_F0.001_R1_1025	NC_012920.1	100.000	150	150	1.58e-77	278
POS_NC_001803_1_F0.001_R1_1026	NC_012920.1	99.333	150	150	7.34e-76	272
POS_NC_001803_1_F0.001_R1_1027	NC_012920.1	100.000	150	150	1.58e-77	278
POS_NC_001803_1_F0.001_R1_1028	NC_012920.1	98.667	150	150	3.42e-74	267
POS_NC_001803_1_F0.001_R1_1029	NC_012920.1	100.000	150	150	1.58e-77	278
POS_NC_001803_1_F0.001_R1_1030	NC_012920.1	99.333	150	150	7.34e-76	272
POS_NC_001803_1_F0.001_R1_1031	NC_012920.1	100.000	150	150	1.58e-77	278
POS_NC_001803_1_F0.001_R1_1032	NC_012920.1	100.000	150	150	1.58e-77	278
POS_NC_001803_1_F0.001_R1_1033	NC_012920.1	100.000	150	150	1.58e-77	278
POS_NC_001803_1_F0.001_R1_1034	NC_012920.1	100.000	150	150	1.58e-77	278
POS_NC_001803_1_F0.001_R1_1035	NC_012920.1	100.000	150	150	1.58e-77	278
POS_NC_001803_1_F0.001_R1_1036	NC_012920.1	100.000	150	150	1.58e-77	278
POS_NC_001803_1_F0.001_R1_1037	NC_012920.1	100.000	150	150	1.58e-77	278
POS_NC_001803_1_F0.001_R1_1038	NC_012920.1	99.333	150	150	7.34e-76	272
POS_NC_001803_1_F0.001_R1_1039	NC_012920.1	100.000	150	150	1.58e-77	278
POS_NC_001803_1_F0.001_R1_1040	NC_012920.1	100.000	150	150	1.58e-77	278
POS_NC_001803_1_F0.001_R1_1041	NC_012920.1	100.000	150	150	1.58e-77	278
POS_NC_001803_1_F0.001_R1_1042	NC_012920.1	100.000	150	150	1.58e-77	278
POS_NC_001803_1_F0.001_R1_1043	NC_012920.1	100.000	150	150	1.58e-77	278
POS_NC_001803_1_F0.001_R1_1044	NC_012920.1	100.000	150	150	1.58e-77	278
POS_NC_001803_1_F0.001_R1_1045	NC_012920.1	100.000	150	150	1.58e-77	278
POS_NC_001803_1_F0.001_R1_1046	NC_012920.1	100.000	150	150	1.58e-77	278
POS_NC_001803_1_F0.001_R1_1047	NC_012920.1	100.000	150	150	1.58e-77	278
POS_NC_001803_1_F0.001_R1_1048	NC_012920.1	100.000	150	150	1.58e-77	278
POS_NC_001803_1_F0.001_R1_1049	NC_012920.1	100.000	150	150	1.58e-77	278
POS_NC_001803_1_F0.001_R1_1050	NC_012920.1	100.000	150	150	1.58e-77	278
POS_NC_001803_1_F0.001_R1_1051	NC_012920.1	100.000	150	150	1.58e-77	278
POS_NC_001803_1_F0.001_R1_1052	NC_012920.1	99.333	150	150	7.34e-76	272
POS_NC_001803_1_F0.001_R1_1053	NC_012920.1	100.000	150	150	1.58e-77	278
POS_NC_001803_1_F0.001_R1_1054	NC_012920.1	100.000	150	150	1.58e-77	278
POS_NC_001803_1_F0.001_R1_1055	NC_012920.1	99.333	150	150	7.34e-76	272
POS_NC_001803_1_F0.001_R1_1056	NC_012920.1	100.000	150	150	1.58e-77	278
POS_NC_001803_1_F0.001_R1_1057	NC_012920.1	99.333	150	150	7.34e-76	272
POS_NC_001803_1_F0.001_R1_1058	NC_012920.1	99.333	150	150	7.34e-76	272
POS_NC_001803_1_F0.001_R1_1059	NC_012920.1	100.000	150	150	1.58e-77	278
POS_NC_001803_1_F0.001_R1_1060	NC_012920.1	100.000	150	150	1.58e-77	278
POS_NC_001803_1_F0.001_R1_1061	NC_012920.1	100.000	150	150	1.58e-77	278
POS_NC_001803_1_F0.001_R1_1062	NC_012920.1	100.000	150	150	1.58e-77	278
POS_NC_001803_1_F0.001_R1_1063	NC_012920.1	100.000	150	150	1.58e-77	278
POS_NC_001803_1_F0.001_R1_1064	NC_012920.1	100.000	150	150	1.58e-77	278
POS_NC_001803_1_F0.001_R1_1065	NC_012920.1	100.000	150	150	1.58e-77	278
POS_NC_001803_1_F0.001_R1_1066	NC_012920.1	98.667	150	150	3.42e-74	267
POS_NC_001803_1_F0.001_R1_1067	NC_012920.1	99.333	150	150	7.34e-76	272
POS_NC_001803_1_F0.001_R1_1068	NC_012920.1	100.000	150	150	1.58e-77	278
POS_NC_001803_1_F0.001_R1_1069	NC_012920.1	99.333	150	150	7.34e-76	272
POS_NC_001803_1_F0.001_R1_1070	NC_012920.1	100.000	150	150	1.58e-77	278
POS_NC_001803_1_F0.001_R1_1071	NC_012920.1	100.000	150	150	1.58e-77	278
POS_NC_001803_1_F0.001_R1_1072	NC_012920.1	100.000	150	150	1.58e-77	278
POS_NC_001803_1_F0.001_R1_1073	NC_012920.1	100.000	150	150	1.58e-77	278
POS_NC_001803_1_F0.001_R1_1074	NC_012920.1	100.000	150	150	1.58e-77	278
POS_NC_001803_1_F0.001_R1_1075	NC_012920.1	100.000	150	150	1.58e-77	278
POS_NC_001803_1_F0.001_R1_1076	NC_012920.1	100.000	150	150	1.58e-77	278
POS_NC_001803_1_F0.001_R1_1077	NC_012920.1	100.000	150	150	1.58e-77	278
POS_NC_001803_1_F0.001_R1_1078	NC_012920.1	100.000	150	150	1.58e-77	278
POS_NC_001803_1_F0.001_R1_1079	NC_012920.1	100.000	150	150	1.58e-77	278
POS_NC_001803_1_F0.001_R1_1080	NC_012920.1	100.000	150	150	1.58e-77	278
POS_NC_001803_1_F0.001_R1_1081	NC_012920.1	100.000	150	150	1.58e-77	278
POS_NC_001803_1_F0.001_R1_1082	NC_012920.1	98.667	150	150	3.42e-74	267
POS_NC_001803_1_F0.001_R1_1083	NC_012920.1	100.000	150	150	1.58e-77	278
POS_NC_001803_1_F0.001_R1_1084	NC_012920.1	100.000	150	150	1.58e-77	278
POS_NC_001803_1_F0.001_R1_1085	NC_012920.1	100.000	150	150	1.58e-77	278
POS_NC_001803_1_F0.001_R1_1086	NC_012920.1	100.000	150	150	1.58e-77	278
POS_NC_001803_1_F0.001_R1_1087	NC_012920.1	99.333	150	150	7.34e-76	272
POS_NC_001803_1_F0.001_R1_1088	NC_012920.1	99.333	150	150	7.34e-76	272
POS_NC_001803_1_F0.001_R1_1089	NC_012920.1	100.000	150	150	1.58e-77	278
POS_NC_001803_1_F0.001_R1_1090	NC_012920.1	100.000	150	150	1.58e-77	278
POS_NC_001803_1_F0.001_R1_1091	NC_012920.1	100.000	150	150	1.58e-77	278
POS_NC_001803_1_F0.001_R1_1092	NC_012920.1	100.000	150	150	1.58e-77	278
POS_NC_001803_1_F0.001_R1_1093	NC_012920.1	100.000	150	150	1.58e-77	278
POS_NC_001803_1_F0.001_R1_1094	NC_012920.1	100.000	150	150	1.58e-77	278
POS_NC_001803_1_F0.001_R1_1095	NC_012920.1	100.000	150	150	1.58e-77	278
POS_NC_001803_1_F0.001_R1_1096	NC_012920.1	99.320	147	150	3.42e-74	267
POS_NC_001803_1_F0.001_R1_1097	NC_012920.1	99.333	150	150	7.34e-76	272
POS_NC_001803_1_F0.001_R1_1098	NC_012920.1	100.000	150	150	1.58e-77	278
POS_NC_001803_1_F0.001_R1_1099	NC_012920.1	100.000	150	150	1.58e-77	278
POS_NC_001803_1_F0.001_R1_1100	NC_012920.1	100.000	150	150	1.58e-77	278
POS_NC_001803_1_F0.001_R1_1101	NC_012920.1	100.000	150	150	1.58e-77	278
POS_NC_001803_1_F0.001_R1_1102	NC_012920.1	100.000	150	150	1.58e-77	278
POS_NC_001803_1_F0.001_R1_1103	NC_012920.1	100.000	150	150	1.58e-77	278
POS_NC_001803_1_F0.001_R1_1104	NC_012920.1	100.000	150	150	1.58e-77	278
POS_NC_001803_1_F0.001_R1_1105	NC_012920.1	100.000	150	150	1.58e-77	278
POS_NC_001803_1_F0.001_R1_1106	NC_012920.1	100.000	150	150	1.58e-77	278
POS_NC_001803_1_F0.001_R1_1107	NC_012920.1	99.333	150	150	7.34e-76	272
POS_NC_001803_1_F0.001_R1_1108	NC_012920.1	100.000	150	150	1.58e-77	278
POS_NC_001803_1_F0.001_R1_1109	NC_012920.1	100.000	150	150	1.58e-77	278
POS_NC_001803_1_F0.001_R1_1110	NC_012920.1	100.000	150	150	1.58e-77	278
POS_NC_001803_1_F0.001_R1_1111	NC_012920.1	100.000	150	150	1.58e-77	278
POS_NC_001803_1_F0.001_R1_1112	NC_012920.1	99.333	150	150	7.34e-76	272
POS_NC_001803_1_F0.001_R1_1113	NC_012920.1	100.000	150	150	1.58e-77	278
POS_NC_001803_1_F0.001_R1_1114	NC_012920.1	100.000	150	150	1.58e-77	278
POS_NC_001803_1_F0.001_R1_1115	NC_012920.1	100.000	150	150	1.58e-77	278
POS_NC_001803_1_F0.001_R1_1116	NC_012920.1	100.000	150	150	1.58e-77	278
POS_NC_001803_1_F0.001_R1_1117	NC_012920.1	100.000	150	150	1.58e-77	278
POS_NC_001803_1_F0.001_R1_1118	NC_012920.1	100.000	150	150	1.58e-77	278
POS_NC_001803_1_F0.001_R1_1119	NC_012920.1	99.333	150	150	7.34e-76	272
POS_NC_001803_1_F0.001_R1_1120	NC_012920.1	100.000	150	150	1.58e-77	278
POS_NC_001803_1_F0.001_R1_1121	NC_012920.1	99.333	150	150	7.34e-76	272
POS_NC_001803_1_F0.001_R1_1122	NC_012920.1	99.333	150	150	7.34e-76	272
POS_NC_001803_1_F0.001_R1_1123	NC_012920.1	100.000	150	150	1.58e-77	278
POS_NC_001803_1_F0.001_R1_1124	NC_012920.1	100.000	150	150	1.58e-77	278
POS_NC_001803_1_F0.001_R1_1125	NC_012920.1	100.000	150	150	1.58e-77	278
POS_NC_001803_1_F0.001_R1_1126	NC_012920.1	99.333	150	150	7.34e-76	272
POS_NC_001803_1_F0.001_R1_1127	NC_012920.1	100.000	150	150	1.58e-77	278
POS_NC_001803_1_F0.001_R1_1128	NC_012920.1	100.000	150	150	1.58e-77	278
POS_NC_001803_1_F0.001_R1_1129	NC_012920.1	100.000	150	150	1.58e-77	278
POS_NC_001803_1_F0.001_R1_1130	NC_012920.1	98.667	150	150	3.42e-74	267
POS_NC_001803_1_F0.001_R1_1131	NC_012920.1	98.667	150	150	3.42e-74	267
POS_NC_001803_1_F0.001_R1_1132	NC_012920.1	100.000	150	150	1.58e-77	278
POS_NC_001803_1_F0.001_R1_1133	NC_012920.1	99.333	150	150	7.34e-76	272
POS_NC_001803_1_F0.001_R1_1134	NC_012920.1	100.000	150	150	1.58e-77	278
POS_NC_001803_1_F0.001_R1_1135	NC_012920.1	100.000	150	150	1.58e-77	278
POS_NC_001803_1_F0.001_R1_1136	NC_012920.1	100.000	150	150	1.58e-77	278
POS_NC_001803_1_F0.001_R1_1137	NC_012920.1	100.000	150	150	1.58e-77	278
POS_NC_001803_1_F0.001_R1_1138	NC_012920.1	100.000	150	150	1.58e-77	278
POS_NC_001803_1_F0.001_R1_1139	NC_012920.1	99.333	150	150	7.34e-76	272
POS_NC_001803_1_F0.001_R1_1140	NC_012920.1	100.000	150	150	1.58e-77	278
POS_NC_001803_1_F0.001_R1_1141	NC_012920.1	100.000	150	150	1.58e-77	278
POS_NC_001803_1_F0.001_R1_1142	NC_012920.1	99.333	150	150	7.34e-76	272
POS_NC_001803_1_F0.001_R1_1143	NC_012920.1	100.000	150	150	1.58e-77	278
POS_NC_001803_1_F0.001_R1_1144	NC_012920.1	100.000	150	150	1.58e-77	278
POS_NC_001803_1_F0.001_R1_1145	NC_012920.1	100.000	150	150	1.58e-77	278
POS_NC_001803_1_F0.001_R1_1146	NC_012920.1	100.000	150	150	1.58e-77	278
POS_NC_001803_1_F0.001_R1_1147	NC_012920.1	100.000	150	150	1.58e-77	278
POS_NC_001803_1_F0.001_R1_1148	NC_012920.1	100.000	150	150	1.58e-77	278
POS_NC_001803_1_F0.001_R1_1149	NC_012920.1	100.000	150	150	1.58e-77	278
POS_NC_001803_1_F0.001_R1_1150	NC_012920.1	100.000	150	150	1.58e-77	278
POS_NC_001803_1_F0.001_R1_1151	NC_012920.1	100.000	150	150	1.58e-77	278
POS_NC_001803_1_F0.001_R1_1152	NC_012920.1	100.000	150	150	1.58e-77	278
POS_NC_001803_1_F0.001_R1_1153	NC_012920.1	100.000	150	150	1.58e-77	278
POS_NC_001803_1_F0.001_R1_1154	NC_012920.1	100.000	150	150	1.58e-77	278
POS_NC_001803_1_F0.001_R1_1155	NC_012920.1	99.333	150	150	7.34e-76	272
POS_NC_001803_1_F0.001_R1_1156	NC_012920.1	100.000	150	150	1.58e-77	278
POS_NC_001803_1_F0.001_R1_1157	NC_012920.1	99.333	150	150	7.34e-76	272
POS_NC_001803_1_F0.001_R1_1158	NC_012920.1	100.000	150	150	1.58e-77	278
POS_NC_001803_1_F0.001_R1_1159	NC_012920.1	100.000	150	150	1.58e-77	278
POS_NC_001803_1_F0.001_R1_1160	NC_012920.1	99.333	150	150	7.34e-76	272
POS_NC_001803_1_F0.001_R1_1161	NC_012920.1	100.000	150	150	1.58e-77	278
POS_NC_001803_1_F0.001_R1_1162	NC_012920.1	100.000	150	150	1.58e-77	278
POS_NC_001803_1_F0.001_R1_1163	NC_012920.1	100.000	150	150	1.58e-77	278
POS_NC_001803_1_F0.001_R1_1164	NC_012920.1	100.000	150	150	1.58e-77	278
POS_NC_001803_1_F0.001_R1_1165	NC_012920.1	98.667	150	150	3.42e-74	267
POS_NC_001803_1_F0.001_R1_1166	NC_012920.1	100.000	150	150	1.58e-77	278
POS_NC_001803_1_F0.001_R1_1167	NC_012920.1	99.333	150	150	7.34e-76	272
POS_NC_001803_1_F0.001_R1_1168	NC_012920.1	100.000	150	150	1.58e-77	278
POS_NC_001803_1_F0.001_R1_1169	NC_012920.1	100.000	150	150	2.04e-76	274
POS_NC_001803_1_F0.001_R1_1170	NC_012920.1	99.333	150	150	7.34e-76	272
POS_NC_001803_1_F0.001_R1_1171	NC_012920.1	100.000	150	150	1.58e-77	278
POS_NC_001803_1_F0.001_R1_1172	NC_012920.1	100.000	150	150	1.58e-77	278
POS_NC_001803_1_F0.001_R1_1173	NC_012920.1	100.000	150	150	1.58e-77	278
POS_NC_001803_1_F0.001_R1_1174	NC_012920.1	100.000	150	150	1.58e-77	278
POS_NC_001803_1_F0.001_R1_1175	NC_012920.1	100.000	150	150	1.58e-77	278
POS_NC_001803_1_F0.001_R1_1176	NC_012920.1	100.000	150	150	1.58e-77	278
POS_NC_001803_1_F0.001_R1_1177	NC_012920.1	99.333	150	150	7.34e-76	272
POS_NC_001803_1_F0.001_R1_1178	NC_012920.1	100.000	150	150	1.58e-77	278
POS_NC_001803_1_F0.001_R1_1179	NC_012920.1	100.000	150	150	1.58e-77	278
POS_NC_001803_1_F0.001_R1_1180	NC_012920.1	99.333	150	150	7.34e-76	272
POS_NC_001803_1_F0.001_R1_1181	NC_012920.1	99.333	150	150	7.34e-76	272
POS_NC_001803_1_F0.001_R1_1182	NC_012920.1	100.000	150	150	1.58e-77	278
POS_NC_001803_1_F0.001_R1_1183	NC_012920.1	100.000	150	150	1.58e-77	278
POS_NC_001803_1_F0.001_R1_1184	NC_012920.1	98.667	150	150	3.42e-74	267
POS_NC_001803_1_F0.001_R1_1185	NC_012920.1	99.333	150	150	7.34e-76	272
POS_NC_001803_1_F0.001_R1_1186	NC_012920.1	99.333	150	150	7.34e-76	272
POS_NC_001803_1_F0.001_R1_1187	NC_012920.1	99.333	150	150	7.34e-76	272
POS_NC_001803_1_F0.001_R1_1188	NC_012920.1	98.667	150	150	3.42e-74	267
POS_NC_001803_1_F0.001_R1_1189	NC_012920.1	100.000	150	150	1.58e-77	278
POS_NC_001803_1_F0.001_R1_1190	NC_012920.1	100.000	150	150	1.58e-77	278
POS_NC_001803_1_F0.001_R1_1191	NC_012920.1	100.000	150	150	1.58e-77	278
POS_NC_001803_1_F0.001_R1_1192	NC_012920.1	100.000	150	150	1.58e-77	278
POS_NC_001803_1_F0.001_R1_1193	NC_012920.1	100.000	150	150	1.58e-77	278
POS_NC_001803_1_F0.001_R1_1194	NC_012920.1	100.000	150	150	1.58e-77	278
POS_NC_001803_1_F0.001_R1_1195	NC_012920.1	100.000	150	150	1.58e-77	278
POS_NC_001803_1_F0.001_R1_1196	NC_012920.1	100.000	150	150	1.58e-77	278
POS_NC_001803_1_F0.001_R1_1197	NC_012920.1	100.000	150	150	1.58e-77	278
POS_NC_001803_1_F0.001_R1_1198	NC_012920.1	100.000	150	150	1.58e-77	278
POS_NC_001803_1_F0.001_R1_1199	NC_012920.1	100.000	150	150	1.58e-77	278
POS_NC_001803_1_F0.001_R1_1200	NC_012920.1	100.000	150	150	1.58e-77	278
POS_NC_001803_1_F0.001_R1_1201	NC_012920.1	100.000	150	150	1.58e-77	278
POS_NC_001803_1_F0.001_R1_1202	NC_012920.1	99.333	150	150	7.34e-76	272
POS_NC_001803_1_F0.001_R1_1203	NC_012920.1	98.667	150	150	3.42e-74	267
POS_NC_001803_1_F0.001_R1_1204	NC_012920.1	100.000	150	150	1.58e-77	278
POS_NC_001803_1_F0.001_R1_1205	NC_012920.1	99.333	150	150	7.34e-76	272
POS_NC_001803_1_F0.001_R1_1206	NC_012920.1	99.333	150	150	7.34e-76	272
POS_NC_001803_1_F0.001_R1_1207	NC_012920.1	100.000	150	150	1.58e-77	278
POS_NC_001803_1_F0.001_R1_1208	NC_012920.1	99.333	150	150	7.34e-76	272
POS_NC_001803_1_F0.001_R1_1209	NC_012920.1	100.000	150	150	1.58e-77	278
POS_NC_001803_1_F0.001_R1_1210	NC_012920.1	100.000	150	150	1.58e-77	278
POS_NC_001803_1_F0.001_R1_1211	NC_012920.1	99.333	150	150	7.34e-76	272
POS_NC_001803_1_F0.001_R1_1212	NC_012920.1	100.000	150	150	1.58e-77	278
POS_NC_001803_1_F0.001_R1_1213	NC_012920.1	100.000	150	150	1.58e-77	278
POS_NC_001803_1_F0.001_R1_1214	NC_012920.1	100.000	150	150	1.58e-77	278
POS_NC_001803_1_F0.001_R1_1215	NC_012920.1	100.000	150	150	1.58e-77	278
POS_NC_001803_1_F0.001_R1_1216	NC_012920.1	100.000	150	150	1.58e-77	278
POS_NC_001803_1_F0.001_R1_1217	NC_012920.1	99.333	150	150	7.34e-76	272
POS_NC_001803_1_F0.001_R1_1218	NC_012920.1	100.000	150	150	1.58e-77	278
POS_NC_001803_1_F0.001_R1_1219	NC_012920.1	100.000	150	150	1.58e-77	278
POS_NC_001803_1_F0.001_R1_1220	NC_012920.1	100.000	150	150	1.58e-77	278
POS_NC_001803_1_F0.001_R1_1221	NC_012920.1	99.333	150	150	7.34e-76	272
POS_NC_001803_1_F0.001_R1_1222	NC_012920.1	99.333	150	150	7.34e-76	272
POS_NC_001803_1_F0.001_R1_1223	NC_012920.1	100.000	150	150	1.58e-77	278
POS_NC_001803_1_F0.001_R1_1224	NC_012920.1	100.000	150	150	1.58e-77	278
POS_NC_001803_1_F0.001_R1_1225	NC_012920.1	100.000	150	150	1.58e-77	278
POS_NC_001803_1_F0.001_R1_1226	NC_012920.1	100.000	150	150	1.58e-77	278
POS_NC_001803_1_F0.001_R1_1227	NC_012920.1	100.000	150	150	1.58e-77	278
POS_NC_001803_1_F0.001_R1_1228	NC_012920.1	100.000	150	150	1.58e-77	278
POS_NC_001803_1_F0.001_R1_1229	NC_012920.1	100.000	150	150	1.58e-77	278
POS_NC_001803_1_F0.001_R1_1230	NC_012920.1	99.333	150	150	7.34e-76	272
POS_NC_001803_1_F0.001_R1_1231	NC_012920.1	100.000	150	150	1.58e-77	278
POS_NC_001803_1_F0.001_R1_1232	NC_012920.1	100.000	150	150	1.58e-77	278
POS_NC_001803_1_F0.001_R1_1233	NC_012920.1	100.000	150	150	1.58e-77	278
POS_NC_001803_1_F0.001_R1_1234	NC_012920.1	100.000	150	150	1.58e-77	278
POS_NC_001803_1_F0.001_R1_1235	NC_012920.1	100.000	150	150	1.58e-77	278
POS_NC_001803_1_F0.001_R1_1236	NC_012920.1	100.000	150	150	1.58e-77	278
POS_NC_001803_1_F0.001_R1_1237	NC_012920.1	100.000	150	150	1.58e-77	278
POS_NC_001803_1_F0.001_R1_1238	NC_012920.1	100.000	150	150	1.58e-77	278
POS_NC_001803_1_F0.001_R1_1239	NC_012920.1	99.333	150	150	7.34e-76	272
POS_NC_001803_1_F0.001_R1_1240	NC_012920.1	100.000	150	150	1.58e-77	278
POS_NC_001803_1_F0.001_R1_1241	NC_012920.1	100.000	150	150	1.58e-77	278
POS_NC_001803_1_F0.001_R1_1242	NC_012920.1	100.000	150	150	1.58e-77	278
POS_NC_001803_1_F0.001_R1_1243	NC_012920.1	99.333	150	150	7.34e-76	272
POS_NC_001803_1_F0.001_R1_1244	NC_012920.1	100.000	150	150	1.58e-77	278
POS_NC_001803_1_F0.001_R1_1245	NC_012920.1	100.000	150	150	1.58e-77	278
POS_NC_001803_1_F0.001_R1_1246	NC_012920.1	100.000	150	150	1.58e-77	278
POS_NC_001803_1_F0.001_R1_1247	NC_012920.1	100.000	150	150	1.58e-77	278
POS_NC_001803_1_F0.001_R1_1248	NC_012920.1	100.000	150	150	1.58e-77	278
POS_NC_001803_1_F0.001_R1_1249	NC_012920.1	100.000	150	150	1.58e-77	278
POS_NC_001803_1_F0.001_R1_1250	NC_012920.1	100.000	150	150	1.58e-77	278
POS_NC_001803_1_F0.001_R1_1251	NC_012920.1	100.000	150	150	1.58e-77	278
POS_NC_001803_1_F0.001_R1_1252	NC_012920.1	99.333	150	150	7.34e-76	272
POS_NC_001803_1_F0.001_R1_1253	NC_012920.1	99.333	150	150	7.34e-76	272
POS_NC_001803_1_F0.001_R1_1254	NC_012920.1	100.000	150	150	1.58e-77	278
POS_NC_001803_1_F0.001_R1_1255	NC_012920.1	100.000	150	150	1.58e-77	278
POS_NC_001803_1_F0.001_R1_1256	NC_012920.1	100.000	150	150	1.58e-77	278
POS_NC_001803_1_F0.001_R1_1257	NC_012920.1	100.000	150	150	1.58e-77	278
POS_NC_001803_1_F0.001_R1_1258	NC_012920.1	100.000	150	150	1.58e-77	278
POS_NC_001803_1_F0.001_R1_1259	NC_012920.1	98.667	150	150	3.42e-74	267
POS_NC_001803_1_F0.001_R1_1260	NC_012920.1	100.000	150	150	1.58e-77	278
POS_NC_001803_1_F0.001_R1_1261	NC_012920.1	100.000	150	150	1.58e-77	278
POS_NC_001803_1_F0.001_R1_1262	NC_012920.1	100.000	150	150	1.58e-77	278
POS_NC_001803_1_F0.001_R1_1263	NC_012920.1	100.000	150	150	1.58e-77	278
POS_NC_001803_1_F0.001_R1_1264	NC_012920.1	99.333	150	150	7.34e-76	272
POS_NC_001803_1_F0.001_R1_1265	NC_012920.1	100.000	150	150	1.58e-77	278
POS_NC_001803_1_F0.001_R1_1266	NC_012920.1	100.000	150	150	1.58e-77	278
POS_NC_001803_1_F0.001_R1_1267	NC_012920.1	99.333	150	150	7.34e-76	272
POS_NC_001803_1_F0.001_R1_1268	NC_012920.1	100.000	150	150	1.58e-77	278
POS_NC_001803_1_F0.001_R1_1269	NC_012920.1	100.000	150	150	1.58e-77	278
POS_NC_001803_1_F0.001_R1_1270	NC_012920.1	100.000	150	150	1.58e-77	278
POS_NC_001803_1_F0.001_R1_1271	NC_012920.1	100.000	150	150	1.58e-77	278
POS_NC_001803_1_F0.001_R1_1272	NC_012920.1	100.000	150	150	1.58e-77	278
POS_NC_001803_1_F0.001_R1_1273	NC_012920.1	100.000	150	150	1.58e-77	278
POS_NC_001803_1_F0.001_R1_1274	NC_012920.1	98.667	150	150	3.42e-74	267
POS_NC_001803_1_F0.001_R1_1275	NC_012920.1	99.333	150	150	7.34e-76	272
POS_NC_001803_1_F0.001_R1_1276	NC_012920.1	98.667	150	150	3.42e-74	267
POS_NC_001803_1_F0.001_R1_1277	NC_012920.1	100.000	150	150	1.58e-77	278
POS_NC_001803_1_F0.001_R1_1278	NC_012920.1	100.000	150	150	1.58e-77	278
POS_NC_001803_1_F0.001_R1_1279	NC_012920.1	100.000	150	150	1.58e-77	278
POS_NC_001803_1_F0.001_R1_1280	NC_012920.1	100.000	150	150	1.58e-77	278
POS_NC_001803_1_F0.001_R1_1281	NC_012920.1	100.000	150	150	1.58e-77	278
POS_NC_001803_1_F0.001_R1_1282	NC_012920.1	100.000	150	150	1.58e-77	278
POS_NC_001803_1_F0.001_R1_1283	NC_012920.1	100.000	150	150	1.58e-77	278
POS_NC_001803_1_F0.001_R1_1284	NC_012920.1	100.000	150	150	1.58e-77	278
POS_NC_001803_1_F0.001_R1_1285	NC_012920.1	100.000	150	150	1.58e-77	278
POS_NC_001803_1_F0.001_R1_1286	NC_012920.1	100.000	150	150	1.58e-77	278
POS_NC_001803_1_F0.001_R1_1287	NC_012920.1	100.000	150	150	1.58e-77	278
POS_NC_001803_1_F0.001_R1_1288	NC_012920.1	99.333	150	150	7.34e-76	272
POS_NC_001803_1_F0.001_R1_1289	NC_012920.1	100.000	150	150	1.58e-77	278
POS_NC_001803_1_F0.001_R1_1290	NC_012920.1	100.000	150	150	1.58e-77	278
POS_NC_001803_1_F0.001_R1_1291	NC_012920.1	100.000	150	150	1.58e-77	278
POS_NC_001803_1_F0.001_R1_1292	NC_012920.1	100.000	150	150	1.58e-77	278
POS_NC_001803_1_F0.001_R1_1293	NC_012920.1	100.000	150	150	1.58e-77	278
POS_NC_001803_1_F0.001_R1_1294	NC_012920.1	100.000	150	150	1.58e-77	278
POS_NC_001803_1_F0.001_R1_1295	NC_012920.1	100.000	150	150	1.58e-77	278
POS_NC_001803_1_F0.001_R1_1296	NC_012920.1	100.000	150	150	1.58e-77	278
POS_NC_001803_1_F0.001_R1_1297	NC_012920.1	100.000	150	150	1.58e-77	278
POS_NC_001803_1_F0.001_R1_1298	NC_012920.1	100.000	150	150	1.58e-77	278
POS_NC_001803_1_F0.001_R1_1299	NC_012920.1	100.000	150	150	1.58e-77	278
POS_NC_001803_1_F0.001_R1_1300	NC_012920.1	100.000	150	150	1.58e-77	278
POS_NC_001803_1_F0.001_R1_1301	NC_012920.1	100.000	150	150	1.58e-77	278
POS_NC_001803_1_F0.001_R1_1302	NC_012920.1	100.000	150	150	1.58e-77	278
POS_NC_001803_1_F0.001_R1_1303	NC_012920.1	99.333	150	150	7.34e-76	272
POS_NC_001803_1_F0.001_R1_1304	NC_012920.1	100.000	150	150	1.58e-77	278
POS_NC_001803_1_F0.001_R1_1305	NC_012920.1	100.000	150	150	1.58e-77	278
POS_NC_001803_1_F0.001_R1_1306	NC_012920.1	99.333	150	150	7.34e-76	272
POS_NC_001803_1_F0.001_R1_1307	NC_012920.1	99.333	150	150	7.34e-76	272
POS_NC_001803_1_F0.001_R1_1308	NC_012920.1	99.333	150	150	7.34e-76	272
POS_NC_001803_1_F0.001_R1_1309	NC_012920.1	99.333	150	150	7.34e-76	272
POS_NC_001803_1_F0.001_R1_1310	NC_012920.1	100.000	150	150	1.58e-77	278
POS_NC_001803_1_F0.001_R1_1311	NC_012920.1	100.000	150	150	1.58e-77	278
POS_NC_001803_1_F0.001_R1_1312	NC_012920.1	100.000	150	150	1.58e-77	278
POS_NC_001803_1_F0.001_R1_1313	NC_012920.1	100.000	150	150	1.58e-77	278
POS_NC_001803_1_F0.001_R1_1314	NC_012920.1	99.333	150	150	7.34e-76	272
POS_NC_001803_1_F0.001_R1_1315	NC_012920.1	98.667	150	150	3.42e-74	267
POS_NC_001803_1_F0.001_R1_1316	NC_012920.1	100.000	150	150	1.58e-77	278
POS_NC_001803_1_F0.001_R1_1317	NC_012920.1	100.000	150	150	1.58e-77	278
POS_NC_001803_1_F0.001_R1_1318	NC_012920.1	100.000	150	150	1.58e-77	278
POS_NC_001803_1_F0.001_R1_1319	NC_012920.1	100.000	150	150	1.58e-77	278
POS_NC_001803_1_F0.001_R1_1320	NC_012920.1	99.333	150	150	7.34e-76	272
POS_NC_001803_1_F0.001_R1_1321	NC_012920.1	99.333	150	150	7.34e-76	272
POS_NC_001803_1_F0.001_R1_1322	NC_012920.1	100.000	150	150	1.58e-77	278
POS_NC_001803_1_F0.001_R1_1323	NC_012920.1	98.667	150	150	3.42e-74	267
POS_NC_001803_1_F0.001_R1_1324	NC_012920.1	100.000	150	150	1.58e-77	278
POS_NC_001803_1_F0.001_R1_1325	NC_012920.1	100.000	150	150	1.58e-77	278
POS_NC_001803_1_F0.001_R1_1326	NC_012920.1	100.000	150	150	1.58e-77	278
POS_NC_001803_1_F0.001_R1_1327	NC_012920.1	100.000	150	150	1.58e-77	278
POS_NC_001803_1_F0.001_R1_1328	NC_012920.1	99.333	150	150	7.34e-76	272
POS_NC_001803_1_F0.001_R1_1329	NC_012920.1	99.333	150	150	7.34e-76	272
POS_NC_001803_1_F0.001_R1_1330	NC_012920.1	100.000	150	150	1.58e-77	278
POS_NC_001803_1_F0.001_R1_1331	NC_012920.1	99.333	150	150	7.34e-76	272
POS_NC_001803_1_F0.001_R1_1332	NC_012920.1	100.000	150	150	1.58e-77	278
POS_NC_001803_1_F0.001_R1_1333	NC_012920.1	100.000	150	150	1.58e-77	278
POS_NC_001803_1_F0.001_R1_1334	NC_012920.1	99.333	150	150	7.34e-76	272
POS_NC_001803_1_F0.001_R1_1335	NC_012920.1	100.000	150	150	1.58e-77	278
POS_NC_001803_1_F0.001_R1_1336	NC_012920.1	99.333	150	150	7.34e-76	272
POS_NC_001803_1_F0.001_R1_1337	NC_012920.1	99.333	150	150	7.34e-76	272
POS_NC_001803_1_F0.001_R1_1338	NC_012920.1	100.000	150	150	1.58e-77	278
POS_NC_001803_1_F0.001_R1_1339	NC_012920.1	100.000	150	150	1.58e-77	278
POS_NC_001803_1_F0.001_R1_1340	NC_012920.1	100.000	150	150	1.58e-77	278
POS_NC_001803_1_F0.001_R1_1341	NC_012920.1	100.000	150	150	1.58e-77	278
POS_NC_001803_1_F0.001_R1_1342	NC_012920.1	100.000	150	150	1.58e-77	278
POS_NC_001803_1_F0.001_R1_1343	NC_012920.1	100.000	150	150	1.58e-77	278
POS_NC_001803_1_F0.001_R1_1344	NC_012920.1	99.333	150	150	7.34e-76	272
POS_NC_001803_1_F0.001_R1_1345	NC_012920.1	100.000	150	150	1.58e-77	278
POS_NC_001803_1_F0.001_R1_1346	NC_012920.1	100.000	150	150	1.58e-77	278
POS_NC_001803_1_F0.001_R1_1347	NC_012920.1	100.000	150	150	1.58e-77	278
POS_NC_001803_1_F0.001_R1_1348	NC_012920.1	98.667	150	150	3.42e-74	267
POS_NC_001803_1_F0.001_R1_1349	NC_012920.1	99.333	150	150	7.34e-76	272
POS_NC_001803_1_F0.001_R1_1350	NC_012920.1	100.000	150	150	1.58e-77	278
POS_NC_001803_1_F0.001_R1_1351	NC_012920.1	100.000	150	150	1.58e-77	278
POS_NC_001803_1_F0.001_R1_1352	NC_012920.1	99.333	150	150	7.34e-76	272
POS_NC_001803_1_F0.001_R1_1353	NC_012920.1	99.333	150	150	7.34e-76	272
POS_NC_001803_1_F0.001_R1_1354	NC_012920.1	100.000	150	150	1.58e-77	278
POS_NC_001803_1_F0.001_R1_1355	NC_012920.1	99.333	150	150	7.34e-76	272
POS_NC_001803_1_F0.001_R1_1356	NC_012920.1	100.000	150	150	1.58e-77	278
POS_NC_001803_1_F0.001_R1_1357	NC_012920.1	100.000	150	150	1.58e-77	278
POS_NC_001803_1_F0.001_R1_1358	NC_012920.1	99.333	150	150	7.34e-76	272
POS_NC_001803_1_F0.001_R1_1359	NC_012920.1	100.000	150	150	1.58e-77	278
POS_NC_001803_1_F0.001_R1_1360	NC_012920.1	100.000	150	150	1.58e-77	278
POS_NC_001803_1_F0.001_R1_1361	NC_012920.1	100.000	150	150	1.58e-77	278
POS_NC_001803_1_F0.001_R1_1362	NC_012920.1	100.000	150	150	1.58e-77	278
POS_NC_001803_1_F0.001_R1_1363	NC_012920.1	100.000	150	150	1.58e-77	278
POS_NC_001803_1_F0.001_R1_1364	NC_012920.1	100.000	150	150	1.58e-77	278
POS_NC_001803_1_F0.001_R1_1365	NC_012920.1	100.000	150	150	1.58e-77	278
POS_NC_001803_1_F0.001_R1_1366	NC_012920.1	100.000	150	150	1.58e-77	278
POS_NC_001803_1_F0.001_R1_1367	NC_012920.1	99.333	150	150	7.34e-76	272
POS_NC_001803_1_F0.001_R1_1368	NC_012920.1	100.000	150	150	1.58e-77	278
POS_NC_001803_1_F0.001_R1_1369	NC_012920.1	100.000	150	150	1.58e-77	278
POS_NC_001803_1_F0.001_R1_1370	NC_012920.1	99.333	150	150	7.34e-76	272
POS_NC_001803_1_F0.001_R1_1371	NC_012920.1	99.333	150	150	7.34e-76	272
POS_NC_001803_1_F0.001_R1_1372	NC_012920.1	100.000	150	150	1.58e-77	278
POS_NC_001803_1_F0.001_R1_1373	NC_012920.1	99.333	150	150	7.34e-76	272
POS_NC_001803_1_F0.001_R1_1374	NC_012920.1	100.000	150	150	1.58e-77	278
POS_NC_001803_1_F0.001_R1_1375	NC_012920.1	100.000	150	150	1.58e-77	278
POS_NC_001803_1_F0.001_R1_1376	NC_012920.1	100.000	150	150	1.58e-77	278
POS_NC_001803_1_F0.001_R1_1377	NC_012920.1	100.000	150	150	1.58e-77	278
POS_NC_001803_1_F0.001_R1_1378	NC_012920.1	100.000	150	150	1.58e-77	278
POS_NC_001803_1_F0.001_R1_1379	NC_012920.1	100.000	150	150	1.58e-77	278
POS_NC_001803_1_F0.001_R1_1380	NC_012920.1	100.000	150	150	1.58e-77	278
POS_NC_001803_1_F0.001_R1_1381	NC_012920.1	100.000	150	150	1.58e-77	278
POS_NC_001803_1_F0.001_R1_1382	NC_012920.1	100.000	150	150	1.58e-77	278
POS_NC_001803_1_F0.001_R1_1383	NC_012920.1	100.000	150	150	1.58e-77	278
POS_NC_001803_1_F0.001_R1_1384	NC_012920.1	100.000	150	150	1.58e-77	278
POS_NC_001803_1_F0.001_R1_1385	NC_012920.1	100.000	150	150	1.58e-77	278
POS_NC_001803_1_F0.001_R1_1386	NC_012920.1	100.000	150	150	1.58e-77	278
POS_NC_001803_1_F0.001_R1_1387	NC_012920.1	100.000	150	150	1.58e-77	278
POS_NC_001803_1_F0.001_R1_1388	NC_012920.1	100.000	150	150	1.58e-77	278
POS_NC_001803_1_F0.001_R1_1389	NC_012920.1	100.000	150	150	1.58e-77	278
POS_NC_001803_1_F0.001_R1_1390	NC_012920.1	100.000	150	150	1.58e-77	278
POS_NC_001803_1_F0.001_R1_1391	NC_012920.1	100.000	150	150	1.58e-77	278
POS_NC_001803_1_F0.001_R1_1392	NC_012920.1	100.000	150	150	1.58e-77	278
POS_NC_001803_1_F0.001_R1_1393	NC_012920.1	99.333	150	150	7.34e-76	272
POS_NC_001803_1_F0.001_R1_1394	NC_012920.1	99.333	150	150	7.34e-76	272
POS_NC_001803_1_F0.001_R1_1395	NC_012920.1	100.000	150	150	1.58e-77	278
POS_NC_001803_1_F0.001_R1_1396	NC_012920.1	99.333	150	150	7.34e-76	272
POS_NC_001803_1_F0.001_R1_1397	NC_012920.1	100.000	150	150	1.58e-77	278
POS_NC_001803_1_F0.001_R1_1398	NC_012920.1	100.000	150	150	1.58e-77	278
POS_NC_001803_1_F0.001_R1_1399	NC_012920.1	99.333	150	150	7.34e-76	272
POS_NC_001803_1_F0.001_R1_1400	NC_012920.1	99.333	150	150	7.34e-76	272
POS_NC_001803_1_F0.001_R1_1401	NC_012920.1	100.000	150	150	1.58e-77	278
POS_NC_001803_1_F0.001_R1_1402	NC_012920.1	100.000	150	150	1.58e-77	278
POS_NC_001803_1_F0.001_R1_1403	NC_012920.1	99.333	150	150	7.34e-76	272
POS_NC_001803_1_F0.001_R1_1404	NC_012920.1	99.333	150	150	7.34e-76	272
POS_NC_001803_1_F0.001_R1_1405	NC_012920.1	100.000	150	150	1.58e-77	278
POS_NC_001803_1_F0.001_R1_1406	NC_012920.1	100.000	150	150	1.58e-77	278
POS_NC_001803_1_F0.001_R1_1407	NC_012920.1	100.000	150	150	1.58e-77	278
POS_NC_001803_1_F0.001_R1_1408	NC_012920.1	98.667	150	150	3.42e-74	267
POS_NC_001803_1_F0.001_R1_1409	NC_012920.1	100.000	150	150	1.58e-77	278
POS_NC_001803_1_F0.001_R1_1410	NC_012920.1	100.000	150	150	1.58e-77	278
POS_NC_001803_1_F0.001_R1_1411	NC_012920.1	100.000	150	150	1.58e-77	278
POS_NC_001803_1_F0.001_R1_1412	NC_012920.1	100.000	150	150	1.58e-77	278
POS_NC_001803_1_F0.001_R1_1413	NC_012920.1	100.000	150	150	1.58e-77	278
POS_NC_001803_1_F0.001_R1_1414	NC_012920.1	100.000	150	150	1.58e-77	278
POS_NC_001803_1_F0.001_R1_1415	NC_012920.1	100.000	150	150	1.58e-77	278
POS_NC_001803_1_F0.001_R1_1416	NC_012920.1	99.333	150	150	7.34e-76	272
POS_NC_001803_1_F0.001_R1_1417	NC_012920.1	100.000	150	150	1.58e-77	278
POS_NC_001803_1_F0.001_R1_1418	NC_012920.1	99.324	148	150	1.23e-73	265
POS_NC_001803_1_F0.001_R1_1419	NC_012920.1	100.000	150	150	1.58e-77	278
POS_NC_001803_1_F0.001_R1_1420	NC_012920.1	100.000	150	150	1.58e-77	278
POS_NC_001803_1_F0.001_R1_1421	NC_012920.1	100.000	150	150	1.58e-77	278
POS_NC_001803_1_F0.001_R1_1422	NC_012920.1	100.000	150	150	1.58e-77	278
POS_NC_001803_1_F0.001_R1_1423	NC_012920.1	100.000	150	150	1.58e-77	278
POS_NC_001803_1_F0.001_R1_1424	NC_012920.1	100.000	150	150	1.58e-77	278
POS_NC_001803_1_F0.001_R1_1425	NC_012920.1	100.000	150	150	1.58e-77	278
POS_NC_001803_1_F0.001_R1_1426	NC_012920.1	100.000	149	150	5.68e-77	276
POS_NC_001803_1_F0.001_R1_1427	NC_012920.1	100.000	150	150	1.58e-77	278
POS_NC_001803_1_F0.001_R1_1428	NC_012920.1	100.000	150	150	1.58e-77	278
POS_NC_001803_1_F0.001_R1_1429	NC_012920.1	100.000	150	150	1.58e-77	278
POS_NC_001803_1_F0.001_R1_1430	NC_012920.1	100.000	150	150	1.58e-77	278
POS_NC_001803_1_F0.001_R1_1431	NC_012920.1	100.000	150	150	1.58e-77	278
POS_NC_001803_1_F0.001_R1_1432	NC_012920.1	100.000	150	150	1.58e-77	278
POS_NC_001803_1_F0.001_R1_1433	NC_012920.1	100.000	150	150	1.58e-77	278
POS_NC_001803_1_F0.001_R1_1434	NC_012920.1	99.333	150	150	7.34e-76	272
POS_NC_001803_1_F0.001_R1_1435	NC_012920.1	99.333	150	150	7.34e-76	272
POS_NC_001803_1_F0.001_R1_1436	NC_012920.1	100.000	150	150	1.58e-77	278
POS_NC_001803_1_F0.001_R1_1437	NC_012920.1	100.000	150	150	1.58e-77	278
POS_NC_001803_1_F0.001_R1_1438	NC_012920.1	100.000	150	150	1.58e-77	278
POS_NC_001803_1_F0.001_R1_1439	NC_012920.1	100.000	150	150	1.58e-77	278
POS_NC_001803_1_F0.001_R1_1440	NC_012920.1	98.667	150	150	3.42e-74	267
POS_NC_001803_1_F0.001_R1_1441	NC_012920.1	100.000	150	150	1.58e-77	278
POS_NC_001803_1_F0.001_R1_1442	NC_012920.1	100.000	150	150	1.58e-77	278
POS_NC_001803_1_F0.001_R1_1443	NC_012920.1	100.000	150	150	1.58e-77	278
POS_NC_001803_1_F0.001_R1_1444	NC_012920.1	98.667	150	150	3.42e-74	267
POS_NC_001803_1_F0.001_R1_1445	NC_012920.1	100.000	150	150	1.58e-77	278
POS_NC_001803_1_F0.001_R1_1446	NC_012920.1	100.000	150	150	1.58e-77	278
POS_NC_001803_1_F0.001_R1_1447	NC_012920.1	99.333	150	150	7.34e-76	272
POS_NC_001803_1_F0.001_R1_1448	NC_012920.1	100.000	150	150	1.58e-77	278
POS_NC_001803_1_F0.001_R1_1449	NC_012920.1	99.333	150	150	7.34e-76	272
POS_NC_001803_1_F0.001_R1_1450	NC_012920.1	100.000	150	150	1.58e-77	278
POS_NC_001803_1_F0.001_R1_1451	NC_012920.1	100.000	150	150	1.58e-77	278
POS_NC_001803_1_F0.001_R1_1452	NC_012920.1	100.000	150	150	1.58e-77	278
POS_NC_001803_1_F0.001_R1_1453	NC_012920.1	100.000	150	150	1.58e-77	278
POS_NC_001803_1_F0.001_R1_1454	NC_012920.1	99.333	150	150	7.34e-76	272
POS_NC_001803_1_F0.001_R1_1455	NC_012920.1	100.000	150	150	1.58e-77	278
POS_NC_001803_1_F0.001_R1_1456	NC_012920.1	100.000	150	150	1.58e-77	278
POS_NC_001803_1_F0.001_R1_1457	NC_012920.1	99.333	150	150	7.34e-76	272
POS_NC_001803_1_F0.001_R1_1458	NC_012920.1	100.000	150	150	1.58e-77	278
POS_NC_001803_1_F0.001_R1_1459	NC_012920.1	100.000	150	150	1.58e-77	278
POS_NC_001803_1_F0.001_R1_1460	NC_012920.1	99.333	150	150	7.34e-76	272
POS_NC_001803_1_F0.001_R1_1461	NC_012920.1	100.000	150	150	1.58e-77	278
POS_NC_001803_1_F0.001_R1_1462	NC_012920.1	100.000	150	150	1.58e-77	278
POS_NC_001803_1_F0.001_R1_1463	NC_012920.1	100.000	150	150	1.58e-77	278
POS_NC_001803_1_F0.001_R1_1464	NC_012920.1	100.000	150	150	1.58e-77	278
POS_NC_001803_1_F0.001_R1_1465	NC_012920.1	100.000	150	150	1.58e-77	278
POS_NC_001803_1_F0.001_R1_1466	NC_012920.1	100.000	150	150	1.58e-77	278
POS_NC_001803_1_F0.001_R1_1467	NC_012920.1	99.333	150	150	7.34e-76	272
POS_NC_001803_1_F0.001_R1_1468	NC_012920.1	99.333	150	150	7.34e-76	272
POS_NC_001803_1_F0.001_R1_1469	NC_012920.1	100.000	150	150	1.58e-77	278
POS_NC_001803_1_F0.001_R1_1470	NC_012920.1	100.000	150	150	1.58e-77	278
POS_NC_001803_1_F0.001_R1_1471	NC_012920.1	100.000	150	150	1.58e-77	278
POS_NC_001803_1_F0.001_R1_1472	NC_012920.1	100.000	150	150	1.58e-77	278
POS_NC_001803_1_F0.001_R1_1473	NC_012920.1	100.000	150	150	1.58e-77	278
POS_NC_001803_1_F0.001_R1_1474	NC_012920.1	100.000	150	150	1.58e-77	278
POS_NC_001803_1_F0.001_R1_1475	NC_012920.1	100.000	150	150	1.58e-77	278
POS_NC_001803_1_F0.001_R1_1476	NC_012920.1	100.000	150	150	1.58e-77	278
POS_NC_001803_1_F0.001_R1_1477	NC_012920.1	100.000	150	150	1.58e-77	278
POS_NC_001803_1_F0.001_R1_1478	NC_012920.1	100.000	150	150	1.58e-77	278
POS_NC_001803_1_F0.001_R1_1479	NC_012920.1	100.000	150	150	1.58e-77	278
POS_NC_001803_1_F0.001_R1_1480	NC_012920.1	100.000	150	150	1.58e-77	278
POS_NC_001803_1_F0.001_R1_1481	NC_012920.1	99.333	150	150	7.34e-76	272
POS_NC_001803_1_F0.001_R1_1482	NC_012920.1	100.000	150	150	1.58e-77	278
POS_NC_001803_1_F0.001_R1_1483	NC_012920.1	100.000	150	150	1.58e-77	278
POS_NC_001803_1_F0.001_R1_1484	NC_012920.1	100.000	150	150	1.58e-77	278
POS_NC_001803_1_F0.001_R1_1485	NC_012920.1	100.000	150	150	1.58e-77	278
POS_NC_001803_1_F0.001_R1_1486	NC_012920.1	100.000	150	150	1.58e-77	278
POS_NC_001803_1_F0.001_R1_1487	NC_012920.1	99.333	150	150	7.34e-76	272
POS_NC_001803_1_F0.001_R1_1488	NC_012920.1	100.000	150	150	1.58e-77	278
POS_NC_001803_1_F0.001_R1_1489	NC_012920.1	100.000	150	150	1.58e-77	278
POS_NC_001803_1_F0.001_R1_1490	NC_012920.1	99.333	150	150	7.34e-76	272
POS_NC_001803_1_F0.001_R1_1491	NC_012920.1	99.333	150	150	7.34e-76	272
POS_NC_001803_1_F0.001_R1_1492	NC_012920.1	100.000	150	150	1.58e-77	278
POS_NC_001803_1_F0.001_R1_1493	NC_012920.1	100.000	150	150	1.58e-77	278
POS_NC_001803_1_F0.001_R1_1494	NC_012920.1	100.000	150	150	1.58e-77	278
POS_NC_001803_1_F0.001_R1_1495	NC_012920.1	100.000	150	150	1.58e-77	278
POS_NC_001803_1_F0.001_R1_1496	NC_012920.1	100.000	150	150	1.58e-77	278
POS_NC_001803_1_F0.001_R1_1497	NC_012920.1	100.000	150	150	1.58e-77	278
POS_NC_001803_1_F0.001_R1_1498	NC_012920.1	99.333	150	150	7.34e-76	272
POS_NC_001803_1_F0.001_R1_1499	NC_012920.1	100.000	150	150	1.58e-77	278
POS_NC_001803_1_F0.001_R1_1500	NC_012920.1	100.000	150	150	1.58e-77	278
POS_NC_001803_1_F0.001_R1_1501	NC_012920.1	99.333	150	150	7.34e-76	272
POS_NC_001803_1_F0.001_R1_1502	NC_012920.1	100.000	150	150	1.58e-77	278
POS_NC_001803_1_F0.001_R1_1503	NC_012920.1	100.000	150	150	1.58e-77	278
POS_NC_001803_1_F0.001_R1_1504	NC_012920.1	99.333	150	150	7.34e-76	272
POS_NC_001803_1_F0.001_R1_1505	NC_012920.1	100.000	150	150	1.58e-77	278
POS_NC_001803_1_F0.001_R1_1506	NC_012920.1	100.000	150	150	1.58e-77	278
POS_NC_001803_1_F0.001_R1_1507	NC_012920.1	100.000	150	150	1.58e-77	278
POS_NC_001803_1_F0.001_R1_1508	NC_012920.1	99.333	150	150	7.34e-76	272
POS_NC_001803_1_F0.001_R1_1509	NC_012920.1	100.000	150	150	1.58e-77	278
POS_NC_001803_1_F0.001_R1_1510	NC_012920.1	99.333	150	150	7.34e-76	272
POS_NC_001803_1_F0.001_R1_1511	NC_012920.1	99.333	150	150	7.34e-76	272
POS_NC_001803_1_F0.001_R1_1512	NC_012920.1	100.000	150	150	1.58e-77	278
POS_NC_001803_1_F0.001_R1_1513	NC_012920.1	99.333	150	150	7.34e-76	272
POS_NC_001803_1_F0.001_R1_1514	NC_012920.1	100.000	150	150	1.58e-77	278
POS_NC_001803_1_F0.001_R1_1515	NC_012920.1	99.333	150	150	7.34e-76	272
POS_NC_001803_1_F0.001_R1_1516	NC_012920.1	99.333	150	150	7.34e-76	272
POS_NC_001803_1_F0.001_R1_1517	NC_012920.1	100.000	150	150	2.04e-76	274
POS_NC_001803_1_F0.001_R1_1518	NC_012920.1	100.000	150	150	1.58e-77	278
POS_NC_001803_1_F0.001_R1_1519	NC_012920.1	100.000	150	150	1.58e-77	278
POS_NC_001803_1_F0.001_R1_1520	NC_012920.1	100.000	150	150	1.58e-77	278
POS_NC_001803_1_F0.001_R1_1521	NC_012920.1	100.000	150	150	1.58e-77	278
POS_NC_001803_1_F0.001_R1_1522	NC_012920.1	98.667	150	150	3.42e-74	267
POS_NC_001803_1_F0.001_R1_1523	NC_012920.1	100.000	150	150	2.04e-76	274
POS_NC_001803_1_F0.001_R1_1524	NC_012920.1	100.000	150	150	1.58e-77	278
POS_NC_001803_1_F0.001_R1_1525	NC_012920.1	100.000	150	150	1.58e-77	278
POS_NC_001803_1_F0.001_R1_1526	NC_012920.1	100.000	150	150	1.58e-77	278
POS_NC_001803_1_F0.001_R1_1527	NC_012920.1	99.333	150	150	7.34e-76	272
POS_NC_001803_1_F0.001_R1_1528	NC_012920.1	100.000	150	150	1.58e-77	278
POS_NC_001803_1_F0.001_R1_1529	NC_012920.1	99.333	150	150	7.34e-76	272
POS_NC_001803_1_F0.001_R1_1530	NC_012920.1	100.000	150	150	1.58e-77	278
POS_NC_001803_1_F0.001_R1_1531	NC_012920.1	98.667	150	150	3.42e-74	267
POS_NC_001803_1_F0.001_R1_1532	NC_012920.1	100.000	150	150	1.58e-77	278
POS_NC_001803_1_F0.001_R1_1533	NC_012920.1	100.000	150	150	1.58e-77	278
POS_NC_001803_1_F0.001_R1_1534	NC_012920.1	100.000	150	150	2.04e-76	274
POS_NC_001803_1_F0.001_R1_1535	NC_012920.1	100.000	150	150	1.58e-77	278
POS_NC_001803_1_F0.001_R1_1536	NC_012920.1	99.333	150	150	7.34e-76	272
POS_NC_001803_1_F0.001_R1_1537	NC_012920.1	99.333	150	150	7.34e-76	272
POS_NC_001803_1_F0.001_R1_1538	NC_012920.1	100.000	150	150	1.58e-77	278
POS_NC_001803_1_F0.001_R1_1539	NC_012920.1	99.333	150	150	7.34e-76	272
POS_NC_001803_1_F0.001_R1_1540	NC_012920.1	100.000	150	150	1.58e-77	278
POS_NC_001803_1_F0.001_R1_1541	NC_012920.1	100.000	150	150	1.58e-77	278
POS_NC_001803_1_F0.001_R1_1542	NC_012920.1	100.000	150	150	1.58e-77	278
POS_NC_001803_1_F0.001_R1_1543	NC_012920.1	100.000	150	150	1.58e-77	278
POS_NC_001803_1_F0.001_R1_1544	NC_012920.1	100.000	150	150	1.58e-77	278
POS_NC_001803_1_F0.001_R1_1545	NC_012920.1	100.000	150	150	1.58e-77	278
POS_NC_001803_1_F0.001_R1_1546	NC_012920.1	100.000	150	150	1.58e-77	278
POS_NC_001803_1_F0.001_R1_1547	NC_012920.1	100.000	150	150	1.58e-77	278
POS_NC_001803_1_F0.001_R1_1548	NC_012920.1	99.333	150	150	7.34e-76	272
POS_NC_001803_1_F0.001_R1_1549	NC_012920.1	99.333	150	150	7.34e-76	272
POS_NC_001803_1_F0.001_R1_1550	NC_012920.1	99.333	150	150	7.34e-76	272
POS_NC_001803_1_F0.001_R1_1551	NC_012920.1	99.333	150	150	7.34e-76	272
POS_NC_001803_1_F0.001_R1_1552	NC_012920.1	100.000	150	150	1.58e-77	278
POS_NC_001803_1_F0.001_R1_1553	NC_012920.1	100.000	150	150	1.58e-77	278
POS_NC_001803_1_F0.001_R1_1554	NC_012920.1	100.000	150	150	1.58e-77	278
POS_NC_001803_1_F0.001_R1_1555	NC_012920.1	99.333	150	150	7.34e-76	272
POS_NC_001803_1_F0.001_R1_1556	NC_012920.1	99.333	150	150	7.34e-76	272
POS_NC_001803_1_F0.001_R1_1557	NC_012920.1	100.000	150	150	1.58e-77	278
POS_NC_001803_1_F0.001_R1_1558	NC_012920.1	99.333	150	150	7.34e-76	272
POS_NC_001803_1_F0.001_R1_1559	NC_012920.1	100.000	150	150	1.58e-77	278
POS_NC_001803_1_F0.001_R1_1560	NC_012920.1	100.000	150	150	1.58e-77	278
POS_NC_001803_1_F0.001_R1_1561	NC_012920.1	100.000	150	150	1.58e-77	278
POS_NC_001803_1_F0.001_R1_1562	NC_012920.1	98.667	150	150	3.42e-74	267
POS_NC_001803_1_F0.001_R1_1563	NC_012920.1	99.333	150	150	7.34e-76	272
POS_NC_001803_1_F0.001_R1_1564	NC_012920.1	100.000	150	150	1.58e-77	278
POS_NC_001803_1_F0.001_R1_1565	NC_012920.1	100.000	150	150	1.58e-77	278
POS_NC_001803_1_F0.001_R1_1566	NC_012920.1	100.000	150	150	1.58e-77	278
POS_NC_001803_1_F0.001_R1_1567	NC_012920.1	100.000	150	150	1.58e-77	278
POS_NC_001803_1_F0.001_R1_1568	NC_012920.1	100.000	150	150	1.58e-77	278
POS_NC_001803_1_F0.001_R1_1569	NC_012920.1	99.333	150	150	7.34e-76	272
POS_NC_001803_1_F0.001_R1_1570	NC_012920.1	100.000	150	150	1.58e-77	278
POS_NC_001803_1_F0.001_R1_1571	NC_012920.1	100.000	150	150	1.58e-77	278
POS_NC_001803_1_F0.001_R1_1572	NC_012920.1	99.333	150	150	7.34e-76	272
POS_NC_001803_1_F0.001_R1_1573	NC_012920.1	100.000	150	150	1.58e-77	278
POS_NC_001803_1_F0.001_R1_1574	NC_012920.1	100.000	150	150	1.58e-77	278
POS_NC_001803_1_F0.001_R1_1575	NC_012920.1	99.333	150	150	7.34e-76	272
POS_NC_001803_1_F0.001_R1_1576	NC_012920.1	99.333	150	150	7.34e-76	272
POS_NC_001803_1_F0.001_R1_1577	NC_012920.1	100.000	150	150	1.58e-77	278
POS_NC_001803_1_F0.001_R1_1578	NC_012920.1	99.333	150	150	7.34e-76	272
POS_NC_001803_1_F0.001_R1_1579	NC_012920.1	100.000	150	150	1.58e-77	278
POS_NC_001803_1_F0.001_R1_1580	NC_012920.1	100.000	150	150	1.58e-77	278
POS_NC_001803_1_F0.001_R1_1581	NC_012920.1	99.333	150	150	7.34e-76	272
POS_NC_001803_1_F0.001_R1_1582	NC_012920.1	99.333	150	150	7.34e-76	272
POS_NC_001803_1_F0.001_R1_1583	NC_012920.1	99.333	150	150	7.34e-76	272
POS_NC_001803_1_F0.001_R1_1584	NC_012920.1	99.333	150	150	7.34e-76	272
POS_NC_001803_1_F0.001_R1_1585	NC_012920.1	100.000	150	150	1.58e-77	278
POS_NC_001803_1_F0.001_R1_1586	NC_012920.1	100.000	150	150	1.58e-77	278
POS_NC_001803_1_F0.001_R1_1587	NC_012920.1	100.000	150	150	1.58e-77	278
POS_NC_001803_1_F0.001_R1_1588	NC_012920.1	100.000	150	150	1.58e-77	278
POS_NC_001803_1_F0.001_R1_1589	NC_012920.1	98.667	150	150	3.42e-74	267
POS_NC_001803_1_F0.001_R1_1590	NC_012920.1	100.000	150	150	1.58e-77	278
POS_NC_001803_1_F0.001_R1_1591	NC_012920.1	100.000	150	150	1.58e-77	278
POS_NC_001803_1_F0.001_R1_1592	NC_012920.1	100.000	150	150	1.58e-77	278
POS_NC_001803_1_F0.001_R1_1593	NC_012920.1	99.333	150	150	7.34e-76	272
POS_NC_001803_1_F0.001_R1_1594	NC_012920.1	99.333	150	150	7.34e-76	272
POS_NC_001803_1_F0.001_R1_1595	NC_012920.1	100.000	150	150	1.58e-77	278
POS_NC_001803_1_F0.001_R1_1596	NC_012920.1	100.000	150	150	1.58e-77	278
POS_NC_001803_1_F0.001_R1_1597	NC_012920.1	100.000	150	150	2.04e-76	274
POS_NC_001803_1_F0.001_R1_1598	NC_012920.1	100.000	150	150	1.58e-77	278
POS_NC_001803_1_F0.001_R1_1599	NC_012920.1	100.000	150	150	1.58e-77	278
POS_NC_001803_1_F0.001_R1_1600	NC_012920.1	99.333	150	150	7.34e-76	272
POS_NC_001803_1_F0.001_R1_1601	NC_012920.1	100.000	150	150	1.58e-77	278
POS_NC_001803_1_F0.001_R1_1602	NC_012920.1	100.000	150	150	1.58e-77	278
POS_NC_001803_1_F0.001_R1_1603	NC_012920.1	100.000	150	150	1.58e-77	278
POS_NC_001803_1_F0.001_R1_1604	NC_012920.1	100.000	150	150	1.58e-77	278
POS_NC_001803_1_F0.001_R1_1605	NC_012920.1	100.000	150	150	1.58e-77	278
POS_NC_001803_1_F0.001_R1_1606	NC_012920.1	100.000	150	150	1.58e-77	278
POS_NC_001803_1_F0.001_R1_1607	NC_012920.1	100.000	150	150	1.58e-77	278
POS_NC_001803_1_F0.001_R1_1608	NC_012920.1	100.000	150	150	1.58e-77	278
POS_NC_001803_1_F0.001_R1_1609	NC_012920.1	100.000	150	150	1.58e-77	278
POS_NC_001803_1_F0.001_R1_1610	NC_012920.1	100.000	150	150	1.58e-77	278
POS_NC_001803_1_F0.001_R1_1611	NC_012920.1	100.000	150	150	1.58e-77	278
POS_NC_001803_1_F0.001_R1_1612	NC_012920.1	100.000	150	150	1.58e-77	278
POS_NC_001803_1_F0.001_R1_1613	NC_012920.1	100.000	150	150	1.58e-77	278
POS_NC_001803_1_F0.001_R1_1614	NC_012920.1	100.000	150	150	1.58e-77	278
POS_NC_001803_1_F0.001_R1_1615	NC_012920.1	100.000	150	150	1.58e-77	278
POS_NC_001803_1_F0.001_R1_1616	NC_012920.1	100.000	150	150	1.58e-77	278
POS_NC_001803_1_F0.001_R1_1617	NC_012920.1	100.000	150	150	1.58e-77	278
POS_NC_001803_1_F0.001_R1_1618	NC_012920.1	100.000	150	150	1.58e-77	278
POS_NC_001803_1_F0.001_R1_1619	NC_012920.1	99.333	150	150	7.34e-76	272
POS_NC_001803_1_F0.001_R1_1620	NC_012920.1	99.333	150	150	7.34e-76	272
POS_NC_001803_1_F0.001_R1_1621	NC_012920.1	99.333	150	150	7.34e-76	272
POS_NC_001803_1_F0.001_R1_1622	NC_012920.1	100.000	150	150	1.58e-77	278
POS_NC_001803_1_F0.001_R1_1623	NC_012920.1	99.333	150	150	7.34e-76	272
POS_NC_001803_1_F0.001_R1_1624	NC_012920.1	99.333	150	150	7.34e-76	272
POS_NC_001803_1_F0.001_R1_1625	NC_012920.1	100.000	150	150	1.58e-77	278
POS_NC_001803_1_F0.001_R1_1626	NC_012920.1	99.333	150	150	7.34e-76	272
POS_NC_001803_1_F0.001_R1_1627	NC_012920.1	100.000	150	150	1.58e-77	278
POS_NC_001803_1_F0.001_R1_1628	NC_012920.1	100.000	150	150	1.58e-77	278
POS_NC_001803_1_F0.001_R1_1629	NC_012920.1	99.333	150	150	7.34e-76	272
POS_NC_001803_1_F0.001_R1_1630	NC_012920.1	100.000	150	150	1.58e-77	278
POS_NC_001803_1_F0.001_R1_1631	NC_012920.1	99.333	150	150	7.34e-76	272
POS_NC_001803_1_F0.001_R1_1632	NC_012920.1	99.333	150	150	7.34e-76	272
POS_NC_001803_1_F0.001_R1_1633	NC_012920.1	100.000	150	150	1.58e-77	278
POS_NC_001803_1_F0.001_R1_1634	NC_012920.1	99.333	150	150	7.34e-76	272
POS_NC_001803_1_F0.001_R1_1635	NC_012920.1	98.667	150	150	3.42e-74	267
POS_NC_001803_1_F0.001_R1_1636	NC_012920.1	99.333	150	150	7.34e-76	272
POS_NC_001803_1_F0.001_R1_1637	NC_012920.1	100.000	150	150	1.58e-77	278
POS_NC_001803_1_F0.001_R1_1638	NC_012920.1	100.000	150	150	1.58e-77	278
POS_NC_001803_1_F0.001_R1_1639	NC_012920.1	100.000	150	150	1.58e-77	278
POS_NC_001803_1_F0.001_R1_1640	NC_012920.1	100.000	150	150	1.58e-77	278
POS_NC_001803_1_F0.001_R1_1641	NC_012920.1	100.000	150	150	1.58e-77	278
POS_NC_001803_1_F0.001_R1_1642	NC_012920.1	100.000	150	150	1.58e-77	278
POS_NC_001803_1_F0.001_R1_1643	NC_012920.1	100.000	150	150	1.58e-77	278
POS_NC_001803_1_F0.001_R1_1644	NC_012920.1	100.000	150	150	1.58e-77	278
POS_NC_001803_1_F0.001_R1_1645	NC_012920.1	98.667	150	150	3.42e-74	267
POS_NC_001803_1_F0.001_R1_1646	NC_012920.1	100.000	150	150	1.58e-77	278
POS_NC_001803_1_F0.001_R1_1647	NC_012920.1	100.000	150	150	1.58e-77	278
POS_NC_001803_1_F0.001_R1_1648	NC_012920.1	100.000	150	150	1.58e-77	278
POS_NC_001803_1_F0.001_R1_1649	NC_012920.1	99.333	150	150	7.34e-76	272
POS_NC_001803_1_F0.001_R1_1650	NC_012920.1	100.000	150	150	1.58e-77	278
POS_NC_001803_1_F0.001_R1_1651	NC_012920.1	100.000	150	150	1.58e-77	278
POS_NC_001803_1_F0.001_R1_1652	NC_012920.1	100.000	150	150	1.58e-77	278
POS_NC_001803_1_F0.001_R1_1653	NC_012920.1	100.000	150	150	1.58e-77	278
POS_NC_001803_1_F0.001_R1_1654	NC_012920.1	99.333	150	150	7.34e-76	272
POS_NC_001803_1_F0.001_R1_1655	NC_012920.1	100.000	150	150	1.58e-77	278
POS_NC_001803_1_F0.001_R1_1656	NC_012920.1	100.000	150	150	1.58e-77	278
POS_NC_001803_1_F0.001_R1_1657	NC_012920.1	100.000	150	150	1.58e-77	278
POS_NC_001803_1_F0.001_R1_1658	NC_012920.1	100.000	150	150	1.58e-77	278
POS_NC_001803_1_F0.001_R1_1659	NC_012920.1	100.000	150	150	1.58e-77	278
POS_NC_001803_1_F0.001_R1_1660	NC_012920.1	100.000	150	150	1.58e-77	278
POS_NC_001803_1_F0.001_R1_1661	NC_012920.1	100.000	150	150	1.58e-77	278
POS_NC_001803_1_F0.001_R1_1662	NC_012920.1	100.000	150	150	1.58e-77	278
POS_NC_001803_1_F0.001_R1_1663	NC_012920.1	100.000	150	150	1.58e-77	278
POS_NC_001803_1_F0.001_R1_1664	NC_012920.1	99.333	150	150	7.34e-76	272
POS_NC_001803_1_F0.001_R1_1665	NC_012920.1	100.000	150	150	1.58e-77	278
POS_NC_001803_1_F0.001_R1_1666	NC_012920.1	100.000	150	150	1.58e-77	278
POS_NC_001803_1_F0.001_R1_1667	NC_012920.1	100.000	150	150	1.58e-77	278
POS_NC_001803_1_F0.001_R1_1668	NC_012920.1	100.000	150	150	1.58e-77	278
POS_NC_001803_1_F0.001_R1_1669	NC_012920.1	100.000	150	150	1.58e-77	278
POS_NC_001803_1_F0.001_R1_1670	NC_012920.1	99.333	150	150	7.34e-76	272
POS_NC_001803_1_F0.001_R1_1671	NC_012920.1	100.000	150	150	1.58e-77	278
POS_NC_001803_1_F0.001_R1_1672	NC_012920.1	100.000	150	150	1.58e-77	278
POS_NC_001803_1_F0.001_R1_1673	NC_012920.1	100.000	150	150	1.58e-77	278
POS_NC_001803_1_F0.001_R1_1674	NC_012920.1	100.000	150	150	1.58e-77	278
POS_NC_001803_1_F0.001_R1_1675	NC_012920.1	100.000	150	150	1.58e-77	278
POS_NC_001803_1_F0.001_R1_1676	NC_012920.1	100.000	150	150	1.58e-77	278
POS_NC_001803_1_F0.001_R1_1677	NC_012920.1	100.000	150	150	1.58e-77	278
POS_NC_001803_1_F0.001_R1_1678	NC_012920.1	100.000	150	150	1.58e-77	278
POS_NC_001803_1_F0.001_R1_1679	NC_012920.1	100.000	150	150	1.58e-77	278
POS_NC_001803_1_F0.001_R1_1680	NC_012920.1	100.000	150	150	1.58e-77	278
POS_NC_001803_1_F0.001_R1_1681	NC_012920.1	98.667	150	150	3.42e-74	267
POS_NC_001803_1_F0.001_R1_1682	NC_012920.1	100.000	150	150	1.58e-77	278
POS_NC_001803_1_F0.001_R1_1683	NC_012920.1	99.333	150	150	7.34e-76	272
POS_NC_001803_1_F0.001_R1_1684	NC_012920.1	100.000	150	150	1.58e-77	278
POS_NC_001803_1_F0.001_R1_1685	NC_012920.1	100.000	150	150	1.58e-77	278
POS_NC_001803_1_F0.001_R1_1686	NC_012920.1	100.000	150	150	1.58e-77	278
POS_NC_001803_1_F0.001_R1_1687	NC_012920.1	100.000	150	150	1.58e-77	278
POS_NC_001803_1_F0.001_R1_1688	NC_012920.1	99.333	150	150	7.34e-76	272
POS_NC_001803_1_F0.001_R1_1689	NC_012920.1	100.000	150	150	1.58e-77	278
POS_NC_001803_1_F0.001_R1_1690	NC_012920.1	100.000	150	150	1.58e-77	278
POS_NC_001803_1_F0.001_R1_1691	NC_012920.1	99.333	150	150	7.34e-76	272
POS_NC_001803_1_F0.001_R1_1692	NC_012920.1	100.000	150	150	1.58e-77	278
POS_NC_001803_1_F0.001_R1_1693	NC_012920.1	100.000	150	150	1.58e-77	278
POS_NC_001803_1_F0.001_R1_1694	NC_012920.1	100.000	150	150	1.58e-77	278
POS_NC_001803_1_F0.001_R1_1695	NC_012920.1	100.000	150	150	1.58e-77	278
POS_NC_001803_1_F0.001_R1_1696	NC_012920.1	99.333	150	150	7.34e-76	272
POS_NC_001803_1_F0.001_R1_1697	NC_012920.1	100.000	150	150	1.58e-77	278
POS_NC_001803_1_F0.001_R1_1698	NC_012920.1	98.667	150	150	3.42e-74	267
POS_NC_001803_1_F0.001_R1_1699	NC_012920.1	100.000	150	150	1.58e-77	278
POS_NC_001803_1_F0.001_R1_1700	NC_012920.1	100.000	150	150	1.58e-77	278
POS_NC_001803_1_F0.001_R1_1701	NC_012920.1	99.333	150	150	7.34e-76	272
POS_NC_001803_1_F0.001_R1_1702	NC_012920.1	100.000	150	150	1.58e-77	278
POS_NC_001803_1_F0.001_R1_1703	NC_012920.1	100.000	150	150	1.58e-77	278
POS_NC_001803_1_F0.001_R1_1704	NC_012920.1	99.333	150	150	7.34e-76	272
POS_NC_001803_1_F0.001_R1_1705	NC_012920.1	100.000	150	150	1.58e-77	278
POS_NC_001803_1_F0.001_R1_1706	NC_012920.1	100.000	150	150	1.58e-77	278
POS_NC_001803_1_F0.001_R1_1707	NC_012920.1	98.667	150	150	3.42e-74	267
POS_NC_001803_1_F0.001_R1_1708	NC_012920.1	99.333	150	150	9.50e-75	268
POS_NC_001803_1_F0.001_R1_1709	NC_012920.1	100.000	150	150	1.58e-77	278
POS_NC_001803_1_F0.001_R1_1710	NC_012920.1	99.333	150	150	7.34e-76	272
POS_NC_001803_1_F0.001_R1_1711	NC_012920.1	100.000	150	150	1.58e-77	278
POS_NC_001803_1_F0.001_R1_1712	NC_012920.1	100.000	150	150	1.58e-77	278
POS_NC_001803_1_F0.001_R1_1713	NC_012920.1	100.000	150	150	1.58e-77	278
POS_NC_001803_1_F0.001_R1_1714	NC_012920.1	99.333	150	150	7.34e-76	272
POS_NC_001803_1_F0.001_R1_1715	NC_012920.1	99.333	150	150	7.34e-76	272
POS_NC_001803_1_F0.001_R1_1716	NC_012920.1	100.000	150	150	1.58e-77	278
POS_NC_001803_1_F0.001_R1_1717	NC_012920.1	100.000	150	150	1.58e-77	278
POS_NC_001803_1_F0.001_R1_1718	NC_012920.1	99.333	150	150	7.34e-76	272
POS_NC_001803_1_F0.001_R1_1719	NC_012920.1	100.000	150	150	1.58e-77	278
POS_NC_001803_1_F0.001_R1_1720	NC_012920.1	99.333	150	150	7.34e-76	272
POS_NC_001803_1_F0.001_R1_1721	NC_012920.1	100.000	150	150	1.58e-77	278
POS_NC_001803_1_F0.001_R1_1722	NC_012920.1	100.000	150	150	1.58e-77	278
POS_NC_001803_1_F0.001_R1_1723	NC_012920.1	99.333	150	150	7.34e-76	272
POS_NC_001803_1_F0.001_R1_1724	NC_012920.1	100.000	150	150	1.58e-77	278
POS_NC_001803_1_F0.001_R1_1725	NC_012920.1	100.000	150	150	1.58e-77	278
POS_NC_001803_1_F0.001_R1_1726	NC_012920.1	99.333	150	150	7.34e-76	272
POS_NC_001803_1_F0.001_R1_1727	NC_012920.1	100.000	150	150	1.58e-77	278
POS_NC_001803_1_F0.001_R1_1728	NC_012920.1	100.000	150	150	1.58e-77	278
POS_NC_001803_1_F0.001_R1_1729	NC_012920.1	99.333	150	150	7.34e-76	272
POS_NC_001803_1_F0.001_R1_1730	NC_012920.1	100.000	150	150	1.58e-77	278
POS_NC_001803_1_F0.001_R1_1731	NC_012920.1	100.000	150	150	1.58e-77	278
POS_NC_001803_1_F0.001_R1_1732	NC_012920.1	99.333	150	150	7.34e-76	272
POS_NC_001803_1_F0.001_R1_1733	NC_012920.1	100.000	150	150	1.58e-77	278
POS_NC_001803_1_F0.001_R1_1734	NC_012920.1	99.333	150	150	7.34e-76	272
POS_NC_001803_1_F0.001_R1_1735	NC_012920.1	100.000	150	150	1.58e-77	278
POS_NC_001803_1_F0.001_R1_1736	NC_012920.1	99.333	150	150	7.34e-76	272
POS_NC_001803_1_F0.001_R1_1737	NC_012920.1	100.000	150	150	1.58e-77	278
POS_NC_001803_1_F0.001_R1_1738	NC_012920.1	99.333	150	150	7.34e-76	272
POS_NC_001803_1_F0.001_R1_1739	NC_012920.1	100.000	150	150	1.58e-77	278
POS_NC_001803_1_F0.001_R1_1740	NC_012920.1	100.000	150	150	1.58e-77	278
POS_NC_001803_1_F0.001_R1_1741	NC_012920.1	99.333	150	150	7.34e-76	272
POS_NC_001803_1_F0.001_R1_1742	NC_012920.1	99.333	150	150	7.34e-76	272
POS_NC_001803_1_F0.001_R1_1743	NC_012920.1	99.333	150	150	7.34e-76	272
POS_NC_001803_1_F0.001_R1_1744	NC_012920.1	100.000	150	150	1.58e-77	278
POS_NC_001803_1_F0.001_R1_1745	NC_012920.1	99.333	150	150	7.34e-76	272
POS_NC_001803_1_F0.001_R1_1746	NC_012920.1	99.333	150	150	7.34e-76	272
POS_NC_001803_1_F0.001_R1_1747	NC_012920.1	100.000	150	150	1.58e-77	278
POS_NC_001803_1_F0.001_R1_1748	NC_012920.1	100.000	150	150	1.58e-77	278
POS_NC_001803_1_F0.001_R1_1749	NC_012920.1	99.333	150	150	7.34e-76	272
POS_NC_001803_1_F0.001_R1_1750	NC_012920.1	100.000	150	150	1.58e-77	278
POS_NC_001803_1_F0.001_R1_1751	NC_012920.1	100.000	150	150	1.58e-77	278
POS_NC_001803_1_F0.001_R1_1752	NC_012920.1	100.000	150	150	1.58e-77	278
POS_NC_001803_1_F0.001_R1_1753	NC_012920.1	100.000	150	150	1.58e-77	278
POS_NC_001803_1_F0.001_R1_1754	NC_012920.1	100.000	150	150	1.58e-77	278
POS_NC_001803_1_F0.001_R1_1755	NC_012920.1	100.000	150	150	1.58e-77	278
POS_NC_001803_1_F0.001_R1_1756	NC_012920.1	100.000	150	150	1.58e-77	278
POS_NC_001803_1_F0.001_R1_1757	NC_012920.1	100.000	150	150	1.58e-77	278
POS_NC_001803_1_F0.001_R1_1758	NC_012920.1	100.000	150	150	1.58e-77	278
POS_NC_001803_1_F0.001_R1_1759	NC_012920.1	100.000	150	150	1.58e-77	278
POS_NC_001803_1_F0.001_R1_1760	NC_012920.1	100.000	150	150	1.58e-77	278
POS_NC_001803_1_F0.001_R1_1761	NC_012920.1	99.333	150	150	7.34e-76	272
POS_NC_001803_1_F0.001_R1_1762	NC_012920.1	100.000	150	150	1.58e-77	278
POS_NC_001803_1_F0.001_R1_1763	NC_012920.1	100.000	150	150	1.58e-77	278
POS_NC_001803_1_F0.001_R1_1764	NC_012920.1	99.333	150	150	7.34e-76	272
POS_NC_001803_1_F0.001_R1_1765	NC_012920.1	100.000	150	150	1.58e-77	278
POS_NC_001803_1_F0.001_R1_1766	NC_012920.1	100.000	150	150	1.58e-77	278
POS_NC_001803_1_F0.001_R1_1767	NC_012920.1	100.000	150	150	1.58e-77	278
POS_NC_001803_1_F0.001_R1_1768	NC_012920.1	100.000	150	150	1.58e-77	278
POS_NC_001803_1_F0.001_R1_1769	NC_012920.1	100.000	150	150	1.58e-77	278
POS_NC_001803_1_F0.001_R1_1770	NC_012920.1	100.000	150	150	1.58e-77	278
POS_NC_001803_1_F0.001_R1_1771	NC_012920.1	100.000	150	150	1.58e-77	278
POS_NC_001803_1_F0.001_R1_1772	NC_012920.1	99.333	150	150	7.34e-76	272
POS_NC_001803_1_F0.001_R1_1773	NC_012920.1	100.000	150	150	1.58e-77	278
POS_NC_001803_1_F0.001_R1_1774	NC_012920.1	100.000	150	150	1.58e-77	278
POS_NC_001803_1_F0.001_R1_1775	NC_012920.1	99.333	150	150	7.34e-76	272
POS_NC_001803_1_F0.001_R1_1776	NC_012920.1	100.000	150	150	1.58e-77	278
POS_NC_001803_1_F0.001_R1_1777	NC_012920.1	100.000	150	150	1.58e-77	278
POS_NC_001803_1_F0.001_R1_1778	NC_012920.1	100.000	150	150	1.58e-77	278
POS_NC_001803_1_F0.001_R1_1779	NC_012920.1	100.000	150	150	1.58e-77	278
POS_NC_001803_1_F0.001_R1_1780	NC_012920.1	100.000	150	150	1.58e-77	278
POS_NC_001803_1_F0.001_R1_1781	NC_012920.1	99.333	150	150	7.34e-76	272
POS_NC_001803_1_F0.001_R1_1782	NC_012920.1	99.333	150	150	7.34e-76	272
POS_NC_001803_1_F0.001_R1_1783	NC_012920.1	100.000	150	150	1.58e-77	278
POS_NC_001803_1_F0.001_R1_1784	NC_012920.1	100.000	150	150	1.58e-77	278
POS_NC_001803_1_F0.001_R1_1785	NC_012920.1	98.667	150	150	3.42e-74	267
POS_NC_001803_1_F0.001_R1_1786	NC_012920.1	100.000	150	150	1.58e-77	278
POS_NC_001803_1_F0.001_R1_1787	NC_012920.1	100.000	150	150	1.58e-77	278
POS_NC_001803_1_F0.001_R1_1788	NC_012920.1	100.000	150	150	1.58e-77	278
POS_NC_001803_1_F0.001_R1_1789	NC_012920.1	100.000	150	150	1.58e-77	278
POS_NC_001803_1_F0.001_R1_1790	NC_012920.1	100.000	150	150	1.58e-77	278
POS_NC_001803_1_F0.001_R1_1791	NC_012920.1	100.000	150	150	1.58e-77	278
POS_NC_001803_1_F0.001_R1_1792	NC_012920.1	100.000	150	150	1.58e-77	278
POS_NC_001803_1_F0.001_R1_1793	NC_012920.1	99.329	149	150	2.64e-75	270
POS_NC_001803_1_F0.001_R1_1794	NC_012920.1	100.000	150	150	1.58e-77	278
POS_NC_001803_1_F0.001_R1_1795	NC_012920.1	100.000	150	150	1.58e-77	278
POS_NC_001803_1_F0.001_R1_1796	NC_012920.1	100.000	150	150	1.58e-77	278
POS_NC_001803_1_F0.001_R1_1797	NC_012920.1	100.000	150	150	1.58e-77	278
POS_NC_001803_1_F0.001_R1_1798	NC_012920.1	99.333	150	150	7.34e-76	272
POS_NC_001803_1_F0.001_R1_1799	NC_012920.1	100.000	150	150	1.58e-77	278
POS_NC_001803_1_F0.001_R1_1800	NC_012920.1	100.000	150	150	1.58e-77	278
POS_NC_001803_1_F0.001_R1_1801	NC_012920.1	100.000	150	150	1.58e-77	278
POS_NC_001803_1_F0.001_R1_1802	NC_012920.1	100.000	150	150	1.58e-77	278
POS_NC_001803_1_F0.001_R1_1803	NC_012920.1	99.333	150	150	7.34e-76	272
POS_NC_001803_1_F0.001_R1_1804	NC_012920.1	100.000	150	150	1.58e-77	278
POS_NC_001803_1_F0.001_R1_1805	NC_012920.1	99.333	150	150	7.34e-76	272
POS_NC_001803_1_F0.001_R1_1806	NC_012920.1	100.000	150	150	1.58e-77	278
POS_NC_001803_1_F0.001_R1_1807	NC_012920.1	96.667	150	150	3.44e-69	250
POS_NC_001803_1_F0.001_R1_1808	NC_012920.1	100.000	150	150	1.58e-77	278
POS_NC_001803_1_F0.001_R1_1809	NC_012920.1	100.000	150	150	1.58e-77	278
POS_NC_001803_1_F0.001_R1_1810	NC_012920.1	100.000	150	150	1.58e-77	278
POS_NC_001803_1_F0.001_R1_1811	NC_012920.1	99.333	150	150	7.34e-76	272
POS_NC_001803_1_F0.001_R1_1812	NC_012920.1	100.000	150	150	1.58e-77	278
POS_NC_001803_1_F0.001_R1_1813	NC_012920.1	100.000	150	150	1.58e-77	278
POS_NC_001803_1_F0.001_R1_1814	NC_012920.1	98.667	150	150	3.42e-74	267
POS_NC_001803_1_F0.001_R1_1815	NC_012920.1	100.000	150	150	1.58e-77	278
POS_NC_001803_1_F0.001_R1_1816	NC_012920.1	100.000	150	150	1.58e-77	278
POS_NC_001803_1_F0.001_R1_1817	NC_012920.1	99.333	150	150	7.34e-76	272
POS_NC_001803_1_F0.001_R1_1818	NC_012920.1	100.000	150	150	1.58e-77	278
POS_NC_001803_1_F0.001_R1_1819	NC_012920.1	100.000	150	150	1.58e-77	278
POS_NC_001803_1_F0.001_R1_1820	NC_012920.1	99.333	150	150	7.34e-76	272
POS_NC_001803_1_F0.001_R1_1821	NC_012920.1	100.000	150	150	1.58e-77	278
POS_NC_001803_1_F0.001_R1_1822	NC_012920.1	100.000	150	150	1.58e-77	278
POS_NC_001803_1_F0.001_R1_1823	NC_012920.1	99.333	150	150	7.34e-76	272
POS_NC_001803_1_F0.001_R1_1824	NC_012920.1	100.000	150	150	1.58e-77	278
POS_NC_001803_1_F0.001_R1_1825	NC_012920.1	100.000	150	150	1.58e-77	278
POS_NC_001803_1_F0.001_R1_1826	NC_012920.1	100.000	150	150	1.58e-77	278
POS_NC_001803_1_F0.001_R1_1827	NC_012920.1	99.333	150	150	7.34e-76	272
POS_NC_001803_1_F0.001_R1_1828	NC_012920.1	100.000	150	150	1.58e-77	278
POS_NC_001803_1_F0.001_R1_1829	NC_012920.1	100.000	150	150	1.58e-77	278
POS_NC_001803_1_F0.001_R1_1830	NC_012920.1	99.333	150	150	7.34e-76	272
POS_NC_001803_1_F0.001_R1_1831	NC_012920.1	99.333	150	150	9.50e-75	268
POS_NC_001803_1_F0.001_R1_1832	NC_012920.1	99.333	150	150	7.34e-76	272
POS_NC_001803_1_F0.001_R1_1833	NC_012920.1	100.000	150	150	1.58e-77	278
POS_NC_001803_1_F0.001_R1_1834	NC_012920.1	100.000	150	150	1.58e-77	278
POS_NC_001803_1_F0.001_R1_1835	NC_012920.1	100.000	150	150	1.58e-77	278
POS_NC_001803_1_F0.001_R1_1836	NC_012920.1	99.333	150	150	7.34e-76	272
POS_NC_001803_1_F0.001_R1_1837	NC_012920.1	100.000	150	150	1.58e-77	278
POS_NC_001803_1_F0.001_R1_1838	NC_012920.1	100.000	150	150	1.58e-77	278
POS_NC_001803_1_F0.001_R1_1839	NC_012920.1	99.333	150	150	7.34e-76	272
POS_NC_001803_1_F0.001_R1_1840	NC_012920.1	100.000	150	150	1.58e-77	278
POS_NC_001803_1_F0.001_R1_1841	NC_012920.1	100.000	150	150	1.58e-77	278
POS_NC_001803_1_F0.001_R1_1842	NC_012920.1	100.000	150	150	1.58e-77	278
POS_NC_001803_1_F0.001_R1_1843	NC_012920.1	100.000	150	150	1.58e-77	278
POS_NC_001803_1_F0.001_R1_1844	NC_012920.1	100.000	150	150	1.58e-77	278
POS_NC_001803_1_F0.001_R1_1845	NC_012920.1	100.000	150	150	1.58e-77	278
POS_NC_001803_1_F0.001_R1_1846	NC_012920.1	99.333	150	150	7.34e-76	272
POS_NC_001803_1_F0.001_R1_1847	NC_012920.1	100.000	150	150	1.58e-77	278
POS_NC_001803_1_F0.001_R1_1848	NC_012920.1	100.000	150	150	1.58e-77	278
POS_NC_001803_1_F0.001_R1_1849	NC_012920.1	100.000	150	150	1.58e-77	278
POS_NC_001803_1_F0.001_R1_1850	NC_012920.1	100.000	150	150	1.58e-77	278
POS_NC_001803_1_F0.001_R1_1851	NC_012920.1	100.000	150	150	1.58e-77	278
POS_NC_001803_1_F0.001_R1_1852	NC_012920.1	100.000	150	150	1.58e-77	278
POS_NC_001803_1_F0.001_R1_1853	NC_012920.1	99.333	150	150	7.34e-76	272
POS_NC_001803_1_F0.001_R1_1854	NC_012920.1	100.000	150	150	1.58e-77	278
POS_NC_001803_1_F0.001_R1_1855	NC_012920.1	100.000	150	150	1.58e-77	278
POS_NC_001803_1_F0.001_R1_1856	NC_012920.1	100.000	150	150	1.58e-77	278
POS_NC_001803_1_F0.001_R1_1857	NC_012920.1	100.000	150	150	1.58e-77	278
POS_NC_001803_1_F0.001_R1_1858	NC_012920.1	100.000	150	150	1.58e-77	278
POS_NC_001803_1_F0.001_R1_1859	NC_012920.1	100.000	150	150	1.58e-77	278
POS_NC_001803_1_F0.001_R1_1860	NC_012920.1	100.000	150	150	1.58e-77	278
POS_NC_001803_1_F0.001_R1_1861	NC_012920.1	99.333	150	150	7.34e-76	272
POS_NC_001803_1_F0.001_R1_1862	NC_012920.1	100.000	150	150	1.58e-77	278
POS_NC_001803_1_F0.001_R1_1863	NC_012920.1	100.000	150	150	1.58e-77	278
POS_NC_001803_1_F0.001_R1_1864	NC_012920.1	99.333	150	150	7.34e-76	272
POS_NC_001803_1_F0.001_R1_1865	NC_012920.1	100.000	150	150	1.58e-77	278
POS_NC_001803_1_F0.001_R1_1866	NC_012920.1	99.333	150	150	7.34e-76	272
POS_NC_001803_1_F0.001_R1_1867	NC_012920.1	100.000	150	150	1.58e-77	278
POS_NC_001803_1_F0.001_R1_1868	NC_012920.1	100.000	150	150	1.58e-77	278
POS_NC_001803_1_F0.001_R1_1869	NC_012920.1	100.000	150	150	1.58e-77	278
POS_NC_001803_1_F0.001_R1_1870	NC_012920.1	100.000	150	150	1.58e-77	278
POS_NC_001803_1_F0.001_R1_1871	NC_012920.1	100.000	150	150	1.58e-77	278
POS_NC_001803_1_F0.001_R1_1872	NC_012920.1	99.333	150	150	7.34e-76	272
POS_NC_001803_1_F0.001_R1_1873	NC_012920.1	100.000	150	150	1.58e-77	278
POS_NC_001803_1_F0.001_R1_1874	NC_012920.1	100.000	150	150	1.58e-77	278
POS_NC_001803_1_F0.001_R1_1875	NC_012920.1	100.000	150	150	1.58e-77	278
POS_NC_001803_1_F0.001_R1_1876	NC_012920.1	99.333	150	150	7.34e-76	272
POS_NC_001803_1_F0.001_R1_1877	NC_012920.1	100.000	150	150	1.58e-77	278
POS_NC_001803_1_F0.001_R1_1878	NC_012920.1	99.333	150	150	7.34e-76	272
POS_NC_001803_1_F0.001_R1_1879	NC_012920.1	100.000	150	150	1.58e-77	278
POS_NC_001803_1_F0.001_R1_1880	NC_012920.1	100.000	150	150	1.58e-77	278
POS_NC_001803_1_F0.001_R1_1881	NC_012920.1	100.000	150	150	1.58e-77	278
POS_NC_001803_1_F0.001_R1_1882	NC_012920.1	100.000	150	150	2.04e-76	274
POS_NC_001803_1_F0.001_R1_1883	NC_012920.1	99.333	150	150	7.34e-76	272
POS_NC_001803_1_F0.001_R1_1884	NC_012920.1	100.000	150	150	1.58e-77	278
POS_NC_001803_1_F0.001_R1_1885	NC_012920.1	99.333	150	150	7.34e-76	272
POS_NC_001803_1_F0.001_R1_1886	NC_012920.1	100.000	150	150	1.58e-77	278
POS_NC_001803_1_F0.001_R1_1887	NC_012920.1	100.000	150	150	1.58e-77	278
POS_NC_001803_1_F0.001_R1_1888	NC_012920.1	99.333	150	150	7.34e-76	272
POS_NC_001803_1_F0.001_R1_1889	NC_012920.1	100.000	148	150	2.04e-76	274
POS_NC_001803_1_F0.001_R1_1890	NC_012920.1	100.000	150	150	2.04e-76	274
POS_NC_001803_1_F0.001_R1_1891	NC_012920.1	99.333	150	150	7.34e-76	272
POS_NC_001803_1_F0.001_R1_1892	NC_012920.1	100.000	150	150	1.58e-77	278
POS_NC_001803_1_F0.001_R1_1893	NC_012920.1	100.000	150	150	1.58e-77	278
POS_NC_001803_1_F0.001_R1_1894	NC_012920.1	100.000	150	150	1.58e-77	278
POS_NC_001803_1_F0.001_R1_1895	NC_012920.1	100.000	150	150	1.58e-77	278
POS_NC_001803_1_F0.001_R1_1896	NC_012920.1	100.000	150	150	1.58e-77	278
POS_NC_001803_1_F0.001_R1_1897	NC_012920.1	100.000	150	150	1.58e-77	278
POS_NC_001803_1_F0.001_R1_1898	NC_012920.1	100.000	150	150	1.58e-77	278
POS_NC_001803_1_F0.001_R1_1899	NC_012920.1	100.000	150	150	1.58e-77	278
POS_NC_001803_1_F0.001_R1_1900	NC_012920.1	99.333	150	150	7.34e-76	272
POS_NC_001803_1_F0.001_R1_1901	NC_012920.1	100.000	150	150	1.58e-77	278
POS_NC_001803_1_F0.001_R1_1902	NC_012920.1	100.000	150	150	1.58e-77	278
POS_NC_001803_1_F0.001_R1_1903	NC_012920.1	99.333	150	150	7.34e-76	272
POS_NC_001803_1_F0.001_R1_1904	NC_012920.1	100.000	150	150	1.58e-77	278
POS_NC_001803_1_F0.001_R1_1905	NC_012920.1	99.333	150	150	7.34e-76	272
POS_NC_001803_1_F0.001_R1_1906	NC_012920.1	100.000	150	150	1.58e-77	278
POS_NC_001803_1_F0.001_R1_1907	NC_012920.1	100.000	150	150	1.58e-77	278
POS_NC_001803_1_F0.001_R1_1908	NC_012920.1	100.000	150	150	1.58e-77	278
POS_NC_001803_1_F0.001_R1_1909	NC_012920.1	100.000	150	150	1.58e-77	278
POS_NC_001803_1_F0.001_R1_1910	NC_012920.1	100.000	150	150	1.58e-77	278
POS_NC_001803_1_F0.001_R1_1911	NC_012920.1	100.000	150	150	1.58e-77	278
POS_NC_001803_1_F0.001_R1_1912	NC_012920.1	100.000	150	150	1.58e-77	278
POS_NC_001803_1_F0.001_R1_1913	NC_012920.1	99.333	150	150	7.34e-76	272
POS_NC_001803_1_F0.001_R1_1914	NC_012920.1	100.000	150	150	1.58e-77	278
POS_NC_001803_1_F0.001_R1_1915	NC_012920.1	100.000	150	150	1.58e-77	278
POS_NC_001803_1_F0.001_R1_1916	NC_012920.1	100.000	150	150	1.58e-77	278
POS_NC_001803_1_F0.001_R1_1917	NC_012920.1	100.000	150	150	1.58e-77	278
POS_NC_001803_1_F0.001_R1_1918	NC_012920.1	99.333	150	150	7.34e-76	272
POS_NC_001803_1_F0.001_R1_1919	NC_012920.1	100.000	150	150	1.58e-77	278
POS_NC_001803_1_F0.001_R1_1920	NC_012920.1	99.333	150	150	7.34e-76	272
POS_NC_001803_1_F0.001_R1_1921	NC_012920.1	100.000	150	150	1.58e-77	278
POS_NC_001803_1_F0.001_R1_1922	NC_012920.1	100.000	150	150	1.58e-77	278
POS_NC_001803_1_F0.001_R1_1923	NC_012920.1	99.333	150	150	7.34e-76	272
POS_NC_001803_1_F0.001_R1_1924	NC_012920.1	100.000	150	150	1.58e-77	278
POS_NC_001803_1_F0.001_R1_1925	NC_012920.1	100.000	150	150	1.58e-77	278
POS_NC_001803_1_F0.001_R1_1926	NC_012920.1	100.000	150	150	1.58e-77	278
POS_NC_001803_1_F0.001_R1_1927	NC_012920.1	100.000	150	150	1.58e-77	278
POS_NC_001803_1_F0.001_R1_1928	NC_012920.1	99.333	150	150	7.34e-76	272
POS_NC_001803_1_F0.001_R1_1929	NC_012920.1	100.000	150	150	1.58e-77	278
POS_NC_001803_1_F0.001_R1_1930	NC_012920.1	99.333	150	150	7.34e-76	272
POS_NC_001803_1_F0.001_R1_1931	NC_012920.1	100.000	150	150	1.58e-77	278
POS_NC_001803_1_F0.001_R1_1932	NC_012920.1	100.000	150	150	1.58e-77	278
POS_NC_001803_1_F0.001_R1_1933	NC_012920.1	100.000	150	150	1.58e-77	278
POS_NC_001803_1_F0.001_R1_1934	NC_012920.1	100.000	150	150	1.58e-77	278
POS_NC_001803_1_F0.001_R1_1935	NC_012920.1	100.000	150	150	1.58e-77	278
POS_NC_001803_1_F0.001_R1_1936	NC_012920.1	100.000	150	150	1.58e-77	278
POS_NC_001803_1_F0.001_R1_1937	NC_012920.1	100.000	150	150	1.58e-77	278
POS_NC_001803_1_F0.001_R1_1938	NC_012920.1	98.000	150	150	1.59e-72	261
POS_NC_001803_1_F0.001_R1_1939	NC_012920.1	100.000	150	150	1.58e-77	278
POS_NC_001803_1_F0.001_R1_1940	NC_012920.1	100.000	150	150	1.58e-77	278
POS_NC_001803_1_F0.001_R1_1941	NC_012920.1	100.000	150	150	1.58e-77	278
POS_NC_001803_1_F0.001_R1_1942	NC_012920.1	100.000	150	150	1.58e-77	278
POS_NC_001803_1_F0.001_R1_1943	NC_012920.1	100.000	150	150	1.58e-77	278
POS_NC_001803_1_F0.001_R1_1944	NC_012920.1	100.000	150	150	1.58e-77	278
POS_NC_001803_1_F0.001_R1_1945	NC_012920.1	99.333	150	150	7.34e-76	272
POS_NC_001803_1_F0.001_R1_1946	NC_012920.1	100.000	150	150	1.58e-77	278
POS_NC_001803_1_F0.001_R1_1947	NC_012920.1	99.333	150	150	7.34e-76	272
POS_NC_001803_1_F0.001_R1_1948	NC_012920.1	99.333	150	150	7.34e-76	272
POS_NC_001803_1_F0.001_R1_1949	NC_012920.1	100.000	150	150	1.58e-77	278
POS_NC_001803_1_F0.001_R1_1950	NC_012920.1	100.000	150	150	1.58e-77	278
POS_NC_001803_1_F0.001_R1_1951	NC_012920.1	99.333	150	150	7.34e-76	272
POS_NC_001803_1_F0.001_R1_1952	NC_012920.1	99.333	150	150	7.34e-76	272
POS_NC_001803_1_F0.001_R1_1953	NC_012920.1	99.333	150	150	7.34e-76	272
POS_NC_001803_1_F0.001_R1_1954	NC_012920.1	100.000	150	150	1.58e-77	278
POS_NC_001803_1_F0.001_R1_1955	NC_012920.1	100.000	150	150	1.58e-77	278
POS_NC_001803_1_F0.001_R1_1956	NC_012920.1	100.000	150	150	1.58e-77	278
POS_NC_001803_1_F0.001_R1_1957	NC_012920.1	100.000	150	150	1.58e-77	278
POS_NC_001803_1_F0.001_R1_1958	NC_012920.1	100.000	150	150	1.58e-77	278
POS_NC_001803_1_F0.001_R1_1959	NC_012920.1	100.000	150	150	1.58e-77	278
POS_NC_001803_1_F0.001_R1_1960	NC_012920.1	100.000	150	150	1.58e-77	278
POS_NC_001803_1_F0.001_R1_1961	NC_012920.1	100.000	150	150	1.58e-77	278
POS_NC_001803_1_F0.001_R1_1962	NC_012920.1	100.000	150	150	1.58e-77	278
POS_NC_001803_1_F0.001_R1_1963	NC_012920.1	100.000	150	150	1.58e-77	278
POS_NC_001803_1_F0.001_R1_1964	NC_012920.1	100.000	150	150	1.58e-77	278
POS_NC_001803_1_F0.001_R1_1965	NC_012920.1	100.000	150	150	1.58e-77	278
POS_NC_001803_1_F0.001_R1_1966	NC_012920.1	100.000	150	150	1.58e-77	278
POS_NC_001803_1_F0.001_R1_1967	NC_012920.1	100.000	150	150	1.58e-77	278
POS_NC_001803_1_F0.001_R1_1968	NC_012920.1	99.333	150	150	7.34e-76	272
POS_NC_001803_1_F0.001_R1_1969	NC_012920.1	100.000	150	150	1.58e-77	278
POS_NC_001803_1_F0.001_R1_1970	NC_012920.1	100.000	150	150	1.58e-77	278
POS_NC_001803_1_F0.001_R1_1971	NC_012920.1	100.000	150	150	1.58e-77	278
POS_NC_001803_1_F0.001_R1_1972	NC_012920.1	99.333	150	150	7.34e-76	272
POS_NC_001803_1_F0.001_R1_1973	NC_012920.1	100.000	150	150	1.58e-77	278
POS_NC_001803_1_F0.001_R1_1974	NC_012920.1	100.000	150	150	1.58e-77	278
POS_NC_001803_1_F0.001_R1_1975	NC_012920.1	99.333	150	150	7.34e-76	272
POS_NC_001803_1_F0.001_R1_1976	NC_012920.1	99.333	150	150	7.34e-76	272
POS_NC_001803_1_F0.001_R1_1977	NC_012920.1	100.000	150	150	1.58e-77	278
POS_NC_001803_1_F0.001_R1_1978	NC_012920.1	99.333	150	150	7.34e-76	272
POS_NC_001803_1_F0.001_R1_1979	NC_012920.1	99.333	150	150	7.34e-76	272
POS_NC_001803_1_F0.001_R1_1980	NC_012920.1	100.000	150	150	1.58e-77	278
POS_NC_001803_1_F0.001_R1_1981	NC_012920.1	100.000	150	150	1.58e-77	278
POS_NC_001803_1_F0.001_R1_1982	NC_012920.1	99.333	150	150	7.34e-76	272
POS_NC_001803_1_F0.001_R1_1983	NC_012920.1	100.000	150	150	1.58e-77	278
POS_NC_001803_1_F0.001_R1_1984	NC_012920.1	100.000	150	150	1.58e-77	278
POS_NC_001803_1_F0.001_R1_1985	NC_012920.1	100.000	150	150	1.58e-77	278
POS_NC_001803_1_F0.001_R1_1986	NC_012920.1	100.000	150	150	1.58e-77	278
POS_NC_001803_1_F0.001_R1_1987	NC_012920.1	100.000	150	150	1.58e-77	278
POS_NC_001803_1_F0.001_R1_1988	NC_012920.1	100.000	150	150	1.58e-77	278
POS_NC_001803_1_F0.001_R1_1989	NC_012920.1	98.667	150	150	3.42e-74	267
POS_NC_001803_1_F0.001_R1_1990	NC_012920.1	100.000	150	150	1.58e-77	278
POS_NC_001803_1_F0.001_R1_1991	NC_012920.1	99.333	150	150	7.34e-76	272
POS_NC_001803_1_F0.001_R1_1992	NC_012920.1	100.000	150	150	1.58e-77	278
POS_NC_001803_1_F0.001_R1_1993	NC_012920.1	100.000	150	150	1.58e-77	278
POS_NC_001803_1_F0.001_R1_1994	NC_012920.1	99.333	150	150	7.34e-76	272
POS_NC_001803_1_F0.001_R1_1995	NC_012920.1	100.000	150	150	1.58e-77	278
POS_NC_001803_1_F0.001_R1_1996	NC_012920.1	100.000	150	150	1.58e-77	278
POS_NC_001803_1_F0.001_R1_1997	NC_012920.1	100.000	150	150	1.58e-77	278
POS_NC_001803_1_F0.001_R1_1998	NC_012920.1	100.000	150	150	1.58e-77	278
POS_NC_001803_1_F0.001_R1_1999	NC_012920.1	100.000	150	150	1.58e-77	278
POS_NC_001803_1_F0.001_R1_2000	NC_012920.1	99.333	150	150	7.34e-76	272
POS_NC_001803_1_F0.001_R1_2001	NC_012920.1	100.000	150	150	1.58e-77	278
POS_NC_001803_1_F0.001_R1_2002	NC_012920.1	100.000	150	150	1.58e-77	278
POS_NC_001803_1_F0.001_R1_2003	NC_012920.1	100.000	150	150	1.58e-77	278
POS_NC_001803_1_F0.001_R1_2004	NC_012920.1	99.333	150	150	7.34e-76	272
POS_NC_001803_1_F0.001_R1_2005	NC_012920.1	100.000	150	150	2.04e-76	274
POS_NC_001803_1_F0.001_R1_2006	NC_012920.1	100.000	150	150	1.58e-77	278
POS_NC_001803_1_F0.001_R1_2007	NC_012920.1	100.000	150	150	1.58e-77	278
POS_NC_001803_1_F0.001_R1_2008	NC_012920.1	100.000	150	150	1.58e-77	278
POS_NC_001803_1_F0.001_R1_2009	NC_012920.1	100.000	150	150	1.58e-77	278
POS_NC_001803_1_F0.001_R1_2010	NC_012920.1	100.000	150	150	1.58e-77	278
POS_NC_001803_1_F0.001_R1_2011	NC_012920.1	99.333	150	150	7.34e-76	272
POS_NC_001803_1_F0.001_R1_2012	NC_012920.1	100.000	150	150	1.58e-77	278
POS_NC_001803_1_F0.001_R1_2013	NC_012920.1	99.333	150	150	7.34e-76	272
POS_NC_001803_1_F0.001_R1_2014	NC_012920.1	99.333	150	150	7.34e-76	272
POS_NC_001803_1_F0.001_R1_2015	NC_012920.1	100.000	150	150	1.58e-77	278
POS_NC_001803_1_F0.001_R1_2016	NC_012920.1	99.333	150	150	7.34e-76	272
POS_NC_001803_1_F0.001_R1_2017	NC_012920.1	100.000	150	150	1.58e-77	278
POS_NC_001803_1_F0.001_R1_2018	NC_012920.1	99.333	150	150	7.34e-76	272
POS_NC_001803_1_F0.001_R1_2019	NC_012920.1	100.000	150	150	1.58e-77	278
POS_NC_001803_1_F0.001_R1_2020	NC_012920.1	100.000	150	150	1.58e-77	278
POS_NC_001803_1_F0.001_R1_2021	NC_012920.1	100.000	150	150	1.58e-77	278
POS_NC_001803_1_F0.001_R1_2022	NC_012920.1	100.000	150	150	1.58e-77	278
POS_NC_001803_1_F0.001_R1_2023	NC_012920.1	99.333	150	150	7.34e-76	272
POS_NC_001803_1_F0.001_R1_2024	NC_012920.1	100.000	150	150	1.58e-77	278
POS_NC_001803_1_F0.001_R1_2025	NC_012920.1	100.000	150	150	1.58e-77	278
POS_NC_001803_1_F0.001_R1_2026	NC_012920.1	100.000	150	150	1.58e-77	278
POS_NC_001803_1_F0.001_R1_2027	NC_012920.1	100.000	150	150	1.58e-77	278
POS_NC_001803_1_F0.001_R1_2028	NC_012920.1	100.000	150	150	1.58e-77	278
POS_NC_001803_1_F0.001_R1_2029	NC_012920.1	99.333	150	150	7.34e-76	272
POS_NC_001803_1_F0.001_R1_2030	NC_012920.1	100.000	150	150	1.58e-77	278
POS_NC_001803_1_F0.001_R1_2031	NC_012920.1	100.000	150	150	1.58e-77	278
POS_NC_001803_1_F0.001_R1_2032	NC_012920.1	100.000	150	150	1.58e-77	278
POS_NC_001803_1_F0.001_R1_2033	NC_012920.1	98.667	150	150	3.42e-74	267
POS_NC_001803_1_F0.001_R1_2034	NC_012920.1	99.333	150	150	7.34e-76	272
POS_NC_001803_1_F0.001_R1_2035	NC_012920.1	100.000	150	150	1.58e-77	278
POS_NC_001803_1_F0.001_R1_2036	NC_012920.1	99.333	150	150	7.34e-76	272
POS_NC_001803_1_F0.001_R1_2037	NC_012920.1	100.000	150	150	1.58e-77	278
POS_NC_001803_1_F0.001_R1_2038	NC_012920.1	100.000	150	150	1.58e-77	278
POS_NC_001803_1_F0.001_R1_2039	NC_012920.1	100.000	150	150	1.58e-77	278
POS_NC_001803_1_F0.001_R1_2040	NC_012920.1	100.000	150	150	1.58e-77	278
POS_NC_001803_1_F0.001_R1_2041	NC_012920.1	99.333	150	150	7.34e-76	272
POS_NC_001803_1_F0.001_R1_2042	NC_012920.1	99.333	150	150	7.34e-76	272
POS_NC_001803_1_F0.001_R1_2043	NC_012920.1	100.000	150	150	1.58e-77	278
POS_NC_001803_1_F0.001_R1_2044	NC_012920.1	100.000	150	150	1.58e-77	278
POS_NC_001803_1_F0.001_R1_2045	NC_012920.1	100.000	150	150	1.58e-77	278
POS_NC_001803_1_F0.001_R1_2046	NC_012920.1	100.000	150	150	1.58e-77	278
POS_NC_001803_1_F0.001_R1_2047	NC_012920.1	100.000	150	150	1.58e-77	278
POS_NC_001803_1_F0.001_R1_2048	NC_012920.1	100.000	150	150	1.58e-77	278
POS_NC_001803_1_F0.001_R1_2049	NC_012920.1	100.000	150	150	1.58e-77	278
POS_NC_001803_1_F0.001_R1_2050	NC_012920.1	100.000	150	150	1.58e-77	278
POS_NC_001803_1_F0.001_R1_2051	NC_012920.1	100.000	150	150	1.58e-77	278
POS_NC_001803_1_F0.001_R1_2052	NC_012920.1	100.000	150	150	1.58e-77	278
POS_NC_001803_1_F0.001_R1_2053	NC_012920.1	100.000	150	150	1.58e-77	278
POS_NC_001803_1_F0.001_R1_2054	NC_012920.1	100.000	150	150	1.58e-77	278
POS_NC_001803_1_F0.001_R1_2055	NC_012920.1	98.667	150	150	3.42e-74	267
POS_NC_001803_1_F0.001_R1_2056	NC_012920.1	100.000	150	150	1.58e-77	278
POS_NC_001803_1_F0.001_R1_2057	NC_012920.1	99.333	150	150	7.34e-76	272
POS_NC_001803_1_F0.001_R1_2058	NC_012920.1	100.000	150	150	1.58e-77	278
POS_NC_001803_1_F0.001_R1_2059	NC_012920.1	99.333	150	150	7.34e-76	272
POS_NC_001803_1_F0.001_R1_2060	NC_012920.1	100.000	150	150	1.58e-77	278
POS_NC_001803_1_F0.001_R1_2061	NC_012920.1	100.000	150	150	1.58e-77	278
POS_NC_001803_1_F0.001_R1_2062	NC_012920.1	100.000	150	150	1.58e-77	278
POS_NC_001803_1_F0.001_R1_2063	NC_012920.1	100.000	150	150	1.58e-77	278
POS_NC_001803_1_F0.001_R1_2064	NC_012920.1	100.000	150	150	1.58e-77	278
POS_NC_001803_1_F0.001_R1_2065	NC_012920.1	99.333	150	150	7.34e-76	272
POS_NC_001803_1_F0.001_R1_2066	NC_012920.1	100.000	150	150	1.58e-77	278
POS_NC_001803_1_F0.001_R1_2067	NC_012920.1	100.000	150	150	1.58e-77	278
POS_NC_001803_1_F0.001_R1_2068	NC_012920.1	100.000	150	150	1.58e-77	278
POS_NC_001803_1_F0.001_R1_2069	NC_012920.1	100.000	150	150	1.58e-77	278
POS_NC_001803_1_F0.001_R1_2070	NC_012920.1	99.333	150	150	7.34e-76	272
POS_NC_001803_1_F0.001_R1_2071	NC_012920.1	100.000	150	150	1.58e-77	278
POS_NC_001803_1_F0.001_R1_2072	NC_012920.1	100.000	150	150	1.58e-77	278
POS_NC_001803_1_F0.001_R1_2073	NC_012920.1	100.000	150	150	1.58e-77	278
POS_NC_001803_1_F0.001_R1_2074	NC_012920.1	100.000	150	150	1.58e-77	278
POS_NC_001803_1_F0.001_R1_2075	NC_012920.1	100.000	150	150	1.58e-77	278
POS_NC_001803_1_F0.001_R1_2076	NC_012920.1	100.000	150	150	1.58e-77	278
POS_NC_001803_1_F0.001_R1_2077	NC_012920.1	99.333	150	150	7.34e-76	272
POS_NC_001803_1_F0.001_R1_2078	NC_012920.1	100.000	150	150	1.58e-77	278
POS_NC_001803_1_F0.001_R1_2079	NC_012920.1	99.333	150	150	7.34e-76	272
POS_NC_001803_1_F0.001_R1_2080	NC_012920.1	100.000	150	150	1.58e-77	278
POS_NC_001803_1_F0.001_R1_2081	NC_012920.1	100.000	150	150	1.58e-77	278
POS_NC_001803_1_F0.001_R1_2082	NC_012920.1	100.000	150	150	1.58e-77	278
POS_NC_001803_1_F0.001_R1_2083	NC_012920.1	99.333	150	150	7.34e-76	272
POS_NC_001803_1_F0.001_R1_2084	NC_012920.1	100.000	150	150	1.58e-77	278
POS_NC_001803_1_F0.001_R1_2085	NC_012920.1	100.000	150	150	1.58e-77	278
POS_NC_001803_1_F0.001_R1_2086	NC_012920.1	100.000	150	150	1.58e-77	278
POS_NC_001803_1_F0.001_R1_2087	NC_012920.1	100.000	150	150	1.58e-77	278
POS_NC_001803_1_F0.001_R1_2088	NC_012920.1	100.000	150	150	1.58e-77	278
POS_NC_001803_1_F0.001_R1_2089	NC_012920.1	100.000	150	150	1.58e-77	278
POS_NC_001803_1_F0.001_R1_2090	NC_012920.1	100.000	150	150	1.58e-77	278
POS_NC_001803_1_F0.001_R1_2091	NC_012920.1	100.000	150	150	1.58e-77	278
POS_NC_001803_1_F0.001_R1_2092	NC_012920.1	100.000	150	150	1.58e-77	278
POS_NC_001803_1_F0.001_R1_2093	NC_012920.1	100.000	150	150	1.58e-77	278
POS_NC_001803_1_F0.001_R1_2094	NC_012920.1	100.000	150	150	1.58e-77	278
POS_NC_001803_1_F0.001_R1_2095	NC_012920.1	100.000	150	150	1.58e-77	278
POS_NC_001803_1_F0.001_R1_2096	NC_012920.1	100.000	150	150	1.58e-77	278
POS_NC_001803_1_F0.001_R1_2097	NC_012920.1	100.000	150	150	1.58e-77	278
POS_NC_001803_1_F0.001_R1_2098	NC_012920.1	100.000	150	150	1.58e-77	278
POS_NC_001803_1_F0.001_R1_2099	NC_012920.1	100.000	150	150	1.58e-77	278
POS_NC_001803_1_F0.001_R1_2100	NC_012920.1	100.000	150	150	1.58e-77	278
POS_NC_001803_1_F0.001_R1_2101	NC_012920.1	100.000	150	150	1.58e-77	278
POS_NC_001803_1_F0.001_R1_2102	NC_012920.1	100.000	150	150	1.58e-77	278
POS_NC_001803_1_F0.001_R1_2103	NC_012920.1	100.000	150	150	1.58e-77	278
POS_NC_001803_1_F0.001_R1_2104	NC_012920.1	100.000	150	150	1.58e-77	278
POS_NC_001803_1_F0.001_R1_2105	NC_012920.1	100.000	150	150	1.58e-77	278
POS_NC_001803_1_F0.001_R1_2106	NC_012920.1	100.000	150	150	1.58e-77	278
POS_NC_001803_1_F0.001_R1_2107	NC_012920.1	100.000	150	150	1.58e-77	278
POS_NC_001803_1_F0.001_R1_2108	NC_012920.1	100.000	150	150	1.58e-77	278
POS_NC_001803_1_F0.001_R1_2109	NC_012920.1	100.000	150	150	1.58e-77	278
POS_NC_001803_1_F0.001_R1_2110	NC_012920.1	99.333	150	150	7.34e-76	272
POS_NC_001803_1_F0.001_R1_2111	NC_012920.1	100.000	150	150	1.58e-77	278
POS_NC_001803_1_F0.001_R1_2112	NC_012920.1	100.000	150	150	1.58e-77	278
POS_NC_001803_1_F0.001_R1_2113	NC_012920.1	98.667	150	150	3.42e-74	267
POS_NC_001803_1_F0.001_R1_2114	NC_012920.1	99.333	150	150	7.34e-76	272
POS_NC_001803_1_F0.001_R1_2115	NC_012920.1	100.000	150	150	1.58e-77	278
POS_NC_001803_1_F0.001_R1_2116	NC_012920.1	100.000	150	150	1.58e-77	278
POS_NC_001803_1_F0.001_R1_2117	NC_012920.1	99.333	150	150	7.34e-76	272
POS_NC_001803_1_F0.001_R1_2118	NC_012920.1	100.000	150	150	1.58e-77	278
POS_NC_001803_1_F0.001_R1_2119	NC_012920.1	100.000	150	150	1.58e-77	278
POS_NC_001803_1_F0.001_R1_2120	NC_012920.1	99.333	150	150	7.34e-76	272
POS_NC_001803_1_F0.001_R1_2121	NC_012920.1	100.000	150	150	1.58e-77	278
POS_NC_001803_1_F0.001_R1_2122	NC_012920.1	100.000	150	150	1.58e-77	278
POS_NC_001803_1_F0.001_R1_2123	NC_012920.1	100.000	150	150	1.58e-77	278
POS_NC_001803_1_F0.001_R1_2124	NC_012920.1	100.000	150	150	1.58e-77	278
POS_NC_001803_1_F0.001_R1_2125	NC_012920.1	100.000	150	150	1.58e-77	278
POS_NC_001803_1_F0.001_R1_2126	NC_012920.1	100.000	150	150	1.58e-77	278
POS_NC_001803_1_F0.001_R1_2127	NC_012920.1	100.000	150	150	1.58e-77	278
POS_NC_001803_1_F0.001_R1_2128	NC_012920.1	100.000	150	150	1.58e-77	278
POS_NC_001803_1_F0.001_R1_2129	NC_012920.1	100.000	150	150	1.58e-77	278
POS_NC_001803_1_F0.001_R1_2130	NC_012920.1	100.000	150	150	1.58e-77	278
POS_NC_001803_1_F0.001_R1_2131	NC_012920.1	100.000	150	150	1.58e-77	278
POS_NC_001803_1_F0.001_R1_2132	NC_012920.1	100.000	150	150	1.58e-77	278
POS_NC_001803_1_F0.001_R1_2133	NC_012920.1	100.000	150	150	1.58e-77	278
POS_NC_001803_1_F0.001_R1_2134	NC_012920.1	99.333	150	150	7.34e-76	272
POS_NC_001803_1_F0.001_R1_2135	NC_012920.1	100.000	150	150	1.58e-77	278
POS_NC_001803_1_F0.001_R1_2136	NC_012920.1	100.000	150	150	1.58e-77	278
POS_NC_001803_1_F0.001_R1_2137	NC_012920.1	100.000	150	150	1.58e-77	278
POS_NC_001803_1_F0.001_R1_2138	NC_012920.1	100.000	150	150	1.58e-77	278
POS_NC_001803_1_F0.001_R1_2139	NC_012920.1	99.333	150	150	7.34e-76	272
POS_NC_001803_1_F0.001_R1_2140	NC_012920.1	100.000	150	150	1.58e-77	278
POS_NC_001803_1_F0.001_R1_2141	NC_012920.1	100.000	150	150	1.58e-77	278
POS_NC_001803_1_F0.001_R1_2142	NC_012920.1	100.000	150	150	1.58e-77	278
POS_NC_001803_1_F0.001_R1_2143	NC_012920.1	100.000	150	150	1.58e-77	278
POS_NC_001803_1_F0.001_R1_2144	NC_012920.1	100.000	150	150	1.58e-77	278
POS_NC_001803_1_F0.001_R1_2145	NC_012920.1	100.000	150	150	1.58e-77	278
POS_NC_001803_1_F0.001_R1_2146	NC_012920.1	99.333	150	150	7.34e-76	272
POS_NC_001803_1_F0.001_R1_2147	NC_012920.1	100.000	150	150	1.58e-77	278
POS_NC_001803_1_F0.001_R1_2148	NC_012920.1	100.000	150	150	1.58e-77	278
POS_NC_001803_1_F0.001_R1_2149	NC_012920.1	99.333	150	150	7.34e-76	272
POS_NC_001803_1_F0.001_R1_2150	NC_012920.1	99.333	150	150	9.50e-75	268
POS_NC_001803_1_F0.001_R1_2151	NC_012920.1	100.000	150	150	1.58e-77	278
POS_NC_001803_1_F0.001_R1_2152	NC_012920.1	100.000	150	150	1.58e-77	278
POS_NC_001803_1_F0.001_R1_2153	NC_012920.1	100.000	150	150	1.58e-77	278
POS_NC_001803_1_F0.001_R1_2154	NC_012920.1	100.000	150	150	1.58e-77	278
POS_NC_001803_1_F0.001_R1_2155	NC_012920.1	100.000	150	150	1.58e-77	278
POS_NC_001803_1_F0.001_R1_2156	NC_012920.1	100.000	150	150	1.58e-77	278
POS_NC_001803_1_F0.001_R1_2157	NC_012920.1	99.333	150	150	7.34e-76	272
POS_NC_001803_1_F0.001_R1_2158	NC_012920.1	100.000	150	150	1.58e-77	278
POS_NC_001803_1_F0.001_R1_2159	NC_012920.1	100.000	150	150	1.58e-77	278
POS_NC_001803_1_F0.001_R1_2160	NC_012920.1	100.000	150	150	1.58e-77	278
POS_NC_001803_1_F0.001_R1_2161	NC_012920.1	99.333	150	150	7.34e-76	272
POS_NC_001803_1_F0.001_R1_2162	NC_012920.1	98.667	150	150	3.42e-74	267
POS_NC_001803_1_F0.001_R1_2163	NC_012920.1	99.333	150	150	7.34e-76	272
POS_NC_001803_1_F0.001_R1_2164	NC_012920.1	100.000	150	150	1.58e-77	278
POS_NC_001803_1_F0.001_R1_2165	NC_012920.1	99.333	150	150	7.34e-76	272
POS_NC_001803_1_F0.001_R1_2166	NC_012920.1	100.000	150	150	1.58e-77	278
POS_NC_001803_1_F0.001_R1_2167	NC_012920.1	99.333	150	150	7.34e-76	272
POS_NC_001803_1_F0.001_R1_2168	NC_012920.1	98.667	150	150	3.42e-74	267
POS_NC_001803_1_F0.001_R1_2169	NC_012920.1	100.000	150	150	1.58e-77	278
POS_NC_001803_1_F0.001_R1_2170	NC_012920.1	99.333	150	150	7.34e-76	272
POS_NC_001803_1_F0.001_R1_2171	NC_012920.1	99.333	150	150	7.34e-76	272
POS_NC_001803_1_F0.001_R1_2172	NC_012920.1	100.000	150	150	1.58e-77	278
POS_NC_001803_1_F0.001_R1_2173	NC_012920.1	100.000	150	150	1.58e-77	278
POS_NC_001803_1_F0.001_R1_2174	NC_012920.1	100.000	150	150	2.04e-76	274
POS_NC_001803_1_F0.001_R1_2175	NC_012920.1	100.000	150	150	1.58e-77	278
POS_NC_001803_1_F0.001_R1_2176	NC_012920.1	100.000	150	150	1.58e-77	278
POS_NC_001803_1_F0.001_R1_2177	NC_012920.1	100.000	150	150	1.58e-77	278
POS_NC_001803_1_F0.001_R1_2178	NC_012920.1	100.000	150	150	1.58e-77	278
POS_NC_001803_1_F0.001_R1_2179	NC_012920.1	100.000	150	150	1.58e-77	278
POS_NC_001803_1_F0.001_R1_2180	NC_012920.1	100.000	150	150	1.58e-77	278
POS_NC_001803_1_F0.001_R1_2181	NC_012920.1	99.333	150	150	7.34e-76	272
POS_NC_001803_1_F0.001_R1_2182	NC_012920.1	100.000	150	150	1.58e-77	278
POS_NC_001803_1_F0.001_R1_2183	NC_012920.1	99.333	150	150	7.34e-76	272
POS_NC_001803_1_F0.001_R1_2184	NC_012920.1	100.000	150	150	1.58e-77	278
POS_NC_001803_1_F0.001_R1_2185	NC_012920.1	100.000	150	150	1.58e-77	278
POS_NC_001803_1_F0.001_R1_2186	NC_012920.1	100.000	150	150	1.58e-77	278
POS_NC_001803_1_F0.001_R1_2187	NC_012920.1	100.000	150	150	1.58e-77	278
POS_NC_001803_1_F0.001_R1_2188	NC_012920.1	99.333	150	150	7.34e-76	272
POS_NC_001803_1_F0.001_R1_2189	NC_012920.1	99.333	150	150	7.34e-76	272
POS_NC_001803_1_F0.001_R1_2190	NC_012920.1	99.333	150	150	7.34e-76	272
POS_NC_001803_1_F0.001_R1_2191	NC_012920.1	100.000	150	150	1.58e-77	278
POS_NC_001803_1_F0.001_R1_2192	NC_012920.1	99.333	150	150	7.34e-76	272
POS_NC_001803_1_F0.001_R1_2193	NC_012920.1	100.000	150	150	1.58e-77	278
POS_NC_001803_1_F0.001_R1_2194	NC_012920.1	99.333	150	150	7.34e-76	272
POS_NC_001803_1_F0.001_R1_2195	NC_012920.1	100.000	150	150	1.58e-77	278
POS_NC_001803_1_F0.001_R1_2196	NC_012920.1	100.000	150	150	1.58e-77	278
POS_NC_001803_1_F0.001_R1_2197	NC_012920.1	100.000	150	150	1.58e-77	278
POS_NC_001803_1_F0.001_R1_2198	NC_012920.1	100.000	150	150	1.58e-77	278
POS_NC_001803_1_F0.001_R1_2199	NC_012920.1	100.000	150	150	1.58e-77	278
POS_NC_001803_1_F0.001_R1_2200	NC_012920.1	100.000	150	150	1.58e-77	278
POS_NC_001803_1_F0.001_R1_2201	NC_012920.1	100.000	150	150	1.58e-77	278
POS_NC_001803_1_F0.001_R1_2202	NC_012920.1	99.333	150	150	7.34e-76	272
POS_NC_001803_1_F0.001_R1_2203	NC_012920.1	100.000	150	150	1.58e-77	278
POS_NC_001803_1_F0.001_R1_2204	NC_012920.1	100.000	150	150	1.58e-77	278
POS_NC_001803_1_F0.001_R1_2205	NC_012920.1	100.000	150	150	1.58e-77	278
POS_NC_001803_1_F0.001_R1_2206	NC_012920.1	100.000	150	150	1.58e-77	278
POS_NC_001803_1_F0.001_R1_2207	NC_012920.1	100.000	150	150	1.58e-77	278
POS_NC_001803_1_F0.001_R1_2208	NC_012920.1	99.333	150	150	7.34e-76	272
POS_NC_001803_1_F0.001_R1_2209	NC_012920.1	100.000	150	150	1.58e-77	278
POS_NC_001803_1_F0.001_R1_2210	NC_012920.1	100.000	150	150	1.58e-77	278
POS_NC_001803_1_F0.001_R1_2211	NC_012920.1	100.000	150	150	1.58e-77	278
POS_NC_001803_1_F0.001_R1_2212	NC_012920.1	100.000	150	150	1.58e-77	278
POS_NC_001803_1_F0.001_R1_2213	NC_012920.1	100.000	150	150	2.04e-76	274
POS_NC_001803_1_F0.001_R1_2214	NC_012920.1	100.000	150	150	1.58e-77	278
POS_NC_001803_1_F0.001_R1_2215	NC_012920.1	100.000	150	150	1.58e-77	278
POS_NC_001803_1_F0.001_R1_2216	NC_012920.1	99.333	150	150	7.34e-76	272
POS_NC_001803_1_F0.001_R1_2217	NC_012920.1	100.000	150	150	1.58e-77	278
POS_NC_001803_1_F0.001_R1_2218	NC_012920.1	100.000	150	150	1.58e-77	278
POS_NC_001803_1_F0.001_R1_2219	NC_012920.1	100.000	150	150	1.58e-77	278
POS_NC_001803_1_F0.001_R1_2220	NC_012920.1	100.000	150	150	1.58e-77	278
POS_NC_001803_1_F0.001_R1_2221	NC_012920.1	100.000	150	150	1.58e-77	278
POS_NC_001803_1_F0.001_R1_2222	NC_012920.1	100.000	150	150	1.58e-77	278
POS_NC_001803_1_F0.001_R1_2223	NC_012920.1	100.000	150	150	1.58e-77	278
POS_NC_001803_1_F0.001_R1_2224	NC_012920.1	100.000	150	150	1.58e-77	278
POS_NC_001803_1_F0.001_R1_2225	NC_012920.1	100.000	150	150	1.58e-77	278
POS_NC_001803_1_F0.001_R1_2226	NC_012920.1	99.333	150	150	7.34e-76	272
POS_NC_001803_1_F0.001_R1_2227	NC_012920.1	100.000	150	150	1.58e-77	278
POS_NC_001803_1_F0.001_R1_2228	NC_012920.1	99.333	150	150	7.34e-76	272
POS_NC_001803_1_F0.001_R1_2229	NC_012920.1	100.000	150	150	1.58e-77	278
POS_NC_001803_1_F0.001_R1_2230	NC_012920.1	100.000	150	150	1.58e-77	278
POS_NC_001803_1_F0.001_R1_2231	NC_012920.1	100.000	150	150	1.58e-77	278
POS_NC_001803_1_F0.001_R1_2232	NC_012920.1	99.333	150	150	7.34e-76	272
POS_NC_001803_1_F0.001_R1_2233	NC_012920.1	100.000	150	150	1.58e-77	278
POS_NC_001803_1_F0.001_R1_2234	NC_012920.1	99.333	150	150	7.34e-76	272
POS_NC_001803_1_F0.001_R1_2235	NC_012920.1	99.333	150	150	7.34e-76	272
POS_NC_001803_1_F0.001_R1_2236	NC_012920.1	100.000	150	150	1.58e-77	278
POS_NC_001803_1_F0.001_R1_2237	NC_012920.1	99.333	150	150	7.34e-76	272
POS_NC_001803_1_F0.001_R1_2238	NC_012920.1	100.000	150	150	1.58e-77	278
POS_NC_001803_1_F0.001_R1_2239	NC_012920.1	100.000	150	150	1.58e-77	278
POS_NC_001803_1_F0.001_R1_2240	NC_012920.1	99.333	150	150	7.34e-76	272
POS_NC_001803_1_F0.001_R1_2241	NC_012920.1	100.000	150	150	1.58e-77	278
POS_NC_001803_1_F0.001_R1_2242	NC_012920.1	100.000	150	150	1.58e-77	278
POS_NC_001803_1_F0.001_R1_2243	NC_012920.1	100.000	150	150	1.58e-77	278
POS_NC_001803_1_F0.001_R1_2244	NC_012920.1	99.333	150	150	7.34e-76	272
POS_NC_001803_1_F0.001_R1_2245	NC_012920.1	100.000	150	150	1.58e-77	278
POS_NC_001803_1_F0.001_R1_2246	NC_012920.1	100.000	150	150	1.58e-77	278
POS_NC_001803_1_F0.001_R1_2247	NC_012920.1	100.000	150	150	1.58e-77	278
POS_NC_001803_1_F0.001_R1_2248	NC_012920.1	100.000	150	150	1.58e-77	278
POS_NC_001803_1_F0.001_R1_2249	NC_012920.1	100.000	150	150	1.58e-77	278
POS_NC_001803_1_F0.001_R1_2250	NC_012920.1	100.000	150	150	1.58e-77	278
POS_NC_001803_1_F0.001_R1_2251	NC_012920.1	99.333	150	150	7.34e-76	272
POS_NC_001803_1_F0.001_R1_2252	NC_012920.1	99.333	150	150	7.34e-76	272
POS_NC_001803_1_F0.001_R1_2253	NC_012920.1	98.667	150	150	3.42e-74	267
POS_NC_001803_1_F0.001_R1_2254	NC_012920.1	99.333	150	150	7.34e-76	272
POS_NC_001803_1_F0.001_R1_2255	NC_012920.1	100.000	150	150	1.58e-77	278
POS_NC_001803_1_F0.001_R1_2256	NC_012920.1	99.333	150	150	7.34e-76	272
POS_NC_001803_1_F0.001_R1_2257	NC_012920.1	100.000	150	150	1.58e-77	278
POS_NC_001803_1_F0.001_R1_2258	NC_012920.1	100.000	150	150	1.58e-77	278
POS_NC_001803_1_F0.001_R1_2259	NC_012920.1	99.333	150	150	7.34e-76	272
POS_NC_001803_1_F0.001_R1_2260	NC_012920.1	100.000	150	150	1.58e-77	278
POS_NC_001803_1_F0.001_R1_2261	NC_012920.1	100.000	150	150	1.58e-77	278
POS_NC_001803_1_F0.001_R1_2262	NC_012920.1	100.000	150	150	1.58e-77	278
POS_NC_001803_1_F0.001_R1_2263	NC_012920.1	100.000	150	150	1.58e-77	278
POS_NC_001803_1_F0.001_R1_2264	NC_012920.1	100.000	150	150	1.58e-77	278
POS_NC_001803_1_F0.001_R1_2265	NC_012920.1	100.000	150	150	1.58e-77	278
POS_NC_001803_1_F0.001_R1_2266	NC_012920.1	100.000	150	150	1.58e-77	278
POS_NC_001803_1_F0.001_R1_2267	NC_012920.1	100.000	150	150	1.58e-77	278
POS_NC_001803_1_F0.001_R1_2268	NC_012920.1	100.000	150	150	1.58e-77	278
POS_NC_001803_1_F0.001_R1_2269	NC_012920.1	100.000	150	150	1.58e-77	278
POS_NC_001803_1_F0.001_R1_2270	NC_012920.1	100.000	150	150	1.58e-77	278
POS_NC_001803_1_F0.001_R1_2271	NC_012920.1	100.000	150	150	1.58e-77	278
POS_NC_001803_1_F0.001_R1_2272	NC_012920.1	99.333	150	150	7.34e-76	272
POS_NC_001803_1_F0.001_R1_2273	NC_012920.1	100.000	150	150	1.58e-77	278
POS_NC_001803_1_F0.001_R1_2274	NC_012920.1	100.000	150	150	1.58e-77	278
POS_NC_001803_1_F0.001_R1_2275	NC_012920.1	100.000	150	150	1.58e-77	278
POS_NC_001803_1_F0.001_R1_2276	NC_012920.1	100.000	150	150	1.58e-77	278
POS_NC_001803_1_F0.001_R1_2277	NC_012920.1	100.000	150	150	1.58e-77	278
POS_NC_001803_1_F0.001_R1_2278	NC_012920.1	100.000	150	150	1.58e-77	278
POS_NC_001803_1_F0.001_R1_2279	NC_012920.1	100.000	150	150	2.04e-76	274
POS_NC_001803_1_F0.001_R1_2280	NC_012920.1	100.000	150	150	1.58e-77	278
POS_NC_001803_1_F0.001_R1_2281	NC_012920.1	100.000	150	150	2.04e-76	274
POS_NC_001803_1_F0.001_R1_2282	NC_012920.1	100.000	150	150	1.58e-77	278
POS_NC_001803_1_F0.001_R1_2283	NC_012920.1	100.000	150	150	1.58e-77	278
POS_NC_001803_1_F0.001_R1_2284	NC_012920.1	99.333	150	150	7.34e-76	272
POS_NC_001803_1_F0.001_R1_2285	NC_012920.1	100.000	150	150	1.58e-77	278
POS_NC_001803_1_F0.001_R1_2286	NC_012920.1	99.333	150	150	7.34e-76	272
POS_NC_001803_1_F0.001_R1_2287	NC_012920.1	100.000	150	150	1.58e-77	278
POS_NC_001803_1_F0.001_R1_2288	NC_012920.1	100.000	150	150	1.58e-77	278
POS_NC_001803_1_F0.001_R1_2289	NC_012920.1	100.000	150	150	1.58e-77	278
POS_NC_001803_1_F0.001_R1_2290	NC_012920.1	100.000	150	150	1.58e-77	278
POS_NC_001803_1_F0.001_R1_2291	NC_012920.1	100.000	150	150	1.58e-77	278
POS_NC_001803_1_F0.001_R1_2292	NC_012920.1	99.333	150	150	7.34e-76	272
POS_NC_001803_1_F0.001_R1_2293	NC_012920.1	100.000	150	150	1.58e-77	278
POS_NC_001803_1_F0.001_R1_2294	NC_012920.1	100.000	150	150	1.58e-77	278
POS_NC_001803_1_F0.001_R1_2295	NC_012920.1	100.000	150	150	1.58e-77	278
POS_NC_001803_1_F0.001_R1_2296	NC_012920.1	99.333	150	150	7.34e-76	272
POS_NC_001803_1_F0.001_R1_2297	NC_012920.1	100.000	150	150	1.58e-77	278
POS_NC_001803_1_F0.001_R1_2298	NC_012920.1	100.000	150	150	1.58e-77	278
POS_NC_001803_1_F0.001_R1_2299	NC_012920.1	100.000	150	150	1.58e-77	278
POS_NC_001803_1_F0.001_R1_2300	NC_012920.1	100.000	150	150	1.58e-77	278
POS_NC_001803_1_F0.001_R1_2301	NC_012920.1	100.000	150	150	1.58e-77	278
POS_NC_001803_1_F0.001_R1_2302	NC_012920.1	100.000	150	150	1.58e-77	278
POS_NC_001803_1_F0.001_R1_2303	NC_012920.1	98.658	149	150	1.23e-73	265
POS_NC_001803_1_F0.001_R1_2304	NC_012920.1	100.000	150	150	1.58e-77	278
POS_NC_001803_1_F0.001_R1_2305	NC_012920.1	98.667	150	150	3.42e-74	267
POS_NC_001803_1_F0.001_R1_2306	NC_012920.1	100.000	150	150	1.58e-77	278
POS_NC_001803_1_F0.001_R1_2307	NC_012920.1	100.000	150	150	1.58e-77	278
POS_NC_001803_1_F0.001_R1_2308	NC_012920.1	99.333	150	150	7.34e-76	272
POS_NC_001803_1_F0.001_R1_2309	NC_012920.1	100.000	150	150	1.58e-77	278
POS_NC_001803_1_F0.001_R1_2310	NC_012920.1	99.333	150	150	7.34e-76	272
POS_NC_001803_1_F0.001_R1_2311	NC_012920.1	100.000	150	150	1.58e-77	278
POS_NC_001803_1_F0.001_R1_2312	NC_012920.1	100.000	150	150	1.58e-77	278
POS_NC_001803_1_F0.001_R1_2313	NC_012920.1	100.000	150	150	1.58e-77	278
POS_NC_001803_1_F0.001_R1_2314	NC_012920.1	100.000	150	150	1.58e-77	278
POS_NC_001803_1_F0.001_R1_2315	NC_012920.1	99.329	149	150	2.64e-75	270
POS_NC_001803_1_F0.001_R1_2316	NC_012920.1	100.000	150	150	1.58e-77	278
POS_NC_001803_1_F0.001_R1_2317	NC_012920.1	99.333	150	150	7.34e-76	272
POS_NC_001803_1_F0.001_R1_2318	NC_012920.1	100.000	150	150	1.58e-77	278
POS_NC_001803_1_F0.001_R1_2319	NC_012920.1	100.000	150	150	1.58e-77	278
POS_NC_001803_1_F0.001_R1_2320	NC_012920.1	100.000	150	150	1.58e-77	278
POS_NC_001803_1_F0.001_R1_2321	NC_012920.1	99.333	150	150	7.34e-76	272
POS_NC_001803_1_F0.001_R1_2322	NC_012920.1	100.000	150	150	1.58e-77	278
POS_NC_001803_1_F0.001_R1_2323	NC_012920.1	100.000	150	150	1.58e-77	278
POS_NC_001803_1_F0.001_R1_2324	NC_012920.1	100.000	150	150	1.58e-77	278
POS_NC_001803_1_F0.001_R1_2325	NC_012920.1	100.000	150	150	1.58e-77	278
POS_NC_001803_1_F0.001_R1_2326	NC_012920.1	100.000	150	150	1.58e-77	278
POS_NC_001803_1_F0.001_R1_2327	NC_012920.1	99.333	150	150	7.34e-76	272
POS_NC_001803_1_F0.001_R1_2328	NC_012920.1	100.000	150	150	1.58e-77	278
POS_NC_001803_1_F0.001_R1_2329	NC_012920.1	100.000	150	150	1.58e-77	278
POS_NC_001803_1_F0.001_R1_2330	NC_012920.1	100.000	150	150	1.58e-77	278
POS_NC_001803_1_F0.001_R1_2331	NC_012920.1	100.000	150	150	1.58e-77	278
POS_NC_001803_1_F0.001_R1_2332	NC_012920.1	100.000	150	150	1.58e-77	278
POS_NC_001803_1_F0.001_R1_2333	NC_012920.1	100.000	150	150	1.58e-77	278
POS_NC_001803_1_F0.001_R1_2334	NC_012920.1	100.000	150	150	1.58e-77	278
POS_NC_001803_1_F0.001_R1_2335	NC_012920.1	100.000	150	150	1.58e-77	278
POS_NC_001803_1_F0.001_R1_2336	NC_012920.1	100.000	150	150	1.58e-77	278
POS_NC_001803_1_F0.001_R1_2337	NC_012920.1	98.667	150	150	3.42e-74	267
POS_NC_001803_1_F0.001_R1_2338	NC_012920.1	100.000	150	150	1.58e-77	278
POS_NC_001803_1_F0.001_R1_2339	NC_012920.1	100.000	150	150	1.58e-77	278
POS_NC_001803_1_F0.001_R1_2340	NC_012920.1	100.000	150	150	1.58e-77	278
POS_NC_001803_1_F0.001_R1_2341	NC_012920.1	100.000	150	150	1.58e-77	278
POS_NC_001803_1_F0.001_R1_2342	NC_012920.1	99.333	150	150	7.34e-76	272
POS_NC_001803_1_F0.001_R1_2343	NC_012920.1	99.333	150	150	7.34e-76	272
POS_NC_001803_1_F0.001_R1_2344	NC_012920.1	100.000	150	150	1.58e-77	278
POS_NC_001803_1_F0.001_R1_2345	NC_012920.1	99.333	150	150	7.34e-76	272
POS_NC_001803_1_F0.001_R1_2346	NC_012920.1	100.000	150	150	1.58e-77	278
POS_NC_001803_1_F0.001_R1_2347	NC_012920.1	100.000	150	150	1.58e-77	278
POS_NC_001803_1_F0.001_R1_2348	NC_012920.1	99.333	150	150	7.34e-76	272
POS_NC_001803_1_F0.001_R1_2349	NC_012920.1	100.000	150	150	1.58e-77	278
POS_NC_001803_1_F0.001_R1_2350	NC_012920.1	100.000	150	150	1.58e-77	278
POS_NC_001803_1_F0.001_R1_2351	NC_012920.1	99.333	150	150	7.34e-76	272
POS_NC_001803_1_F0.001_R1_2352	NC_012920.1	99.333	150	150	9.50e-75	268
POS_NC_001803_1_F0.001_R1_2353	NC_012920.1	99.333	150	150	7.34e-76	272
POS_NC_001803_1_F0.001_R1_2354	NC_012920.1	100.000	150	150	1.58e-77	278
POS_NC_001803_1_F0.001_R1_2355	NC_012920.1	100.000	150	150	1.58e-77	278
POS_NC_001803_1_F0.001_R1_2356	NC_012920.1	100.000	150	150	1.58e-77	278
POS_NC_001803_1_F0.001_R1_2357	NC_012920.1	100.000	150	150	1.58e-77	278
POS_NC_001803_1_F0.001_R1_2358	NC_012920.1	100.000	150	150	1.58e-77	278
POS_NC_001803_1_F0.001_R1_2359	NC_012920.1	100.000	150	150	1.58e-77	278
POS_NC_001803_1_F0.001_R1_2360	NC_012920.1	100.000	150	150	1.58e-77	278
POS_NC_001803_1_F0.001_R1_2361	NC_012920.1	99.333	150	150	7.34e-76	272
POS_NC_001803_1_F0.001_R1_2362	NC_012920.1	100.000	150	150	1.58e-77	278
POS_NC_001803_1_F0.001_R1_2363	NC_012920.1	100.000	150	150	1.58e-77	278
POS_NC_001803_1_F0.001_R1_2364	NC_012920.1	100.000	150	150	1.58e-77	278
POS_NC_001803_1_F0.001_R1_2365	NC_012920.1	100.000	150	150	1.58e-77	278
POS_NC_001803_1_F0.001_R1_2366	NC_012920.1	100.000	150	150	1.58e-77	278
POS_NC_001803_1_F0.001_R1_2367	NC_012920.1	99.333	150	150	7.34e-76	272
POS_NC_001803_1_F0.001_R1_2368	NC_012920.1	99.333	150	150	7.34e-76	272
POS_NC_001803_1_F0.001_R1_2369	NC_012920.1	100.000	150	150	1.58e-77	278
POS_NC_001803_1_F0.001_R1_2370	NC_012920.1	99.333	150	150	7.34e-76	272
POS_NC_001803_1_F0.001_R1_2371	NC_012920.1	100.000	150	150	1.58e-77	278
POS_NC_001803_1_F0.001_R1_2372	NC_012920.1	100.000	150	150	1.58e-77	278
POS_NC_001803_1_F0.001_R1_2373	NC_012920.1	100.000	150	150	1.58e-77	278
POS_NC_001803_1_F0.001_R1_2374	NC_012920.1	100.000	150	150	1.58e-77	278
POS_NC_001803_1_F0.001_R1_2375	NC_012920.1	100.000	150	150	1.58e-77	278
POS_NC_001803_1_F0.001_R1_2376	NC_012920.1	100.000	150	150	1.58e-77	278
POS_NC_001803_1_F0.001_R1_2377	NC_012920.1	99.333	150	150	7.34e-76	272
POS_NC_001803_1_F0.001_R1_2378	NC_012920.1	100.000	150	150	1.58e-77	278
POS_NC_001803_1_F0.001_R1_2379	NC_012920.1	100.000	150	150	1.58e-77	278
POS_NC_001803_1_F0.001_R1_2380	NC_012920.1	99.333	150	150	7.34e-76	272
POS_NC_001803_1_F0.001_R1_2381	NC_012920.1	99.333	150	150	7.34e-76	272
POS_NC_001803_1_F0.001_R1_2382	NC_012920.1	99.333	150	150	7.34e-76	272
POS_NC_001803_1_F0.001_R1_2383	NC_012920.1	100.000	150	150	1.58e-77	278
POS_NC_001803_1_F0.001_R1_2384	NC_012920.1	100.000	150	150	1.58e-77	278
POS_NC_001803_1_F0.001_R1_2385	NC_012920.1	100.000	150	150	1.58e-77	278
POS_NC_001803_1_F0.001_R1_2386	NC_012920.1	100.000	150	150	1.58e-77	278
POS_NC_001803_1_F0.001_R1_2387	NC_012920.1	99.333	150	150	7.34e-76	272
POS_NC_001803_1_F0.001_R1_2388	NC_012920.1	100.000	150	150	1.58e-77	278
POS_NC_001803_1_F0.001_R1_2389	NC_012920.1	100.000	150	150	1.58e-77	278
POS_NC_001803_1_F0.001_R1_2390	NC_012920.1	100.000	150	150	1.58e-77	278
POS_NC_001803_1_F0.001_R1_2391	NC_012920.1	99.333	150	150	7.34e-76	272
POS_NC_001803_1_F0.001_R1_2392	NC_012920.1	100.000	150	150	2.04e-76	274
POS_NC_001803_1_F0.001_R1_2393	NC_012920.1	100.000	150	150	1.58e-77	278
POS_NC_001803_1_F0.001_R1_2394	NC_012920.1	99.333	150	150	7.34e-76	272
POS_NC_001803_1_F0.001_R1_2395	NC_012920.1	100.000	150	150	1.58e-77	278
POS_NC_001803_1_F0.001_R1_2396	NC_012920.1	100.000	150	150	1.58e-77	278
POS_NC_001803_1_F0.001_R1_2397	NC_012920.1	100.000	150	150	1.58e-77	278
POS_NC_001803_1_F0.001_R1_2398	NC_012920.1	100.000	150	150	1.58e-77	278
POS_NC_001803_1_F0.001_R1_2399	NC_012920.1	100.000	150	150	1.58e-77	278
POS_NC_001803_1_F0.001_R1_2400	NC_012920.1	100.000	150	150	1.58e-77	278
POS_NC_001803_1_F0.001_R1_2401	NC_012920.1	99.333	150	150	7.34e-76	272
POS_NC_001803_1_F0.001_R1_2402	NC_012920.1	99.333	150	150	7.34e-76	272
POS_NC_001803_1_F0.001_R1_2403	NC_012920.1	100.000	150	150	1.58e-77	278
POS_NC_001803_1_F0.001_R1_2404	NC_012920.1	100.000	150	150	1.58e-77	278
POS_NC_001803_1_F0.001_R1_2405	NC_012920.1	100.000	150	150	1.58e-77	278
POS_NC_001803_1_F0.001_R1_2406	NC_012920.1	99.333	150	150	7.34e-76	272
POS_NC_001803_1_F0.001_R1_2407	NC_012920.1	100.000	150	150	1.58e-77	278
POS_NC_001803_1_F0.001_R1_2408	NC_012920.1	100.000	150	150	1.58e-77	278
POS_NC_001803_1_F0.001_R1_2409	NC_012920.1	99.333	150	150	7.34e-76	272
POS_NC_001803_1_F0.001_R1_2410	NC_012920.1	100.000	150	150	1.58e-77	278
POS_NC_001803_1_F0.001_R1_2411	NC_012920.1	99.333	150	150	7.34e-76	272
POS_NC_001803_1_F0.001_R1_2412	NC_012920.1	100.000	150	150	1.58e-77	278
POS_NC_001803_1_F0.001_R1_2413	NC_012920.1	99.333	150	150	7.34e-76	272
POS_NC_001803_1_F0.001_R1_2414	NC_012920.1	100.000	150	150	1.58e-77	278
POS_NC_001803_1_F0.001_R1_2415	NC_012920.1	100.000	150	150	1.58e-77	278
POS_NC_001803_1_F0.001_R1_2416	NC_012920.1	99.333	150	150	7.34e-76	272
POS_NC_001803_1_F0.001_R1_2417	NC_012920.1	100.000	150	150	1.58e-77	278
POS_NC_001803_1_F0.001_R1_2418	NC_012920.1	100.000	150	150	1.58e-77	278
POS_NC_001803_1_F0.001_R1_2419	NC_012920.1	100.000	150	150	1.58e-77	278
POS_NC_001803_1_F0.001_R1_2420	NC_012920.1	99.333	150	150	7.34e-76	272
POS_NC_001803_1_F0.001_R1_2421	NC_012920.1	99.333	150	150	7.34e-76	272
POS_NC_001803_1_F0.001_R1_2422	NC_012920.1	100.000	150	150	1.58e-77	278
POS_NC_001803_1_F0.001_R1_2423	NC_012920.1	100.000	150	150	1.58e-77	278
POS_NC_001803_1_F0.001_R1_2424	NC_012920.1	100.000	150	150	1.58e-77	278
POS_NC_001803_1_F0.001_R1_2425	NC_012920.1	99.333	150	150	7.34e-76	272
POS_NC_001803_1_F0.001_R1_2426	NC_012920.1	100.000	150	150	1.58e-77	278
POS_NC_001803_1_F0.001_R1_2427	NC_012920.1	100.000	150	150	1.58e-77	278
POS_NC_001803_1_F0.001_R1_2428	NC_012920.1	100.000	150	150	1.58e-77	278
POS_NC_001803_1_F0.001_R1_2429	NC_012920.1	99.333	150	150	7.34e-76	272
POS_NC_001803_1_F0.001_R1_2430	NC_012920.1	99.333	150	150	7.34e-76	272
POS_NC_001803_1_F0.001_R1_2431	NC_012920.1	100.000	150	150	1.58e-77	278
POS_NC_001803_1_F0.001_R1_2432	NC_012920.1	100.000	150	150	1.58e-77	278
POS_NC_001803_1_F0.001_R1_2433	NC_012920.1	99.333	150	150	7.34e-76	272
POS_NC_001803_1_F0.001_R1_2434	NC_012920.1	100.000	150	150	1.58e-77	278
POS_NC_001803_1_F0.001_R1_2435	NC_012920.1	100.000	150	150	1.58e-77	278
POS_NC_001803_1_F0.001_R1_2436	NC_012920.1	100.000	150	150	1.58e-77	278
POS_NC_001803_1_F0.001_R1_2437	NC_012920.1	100.000	150	150	1.58e-77	278
POS_NC_001803_1_F0.001_R1_2438	NC_012920.1	100.000	150	150	1.58e-77	278
POS_NC_001803_1_F0.001_R1_2439	NC_012920.1	100.000	150	150	1.58e-77	278
POS_NC_001803_1_F0.001_R1_2440	NC_012920.1	100.000	150	150	1.58e-77	278
POS_NC_001803_1_F0.001_R1_2441	NC_012920.1	100.000	150	150	1.58e-77	278
POS_NC_001803_1_F0.001_R1_2442	NC_012920.1	100.000	150	150	1.58e-77	278
POS_NC_001803_1_F0.001_R1_2443	NC_012920.1	98.667	150	150	3.42e-74	267
POS_NC_001803_1_F0.001_R1_2444	NC_012920.1	99.333	150	150	7.34e-76	272
POS_NC_001803_1_F0.001_R1_2445	NC_012920.1	100.000	150	150	1.58e-77	278
POS_NC_001803_1_F0.001_R1_2446	NC_012920.1	100.000	150	150	1.58e-77	278
POS_NC_001803_1_F0.001_R1_2447	NC_012920.1	99.333	150	150	7.34e-76	272
POS_NC_001803_1_F0.001_R1_2448	NC_012920.1	100.000	150	150	1.58e-77	278
POS_NC_001803_1_F0.001_R1_2449	NC_012920.1	100.000	150	150	1.58e-77	278
POS_NC_001803_1_F0.001_R1_2450	NC_012920.1	100.000	150	150	1.58e-77	278
POS_NC_001803_1_F0.001_R1_2451	NC_012920.1	100.000	150	150	1.58e-77	278
POS_NC_001803_1_F0.001_R1_2452	NC_012920.1	100.000	150	150	1.58e-77	278
POS_NC_001803_1_F0.001_R1_2453	NC_012920.1	100.000	150	150	1.58e-77	278
POS_NC_001803_1_F0.001_R1_2454	NC_012920.1	99.333	150	150	7.34e-76	272
POS_NC_001803_1_F0.001_R1_2455	NC_012920.1	99.333	150	150	7.34e-76	272
POS_NC_001803_1_F0.001_R1_2456	NC_012920.1	100.000	150	150	1.58e-77	278
POS_NC_001803_1_F0.001_R1_2457	NC_012920.1	100.000	150	150	1.58e-77	278
POS_NC_001803_1_F0.001_R1_2458	NC_012920.1	99.333	150	150	7.34e-76	272
POS_NC_001803_1_F0.001_R1_2459	NC_012920.1	100.000	150	150	1.58e-77	278
POS_NC_001803_1_F0.001_R1_2460	NC_012920.1	100.000	150	150	1.58e-77	278
POS_NC_001803_1_F0.001_R1_2461	NC_012920.1	100.000	150	150	1.58e-77	278
POS_NC_001803_1_F0.001_R1_2462	NC_012920.1	100.000	150	150	1.58e-77	278
POS_NC_001803_1_F0.001_R1_2463	NC_012920.1	99.333	150	150	7.34e-76	272
POS_NC_001803_1_F0.001_R1_2464	NC_012920.1	99.333	150	150	7.34e-76	272
POS_NC_001803_1_F0.001_R1_2465	NC_012920.1	99.333	150	150	7.34e-76	272
POS_NC_001803_1_F0.001_R1_2466	NC_012920.1	100.000	150	150	1.58e-77	278
POS_NC_001803_1_F0.001_R1_2467	NC_012920.1	99.333	150	150	7.34e-76	272
POS_NC_001803_1_F0.001_R1_2468	NC_012920.1	100.000	150	150	1.58e-77	278
POS_NC_001803_1_F0.001_R1_2469	NC_012920.1	100.000	150	150	1.58e-77	278
POS_NC_001803_1_F0.001_R1_2470	NC_012920.1	100.000	150	150	1.58e-77	278
POS_NC_001803_1_F0.001_R1_2471	NC_012920.1	100.000	150	150	1.58e-77	278
POS_NC_001803_1_F0.001_R1_2472	NC_012920.1	99.333	150	150	7.34e-76	272
POS_NC_001803_1_F0.001_R1_2473	NC_012920.1	100.000	150	150	1.58e-77	278
POS_NC_001803_1_F0.001_R1_2474	NC_012920.1	100.000	150	150	1.58e-77	278
POS_NC_001803_1_F0.001_R1_2475	NC_012920.1	100.000	150	150	1.58e-77	278
POS_NC_001803_1_F0.001_R1_2476	NC_012920.1	100.000	150	150	1.58e-77	278
POS_NC_001803_1_F0.001_R1_2477	NC_012920.1	100.000	150	150	1.58e-77	278
POS_NC_001803_1_F0.001_R1_2478	NC_012920.1	100.000	150	150	1.58e-77	278
POS_NC_001803_1_F0.001_R1_2479	NC_012920.1	99.333	150	150	7.34e-76	272
POS_NC_001803_1_F0.001_R1_2480	NC_012920.1	100.000	150	150	1.58e-77	278
POS_NC_001803_1_F0.001_R1_2481	NC_012920.1	100.000	150	150	1.58e-77	278
POS_NC_001803_1_F0.001_R1_2482	NC_012920.1	99.333	150	150	9.50e-75	268
POS_NC_001803_1_F0.001_R1_2483	NC_012920.1	100.000	150	150	1.58e-77	278
POS_NC_001803_1_F0.001_R1_2484	NC_012920.1	100.000	150	150	1.58e-77	278
POS_NC_001803_1_F0.001_R1_2485	NC_012920.1	100.000	150	150	1.58e-77	278
POS_NC_001803_1_F0.001_R1_2486	NC_012920.1	100.000	150	150	1.58e-77	278
POS_NC_001803_1_F0.001_R1_2487	NC_012920.1	99.333	150	150	7.34e-76	272
POS_NC_001803_1_F0.001_R1_2488	NC_012920.1	100.000	150	150	1.58e-77	278
POS_NC_001803_1_F0.001_R1_2489	NC_012920.1	100.000	150	150	1.58e-77	278
POS_NC_001803_1_F0.001_R1_2490	NC_012920.1	100.000	150	150	1.58e-77	278
POS_NC_001803_1_F0.001_R1_2491	NC_012920.1	100.000	150	150	1.58e-77	278
POS_NC_001803_1_F0.001_R1_2492	NC_012920.1	100.000	150	150	1.58e-77	278
POS_NC_001803_1_F0.001_R1_2493	NC_012920.1	99.333	150	150	7.34e-76	272
POS_NC_001803_1_F0.001_R1_2494	NC_012920.1	100.000	150	150	1.58e-77	278
POS_NC_001803_1_F0.001_R1_2495	NC_012920.1	100.000	150	150	1.58e-77	278
POS_NC_001803_1_F0.001_R1_2496	NC_012920.1	100.000	150	150	1.58e-77	278
POS_NC_001803_1_F0.001_R1_2497	NC_012920.1	100.000	150	150	1.58e-77	278
POS_NC_001803_1_F0.001_R1_2498	NC_012920.1	100.000	150	150	1.58e-77	278
POS_NC_001803_1_F0.001_R1_2499	NC_012920.1	100.000	150	150	1.58e-77	278
POS_NC_001803_1_F0.001_R1_2500	NC_012920.1	99.333	150	150	7.34e-76	272
POS_NC_001803_1_F0.001_R1_2501	NC_012920.1	100.000	150	150	1.58e-77	278
POS_NC_001803_1_F0.001_R1_2502	NC_012920.1	100.000	150	150	1.58e-77	278
POS_NC_001803_1_F0.001_R1_2503	NC_012920.1	100.000	150	150	1.58e-77	278
POS_NC_001803_1_F0.001_R1_2504	NC_012920.1	100.000	150	150	1.58e-77	278
POS_NC_001803_1_F0.001_R1_2505	NC_012920.1	100.000	150	150	1.58e-77	278
POS_NC_001803_1_F0.001_R1_2506	NC_012920.1	100.000	150	150	1.58e-77	278
POS_NC_001803_1_F0.001_R1_2507	NC_012920.1	100.000	150	150	1.58e-77	278
POS_NC_001803_1_F0.001_R1_2508	NC_012920.1	100.000	150	150	1.58e-77	278
POS_NC_001803_1_F0.001_R1_2509	NC_012920.1	99.333	150	150	7.34e-76	272
POS_NC_001803_1_F0.001_R1_2510	NC_012920.1	100.000	150	150	1.58e-77	278
POS_NC_001803_1_F0.001_R1_2511	NC_012920.1	100.000	150	150	1.58e-77	278
POS_NC_001803_1_F0.001_R1_2512	NC_012920.1	100.000	150	150	1.58e-77	278
POS_NC_001803_1_F0.001_R1_2513	NC_012920.1	100.000	150	150	1.58e-77	278
POS_NC_001803_1_F0.001_R1_2514	NC_012920.1	100.000	150	150	1.58e-77	278
POS_NC_001803_1_F0.001_R1_2515	NC_012920.1	100.000	150	150	1.58e-77	278
POS_NC_001803_1_F0.001_R1_2516	NC_012920.1	100.000	150	150	1.58e-77	278
POS_NC_001803_1_F0.001_R1_2517	NC_012920.1	100.000	150	150	1.58e-77	278
POS_NC_001803_1_F0.001_R1_2518	NC_012920.1	100.000	150	150	1.58e-77	278
POS_NC_001803_1_F0.001_R1_2519	NC_012920.1	99.333	150	150	7.34e-76	272
POS_NC_001803_1_F0.001_R1_2520	NC_012920.1	100.000	150	150	1.58e-77	278
POS_NC_001803_1_F0.001_R1_2521	NC_012920.1	99.333	150	150	7.34e-76	272
POS_NC_001803_1_F0.001_R1_2522	NC_012920.1	100.000	150	150	1.58e-77	278
POS_NC_001803_1_F0.001_R1_2523	NC_012920.1	99.333	150	150	7.34e-76	272
POS_NC_001803_1_F0.001_R1_2524	NC_012920.1	100.000	150	150	1.58e-77	278
POS_NC_001803_1_F0.001_R1_2525	NC_012920.1	100.000	150	150	1.58e-77	278
POS_NC_001803_1_F0.001_R1_2526	NC_012920.1	100.000	150	150	1.58e-77	278
POS_NC_001803_1_F0.001_R1_2527	NC_012920.1	98.667	150	150	3.42e-74	267
POS_NC_001803_1_F0.001_R1_2528	NC_012920.1	100.000	150	150	1.58e-77	278
POS_NC_001803_1_F0.001_R1_2529	NC_012920.1	100.000	149	150	5.68e-77	276
POS_NC_001803_1_F0.001_R1_2530	NC_012920.1	100.000	150	150	1.58e-77	278
POS_NC_001803_1_F0.001_R1_2531	NC_012920.1	100.000	150	150	1.58e-77	278
POS_NC_001803_1_F0.001_R1_2532	NC_012920.1	100.000	150	150	1.58e-77	278
POS_NC_001803_1_F0.001_R1_2533	NC_012920.1	100.000	150	150	1.58e-77	278
POS_NC_001803_1_F0.001_R1_2534	NC_012920.1	100.000	150	150	1.58e-77	278
POS_NC_001803_1_F0.001_R1_2535	NC_012920.1	99.333	150	150	7.34e-76	272
POS_NC_001803_1_F0.001_R1_2536	NC_012920.1	100.000	150	150	1.58e-77	278
POS_NC_001803_1_F0.001_R1_2537	NC_012920.1	100.000	150	150	1.58e-77	278
POS_NC_001803_1_F0.001_R1_2538	NC_012920.1	100.000	150	150	1.58e-77	278
POS_NC_001803_1_F0.001_R1_2539	NC_012920.1	100.000	150	150	1.58e-77	278
POS_NC_001803_1_F0.001_R1_2540	NC_012920.1	100.000	150	150	1.58e-77	278
POS_NC_001803_1_F0.001_R1_2541	NC_012920.1	100.000	150	150	1.58e-77	278
POS_NC_001803_1_F0.001_R1_2542	NC_012920.1	100.000	150	150	1.58e-77	278
POS_NC_001803_1_F0.001_R1_2543	NC_012920.1	99.333	150	150	7.34e-76	272
POS_NC_001803_1_F0.001_R1_2544	NC_012920.1	100.000	150	150	1.58e-77	278
POS_NC_001803_1_F0.001_R1_2545	NC_012920.1	100.000	150	150	1.58e-77	278
POS_NC_001803_1_F0.001_R1_2546	NC_012920.1	100.000	150	150	1.58e-77	278
POS_NC_001803_1_F0.001_R1_2547	NC_012920.1	99.333	150	150	7.34e-76	272
POS_NC_001803_1_F0.001_R1_2548	NC_012920.1	100.000	149	150	5.68e-77	276
POS_NC_001803_1_F0.001_R1_2549	NC_012920.1	100.000	150	150	1.58e-77	278
POS_NC_001803_1_F0.001_R1_2550	NC_012920.1	100.000	150	150	1.58e-77	278
POS_NC_001803_1_F0.001_R1_2551	NC_012920.1	99.333	150	150	7.34e-76	272
POS_NC_001803_1_F0.001_R1_2552	NC_012920.1	100.000	150	150	1.58e-77	278
POS_NC_001803_1_F0.001_R1_2553	NC_012920.1	100.000	150	150	1.58e-77	278
POS_NC_001803_1_F0.001_R1_2554	NC_012920.1	100.000	150	150	1.58e-77	278
POS_NC_001803_1_F0.001_R1_2555	NC_012920.1	100.000	150	150	1.58e-77	278
POS_NC_001803_1_F0.001_R1_2556	NC_012920.1	100.000	150	150	1.58e-77	278
POS_NC_001803_1_F0.001_R1_2557	NC_012920.1	100.000	150	150	1.58e-77	278
POS_NC_001803_1_F0.001_R1_2558	NC_012920.1	99.333	150	150	7.34e-76	272
POS_NC_001803_1_F0.001_R1_2559	NC_012920.1	100.000	150	150	1.58e-77	278
POS_NC_001803_1_F0.001_R1_2560	NC_012920.1	100.000	150	150	1.58e-77	278
POS_NC_001803_1_F0.001_R1_2561	NC_012920.1	100.000	150	150	1.58e-77	278
POS_NC_001803_1_F0.001_R1_2562	NC_012920.1	100.000	150	150	1.58e-77	278
POS_NC_001803_1_F0.001_R1_2563	NC_012920.1	99.333	150	150	7.34e-76	272
POS_NC_001803_1_F0.001_R1_2564	NC_012920.1	100.000	150	150	1.58e-77	278
POS_NC_001803_1_F0.001_R1_2565	NC_012920.1	100.000	150	150	1.58e-77	278
POS_NC_001803_1_F0.001_R1_2566	NC_012920.1	99.333	150	150	7.34e-76	272
POS_NC_001803_1_F0.001_R1_2567	NC_012920.1	99.333	150	150	7.34e-76	272
POS_NC_001803_1_F0.001_R1_2568	NC_012920.1	99.333	150	150	7.34e-76	272
POS_NC_001803_1_F0.001_R1_2569	NC_012920.1	100.000	150	150	1.58e-77	278
POS_NC_001803_1_F0.001_R1_2570	NC_012920.1	100.000	150	150	1.58e-77	278
POS_NC_001803_1_F0.001_R1_2571	NC_012920.1	100.000	150	150	1.58e-77	278
POS_NC_001803_1_F0.001_R1_2572	NC_012920.1	100.000	150	150	1.58e-77	278
POS_NC_001803_1_F0.001_R1_2573	NC_012920.1	100.000	150	150	1.58e-77	278
POS_NC_001803_1_F0.001_R1_2574	NC_012920.1	100.000	150	150	1.58e-77	278
POS_NC_001803_1_F0.001_R1_2575	NC_012920.1	100.000	150	150	1.58e-77	278
POS_NC_001803_1_F0.001_R1_2576	NC_012920.1	100.000	150	150	1.58e-77	278
POS_NC_001803_1_F0.001_R1_2577	NC_012920.1	99.333	150	150	7.34e-76	272
POS_NC_001803_1_F0.001_R1_2578	NC_012920.1	100.000	150	150	1.58e-77	278
POS_NC_001803_1_F0.001_R1_2579	NC_012920.1	100.000	150	150	1.58e-77	278
POS_NC_001803_1_F0.001_R1_2580	NC_012920.1	100.000	150	150	1.58e-77	278
POS_NC_001803_1_F0.001_R1_2581	NC_012920.1	100.000	150	150	1.58e-77	278
POS_NC_001803_1_F0.001_R1_2582	NC_012920.1	100.000	150	150	1.58e-77	278
POS_NC_001803_1_F0.001_R1_2583	NC_012920.1	100.000	150	150	1.58e-77	278
POS_NC_001803_1_F0.001_R1_2584	NC_012920.1	99.333	150	150	7.34e-76	272
POS_NC_001803_1_F0.001_R1_2585	NC_012920.1	100.000	150	150	1.58e-77	278
POS_NC_001803_1_F0.001_R1_2586	NC_012920.1	98.667	150	150	3.42e-74	267
POS_NC_001803_1_F0.001_R1_2587	NC_012920.1	100.000	149	150	5.68e-77	276
POS_NC_001803_1_F0.001_R1_2588	NC_012920.1	100.000	150	150	1.58e-77	278
POS_NC_001803_1_F0.001_R1_2589	NC_012920.1	100.000	150	150	1.58e-77	278
POS_NC_001803_1_F0.001_R1_2590	NC_012920.1	100.000	150	150	1.58e-77	278
POS_NC_001803_1_F0.001_R1_2591	NC_012920.1	99.333	150	150	7.34e-76	272
POS_NC_001803_1_F0.001_R1_2592	NC_012920.1	100.000	150	150	1.58e-77	278
POS_NC_001803_1_F0.001_R1_2593	NC_012920.1	99.333	150	150	7.34e-76	272
POS_NC_001803_1_F0.001_R1_2594	NC_012920.1	100.000	150	150	1.58e-77	278
POS_NC_001803_1_F0.001_R1_2595	NC_012920.1	99.333	150	150	7.34e-76	272
POS_NC_001803_1_F0.001_R1_2596	NC_012920.1	98.667	150	150	3.42e-74	267
POS_NC_001803_1_F0.001_R1_2597	NC_012920.1	100.000	150	150	1.58e-77	278
POS_NC_001803_1_F0.001_R1_2598	NC_012920.1	100.000	150	150	1.58e-77	278
POS_NC_001803_1_F0.001_R1_2599	NC_012920.1	100.000	150	150	1.58e-77	278
POS_NC_001803_1_F0.001_R1_2600	NC_012920.1	99.333	150	150	7.34e-76	272
POS_NC_001803_1_F0.001_R1_2601	NC_012920.1	100.000	150	150	1.58e-77	278
POS_NC_001803_1_F0.001_R1_2602	NC_012920.1	100.000	150	150	1.58e-77	278
POS_NC_001803_1_F0.001_R1_2603	NC_012920.1	100.000	150	150	1.58e-77	278
POS_NC_001803_1_F0.001_R1_2604	NC_012920.1	100.000	150	150	1.58e-77	278
POS_NC_001803_1_F0.001_R1_2605	NC_012920.1	100.000	150	150	1.58e-77	278
POS_NC_001803_1_F0.001_R1_2606	NC_012920.1	98.667	150	150	3.42e-74	267
POS_NC_001803_1_F0.001_R1_2607	NC_012920.1	100.000	150	150	1.58e-77	278
POS_NC_001803_1_F0.001_R1_2608	NC_012920.1	99.333	150	150	7.34e-76	272
POS_NC_001803_1_F0.001_R1_2609	NC_012920.1	100.000	150	150	1.58e-77	278
POS_NC_001803_1_F0.001_R1_2610	NC_012920.1	100.000	150	150	1.58e-77	278
POS_NC_001803_1_F0.001_R1_2611	NC_012920.1	98.667	150	150	3.42e-74	267
POS_NC_001803_1_F0.001_R1_2612	NC_012920.1	100.000	150	150	1.58e-77	278
POS_NC_001803_1_F0.001_R1_2613	NC_012920.1	100.000	150	150	1.58e-77	278
POS_NC_001803_1_F0.001_R1_2614	NC_012920.1	99.333	150	150	7.34e-76	272
POS_NC_001803_1_F0.001_R1_2615	NC_012920.1	100.000	150	150	1.58e-77	278
POS_NC_001803_1_F0.001_R1_2616	NC_012920.1	100.000	150	150	1.58e-77	278
POS_NC_001803_1_F0.001_R1_2617	NC_012920.1	100.000	150	150	1.58e-77	278
POS_NC_001803_1_F0.001_R1_2618	NC_012920.1	100.000	150	150	1.58e-77	278
POS_NC_001803_1_F0.001_R1_2619	NC_012920.1	98.667	150	150	3.42e-74	267
POS_NC_001803_1_F0.001_R1_2620	NC_012920.1	99.333	150	150	7.34e-76	272
POS_NC_001803_1_F0.001_R1_2621	NC_012920.1	100.000	150	150	1.58e-77	278
POS_NC_001803_1_F0.001_R1_2622	NC_012920.1	100.000	150	150	1.58e-77	278
POS_NC_001803_1_F0.001_R1_2623	NC_012920.1	100.000	150	150	1.58e-77	278
POS_NC_001803_1_F0.001_R1_2624	NC_012920.1	100.000	150	150	1.58e-77	278
POS_NC_001803_1_F0.001_R1_2625	NC_012920.1	100.000	150	150	1.58e-77	278
POS_NC_001803_1_F0.001_R1_2626	NC_012920.1	100.000	150	150	1.58e-77	278
POS_NC_001803_1_F0.001_R1_2627	NC_012920.1	100.000	150	150	1.58e-77	278
POS_NC_001803_1_F0.001_R1_2628	NC_012920.1	100.000	150	150	1.58e-77	278
POS_NC_001803_1_F0.001_R1_2629	NC_012920.1	100.000	150	150	1.58e-77	278
POS_NC_001803_1_F0.001_R1_2630	NC_012920.1	100.000	150	150	1.58e-77	278
POS_NC_001803_1_F0.001_R1_2631	NC_012920.1	100.000	150	150	1.58e-77	278
POS_NC_001803_1_F0.001_R1_2632	NC_012920.1	100.000	150	150	1.58e-77	278
POS_NC_001803_1_F0.001_R1_2633	NC_012920.1	99.333	150	150	7.34e-76	272
POS_NC_001803_1_F0.001_R1_2634	NC_012920.1	99.333	150	150	7.34e-76	272
POS_NC_001803_1_F0.001_R1_2635	NC_012920.1	100.000	150	150	1.58e-77	278
POS_NC_001803_1_F0.001_R1_2636	NC_012920.1	100.000	150	150	1.58e-77	278
POS_NC_001803_1_F0.001_R1_2637	NC_012920.1	98.667	150	150	3.42e-74	267
POS_NC_001803_1_F0.001_R1_2638	NC_012920.1	100.000	150	150	1.58e-77	278
POS_NC_001803_1_F0.001_R1_2639	NC_012920.1	100.000	150	150	1.58e-77	278
POS_NC_001803_1_F0.001_R1_2640	NC_012920.1	99.333	150	150	7.34e-76	272
POS_NC_001803_1_F0.001_R1_2641	NC_012920.1	100.000	150	150	1.58e-77	278
POS_NC_001803_1_F0.001_R1_2642	NC_012920.1	100.000	150	150	1.58e-77	278
POS_NC_001803_1_F0.001_R1_2643	NC_012920.1	100.000	150	150	1.58e-77	278
POS_NC_001803_1_F0.001_R1_2644	NC_012920.1	99.333	150	150	7.34e-76	272
POS_NC_001803_1_F0.001_R1_2645	NC_012920.1	100.000	150	150	1.58e-77	278
POS_NC_001803_1_F0.001_R1_2646	NC_012920.1	99.333	150	150	7.34e-76	272
POS_NC_001803_1_F0.001_R1_2647	NC_012920.1	100.000	150	150	1.58e-77	278
POS_NC_001803_1_F0.001_R1_2648	NC_012920.1	100.000	150	150	1.58e-77	278
POS_NC_001803_1_F0.001_R1_2649	NC_012920.1	100.000	150	150	1.58e-77	278
POS_NC_001803_1_F0.001_R1_2650	NC_012920.1	100.000	150	150	1.58e-77	278
POS_NC_001803_1_F0.001_R1_2651	NC_012920.1	100.000	150	150	1.58e-77	278
POS_NC_001803_1_F0.001_R1_2652	NC_012920.1	98.667	150	150	3.42e-74	267
POS_NC_001803_1_F0.001_R1_2653	NC_012920.1	100.000	150	150	1.58e-77	278
POS_NC_001803_1_F0.001_R1_2654	NC_012920.1	100.000	150	150	1.58e-77	278
POS_NC_001803_1_F0.001_R1_2655	NC_012920.1	100.000	150	150	1.58e-77	278
POS_NC_001803_1_F0.001_R1_2656	NC_012920.1	100.000	150	150	1.58e-77	278
POS_NC_001803_1_F0.001_R1_2657	NC_012920.1	100.000	150	150	1.58e-77	278
POS_NC_001803_1_F0.001_R1_2658	NC_012920.1	100.000	150	150	1.58e-77	278
POS_NC_001803_1_F0.001_R1_2659	NC_012920.1	99.333	150	150	7.34e-76	272
POS_NC_001803_1_F0.001_R1_2660	NC_012920.1	100.000	150	150	1.58e-77	278
POS_NC_001803_1_F0.001_R1_2661	NC_012920.1	98.000	150	150	1.59e-72	261
POS_NC_001803_1_F0.001_R1_2662	NC_012920.1	99.333	150	150	7.34e-76	272
POS_NC_001803_1_F0.001_R1_2663	NC_012920.1	98.667	150	150	3.42e-74	267
POS_NC_001803_1_F0.001_R1_2664	NC_012920.1	99.333	150	150	7.34e-76	272
POS_NC_001803_1_F0.001_R1_2665	NC_012920.1	100.000	150	150	1.58e-77	278
POS_NC_001803_1_F0.001_R1_2666	NC_012920.1	99.333	150	150	7.34e-76	272
POS_NC_001803_1_F0.001_R1_2667	NC_012920.1	100.000	150	150	1.58e-77	278
POS_NC_001803_1_F0.001_R1_2668	NC_012920.1	100.000	150	150	1.58e-77	278
POS_NC_001803_1_F0.001_R1_2669	NC_012920.1	100.000	150	150	1.58e-77	278
POS_NC_001803_1_F0.001_R1_2670	NC_012920.1	100.000	150	150	1.58e-77	278
POS_NC_001803_1_F0.001_R1_2671	NC_012920.1	100.000	150	150	1.58e-77	278
POS_NC_001803_1_F0.001_R1_2672	NC_012920.1	98.667	150	150	3.42e-74	267
POS_NC_001803_1_F0.001_R1_2673	NC_012920.1	100.000	150	150	1.58e-77	278
POS_NC_001803_1_F0.001_R1_2674	NC_012920.1	100.000	150	150	1.58e-77	278
POS_NC_001803_1_F0.001_R1_2675	NC_012920.1	98.000	150	150	1.59e-72	261
POS_NC_001803_1_F0.001_R1_2676	NC_012920.1	99.333	150	150	7.34e-76	272
POS_NC_001803_1_F0.001_R1_2677	NC_012920.1	100.000	150	150	1.58e-77	278
POS_NC_001803_1_F0.001_R1_2678	NC_012920.1	99.333	150	150	7.34e-76	272
POS_NC_001803_1_F0.001_R1_2679	NC_012920.1	99.333	150	150	7.34e-76	272
POS_NC_001803_1_F0.001_R1_2680	NC_012920.1	99.333	150	150	7.34e-76	272
POS_NC_001803_1_F0.001_R1_2681	NC_012920.1	100.000	150	150	1.58e-77	278
POS_NC_001803_1_F0.001_R1_2682	NC_012920.1	99.333	150	150	7.34e-76	272
POS_NC_001803_1_F0.001_R1_2683	NC_012920.1	100.000	150	150	1.58e-77	278
POS_NC_001803_1_F0.001_R1_2684	NC_012920.1	100.000	150	150	1.58e-77	278
POS_NC_001803_1_F0.001_R1_2685	NC_012920.1	100.000	150	150	1.58e-77	278
POS_NC_001803_1_F0.001_R1_2686	NC_012920.1	100.000	150	150	1.58e-77	278
POS_NC_001803_1_F0.001_R1_2687	NC_012920.1	98.667	150	150	3.42e-74	267
POS_NC_001803_1_F0.001_R1_2688	NC_012920.1	100.000	150	150	1.58e-77	278
POS_NC_001803_1_F0.001_R1_2689	NC_012920.1	100.000	150	150	1.58e-77	278
POS_NC_001803_1_F0.001_R1_2690	NC_012920.1	100.000	150	150	1.58e-77	278
POS_NC_001803_1_F0.001_R1_2691	NC_012920.1	100.000	150	150	1.58e-77	278
POS_NC_001803_1_F0.001_R1_2692	NC_012920.1	100.000	150	150	1.58e-77	278
POS_NC_001803_1_F0.001_R1_2693	NC_012920.1	100.000	147	150	7.34e-76	272
POS_NC_001803_1_F0.001_R1_2694	NC_012920.1	100.000	150	150	1.58e-77	278
POS_NC_001803_1_F0.001_R1_2695	NC_012920.1	100.000	150	150	1.58e-77	278
POS_NC_001803_1_F0.001_R1_2696	NC_012920.1	100.000	150	150	1.58e-77	278
POS_NC_001803_1_F0.001_R1_2697	NC_012920.1	100.000	150	150	1.58e-77	278
POS_NC_001803_1_F0.001_R1_2698	NC_012920.1	99.333	150	150	7.34e-76	272
POS_NC_001803_1_F0.001_R1_2699	NC_012920.1	99.333	150	150	7.34e-76	272
POS_NC_001803_1_F0.001_R1_2700	NC_012920.1	100.000	150	150	1.58e-77	278
POS_NC_001803_1_F0.001_R1_2701	NC_012920.1	100.000	150	150	1.58e-77	278
POS_NC_001803_1_F0.001_R1_2702	NC_012920.1	99.333	150	150	7.34e-76	272
POS_NC_001803_1_F0.001_R1_2703	NC_012920.1	100.000	150	150	1.58e-77	278
POS_NC_001803_1_F0.001_R1_2704	NC_012920.1	98.667	150	150	3.42e-74	267
POS_NC_001803_1_F0.001_R1_2705	NC_012920.1	100.000	150	150	1.58e-77	278
POS_NC_001803_1_F0.001_R1_2706	NC_012920.1	100.000	150	150	1.58e-77	278
POS_NC_001803_1_F0.001_R1_2707	NC_012920.1	100.000	150	150	1.58e-77	278
POS_NC_001803_1_F0.001_R1_2708	NC_012920.1	100.000	150	150	2.04e-76	274
POS_NC_001803_1_F0.001_R1_2709	NC_012920.1	100.000	150	150	1.58e-77	278
POS_NC_001803_1_F0.001_R1_2710	NC_012920.1	100.000	150	150	1.58e-77	278
POS_NC_001803_1_F0.001_R1_2711	NC_012920.1	100.000	150	150	1.58e-77	278
POS_NC_001803_1_F0.001_R1_2712	NC_012920.1	98.667	150	150	3.42e-74	267
POS_NC_001803_1_F0.001_R1_2713	NC_012920.1	100.000	150	150	1.58e-77	278
POS_NC_001803_1_F0.001_R1_2714	NC_012920.1	100.000	150	150	1.58e-77	278
POS_NC_001803_1_F0.001_R1_2715	NC_012920.1	99.333	150	150	7.34e-76	272
POS_NC_001803_1_F0.001_R1_2716	NC_012920.1	100.000	150	150	1.58e-77	278
POS_NC_001803_1_F0.001_R1_2717	NC_012920.1	99.333	150	150	7.34e-76	272
POS_NC_001803_1_F0.001_R1_2718	NC_012920.1	100.000	150	150	1.58e-77	278
POS_NC_001803_1_F0.001_R1_2719	NC_012920.1	100.000	150	150	1.58e-77	278
POS_NC_001803_1_F0.001_R1_2720	NC_012920.1	98.667	150	150	3.42e-74	267
POS_NC_001803_1_F0.001_R1_2721	NC_012920.1	98.667	150	150	3.42e-74	267
POS_NC_001803_1_F0.001_R1_2722	NC_012920.1	100.000	150	150	1.58e-77	278
POS_NC_001803_1_F0.001_R1_2723	NC_012920.1	100.000	148	150	2.04e-76	274
POS_NC_001803_1_F0.001_R1_2724	NC_012920.1	100.000	150	150	1.58e-77	278
POS_NC_001803_1_F0.001_R1_2725	NC_012920.1	100.000	150	150	1.58e-77	278
POS_NC_001803_1_F0.001_R1_2726	NC_012920.1	100.000	150	150	1.58e-77	278
POS_NC_001803_1_F0.001_R1_2727	NC_012920.1	100.000	150	150	1.58e-77	278
POS_NC_001803_1_F0.001_R1_2728	NC_012920.1	100.000	150	150	1.58e-77	278
POS_NC_001803_1_F0.001_R1_2729	NC_012920.1	99.333	150	150	7.34e-76	272
POS_NC_001803_1_F0.001_R1_2730	NC_012920.1	100.000	150	150	1.58e-77	278
POS_NC_001803_1_F0.001_R1_2731	NC_012920.1	100.000	148	150	2.04e-76	274
POS_NC_001803_1_F0.001_R1_2732	NC_012920.1	99.333	150	150	7.34e-76	272
POS_NC_001803_1_F0.001_R1_2733	NC_012920.1	100.000	150	150	1.58e-77	278
POS_NC_001803_1_F0.001_R1_2734	NC_012920.1	100.000	150	150	1.58e-77	278
POS_NC_001803_1_F0.001_R1_2735	NC_012920.1	99.333	150	150	7.34e-76	272
POS_NC_001803_1_F0.001_R1_2736	NC_012920.1	100.000	150	150	1.58e-77	278
POS_NC_001803_1_F0.001_R1_2737	NC_012920.1	98.667	150	150	3.42e-74	267
POS_NC_001803_1_F0.001_R1_2738	NC_012920.1	100.000	150	150	1.58e-77	278
POS_NC_001803_1_F0.001_R1_2739	NC_012920.1	100.000	150	150	1.58e-77	278
POS_NC_001803_1_F0.001_R1_2740	NC_012920.1	100.000	150	150	1.58e-77	278
POS_NC_001803_1_F0.001_R1_2741	NC_012920.1	100.000	150	150	1.58e-77	278
POS_NC_001803_1_F0.001_R1_2742	NC_012920.1	100.000	150	150	1.58e-77	278
POS_NC_001803_1_F0.001_R1_2743	NC_012920.1	100.000	150	150	1.58e-77	278
POS_NC_001803_1_F0.001_R1_2744	NC_012920.1	100.000	150	150	1.58e-77	278
POS_NC_001803_1_F0.001_R1_2745	NC_012920.1	99.333	150	150	7.34e-76	272
POS_NC_001803_1_F0.001_R1_2746	NC_012920.1	100.000	150	150	1.58e-77	278
POS_NC_001803_1_F0.001_R1_2747	NC_012920.1	100.000	150	150	1.58e-77	278
POS_NC_001803_1_F0.001_R1_2748	NC_012920.1	100.000	150	150	1.58e-77	278
POS_NC_001803_1_F0.001_R1_2749	NC_012920.1	100.000	150	150	1.58e-77	278
POS_NC_001803_1_F0.001_R1_2750	NC_012920.1	100.000	150	150	1.58e-77	278
POS_NC_001803_1_F0.001_R1_2751	NC_012920.1	99.333	150	150	7.34e-76	272
POS_NC_001803_1_F0.001_R1_2752	NC_012920.1	100.000	150	150	1.58e-77	278
POS_NC_001803_1_F0.001_R1_2753	NC_012920.1	100.000	150	150	1.58e-77	278
POS_NC_001803_1_F0.001_R1_2754	NC_012920.1	98.667	150	150	3.42e-74	267
POS_NC_001803_1_F0.001_R1_2755	NC_012920.1	100.000	150	150	1.58e-77	278
POS_NC_001803_1_F0.001_R1_2756	NC_012920.1	100.000	150	150	1.58e-77	278
POS_NC_001803_1_F0.001_R1_2757	NC_012920.1	99.333	150	150	7.34e-76	272
POS_NC_001803_1_F0.001_R1_2758	NC_012920.1	100.000	150	150	1.58e-77	278
POS_NC_001803_1_F0.001_R1_2759	NC_012920.1	99.333	150	150	7.34e-76	272
POS_NC_001803_1_F0.001_R1_2760	NC_012920.1	100.000	150	150	1.58e-77	278
POS_NC_001803_1_F0.001_R1_2761	NC_012920.1	100.000	150	150	1.58e-77	278
POS_NC_001803_1_F0.001_R1_2762	NC_012920.1	100.000	150	150	1.58e-77	278
POS_NC_001803_1_F0.001_R1_2763	NC_012920.1	100.000	150	150	1.58e-77	278
POS_NC_001803_1_F0.001_R1_2764	NC_012920.1	100.000	150	150	1.58e-77	278
POS_NC_001803_1_F0.001_R1_2765	NC_012920.1	99.333	150	150	7.34e-76	272
POS_NC_001803_1_F0.001_R1_2766	NC_012920.1	100.000	150	150	1.58e-77	278
POS_NC_001803_1_F0.001_R1_2767	NC_012920.1	100.000	150	150	1.58e-77	278
POS_NC_001803_1_F0.001_R1_2768	NC_012920.1	99.333	150	150	7.34e-76	272
POS_NC_001803_1_F0.001_R1_2769	NC_012920.1	100.000	150	150	1.58e-77	278
POS_NC_001803_1_F0.001_R1_2770	NC_012920.1	100.000	150	150	1.58e-77	278
POS_NC_001803_1_F0.001_R1_2771	NC_012920.1	100.000	150	150	2.04e-76	274
POS_NC_001803_1_F0.001_R1_2772	NC_012920.1	100.000	150	150	1.58e-77	278
POS_NC_001803_1_F0.001_R1_2773	NC_012920.1	100.000	150	150	1.58e-77	278
POS_NC_001803_1_F0.001_R1_2774	NC_012920.1	100.000	150	150	1.58e-77	278
POS_NC_001803_1_F0.001_R1_2775	NC_012920.1	100.000	150	150	1.58e-77	278
POS_NC_001803_1_F0.001_R1_2776	NC_012920.1	100.000	150	150	1.58e-77	278
POS_NC_001803_1_F0.001_R1_2777	NC_012920.1	100.000	150	150	1.58e-77	278
POS_NC_001803_1_F0.001_R1_2778	NC_012920.1	100.000	150	150	1.58e-77	278
POS_NC_001803_1_F0.001_R1_2779	NC_012920.1	99.333	150	150	7.34e-76	272
POS_NC_001803_1_F0.001_R1_2780	NC_012920.1	99.333	150	150	7.34e-76	272
POS_NC_001803_1_F0.001_R1_2781	NC_012920.1	100.000	150	150	1.58e-77	278
POS_NC_001803_1_F0.001_R1_2782	NC_012920.1	99.333	150	150	7.34e-76	272
POS_NC_001803_1_F0.001_R1_2783	NC_012920.1	100.000	150	150	1.58e-77	278
POS_NC_001803_1_F0.001_R1_2784	NC_012920.1	100.000	150	150	1.58e-77	278
POS_NC_001803_1_F0.001_R1_2785	NC_012920.1	100.000	150	150	1.58e-77	278
POS_NC_001803_1_F0.001_R1_2786	NC_012920.1	99.333	150	150	7.34e-76	272
POS_NC_001803_1_F0.001_R1_2787	NC_012920.1	100.000	150	150	1.58e-77	278
POS_NC_001803_1_F0.001_R1_2788	NC_012920.1	100.000	150	150	1.58e-77	278
POS_NC_001803_1_F0.001_R1_2789	NC_012920.1	100.000	148	150	2.04e-76	274
POS_NC_001803_1_F0.001_R1_2790	NC_012920.1	100.000	150	150	1.58e-77	278
POS_NC_001803_1_F0.001_R1_2791	NC_012920.1	100.000	150	150	1.58e-77	278
POS_NC_001803_1_F0.001_R1_2792	NC_012920.1	100.000	150	150	1.58e-77	278
POS_NC_001803_1_F0.001_R1_2793	NC_012920.1	100.000	150	150	1.58e-77	278
POS_NC_001803_1_F0.001_R1_2794	NC_012920.1	100.000	150	150	1.58e-77	278
POS_NC_001803_1_F0.001_R1_2795	NC_012920.1	100.000	150	150	1.58e-77	278
POS_NC_001803_1_F0.001_R1_2796	NC_012920.1	100.000	150	150	1.58e-77	278
POS_NC_001803_1_F0.001_R1_2797	NC_012920.1	99.333	150	150	7.34e-76	272
POS_NC_001803_1_F0.001_R1_2798	NC_012920.1	99.333	150	150	7.34e-76	272
POS_NC_001803_1_F0.001_R1_2799	NC_012920.1	99.333	150	150	7.34e-76	272
POS_NC_001803_1_F0.001_R1_2800	NC_012920.1	100.000	150	150	1.58e-77	278
POS_NC_001803_1_F0.001_R1_2801	NC_012920.1	99.333	150	150	7.34e-76	272
POS_NC_001803_1_F0.001_R1_2802	NC_012920.1	100.000	150	150	1.58e-77	278
POS_NC_001803_1_F0.001_R1_2803	NC_012920.1	100.000	150	150	1.58e-77	278
POS_NC_001803_1_F0.001_R1_2804	NC_012920.1	100.000	148	150	2.04e-76	274
POS_NC_001803_1_F0.001_R1_2805	NC_012920.1	100.000	150	150	1.58e-77	278
POS_NC_001803_1_F0.001_R1_2806	NC_012920.1	100.000	150	150	1.58e-77	278
POS_NC_001803_1_F0.001_R1_2807	NC_012920.1	100.000	150	150	1.58e-77	278
POS_NC_001803_1_F0.001_R1_2808	NC_012920.1	100.000	150	150	1.58e-77	278
POS_NC_001803_1_F0.001_R1_2809	NC_012920.1	100.000	150	150	1.58e-77	278
POS_NC_001803_1_F0.001_R1_2810	NC_012920.1	100.000	150	150	1.58e-77	278
POS_NC_001803_1_F0.001_R1_2811	NC_012920.1	100.000	150	150	1.58e-77	278
POS_NC_001803_1_F0.001_R1_2812	NC_012920.1	99.333	150	150	7.34e-76	272
POS_NC_001803_1_F0.001_R1_2813	NC_012920.1	99.333	150	150	7.34e-76	272
POS_NC_001803_1_F0.001_R1_2814	NC_012920.1	99.333	150	150	7.34e-76	272
POS_NC_001803_1_F0.001_R1_2815	NC_012920.1	100.000	150	150	1.58e-77	278
POS_NC_001803_1_F0.001_R1_2816	NC_012920.1	100.000	150	150	1.58e-77	278
POS_NC_001803_1_F0.001_R1_2817	NC_012920.1	100.000	150	150	1.58e-77	278
POS_NC_001803_1_F0.001_R1_2818	NC_012920.1	100.000	150	150	1.58e-77	278
POS_NC_001803_1_F0.001_R1_2819	NC_012920.1	100.000	150	150	1.58e-77	278
POS_NC_001803_1_F0.001_R1_2820	NC_012920.1	100.000	150	150	1.58e-77	278
POS_NC_001803_1_F0.001_R1_2821	NC_012920.1	99.333	150	150	7.34e-76	272
POS_NC_001803_1_F0.001_R1_2822	NC_012920.1	99.333	150	150	7.34e-76	272
POS_NC_001803_1_F0.001_R1_2823	NC_012920.1	99.333	150	150	7.34e-76	272
POS_NC_001803_1_F0.001_R1_2824	NC_012920.1	99.333	150	150	7.34e-76	272
POS_NC_001803_1_F0.001_R1_2825	NC_012920.1	100.000	150	150	1.58e-77	278
POS_NC_001803_1_F0.001_R1_2826	NC_012920.1	100.000	150	150	1.58e-77	278
POS_NC_001803_1_F0.001_R1_2827	NC_012920.1	100.000	150	150	1.58e-77	278
POS_NC_001803_1_F0.001_R1_2828	NC_012920.1	100.000	150	150	1.58e-77	278
POS_NC_001803_1_F0.001_R1_2829	NC_012920.1	99.333	150	150	7.34e-76	272
POS_NC_001803_1_F0.001_R1_2830	NC_012920.1	100.000	150	150	1.58e-77	278
POS_NC_001803_1_F0.001_R1_2831	NC_012920.1	99.333	150	150	7.34e-76	272
POS_NC_001803_1_F0.001_R1_2832	NC_012920.1	100.000	150	150	1.58e-77	278
POS_NC_001803_1_F0.001_R1_2833	NC_012920.1	98.667	150	150	3.42e-74	267
POS_NC_001803_1_F0.001_R1_2834	NC_012920.1	98.667	150	150	3.42e-74	267
POS_NC_001803_1_F0.001_R1_2835	NC_012920.1	100.000	150	150	1.58e-77	278
POS_NC_001803_1_F0.001_R1_2836	NC_012920.1	100.000	150	150	1.58e-77	278
POS_NC_001803_1_F0.001_R1_2837	NC_012920.1	100.000	150	150	1.58e-77	278
POS_NC_001803_1_F0.001_R1_2838	NC_012920.1	100.000	150	150	1.58e-77	278
POS_NC_001803_1_F0.001_R1_2839	NC_012920.1	100.000	150	150	1.58e-77	278
POS_NC_001803_1_F0.001_R1_2840	NC_012920.1	100.000	150	150	1.58e-77	278
POS_NC_001803_1_F0.001_R1_2841	NC_012920.1	100.000	150	150	1.58e-77	278
POS_NC_001803_1_F0.001_R1_2842	NC_012920.1	98.667	150	150	3.42e-74	267
POS_NC_001803_1_F0.001_R1_2843	NC_012920.1	99.333	150	150	7.34e-76	272
POS_NC_001803_1_F0.001_R1_2844	NC_012920.1	100.000	150	150	1.58e-77	278
POS_NC_001803_1_F0.001_R1_2845	NC_012920.1	100.000	150	150	1.58e-77	278
POS_NC_001803_1_F0.001_R1_2846	NC_012920.1	100.000	150	150	1.58e-77	278
POS_NC_001803_1_F0.001_R1_2847	NC_012920.1	100.000	150	150	1.58e-77	278
POS_NC_001803_1_F0.001_R1_2848	NC_012920.1	100.000	150	150	1.58e-77	278
POS_NC_001803_1_F0.001_R1_2849	NC_012920.1	100.000	150	150	1.58e-77	278
POS_NC_001803_1_F0.001_R1_2850	NC_012920.1	100.000	150	150	1.58e-77	278
POS_NC_001803_1_F0.001_R1_2851	NC_012920.1	99.333	150	150	7.34e-76	272
POS_NC_001803_1_F0.001_R1_2852	NC_012920.1	100.000	150	150	1.58e-77	278
POS_NC_001803_1_F0.001_R1_2853	NC_012920.1	100.000	150	150	1.58e-77	278
POS_NC_001803_1_F0.001_R1_2854	NC_012920.1	100.000	150	150	1.58e-77	278
POS_NC_001803_1_F0.001_R1_2855	NC_012920.1	100.000	150	150	1.58e-77	278
POS_NC_001803_1_F0.001_R1_2856	NC_012920.1	99.333	150	150	7.34e-76	272
POS_NC_001803_1_F0.001_R1_2857	NC_012920.1	98.667	150	150	3.42e-74	267
POS_NC_001803_1_F0.001_R1_2858	NC_012920.1	100.000	150	150	1.58e-77	278
POS_NC_001803_1_F0.001_R1_2859	NC_012920.1	99.333	150	150	7.34e-76	272
POS_NC_001803_1_F0.001_R1_2860	NC_012920.1	100.000	150	150	1.58e-77	278
POS_NC_001803_1_F0.001_R1_2861	NC_012920.1	100.000	150	150	1.58e-77	278
POS_NC_001803_1_F0.001_R1_2862	NC_012920.1	100.000	150	150	1.58e-77	278
POS_NC_001803_1_F0.001_R1_2863	NC_012920.1	100.000	150	150	1.58e-77	278
POS_NC_001803_1_F0.001_R1_2864	NC_012920.1	99.333	150	150	7.34e-76	272
POS_NC_001803_1_F0.001_R1_2865	NC_012920.1	100.000	150	150	1.58e-77	278
POS_NC_001803_1_F0.001_R1_2866	NC_012920.1	100.000	150	150	1.58e-77	278
POS_NC_001803_1_F0.001_R1_2867	NC_012920.1	100.000	150	150	1.58e-77	278
POS_NC_001803_1_F0.001_R1_2868	NC_012920.1	100.000	150	150	1.58e-77	278
POS_NC_001803_1_F0.001_R1_2869	NC_012920.1	100.000	150	150	1.58e-77	278
POS_NC_001803_1_F0.001_R1_2870	NC_012920.1	100.000	150	150	1.58e-77	278
POS_NC_001803_1_F0.001_R1_2871	NC_012920.1	99.333	150	150	7.34e-76	272
POS_NC_001803_1_F0.001_R1_2872	NC_012920.1	100.000	150	150	1.58e-77	278
POS_NC_001803_1_F0.001_R1_2873	NC_012920.1	100.000	150	150	1.58e-77	278
POS_NC_001803_1_F0.001_R1_2874	NC_012920.1	99.333	150	150	7.34e-76	272
POS_NC_001803_1_F0.001_R1_2875	NC_012920.1	100.000	150	150	1.58e-77	278
POS_NC_001803_1_F0.001_R1_2876	NC_012920.1	100.000	150	150	1.58e-77	278
POS_NC_001803_1_F0.001_R1_2877	NC_012920.1	99.333	150	150	7.34e-76	272
POS_NC_001803_1_F0.001_R1_2878	NC_012920.1	100.000	150	150	1.58e-77	278
POS_NC_001803_1_F0.001_R1_2879	NC_012920.1	100.000	150	150	1.58e-77	278
POS_NC_001803_1_F0.001_R1_2880	NC_012920.1	100.000	150	150	1.58e-77	278
POS_NC_001803_1_F0.001_R1_2881	NC_012920.1	100.000	150	150	1.58e-77	278
POS_NC_001803_1_F0.001_R1_2882	NC_012920.1	100.000	150	150	1.58e-77	278
POS_NC_001803_1_F0.001_R1_2883	NC_012920.1	100.000	150	150	1.58e-77	278
POS_NC_001803_1_F0.001_R1_2884	NC_012920.1	100.000	150	150	2.04e-76	274
POS_NC_001803_1_F0.001_R1_2885	NC_012920.1	100.000	150	150	1.58e-77	278
POS_NC_001803_1_F0.001_R1_2886	NC_012920.1	100.000	150	150	1.58e-77	278
POS_NC_001803_1_F0.001_R1_2887	NC_012920.1	100.000	150	150	1.58e-77	278
POS_NC_001803_1_F0.001_R1_2888	NC_012920.1	99.333	150	150	7.34e-76	272
POS_NC_001803_1_F0.001_R1_2889	NC_012920.1	100.000	150	150	1.58e-77	278
POS_NC_001803_1_F0.001_R1_2890	NC_012920.1	99.333	150	150	7.34e-76	272
POS_NC_001803_1_F0.001_R1_2891	NC_012920.1	100.000	150	150	1.58e-77	278
POS_NC_001803_1_F0.001_R1_2892	NC_012920.1	99.333	150	150	7.34e-76	272
POS_NC_001803_1_F0.001_R1_2893	NC_012920.1	100.000	150	150	1.58e-77	278
POS_NC_001803_1_F0.001_R1_2894	NC_012920.1	100.000	150	150	1.58e-77	278
POS_NC_001803_1_F0.001_R1_2895	NC_012920.1	100.000	150	150	1.58e-77	278
POS_NC_001803_1_F0.001_R1_2896	NC_012920.1	99.333	150	150	7.34e-76	272
POS_NC_001803_1_F0.001_R1_2897	NC_012920.1	99.333	150	150	7.34e-76	272
POS_NC_001803_1_F0.001_R1_2898	NC_012920.1	98.667	150	150	3.42e-74	267
POS_NC_001803_1_F0.001_R1_2899	NC_012920.1	100.000	150	150	1.58e-77	278
POS_NC_001803_1_F0.001_R1_2900	NC_012920.1	100.000	150	150	1.58e-77	278
POS_NC_001803_1_F0.001_R1_2901	NC_012920.1	100.000	150	150	1.58e-77	278
POS_NC_001803_1_F0.001_R1_2902	NC_012920.1	100.000	150	150	1.58e-77	278
POS_NC_001803_1_F0.001_R1_2903	NC_012920.1	99.333	150	150	7.34e-76	272
POS_NC_001803_1_F0.001_R1_2904	NC_012920.1	100.000	150	150	1.58e-77	278
POS_NC_001803_1_F0.001_R1_2905	NC_012920.1	100.000	150	150	1.58e-77	278
POS_NC_001803_1_F0.001_R1_2906	NC_012920.1	100.000	150	150	1.58e-77	278
POS_NC_001803_1_F0.001_R1_2907	NC_012920.1	100.000	150	150	1.58e-77	278
POS_NC_001803_1_F0.001_R1_2908	NC_012920.1	100.000	150	150	1.58e-77	278
POS_NC_001803_1_F0.001_R1_2909	NC_012920.1	100.000	150	150	1.58e-77	278
POS_NC_001803_1_F0.001_R1_2910	NC_012920.1	99.333	150	150	7.34e-76	272
POS_NC_001803_1_F0.001_R1_2911	NC_012920.1	100.000	150	150	1.58e-77	278
POS_NC_001803_1_F0.001_R1_2912	NC_012920.1	100.000	150	150	1.58e-77	278
POS_NC_001803_1_F0.001_R1_2913	NC_012920.1	100.000	150	150	1.58e-77	278
POS_NC_001803_1_F0.001_R1_2914	NC_012920.1	100.000	150	150	1.58e-77	278
POS_NC_001803_1_F0.001_R1_2915	NC_012920.1	99.333	150	150	7.34e-76	272
POS_NC_001803_1_F0.001_R1_2916	NC_012920.1	100.000	150	150	1.58e-77	278
POS_NC_001803_1_F0.001_R1_2917	NC_012920.1	99.333	150	150	7.34e-76	272
POS_NC_001803_1_F0.001_R1_2918	NC_012920.1	100.000	150	150	1.58e-77	278
POS_NC_001803_1_F0.001_R1_2919	NC_012920.1	100.000	150	150	1.58e-77	278
POS_NC_001803_1_F0.001_R1_2920	NC_012920.1	100.000	150	150	1.58e-77	278
POS_NC_001803_1_F0.001_R1_2921	NC_012920.1	100.000	150	150	1.58e-77	278
POS_NC_001803_1_F0.001_R1_2922	NC_012920.1	100.000	150	150	1.58e-77	278
POS_NC_001803_1_F0.001_R1_2923	NC_012920.1	100.000	150	150	1.58e-77	278
POS_NC_001803_1_F0.001_R1_2924	NC_012920.1	100.000	150	150	1.58e-77	278
POS_NC_001803_1_F0.001_R1_2925	NC_012920.1	98.667	150	150	3.42e-74	267
POS_NC_001803_1_F0.001_R1_2926	NC_012920.1	100.000	150	150	1.58e-77	278
POS_NC_001803_1_F0.001_R1_2927	NC_012920.1	100.000	150	150	1.58e-77	278
POS_NC_001803_1_F0.001_R1_2928	NC_012920.1	100.000	150	150	1.58e-77	278
POS_NC_001803_1_F0.001_R1_2929	NC_012920.1	100.000	150	150	1.58e-77	278
POS_NC_001803_1_F0.001_R1_2930	NC_012920.1	99.333	150	150	7.34e-76	272
POS_NC_001803_1_F0.001_R1_2931	NC_012920.1	100.000	150	150	1.58e-77	278
POS_NC_001803_1_F0.001_R1_2932	NC_012920.1	100.000	150	150	1.58e-77	278
POS_NC_001803_1_F0.001_R1_2933	NC_012920.1	99.333	150	150	7.34e-76	272
POS_NC_001803_1_F0.001_R1_2934	NC_012920.1	100.000	150	150	1.58e-77	278
POS_NC_001803_1_F0.001_R1_2935	NC_012920.1	100.000	150	150	1.58e-77	278
POS_NC_001803_1_F0.001_R1_2936	NC_012920.1	100.000	150	150	1.58e-77	278
POS_NC_001803_1_F0.001_R1_2937	NC_012920.1	99.333	150	150	7.34e-76	272
POS_NC_001803_1_F0.001_R1_2938	NC_012920.1	100.000	150	150	1.58e-77	278
POS_NC_001803_1_F0.001_R1_2939	NC_012920.1	100.000	150	150	1.58e-77	278
POS_NC_001803_1_F0.001_R1_2940	NC_012920.1	100.000	150	150	1.58e-77	278
POS_NC_001803_1_F0.001_R1_2941	NC_012920.1	99.333	150	150	7.34e-76	272
POS_NC_001803_1_F0.001_R1_2942	NC_012920.1	99.333	150	150	7.34e-76	272
POS_NC_001803_1_F0.001_R1_2943	NC_012920.1	100.000	150	150	1.58e-77	278
POS_NC_001803_1_F0.001_R1_2944	NC_012920.1	100.000	150	150	1.58e-77	278
POS_NC_001803_1_F0.001_R1_2945	NC_012920.1	100.000	150	150	1.58e-77	278
POS_NC_001803_1_F0.001_R1_2946	NC_012920.1	100.000	150	150	1.58e-77	278
POS_NC_001803_1_F0.001_R1_2947	NC_012920.1	100.000	150	150	1.58e-77	278
POS_NC_001803_1_F0.001_R1_2948	NC_012920.1	98.667	150	150	3.42e-74	267
POS_NC_001803_1_F0.001_R1_2949	NC_012920.1	100.000	150	150	1.58e-77	278
POS_NC_001803_1_F0.001_R1_2950	NC_012920.1	100.000	150	150	1.58e-77	278
POS_NC_001803_1_F0.001_R1_2951	NC_012920.1	100.000	150	150	1.58e-77	278
POS_NC_001803_1_F0.001_R1_2952	NC_012920.1	98.667	150	150	3.42e-74	267
POS_NC_001803_1_F0.001_R1_2953	NC_012920.1	100.000	150	150	1.58e-77	278
POS_NC_001803_1_F0.001_R1_2954	NC_012920.1	99.333	150	150	7.34e-76	272
POS_NC_001803_1_F0.001_R1_2955	NC_012920.1	99.333	150	150	7.34e-76	272
POS_NC_001803_1_F0.001_R1_2956	NC_012920.1	100.000	150	150	1.58e-77	278
POS_NC_001803_1_F0.001_R1_2957	NC_012920.1	99.333	150	150	7.34e-76	272
POS_NC_001803_1_F0.001_R1_2958	NC_012920.1	100.000	150	150	1.58e-77	278
POS_NC_001803_1_F0.001_R1_2959	NC_012920.1	99.333	150	150	7.34e-76	272
POS_NC_001803_1_F0.001_R1_2960	NC_012920.1	100.000	150	150	1.58e-77	278
POS_NC_001803_1_F0.001_R1_2961	NC_012920.1	100.000	150	150	1.58e-77	278
POS_NC_001803_1_F0.001_R1_2962	NC_012920.1	100.000	150	150	1.58e-77	278
POS_NC_001803_1_F0.001_R1_2963	NC_012920.1	100.000	150	150	1.58e-77	278
POS_NC_001803_1_F0.001_R1_2964	NC_012920.1	99.333	150	150	7.34e-76	272
POS_NC_001803_1_F0.001_R1_2965	NC_012920.1	100.000	150	150	1.58e-77	278
POS_NC_001803_1_F0.001_R1_2966	NC_012920.1	100.000	150	150	1.58e-77	278
POS_NC_001803_1_F0.001_R1_2967	NC_012920.1	100.000	150	150	1.58e-77	278
POS_NC_001803_1_F0.001_R1_2968	NC_012920.1	98.667	150	150	3.42e-74	267
POS_NC_001803_1_F0.001_R1_2969	NC_012920.1	100.000	150	150	1.58e-77	278
POS_NC_001803_1_F0.001_R1_2970	NC_012920.1	100.000	150	150	1.58e-77	278
POS_NC_001803_1_F0.001_R1_2971	NC_012920.1	100.000	150	150	1.58e-77	278
POS_NC_001803_1_F0.001_R1_2972	NC_012920.1	99.333	150	150	7.34e-76	272
POS_NC_001803_1_F0.001_R1_2973	NC_012920.1	100.000	150	150	1.58e-77	278
POS_NC_001803_1_F0.001_R1_2974	NC_012920.1	100.000	150	150	1.58e-77	278
POS_NC_001803_1_F0.001_R1_2975	NC_012920.1	100.000	150	150	1.58e-77	278
POS_NC_001803_1_F0.001_R1_2976	NC_012920.1	100.000	150	150	1.58e-77	278
POS_NC_001803_1_F0.001_R1_2977	NC_012920.1	99.333	150	150	7.34e-76	272
POS_NC_001803_1_F0.001_R1_2978	NC_012920.1	100.000	150	150	1.58e-77	278
POS_NC_001803_1_F0.001_R1_2979	NC_012920.1	100.000	150	150	1.58e-77	278
POS_NC_001803_1_F0.001_R1_2980	NC_012920.1	99.333	150	150	7.34e-76	272
POS_NC_001803_1_F0.001_R1_2981	NC_012920.1	99.333	150	150	7.34e-76	272
POS_NC_001803_1_F0.001_R1_2982	NC_012920.1	100.000	150	150	1.58e-77	278
POS_NC_001803_1_F0.001_R1_2983	NC_012920.1	99.333	150	150	7.34e-76	272
POS_NC_001803_1_F0.001_R1_2984	NC_012920.1	100.000	150	150	1.58e-77	278
POS_NC_001803_1_F0.001_R1_2985	NC_012920.1	100.000	150	150	1.58e-77	278
POS_NC_001803_1_F0.001_R1_2986	NC_012920.1	100.000	150	150	1.58e-77	278
POS_NC_001803_1_F0.001_R1_2987	NC_012920.1	100.000	150	150	1.58e-77	278
POS_NC_001803_1_F0.001_R1_2988	NC_012920.1	100.000	150	150	1.58e-77	278
POS_NC_001803_1_F0.001_R1_2989	NC_012920.1	100.000	150	150	1.58e-77	278
POS_NC_001803_1_F0.001_R1_2990	NC_012920.1	100.000	150	150	1.58e-77	278
POS_NC_001803_1_F0.001_R1_2991	NC_012920.1	100.000	150	150	1.58e-77	278
POS_NC_001803_1_F0.001_R1_2992	NC_012920.1	99.333	150	150	7.34e-76	272
POS_NC_001803_1_F0.001_R1_2993	NC_012920.1	100.000	150	150	1.58e-77	278
POS_NC_001803_1_F0.001_R1_2994	NC_012920.1	100.000	150	150	1.58e-77	278
POS_NC_001803_1_F0.001_R1_2995	NC_012920.1	100.000	150	150	1.58e-77	278
POS_NC_001803_1_F0.001_R1_2996	NC_012920.1	100.000	150	150	1.58e-77	278
POS_NC_001803_1_F0.001_R1_2997	NC_012920.1	99.333	150	150	7.34e-76	272
POS_NC_001803_1_F0.001_R1_2998	NC_012920.1	100.000	150	150	1.58e-77	278
POS_NC_001803_1_F0.001_R1_2999	NC_012920.1	100.000	150	150	1.58e-77	278
POS_NC_001803_1_F0.001_R1_3000	NC_012920.1	99.333	150	150	7.34e-76	272
POS_NC_001803_1_F0.001_R1_3001	NC_012920.1	100.000	150	150	1.58e-77	278
POS_NC_001803_1_F0.001_R1_3002	NC_012920.1	100.000	150	150	1.58e-77	278
POS_NC_001803_1_F0.001_R1_3003	NC_012920.1	99.333	150	150	7.34e-76	272
POS_NC_001803_1_F0.001_R1_3004	NC_012920.1	100.000	150	150	1.58e-77	278
POS_NC_001803_1_F0.001_R1_3005	NC_012920.1	100.000	150	150	1.58e-77	278
POS_NC_001803_1_F0.001_R1_3006	NC_012920.1	100.000	150	150	1.58e-77	278
POS_NC_001803_1_F0.001_R1_3007	NC_012920.1	99.333	150	150	7.34e-76	272
POS_NC_001803_1_F0.001_R1_3008	NC_012920.1	100.000	150	150	1.58e-77	278
POS_NC_001803_1_F0.001_R1_3009	NC_012920.1	99.333	150	150	7.34e-76	272
POS_NC_001803_1_F0.001_R1_3010	NC_012920.1	100.000	150	150	1.58e-77	278
POS_NC_001803_1_F0.001_R1_3011	NC_012920.1	100.000	150	150	1.58e-77	278
POS_NC_001803_1_F0.001_R1_3012	NC_012920.1	100.000	150	150	1.58e-77	278
POS_NC_001803_1_F0.001_R1_3013	NC_012920.1	100.000	150	150	1.58e-77	278
POS_NC_001803_1_F0.001_R1_3014	NC_012920.1	99.333	150	150	7.34e-76	272
POS_NC_001803_1_F0.001_R1_3015	NC_012920.1	99.333	150	150	7.34e-76	272
POS_NC_001803_1_F0.001_R1_3016	NC_012920.1	100.000	150	150	1.58e-77	278
POS_NC_001803_1_F0.001_R1_3017	NC_012920.1	100.000	150	150	1.58e-77	278
POS_NC_001803_1_F0.001_R1_3018	NC_012920.1	100.000	150	150	1.58e-77	278
POS_NC_001803_1_F0.001_R1_3019	NC_012920.1	100.000	148	150	2.04e-76	274
POS_NC_001803_1_F0.001_R1_3020	NC_012920.1	100.000	150	150	1.58e-77	278
POS_NC_001803_1_F0.001_R1_3021	NC_012920.1	100.000	150	150	1.58e-77	278
POS_NC_001803_1_F0.001_R1_3022	NC_012920.1	100.000	150	150	1.58e-77	278
POS_NC_001803_1_F0.001_R1_3023	NC_012920.1	100.000	150	150	1.58e-77	278
POS_NC_001803_1_F0.001_R1_3024	NC_012920.1	99.333	150	150	7.34e-76	272
POS_NC_001803_1_F0.001_R1_3025	NC_012920.1	100.000	150	150	1.58e-77	278
POS_NC_001803_1_F0.001_R1_3026	NC_012920.1	100.000	150	150	1.58e-77	278
POS_NC_001803_1_F0.001_R1_3027	NC_012920.1	100.000	150	150	1.58e-77	278
POS_NC_001803_1_F0.001_R1_3028	NC_012920.1	100.000	150	150	1.58e-77	278
POS_NC_001803_1_F0.001_R1_3029	NC_012920.1	100.000	150	150	1.58e-77	278
POS_NC_001803_1_F0.001_R1_3030	NC_012920.1	100.000	150	150	1.58e-77	278
POS_NC_001803_1_F0.001_R1_3031	NC_012920.1	100.000	150	150	1.58e-77	278
POS_NC_001803_1_F0.001_R1_3032	NC_012920.1	100.000	150	150	1.58e-77	278
POS_NC_001803_1_F0.001_R1_3033	NC_012920.1	100.000	150	150	1.58e-77	278
POS_NC_001803_1_F0.001_R1_3034	NC_012920.1	99.333	150	150	7.34e-76	272
POS_NC_001803_1_F0.001_R1_3035	NC_012920.1	99.333	150	150	7.34e-76	272
POS_NC_001803_1_F0.001_R1_3036	NC_012920.1	100.000	150	150	1.58e-77	278
POS_NC_001803_1_F0.001_R1_3037	NC_012920.1	100.000	150	150	1.58e-77	278
POS_NC_001803_1_F0.001_R1_3038	NC_012920.1	100.000	150	150	1.58e-77	278
POS_NC_001803_1_F0.001_R1_3039	NC_012920.1	100.000	150	150	1.58e-77	278
POS_NC_001803_1_F0.001_R1_3040	NC_012920.1	99.333	150	150	7.34e-76	272
POS_NC_001803_1_F0.001_R1_3041	NC_012920.1	100.000	150	150	1.58e-77	278
POS_NC_001803_1_F0.001_R1_3042	NC_012920.1	100.000	150	150	1.58e-77	278
POS_NC_001803_1_F0.001_R1_3043	NC_012920.1	99.333	150	150	7.34e-76	272
POS_NC_001803_1_F0.001_R1_3044	NC_012920.1	100.000	150	150	1.58e-77	278
POS_NC_001803_1_F0.001_R1_3045	NC_012920.1	99.333	150	150	7.34e-76	272
POS_NC_001803_1_F0.001_R1_3046	NC_012920.1	100.000	150	150	1.58e-77	278
POS_NC_001803_1_F0.001_R1_3047	NC_012920.1	100.000	150	150	1.58e-77	278
POS_NC_001803_1_F0.001_R1_3048	NC_012920.1	100.000	150	150	1.58e-77	278
POS_NC_001803_1_F0.001_R1_3049	NC_012920.1	100.000	150	150	1.58e-77	278
POS_NC_001803_1_F0.001_R1_3050	NC_012920.1	100.000	150	150	1.58e-77	278
POS_NC_001803_1_F0.001_R1_3051	NC_012920.1	99.333	150	150	7.34e-76	272
POS_NC_001803_1_F0.001_R1_3052	NC_012920.1	100.000	150	150	1.58e-77	278
POS_NC_001803_1_F0.001_R1_3053	NC_012920.1	99.333	150	150	7.34e-76	272
POS_NC_001803_1_F0.001_R1_3054	NC_012920.1	99.333	150	150	7.34e-76	272
POS_NC_001803_1_F0.001_R1_3055	NC_012920.1	100.000	150	150	1.58e-77	278
POS_NC_001803_1_F0.001_R1_3056	NC_012920.1	99.333	150	150	7.34e-76	272
POS_NC_001803_1_F0.001_R1_3057	NC_012920.1	100.000	150	150	1.58e-77	278
POS_NC_001803_1_F0.001_R1_3058	NC_012920.1	100.000	150	150	1.58e-77	278
POS_NC_001803_1_F0.001_R1_3059	NC_012920.1	98.667	150	150	3.42e-74	267
POS_NC_001803_1_F0.001_R1_3060	NC_012920.1	100.000	150	150	1.58e-77	278
POS_NC_001803_1_F0.001_R1_3061	NC_012920.1	98.667	150	150	3.42e-74	267
POS_NC_001803_1_F0.001_R1_3062	NC_012920.1	100.000	150	150	1.58e-77	278
POS_NC_001803_1_F0.001_R1_3063	NC_012920.1	99.333	150	150	7.34e-76	272
POS_NC_001803_1_F0.001_R1_3064	NC_012920.1	100.000	150	150	1.58e-77	278
POS_NC_001803_1_F0.001_R1_3065	NC_012920.1	99.333	150	150	7.34e-76	272
POS_NC_001803_1_F0.001_R1_3066	NC_012920.1	100.000	150	150	1.58e-77	278
POS_NC_001803_1_F0.001_R1_3067	NC_012920.1	100.000	150	150	1.58e-77	278
POS_NC_001803_1_F0.001_R1_3068	NC_012920.1	100.000	150	150	1.58e-77	278
POS_NC_001803_1_F0.001_R1_3069	NC_012920.1	100.000	150	150	1.58e-77	278
POS_NC_001803_1_F0.001_R1_3070	NC_012920.1	100.000	150	150	1.58e-77	278
POS_NC_001803_1_F0.001_R1_3071	NC_012920.1	99.333	150	150	7.34e-76	272
POS_NC_001803_1_F0.001_R1_3072	NC_012920.1	100.000	150	150	1.58e-77	278
POS_NC_001803_1_F0.001_R1_3073	NC_012920.1	99.333	150	150	7.34e-76	272
POS_NC_001803_1_F0.001_R1_3074	NC_012920.1	100.000	150	150	1.58e-77	278
POS_NC_001803_1_F0.001_R1_3075	NC_012920.1	100.000	150	150	1.58e-77	278
POS_NC_001803_1_F0.001_R1_3076	NC_012920.1	100.000	150	150	1.58e-77	278
POS_NC_001803_1_F0.001_R1_3077	NC_012920.1	100.000	150	150	1.58e-77	278
POS_NC_001803_1_F0.001_R1_3078	NC_012920.1	100.000	150	150	1.58e-77	278
POS_NC_001803_1_F0.001_R1_3079	NC_012920.1	99.333	150	150	7.34e-76	272
POS_NC_001803_1_F0.001_R1_3080	NC_012920.1	100.000	150	150	1.58e-77	278
POS_NC_001803_1_F0.001_R1_3081	NC_012920.1	100.000	150	150	1.58e-77	278
POS_NC_001803_1_F0.001_R1_3082	NC_012920.1	99.333	150	150	7.34e-76	272
POS_NC_001803_1_F0.001_R1_3083	NC_012920.1	99.333	150	150	7.34e-76	272
POS_NC_001803_1_F0.001_R1_3084	NC_012920.1	100.000	150	150	1.58e-77	278
POS_NC_001803_1_F0.001_R1_3085	NC_012920.1	100.000	150	150	1.58e-77	278
POS_NC_001803_1_F0.001_R1_3086	NC_012920.1	100.000	150	150	1.58e-77	278
POS_NC_001803_1_F0.001_R1_3087	NC_012920.1	100.000	150	150	2.04e-76	274
POS_NC_001803_1_F0.001_R1_3088	NC_012920.1	100.000	150	150	1.58e-77	278
POS_NC_001803_1_F0.001_R1_3089	NC_012920.1	100.000	149	150	5.68e-77	276
POS_NC_001803_1_F0.001_R1_3090	NC_012920.1	100.000	150	150	1.58e-77	278
POS_NC_001803_1_F0.001_R1_3091	NC_012920.1	100.000	150	150	1.58e-77	278
POS_NC_001803_1_F0.001_R1_3092	NC_012920.1	100.000	150	150	1.58e-77	278
POS_NC_001803_1_F0.001_R1_3093	NC_012920.1	100.000	150	150	1.58e-77	278
POS_NC_001803_1_F0.001_R1_3094	NC_012920.1	100.000	150	150	1.58e-77	278
POS_NC_001803_1_F0.001_R1_3095	NC_012920.1	100.000	150	150	1.58e-77	278
POS_NC_001803_1_F0.001_R1_3096	NC_012920.1	100.000	150	150	1.58e-77	278
POS_NC_001803_1_F0.001_R1_3097	NC_012920.1	100.000	150	150	1.58e-77	278
POS_NC_001803_1_F0.001_R1_3098	NC_012920.1	99.333	150	150	7.34e-76	272
POS_NC_001803_1_F0.001_R1_3099	NC_012920.1	99.333	150	150	7.34e-76	272
POS_NC_001803_1_F0.001_R1_3100	NC_012920.1	100.000	150	150	1.58e-77	278
POS_NC_001803_1_F0.001_R1_3101	NC_012920.1	98.667	150	150	3.42e-74	267
POS_NC_001803_1_F0.001_R1_3102	NC_012920.1	100.000	150	150	1.58e-77	278
POS_NC_001803_1_F0.001_R1_3103	NC_012920.1	99.333	150	150	7.34e-76	272
POS_NC_001803_1_F0.001_R1_3104	NC_012920.1	100.000	150	150	1.58e-77	278
POS_NC_001803_1_F0.001_R1_3105	NC_012920.1	100.000	150	150	1.58e-77	278
POS_NC_001803_1_F0.001_R1_3106	NC_012920.1	99.333	150	150	7.34e-76	272
POS_NC_001803_1_F0.001_R1_3107	NC_012920.1	100.000	150	150	1.58e-77	278
POS_NC_001803_1_F0.001_R1_3108	NC_012920.1	99.333	150	150	7.34e-76	272
POS_NC_001803_1_F0.001_R1_3109	NC_012920.1	100.000	150	150	1.58e-77	278
POS_NC_001803_1_F0.001_R1_3110	NC_012920.1	100.000	150	150	1.58e-77	278
POS_NC_001803_1_F0.001_R1_3111	NC_012920.1	100.000	150	150	1.58e-77	278
POS_NC_001803_1_F0.001_R1_3112	NC_012920.1	99.333	150	150	7.34e-76	272
POS_NC_001803_1_F0.001_R1_3113	NC_012920.1	99.333	150	150	7.34e-76	272
POS_NC_001803_1_F0.001_R1_3114	NC_012920.1	100.000	150	150	1.58e-77	278
POS_NC_001803_1_F0.001_R1_3115	NC_012920.1	100.000	150	150	1.58e-77	278
POS_NC_001803_1_F0.001_R1_3116	NC_012920.1	99.333	150	150	7.34e-76	272
POS_NC_001803_1_F0.001_R1_3117	NC_012920.1	99.333	150	150	7.34e-76	272
POS_NC_001803_1_F0.001_R1_3118	NC_012920.1	100.000	150	150	1.58e-77	278
POS_NC_001803_1_F0.001_R1_3119	NC_012920.1	99.333	150	150	7.34e-76	272
POS_NC_001803_1_F0.001_R1_3120	NC_012920.1	100.000	150	150	1.58e-77	278
POS_NC_001803_1_F0.001_R1_3121	NC_012920.1	100.000	150	150	1.58e-77	278
POS_NC_001803_1_F0.001_R1_3122	NC_012920.1	100.000	150	150	1.58e-77	278
POS_NC_001803_1_F0.001_R1_3123	NC_012920.1	100.000	150	150	1.58e-77	278
POS_NC_001803_1_F0.001_R1_3124	NC_012920.1	100.000	150	150	1.58e-77	278
POS_NC_001803_1_F0.001_R1_3125	NC_012920.1	100.000	150	150	1.58e-77	278
POS_NC_001803_1_F0.001_R1_3126	NC_012920.1	98.667	150	150	3.42e-74	267
POS_NC_001803_1_F0.001_R1_3127	NC_012920.1	99.333	150	150	7.34e-76	272
POS_NC_001803_1_F0.001_R1_3128	NC_012920.1	99.333	150	150	7.34e-76	272
POS_NC_001803_1_F0.001_R1_3129	NC_012920.1	100.000	150	150	1.58e-77	278
POS_NC_001803_1_F0.001_R1_3130	NC_012920.1	99.333	150	150	7.34e-76	272
POS_NC_001803_1_F0.001_R1_3131	NC_012920.1	99.333	150	150	7.34e-76	272
POS_NC_001803_1_F0.001_R1_3132	NC_012920.1	100.000	150	150	1.58e-77	278
POS_NC_001803_1_F0.001_R1_3133	NC_012920.1	100.000	150	150	1.58e-77	278
POS_NC_001803_1_F0.001_R1_3134	NC_012920.1	99.333	150	150	7.34e-76	272
POS_NC_001803_1_F0.001_R1_3135	NC_012920.1	100.000	150	150	1.58e-77	278
POS_NC_001803_1_F0.001_R1_3136	NC_012920.1	100.000	150	150	1.58e-77	278
POS_NC_001803_1_F0.001_R1_3137	NC_012920.1	100.000	150	150	1.58e-77	278
POS_NC_001803_1_F0.001_R1_3138	NC_012920.1	99.333	150	150	7.34e-76	272
POS_NC_001803_1_F0.001_R1_3139	NC_012920.1	99.333	150	150	7.34e-76	272
POS_NC_001803_1_F0.001_R1_3140	NC_012920.1	100.000	150	150	1.58e-77	278
POS_NC_001803_1_F0.001_R1_3141	NC_012920.1	100.000	150	150	1.58e-77	278
POS_NC_001803_1_F0.001_R1_3142	NC_012920.1	100.000	150	150	1.58e-77	278
POS_NC_001803_1_F0.001_R1_3143	NC_012920.1	98.667	150	150	3.42e-74	267
POS_NC_001803_1_F0.001_R1_3144	NC_012920.1	98.667	150	150	3.42e-74	267
POS_NC_001803_1_F0.001_R1_3145	NC_012920.1	100.000	150	150	1.58e-77	278
POS_NC_001803_1_F0.001_R1_3146	NC_012920.1	99.333	150	150	7.34e-76	272
POS_NC_001803_1_F0.001_R1_3147	NC_012920.1	100.000	150	150	1.58e-77	278
POS_NC_001803_1_F0.001_R1_3148	NC_012920.1	100.000	150	150	1.58e-77	278
POS_NC_001803_1_F0.001_R1_3149	NC_012920.1	99.333	150	150	7.34e-76	272
POS_NC_001803_1_F0.001_R1_3150	NC_012920.1	100.000	150	150	1.58e-77	278
POS_NC_001803_1_F0.001_R1_3151	NC_012920.1	99.333	150	150	7.34e-76	272
POS_NC_001803_1_F0.001_R1_3152	NC_012920.1	98.667	150	150	3.42e-74	267
POS_NC_001803_1_F0.001_R1_3153	NC_012920.1	100.000	150	150	1.58e-77	278
POS_NC_001803_1_F0.001_R1_3154	NC_012920.1	100.000	150	150	1.58e-77	278
POS_NC_001803_1_F0.001_R1_3155	NC_012920.1	100.000	150	150	1.58e-77	278
POS_NC_001803_1_F0.001_R1_3156	NC_012920.1	100.000	150	150	1.58e-77	278
POS_NC_001803_1_F0.001_R1_3157	NC_012920.1	100.000	150	150	1.58e-77	278
POS_NC_001803_1_F0.001_R1_3158	NC_012920.1	100.000	150	150	1.58e-77	278
POS_NC_001803_1_F0.001_R1_3159	NC_012920.1	100.000	150	150	1.58e-77	278
POS_NC_001803_1_F0.001_R1_3160	NC_012920.1	99.333	150	150	7.34e-76	272
POS_NC_001803_1_F0.001_R1_3161	NC_012920.1	100.000	150	150	1.58e-77	278
POS_NC_001803_1_F0.001_R1_3162	NC_012920.1	100.000	150	150	1.58e-77	278
POS_NC_001803_1_F0.001_R1_3163	NC_012920.1	100.000	150	150	1.58e-77	278
POS_NC_001803_1_F0.001_R1_3164	NC_012920.1	100.000	150	150	1.58e-77	278
POS_NC_001803_1_F0.001_R1_3165	NC_012920.1	100.000	150	150	1.58e-77	278
POS_NC_001803_1_F0.001_R1_3166	NC_012920.1	100.000	150	150	1.58e-77	278
POS_NC_001803_1_F0.001_R1_3167	NC_012920.1	100.000	150	150	1.58e-77	278
POS_NC_001803_1_F0.001_R1_3168	NC_012920.1	100.000	150	150	1.58e-77	278
POS_NC_001803_1_F0.001_R1_3169	NC_012920.1	100.000	150	150	1.58e-77	278
POS_NC_001803_1_F0.001_R1_3170	NC_012920.1	100.000	150	150	1.58e-77	278
POS_NC_001803_1_F0.001_R1_3171	NC_012920.1	100.000	150	150	1.58e-77	278
POS_NC_001803_1_F0.001_R1_3172	NC_012920.1	99.333	150	150	7.34e-76	272
POS_NC_001803_1_F0.001_R1_3173	NC_012920.1	100.000	150	150	1.58e-77	278
POS_NC_001803_1_F0.001_R1_3174	NC_012920.1	100.000	150	150	1.58e-77	278
POS_NC_001803_1_F0.001_R1_3175	NC_012920.1	100.000	150	150	1.58e-77	278
POS_NC_001803_1_F0.001_R1_3176	NC_012920.1	100.000	150	150	1.58e-77	278
POS_NC_001803_1_F0.001_R1_3177	NC_012920.1	100.000	150	150	1.58e-77	278
POS_NC_001803_1_F0.001_R1_3178	NC_012920.1	99.333	150	150	7.34e-76	272
POS_NC_001803_1_F0.001_R1_3179	NC_012920.1	99.333	150	150	7.34e-76	272
POS_NC_001803_1_F0.001_R1_3180	NC_012920.1	100.000	150	150	1.58e-77	278
POS_NC_001803_1_F0.001_R1_3181	NC_012920.1	100.000	150	150	1.58e-77	278
POS_NC_001803_1_F0.001_R1_3182	NC_012920.1	99.333	150	150	7.34e-76	272
POS_NC_001803_1_F0.001_R1_3183	NC_012920.1	100.000	150	150	1.58e-77	278
POS_NC_001803_1_F0.001_R1_3184	NC_012920.1	100.000	150	150	1.58e-77	278
POS_NC_001803_1_F0.001_R1_3185	NC_012920.1	100.000	150	150	1.58e-77	278
POS_NC_001803_1_F0.001_R1_3186	NC_012920.1	100.000	150	150	1.58e-77	278
POS_NC_001803_1_F0.001_R1_3187	NC_012920.1	98.667	150	150	3.42e-74	267
POS_NC_001803_1_F0.001_R1_3188	NC_012920.1	99.333	150	150	7.34e-76	272
POS_NC_001803_1_F0.001_R1_3189	NC_012920.1	100.000	150	150	1.58e-77	278
POS_NC_001803_1_F0.001_R1_3190	NC_012920.1	100.000	150	150	1.58e-77	278
POS_NC_001803_1_F0.001_R1_3191	NC_012920.1	100.000	150	150	1.58e-77	278
POS_NC_001803_1_F0.001_R1_3192	NC_012920.1	100.000	150	150	1.58e-77	278
POS_NC_001803_1_F0.001_R1_3193	NC_012920.1	100.000	150	150	1.58e-77	278
POS_NC_001803_1_F0.001_R1_3194	NC_012920.1	100.000	149	150	5.68e-77	276
POS_NC_001803_1_F0.001_R1_3195	NC_012920.1	99.333	150	150	7.34e-76	272
POS_NC_001803_1_F0.001_R1_3196	NC_012920.1	99.333	150	150	7.34e-76	272
POS_NC_001803_1_F0.001_R1_3197	NC_012920.1	100.000	150	150	1.58e-77	278
POS_NC_001803_1_F0.001_R1_3198	NC_012920.1	100.000	150	150	1.58e-77	278
POS_NC_001803_1_F0.001_R1_3199	NC_012920.1	100.000	150	150	1.58e-77	278
POS_NC_001803_1_F0.001_R1_3200	NC_012920.1	100.000	150	150	1.58e-77	278
POS_NC_001803_1_F0.001_R1_3201	NC_012920.1	99.333	150	150	7.34e-76	272
POS_NC_001803_1_F0.001_R1_3202	NC_012920.1	100.000	147	150	7.34e-76	272
POS_NC_001803_1_F0.001_R1_3203	NC_012920.1	100.000	150	150	1.58e-77	278
POS_NC_001803_1_F0.001_R1_3204	NC_012920.1	100.000	150	150	1.58e-77	278
POS_NC_001803_1_F0.001_R1_3205	NC_012920.1	100.000	150	150	1.58e-77	278
POS_NC_001803_1_F0.001_R1_3206	NC_012920.1	100.000	150	150	1.58e-77	278
POS_NC_001803_1_F0.001_R1_3207	NC_012920.1	100.000	150	150	1.58e-77	278
POS_NC_001803_1_F0.001_R1_3208	NC_012920.1	100.000	150	150	1.58e-77	278
POS_NC_001803_1_F0.001_R1_3209	NC_012920.1	98.667	150	150	3.42e-74	267
POS_NC_001803_1_F0.001_R1_3210	NC_012920.1	100.000	150	150	1.58e-77	278
POS_NC_001803_1_F0.001_R1_3211	NC_012920.1	100.000	150	150	1.58e-77	278
POS_NC_001803_1_F0.001_R1_3212	NC_012920.1	100.000	150	150	1.58e-77	278
POS_NC_001803_1_F0.001_R1_3213	NC_012920.1	100.000	150	150	1.58e-77	278
POS_NC_001803_1_F0.001_R1_3214	NC_012920.1	100.000	150	150	1.58e-77	278
POS_NC_001803_1_F0.001_R1_3215	NC_012920.1	100.000	150	150	1.58e-77	278
POS_NC_001803_1_F0.001_R1_3216	NC_012920.1	99.333	150	150	7.34e-76	272
POS_NC_001803_1_F0.001_R1_3217	NC_012920.1	100.000	150	150	1.58e-77	278
POS_NC_001803_1_F0.001_R1_3218	NC_012920.1	99.333	150	150	7.34e-76	272
POS_NC_001803_1_F0.001_R1_3219	NC_012920.1	100.000	150	150	1.58e-77	278
POS_NC_001803_1_F0.001_R1_3220	NC_012920.1	100.000	150	150	1.58e-77	278
POS_NC_001803_1_F0.001_R1_3221	NC_012920.1	100.000	150	150	1.58e-77	278
POS_NC_001803_1_F0.001_R1_3222	NC_012920.1	100.000	150	150	1.58e-77	278
POS_NC_001803_1_F0.001_R1_3223	NC_012920.1	99.333	150	150	7.34e-76	272
POS_NC_001803_1_F0.001_R1_3224	NC_012920.1	100.000	150	150	1.58e-77	278
POS_NC_001803_1_F0.001_R1_3225	NC_012920.1	100.000	150	150	1.58e-77	278
POS_NC_001803_1_F0.001_R1_3226	NC_012920.1	100.000	150	150	1.58e-77	278
POS_NC_001803_1_F0.001_R1_3227	NC_012920.1	100.000	150	150	1.58e-77	278
POS_NC_001803_1_F0.001_R1_3228	NC_012920.1	100.000	150	150	1.58e-77	278
POS_NC_001803_1_F0.001_R1_3229	NC_012920.1	99.333	150	150	7.34e-76	272
POS_NC_001803_1_F0.001_R1_3230	NC_012920.1	99.333	150	150	7.34e-76	272
POS_NC_001803_1_F0.001_R1_3231	NC_012920.1	99.333	150	150	7.34e-76	272
POS_NC_001803_1_F0.001_R1_3232	NC_012920.1	99.333	150	150	7.34e-76	272
POS_NC_001803_1_F0.001_R1_3233	NC_012920.1	99.333	150	150	9.50e-75	268
POS_NC_001803_1_F0.001_R1_3234	NC_012920.1	99.333	150	150	7.34e-76	272
POS_NC_001803_1_F0.001_R1_3235	NC_012920.1	100.000	150	150	1.58e-77	278
POS_NC_001803_1_F0.001_R1_3236	NC_012920.1	100.000	150	150	1.58e-77	278
POS_NC_001803_1_F0.001_R1_3237	NC_012920.1	100.000	150	150	1.58e-77	278
POS_NC_001803_1_F0.001_R1_3238	NC_012920.1	100.000	150	150	1.58e-77	278
POS_NC_001803_1_F0.001_R1_3239	NC_012920.1	100.000	150	150	1.58e-77	278
POS_NC_001803_1_F0.001_R1_3240	NC_012920.1	100.000	150	150	1.58e-77	278
POS_NC_001803_1_F0.001_R1_3241	NC_012920.1	100.000	150	150	1.58e-77	278
POS_NC_001803_1_F0.001_R1_3242	NC_012920.1	100.000	150	150	1.58e-77	278
POS_NC_001803_1_F0.001_R1_3243	NC_012920.1	100.000	150	150	1.58e-77	278
POS_NC_001803_1_F0.001_R1_3244	NC_012920.1	99.333	150	150	7.34e-76	272
POS_NC_001803_1_F0.001_R1_3245	NC_012920.1	100.000	150	150	1.58e-77	278
POS_NC_001803_1_F0.001_R1_3246	NC_012920.1	100.000	150	150	1.58e-77	278
POS_NC_001803_1_F0.001_R1_3247	NC_012920.1	100.000	150	150	1.58e-77	278
POS_NC_001803_1_F0.001_R1_3248	NC_012920.1	100.000	150	150	1.58e-77	278
POS_NC_001803_1_F0.001_R1_3249	NC_012920.1	99.333	150	150	7.34e-76	272
POS_NC_001803_1_F0.001_R1_3250	NC_012920.1	100.000	150	150	1.58e-77	278
POS_NC_001803_1_F0.001_R1_3251	NC_012920.1	99.333	150	150	7.34e-76	272
POS_NC_001803_1_F0.001_R1_3252	NC_012920.1	100.000	150	150	1.58e-77	278
POS_NC_001803_1_F0.001_R1_3253	NC_012920.1	100.000	150	150	1.58e-77	278
POS_NC_001803_1_F0.001_R1_3254	NC_012920.1	100.000	150	150	1.58e-77	278
POS_NC_001803_1_F0.001_R1_3255	NC_012920.1	99.333	150	150	7.34e-76	272
POS_NC_001803_1_F0.001_R1_3256	NC_012920.1	100.000	150	150	1.58e-77	278
POS_NC_001803_1_F0.001_R1_3257	NC_012920.1	100.000	150	150	1.58e-77	278
POS_NC_001803_1_F0.001_R1_3258	NC_012920.1	100.000	150	150	1.58e-77	278
POS_NC_001803_1_F0.001_R1_3259	NC_012920.1	100.000	150	150	1.58e-77	278
POS_NC_001803_1_F0.001_R1_3260	NC_012920.1	98.667	150	150	3.42e-74	267
POS_NC_001803_1_F0.001_R1_3261	NC_012920.1	100.000	150	150	1.58e-77	278
POS_NC_001803_1_F0.001_R1_3262	NC_012920.1	100.000	150	150	1.58e-77	278
POS_NC_001803_1_F0.001_R1_3263	NC_012920.1	100.000	150	150	1.58e-77	278
POS_NC_001803_1_F0.001_R1_3264	NC_012920.1	100.000	150	150	1.58e-77	278
POS_NC_001803_1_F0.001_R1_3265	NC_012920.1	100.000	150	150	1.58e-77	278
POS_NC_001803_1_F0.001_R1_3266	NC_012920.1	99.333	150	150	7.34e-76	272
POS_NC_001803_1_F0.001_R1_3267	NC_012920.1	100.000	150	150	1.58e-77	278
POS_NC_001803_1_F0.001_R1_3268	NC_012920.1	100.000	150	150	1.58e-77	278
POS_NC_001803_1_F0.001_R1_3269	NC_012920.1	100.000	150	150	1.58e-77	278
POS_NC_001803_1_F0.001_R1_3270	NC_012920.1	99.333	150	150	7.34e-76	272
POS_NC_001803_1_F0.001_R1_3271	NC_012920.1	100.000	150	150	1.58e-77	278
POS_NC_001803_1_F0.001_R1_3272	NC_012920.1	100.000	150	150	1.58e-77	278
POS_NC_001803_1_F0.001_R1_3273	NC_012920.1	100.000	150	150	1.58e-77	278
POS_NC_001803_1_F0.001_R1_3274	NC_012920.1	99.333	150	150	7.34e-76	272
POS_NC_001803_1_F0.001_R1_3275	NC_012920.1	100.000	150	150	1.58e-77	278
POS_NC_001803_1_F0.001_R1_3276	NC_012920.1	99.333	150	150	7.34e-76	272
POS_NC_001803_1_F0.001_R1_3277	NC_012920.1	100.000	150	150	1.58e-77	278
POS_NC_001803_1_F0.001_R1_3278	NC_012920.1	100.000	150	150	1.58e-77	278
POS_NC_001803_1_F0.001_R1_3279	NC_012920.1	99.333	150	150	7.34e-76	272
POS_NC_001803_1_F0.001_R1_3280	NC_012920.1	100.000	150	150	1.58e-77	278
POS_NC_001803_1_F0.001_R1_3281	NC_012920.1	100.000	150	150	1.58e-77	278
POS_NC_001803_1_F0.001_R1_3282	NC_012920.1	100.000	150	150	1.58e-77	278
POS_NC_001803_1_F0.001_R1_3283	NC_012920.1	100.000	150	150	1.58e-77	278
POS_NC_001803_1_F0.001_R1_3284	NC_012920.1	100.000	150	150	1.58e-77	278
POS_NC_001803_1_F0.001_R1_3285	NC_012920.1	99.333	150	150	7.34e-76	272
POS_NC_001803_1_F0.001_R1_3286	NC_012920.1	98.667	150	150	3.42e-74	267
POS_NC_001803_1_F0.001_R1_3287	NC_012920.1	100.000	150	150	1.58e-77	278
POS_NC_001803_1_F0.001_R1_3288	NC_012920.1	100.000	150	150	1.58e-77	278
POS_NC_001803_1_F0.001_R1_3289	NC_012920.1	100.000	150	150	1.58e-77	278
POS_NC_001803_1_F0.001_R1_3290	NC_012920.1	100.000	150	150	1.58e-77	278
POS_NC_001803_1_F0.001_R1_3291	NC_012920.1	99.333	150	150	7.34e-76	272
POS_NC_001803_1_F0.001_R1_3292	NC_012920.1	100.000	150	150	1.58e-77	278
POS_NC_001803_1_F0.001_R1_3293	NC_012920.1	100.000	150	150	1.58e-77	278
POS_NC_001803_1_F0.001_R1_3294	NC_012920.1	100.000	150	150	1.58e-77	278
POS_NC_001803_1_F0.001_R1_3295	NC_012920.1	100.000	150	150	1.58e-77	278
POS_NC_001803_1_F0.001_R1_3296	NC_012920.1	100.000	150	150	1.58e-77	278
POS_NC_001803_1_F0.001_R1_3297	NC_012920.1	100.000	150	150	1.58e-77	278
POS_NC_001803_1_F0.001_R1_3298	NC_012920.1	100.000	150	150	1.58e-77	278
POS_NC_001803_1_F0.001_R1_3299	NC_012920.1	99.333	150	150	7.34e-76	272
POS_NC_001803_1_F0.001_R1_3300	NC_012920.1	100.000	150	150	2.04e-76	274
POS_NC_001803_1_F0.001_R1_3301	NC_012920.1	100.000	150	150	1.58e-77	278
POS_NC_001803_1_F0.001_R1_3302	NC_012920.1	99.333	150	150	7.34e-76	272
POS_NC_001803_1_F0.001_R1_3303	NC_012920.1	100.000	150	150	1.58e-77	278
POS_NC_001803_1_F0.001_R1_3304	NC_012920.1	97.333	150	150	7.40e-71	255
POS_NC_001803_1_F0.001_R1_3305	NC_012920.1	100.000	150	150	1.58e-77	278
POS_NC_001803_1_F0.001_R1_3306	NC_012920.1	100.000	150	150	1.58e-77	278
POS_NC_001803_1_F0.001_R1_3307	NC_012920.1	100.000	150	150	1.58e-77	278
POS_NC_001803_1_F0.001_R1_3308	NC_012920.1	99.333	150	150	7.34e-76	272
POS_NC_001803_1_F0.001_R1_3309	NC_012920.1	100.000	150	150	1.58e-77	278
POS_NC_001803_1_F0.001_R1_3310	NC_012920.1	100.000	150	150	1.58e-77	278
POS_NC_001803_1_F0.001_R1_3311	NC_012920.1	100.000	150	150	1.58e-77	278
POS_NC_001803_1_F0.001_R1_3312	NC_012920.1	100.000	150	150	1.58e-77	278
POS_NC_001803_1_F0.001_R1_3313	NC_012920.1	99.333	150	150	7.34e-76	272
POS_NC_001803_1_F0.001_R1_3314	NC_012920.1	100.000	150	150	1.58e-77	278
POS_NC_001803_1_F0.001_R1_3315	NC_012920.1	99.333	150	150	7.34e-76	272
POS_NC_001803_1_F0.001_R1_3316	NC_012920.1	99.333	150	150	7.34e-76	272
POS_NC_001803_1_F0.001_R1_3317	NC_012920.1	100.000	150	150	1.58e-77	278
POS_NC_001803_1_F0.001_R1_3318	NC_012920.1	100.000	150	150	1.58e-77	278
POS_NC_001803_1_F0.001_R1_3319	NC_012920.1	100.000	150	150	1.58e-77	278
POS_NC_001803_1_F0.001_R1_3320	NC_012920.1	100.000	150	150	1.58e-77	278
POS_NC_001803_1_F0.001_R1_3321	NC_012920.1	100.000	150	150	1.58e-77	278
POS_NC_001803_1_F0.001_R1_3322	NC_012920.1	100.000	150	150	1.58e-77	278
POS_NC_001803_1_F0.001_R1_3323	NC_012920.1	99.333	150	150	7.34e-76	272
POS_NC_001803_1_F0.001_R1_3324	NC_012920.1	99.333	150	150	7.34e-76	272
POS_NC_001803_1_F0.001_R1_3325	NC_012920.1	100.000	150	150	1.58e-77	278
POS_NC_001803_1_F0.001_R1_3326	NC_012920.1	100.000	150	150	1.58e-77	278
POS_NC_001803_1_F0.001_R1_3327	NC_012920.1	99.333	150	150	7.34e-76	272
POS_NC_001803_1_F0.001_R1_3328	NC_012920.1	100.000	150	150	1.58e-77	278
POS_NC_001803_1_F0.001_R1_3329	NC_012920.1	100.000	150	150	1.58e-77	278
POS_NC_001803_1_F0.001_R1_3330	NC_012920.1	98.667	150	150	3.42e-74	267
POS_NC_001803_1_F0.001_R1_3331	NC_012920.1	98.675	151	150	3.42e-74	267
POS_NC_001803_1_F0.001_R1_3332	NC_012920.1	99.333	150	150	7.34e-76	272
POS_NC_001803_1_F0.001_R1_3333	NC_012920.1	100.000	150	150	1.58e-77	278
POS_NC_001803_1_F0.001_R1_3334	NC_012920.1	100.000	150	150	1.58e-77	278
POS_NC_001803_1_F0.001_R1_3335	NC_012920.1	100.000	150	150	1.58e-77	278
POS_NC_001803_1_F0.001_R1_3336	NC_012920.1	100.000	150	150	1.58e-77	278
POS_NC_001803_1_F0.001_R1_3337	NC_012920.1	100.000	150	150	1.58e-77	278
POS_NC_001803_1_F0.001_R1_3338	NC_012920.1	100.000	150	150	1.58e-77	278
POS_NC_001803_1_F0.001_R1_3339	NC_012920.1	100.000	150	150	1.58e-77	278
POS_NC_001803_1_F0.001_R1_3340	NC_012920.1	100.000	150	150	1.58e-77	278
POS_NC_001803_1_F0.001_R1_3341	NC_012920.1	99.333	150	150	7.34e-76	272
POS_NC_001803_1_F0.001_R1_3342	NC_012920.1	100.000	150	150	1.58e-77	278
POS_NC_001803_1_F0.001_R1_3343	NC_012920.1	100.000	150	150	1.58e-77	278
POS_NC_001803_1_F0.001_R1_3344	NC_012920.1	100.000	150	150	1.58e-77	278
POS_NC_001803_1_F0.001_R1_3345	NC_012920.1	100.000	150	150	1.58e-77	278
POS_NC_001803_1_F0.001_R1_3346	NC_012920.1	100.000	150	150	1.58e-77	278
POS_NC_001803_1_F0.001_R1_3347	NC_012920.1	100.000	150	150	1.58e-77	278
POS_NC_001803_1_F0.001_R1_3348	NC_012920.1	100.000	150	150	1.58e-77	278
POS_NC_001803_1_F0.001_R1_3349	NC_012920.1	100.000	150	150	1.58e-77	278
POS_NC_001803_1_F0.001_R1_3350	NC_012920.1	99.333	150	150	7.34e-76	272
POS_NC_001803_1_F0.001_R1_3351	NC_012920.1	99.333	150	150	7.34e-76	272
POS_NC_001803_1_F0.001_R1_3352	NC_012920.1	98.667	150	150	3.42e-74	267
POS_NC_001803_1_F0.001_R1_3353	NC_012920.1	99.333	150	150	7.34e-76	272
POS_NC_001803_1_F0.001_R1_3354	NC_012920.1	99.333	150	150	7.34e-76	272
POS_NC_001803_1_F0.001_R1_3355	NC_012920.1	99.333	150	150	7.34e-76	272
POS_NC_001803_1_F0.001_R1_3356	NC_012920.1	100.000	150	150	1.58e-77	278
POS_NC_001803_1_F0.001_R1_3357	NC_012920.1	100.000	150	150	1.58e-77	278
POS_NC_001803_1_F0.001_R1_3358	NC_012920.1	100.000	150	150	1.58e-77	278
POS_NC_001803_1_F0.001_R1_3359	NC_012920.1	99.333	150	150	7.34e-76	272
POS_NC_001803_1_F0.001_R1_3360	NC_012920.1	100.000	150	150	1.58e-77	278
POS_NC_001803_1_F0.001_R1_3361	NC_012920.1	100.000	150	150	1.58e-77	278
POS_NC_001803_1_F0.001_R1_3362	NC_012920.1	100.000	150	150	1.58e-77	278
POS_NC_001803_1_F0.001_R1_3363	NC_012920.1	100.000	150	150	1.58e-77	278
POS_NC_001803_1_F0.001_R1_3364	NC_012920.1	99.324	148	150	9.50e-75	268
POS_NC_001803_1_F0.001_R1_3365	NC_012920.1	100.000	150	150	1.58e-77	278
POS_NC_001803_1_F0.001_R1_3366	NC_012920.1	100.000	150	150	1.58e-77	278
POS_NC_001803_1_F0.001_R1_3367	NC_012920.1	100.000	150	150	1.58e-77	278
POS_NC_001803_1_F0.001_R1_3368	NC_012920.1	99.333	150	150	7.34e-76	272
POS_NC_001803_1_F0.001_R1_3369	NC_012920.1	98.667	150	150	3.42e-74	267
POS_NC_001803_1_F0.001_R1_3370	NC_012920.1	99.333	150	150	7.34e-76	272
POS_NC_001803_1_F0.001_R1_3371	NC_012920.1	100.000	150	150	1.58e-77	278
POS_NC_001803_1_F0.001_R1_3372	NC_012920.1	100.000	150	150	1.58e-77	278
POS_NC_001803_1_F0.001_R1_3373	NC_012920.1	100.000	150	150	1.58e-77	278
POS_NC_001803_1_F0.001_R1_3374	NC_012920.1	100.000	150	150	1.58e-77	278
POS_NC_001803_1_F0.001_R1_3375	NC_012920.1	100.000	150	150	1.58e-77	278
POS_NC_001803_1_F0.001_R1_3376	NC_012920.1	99.333	150	150	7.34e-76	272
POS_NC_001803_1_F0.001_R1_3377	NC_012920.1	100.000	150	150	1.58e-77	278
POS_NC_001803_1_F0.001_R1_3378	NC_012920.1	100.000	150	150	1.58e-77	278
POS_NC_001803_1_F0.001_R1_3379	NC_012920.1	99.333	150	150	7.34e-76	272
POS_NC_001803_1_F0.001_R1_3380	NC_012920.1	100.000	150	150	1.58e-77	278
POS_NC_001803_1_F0.001_R1_3381	NC_012920.1	100.000	150	150	1.58e-77	278
POS_NC_001803_1_F0.001_R1_3382	NC_012920.1	100.000	150	150	1.58e-77	278
POS_NC_001803_1_F0.001_R1_3383	NC_012920.1	99.333	150	150	7.34e-76	272
POS_NC_001803_1_F0.001_R1_3384	NC_012920.1	100.000	150	150	1.58e-77	278
POS_NC_001803_1_F0.001_R1_3385	NC_012920.1	100.000	150	150	1.58e-77	278
POS_NC_001803_1_F0.001_R1_3386	NC_012920.1	100.000	150	150	1.58e-77	278
POS_NC_001803_1_F0.001_R1_3387	NC_012920.1	100.000	150	150	1.58e-77	278
POS_NC_001803_1_F0.001_R1_3388	NC_012920.1	99.333	150	150	7.34e-76	272
POS_NC_001803_1_F0.001_R1_3389	NC_012920.1	99.333	150	150	7.34e-76	272
POS_NC_001803_1_F0.001_R1_3390	NC_012920.1	100.000	150	150	1.58e-77	278
POS_NC_001803_1_F0.001_R1_3391	NC_012920.1	99.333	150	150	7.34e-76	272
POS_NC_001803_1_F0.001_R1_3392	NC_012920.1	100.000	150	150	1.58e-77	278
POS_NC_001803_1_F0.001_R1_3393	NC_012920.1	100.000	150	150	1.58e-77	278
POS_NC_001803_1_F0.001_R1_3394	NC_012920.1	100.000	150	150	1.58e-77	278
POS_NC_001803_1_F0.001_R1_3395	NC_012920.1	100.000	150	150	1.58e-77	278
POS_NC_001803_1_F0.001_R1_3396	NC_012920.1	98.667	150	150	3.42e-74	267
POS_NC_001803_1_F0.001_R1_3397	NC_012920.1	99.333	150	150	7.34e-76	272
POS_NC_001803_1_F0.001_R1_3398	NC_012920.1	100.000	150	150	1.58e-77	278
POS_NC_001803_1_F0.001_R1_3399	NC_012920.1	100.000	150	150	1.58e-77	278
POS_NC_001803_1_F0.001_R1_3400	NC_012920.1	100.000	150	150	1.58e-77	278
POS_NC_001803_1_F0.001_R1_3401	NC_012920.1	100.000	150	150	1.58e-77	278
POS_NC_001803_1_F0.001_R1_3402	NC_012920.1	99.333	150	150	7.34e-76	272
POS_NC_001803_1_F0.001_R1_3403	NC_012920.1	99.333	150	150	7.34e-76	272
POS_NC_001803_1_F0.001_R1_3404	NC_012920.1	100.000	150	150	1.58e-77	278
POS_NC_001803_1_F0.001_R1_3405	NC_012920.1	100.000	150	150	1.58e-77	278
POS_NC_001803_1_F0.001_R1_3406	NC_012920.1	100.000	150	150	1.58e-77	278
POS_NC_001803_1_F0.001_R1_3407	NC_012920.1	100.000	150	150	1.58e-77	278
POS_NC_001803_1_F0.001_R1_3408	NC_012920.1	98.667	150	150	3.42e-74	267
POS_NC_001803_1_F0.001_R1_3409	NC_012920.1	100.000	150	150	1.58e-77	278
POS_NC_001803_1_F0.001_R1_3410	NC_012920.1	100.000	150	150	1.58e-77	278
POS_NC_001803_1_F0.001_R1_3411	NC_012920.1	100.000	150	150	1.58e-77	278
POS_NC_001803_1_F0.001_R1_3412	NC_012920.1	100.000	150	150	1.58e-77	278
POS_NC_001803_1_F0.001_R1_3413	NC_012920.1	99.333	150	150	7.34e-76	272
POS_NC_001803_1_F0.001_R1_3414	NC_012920.1	99.333	150	150	7.34e-76	272
POS_NC_001803_1_F0.001_R1_3415	NC_012920.1	100.000	150	150	1.58e-77	278
POS_NC_001803_1_F0.001_R1_3416	NC_012920.1	100.000	150	150	1.58e-77	278
POS_NC_001803_1_F0.001_R1_3417	NC_012920.1	100.000	150	150	1.58e-77	278
POS_NC_001803_1_F0.001_R1_3418	NC_012920.1	100.000	150	150	1.58e-77	278
POS_NC_001803_1_F0.001_R1_3419	NC_012920.1	100.000	150	150	1.58e-77	278
POS_NC_001803_1_F0.001_R1_3420	NC_012920.1	100.000	150	150	1.58e-77	278
POS_NC_001803_1_F0.001_R1_3421	NC_012920.1	99.333	150	150	7.34e-76	272
POS_NC_001803_1_F0.001_R1_3422	NC_012920.1	100.000	150	150	1.58e-77	278
POS_NC_001803_1_F0.001_R1_3423	NC_012920.1	100.000	150	150	1.58e-77	278
POS_NC_001803_1_F0.001_R1_3424	NC_012920.1	100.000	150	150	1.58e-77	278
POS_NC_001803_1_F0.001_R1_3425	NC_012920.1	99.333	150	150	7.34e-76	272
POS_NC_001803_1_F0.001_R1_3426	NC_012920.1	100.000	150	150	1.58e-77	278
POS_NC_001803_1_F0.001_R1_3427	NC_012920.1	100.000	150	150	1.58e-77	278
POS_NC_001803_1_F0.001_R1_3428	NC_012920.1	100.000	150	150	1.58e-77	278
POS_NC_001803_1_F0.001_R1_3429	NC_012920.1	100.000	150	150	1.58e-77	278
POS_NC_001803_1_F0.001_R1_3430	NC_012920.1	100.000	150	150	1.58e-77	278
POS_NC_001803_1_F0.001_R1_3431	NC_012920.1	99.329	149	150	2.64e-75	270
POS_NC_001803_1_F0.001_R1_3432	NC_012920.1	100.000	150	150	1.58e-77	278
POS_NC_001803_1_F0.001_R1_3433	NC_012920.1	100.000	150	150	1.58e-77	278
POS_NC_001803_1_F0.001_R1_3434	NC_012920.1	100.000	150	150	1.58e-77	278
POS_NC_001803_1_F0.001_R1_3435	NC_012920.1	99.333	150	150	7.34e-76	272
POS_NC_001803_1_F0.001_R1_3436	NC_012920.1	99.333	150	150	7.34e-76	272
POS_NC_001803_1_F0.001_R1_3437	NC_012920.1	100.000	150	150	1.58e-77	278
POS_NC_001803_1_F0.001_R1_3438	NC_012920.1	100.000	150	150	1.58e-77	278
POS_NC_001803_1_F0.001_R1_3439	NC_012920.1	100.000	150	150	1.58e-77	278
POS_NC_001803_1_F0.001_R1_3440	NC_012920.1	99.333	150	150	7.34e-76	272
POS_NC_001803_1_F0.001_R1_3441	NC_012920.1	99.333	150	150	7.34e-76	272
POS_NC_001803_1_F0.001_R1_3442	NC_012920.1	100.000	150	150	1.58e-77	278
POS_NC_001803_1_F0.001_R1_3443	NC_012920.1	100.000	150	150	1.58e-77	278
POS_NC_001803_1_F0.001_R1_3444	NC_012920.1	99.333	150	150	7.34e-76	272
POS_NC_001803_1_F0.001_R1_3445	NC_012920.1	100.000	150	150	1.58e-77	278
POS_NC_001803_1_F0.001_R1_3446	NC_012920.1	100.000	150	150	1.58e-77	278
POS_NC_001803_1_F0.001_R1_3447	NC_012920.1	99.333	150	150	7.34e-76	272
POS_NC_001803_1_F0.001_R1_3448	NC_012920.1	100.000	150	150	1.58e-77	278
POS_NC_001803_1_F0.001_R1_3449	NC_012920.1	100.000	150	150	1.58e-77	278
POS_NC_001803_1_F0.001_R1_3450	NC_012920.1	100.000	150	150	1.58e-77	278
POS_NC_001803_1_F0.001_R1_3451	NC_012920.1	100.000	150	150	1.58e-77	278
POS_NC_001803_1_F0.001_R1_3452	NC_012920.1	100.000	150	150	1.58e-77	278
POS_NC_001803_1_F0.001_R1_3453	NC_012920.1	100.000	150	150	1.58e-77	278
POS_NC_001803_1_F0.001_R1_3454	NC_012920.1	99.333	150	150	7.34e-76	272
POS_NC_001803_1_F0.001_R1_3455	NC_012920.1	100.000	150	150	1.58e-77	278
POS_NC_001803_1_F0.001_R1_3456	NC_012920.1	100.000	149	150	5.68e-77	276
POS_NC_001803_1_F0.001_R1_3457	NC_012920.1	100.000	150	150	1.58e-77	278
POS_NC_001803_1_F0.001_R1_3458	NC_012920.1	99.333	150	150	7.34e-76	272
POS_NC_001803_1_F0.001_R1_3459	NC_012920.1	99.333	150	150	7.34e-76	272
POS_NC_001803_1_F0.001_R1_3460	NC_012920.1	100.000	150	150	1.58e-77	278
POS_NC_001803_1_F0.001_R1_3461	NC_012920.1	100.000	150	150	1.58e-77	278
POS_NC_001803_1_F0.001_R1_3462	NC_012920.1	100.000	150	150	1.58e-77	278
POS_NC_001803_1_F0.001_R1_3463	NC_012920.1	100.000	150	150	1.58e-77	278
POS_NC_001803_1_F0.001_R1_3464	NC_012920.1	100.000	150	150	1.58e-77	278
POS_NC_001803_1_F0.001_R1_3465	NC_012920.1	100.000	150	150	1.58e-77	278
POS_NC_001803_1_F0.001_R1_3466	NC_012920.1	100.000	150	150	1.58e-77	278
POS_NC_001803_1_F0.001_R1_3467	NC_012920.1	100.000	150	150	1.58e-77	278
POS_NC_001803_1_F0.001_R1_3468	NC_012920.1	99.333	150	150	7.34e-76	272
POS_NC_001803_1_F0.001_R1_3469	NC_012920.1	100.000	150	150	1.58e-77	278
POS_NC_001803_1_F0.001_R1_3470	NC_012920.1	100.000	150	150	1.58e-77	278
POS_NC_001803_1_F0.001_R1_3471	NC_012920.1	99.333	150	150	7.34e-76	272
POS_NC_001803_1_F0.001_R1_3472	NC_012920.1	100.000	150	150	1.58e-77	278
POS_NC_001803_1_F0.001_R1_3473	NC_012920.1	99.333	150	150	7.34e-76	272
POS_NC_001803_1_F0.001_R1_3474	NC_012920.1	100.000	150	150	1.58e-77	278
POS_NC_001803_1_F0.001_R1_3475	NC_012920.1	99.333	150	150	7.34e-76	272
POS_NC_001803_1_F0.001_R1_3476	NC_012920.1	100.000	150	150	1.58e-77	278
POS_NC_001803_1_F0.001_R1_3477	NC_012920.1	99.333	150	150	7.34e-76	272
POS_NC_001803_1_F0.001_R1_3478	NC_012920.1	99.333	150	150	7.34e-76	272
POS_NC_001803_1_F0.001_R1_3479	NC_012920.1	100.000	150	150	1.58e-77	278
POS_NC_001803_1_F0.001_R1_3480	NC_012920.1	100.000	150	150	1.58e-77	278
POS_NC_001803_1_F0.001_R1_3481	NC_012920.1	100.000	150	150	1.58e-77	278
POS_NC_001803_1_F0.001_R1_3482	NC_012920.1	98.667	150	150	3.42e-74	267
POS_NC_001803_1_F0.001_R1_3483	NC_012920.1	100.000	150	150	1.58e-77	278
POS_NC_001803_1_F0.001_R1_3484	NC_012920.1	100.000	150	150	1.58e-77	278
POS_NC_001803_1_F0.001_R1_3485	NC_012920.1	99.333	150	150	7.34e-76	272
POS_NC_001803_1_F0.001_R1_3486	NC_012920.1	99.333	150	150	7.34e-76	272
POS_NC_001803_1_F0.001_R1_3487	NC_012920.1	100.000	150	150	1.58e-77	278
POS_NC_001803_1_F0.001_R1_3488	NC_012920.1	100.000	150	150	1.58e-77	278
POS_NC_001803_1_F0.001_R1_3489	NC_012920.1	99.333	150	150	7.34e-76	272
POS_NC_001803_1_F0.001_R1_3490	NC_012920.1	99.333	150	150	7.34e-76	272
POS_NC_001803_1_F0.001_R1_3491	NC_012920.1	100.000	150	150	1.58e-77	278
POS_NC_001803_1_F0.001_R1_3492	NC_012920.1	100.000	150	150	1.58e-77	278
POS_NC_001803_1_F0.001_R1_3493	NC_012920.1	100.000	150	150	1.58e-77	278
POS_NC_001803_1_F0.001_R1_3494	NC_012920.1	100.000	150	150	1.58e-77	278
POS_NC_001803_1_F0.001_R1_3495	NC_012920.1	99.333	150	150	7.34e-76	272
POS_NC_001803_1_F0.001_R1_3496	NC_012920.1	99.333	150	150	7.34e-76	272
POS_NC_001803_1_F0.001_R1_3497	NC_012920.1	100.000	150	150	1.58e-77	278
POS_NC_001803_1_F0.001_R1_3498	NC_012920.1	99.333	150	150	7.34e-76	272
POS_NC_001803_1_F0.001_R1_3499	NC_012920.1	100.000	150	150	1.58e-77	278
POS_NC_001803_1_F0.001_R1_3500	NC_012920.1	100.000	150	150	1.58e-77	278
POS_NC_001803_1_F0.001_R1_3501	NC_012920.1	100.000	150	150	1.58e-77	278
POS_NC_001803_1_F0.001_R1_3502	NC_012920.1	99.333	150	150	7.34e-76	272
POS_NC_001803_1_F0.001_R1_3503	NC_012920.1	100.000	150	150	1.58e-77	278
POS_NC_001803_1_F0.001_R1_3504	NC_012920.1	100.000	150	150	1.58e-77	278
POS_NC_001803_1_F0.001_R1_3505	NC_012920.1	99.333	150	150	7.34e-76	272
POS_NC_001803_1_F0.001_R1_3506	NC_012920.1	100.000	150	150	2.04e-76	274
POS_NC_001803_1_F0.001_R1_3507	NC_012920.1	100.000	150	150	1.58e-77	278
POS_NC_001803_1_F0.001_R1_3508	NC_012920.1	100.000	150	150	1.58e-77	278
POS_NC_001803_1_F0.001_R1_3509	NC_012920.1	100.000	150	150	1.58e-77	278
POS_NC_001803_1_F0.001_R1_3510	NC_012920.1	100.000	150	150	1.58e-77	278
POS_NC_001803_1_F0.001_R1_3511	NC_012920.1	100.000	150	150	1.58e-77	278
POS_NC_001803_1_F0.001_R1_3512	NC_012920.1	100.000	150	150	1.58e-77	278
POS_NC_001803_1_F0.001_R1_3513	NC_012920.1	100.000	150	150	1.58e-77	278
POS_NC_001803_1_F0.001_R1_3514	NC_012920.1	98.667	150	150	3.42e-74	267
POS_NC_001803_1_F0.001_R1_3515	NC_012920.1	100.000	150	150	1.58e-77	278
POS_NC_001803_1_F0.001_R1_3516	NC_012920.1	100.000	150	150	1.58e-77	278
POS_NC_001803_1_F0.001_R1_3517	NC_012920.1	100.000	150	150	1.58e-77	278
POS_NC_001803_1_F0.001_R1_3518	NC_012920.1	100.000	150	150	1.58e-77	278
POS_NC_001803_1_F0.001_R1_3519	NC_012920.1	100.000	150	150	1.58e-77	278
POS_NC_001803_1_F0.001_R1_3520	NC_012920.1	100.000	150	150	1.58e-77	278
POS_NC_001803_1_F0.001_R1_3521	NC_012920.1	100.000	150	150	1.58e-77	278
POS_NC_001803_1_F0.001_R1_3522	NC_012920.1	100.000	150	150	1.58e-77	278
POS_NC_001803_1_F0.001_R1_3523	NC_012920.1	100.000	150	150	1.58e-77	278
POS_NC_001803_1_F0.001_R1_3524	NC_012920.1	100.000	150	150	1.58e-77	278
POS_NC_001803_1_F0.001_R1_3525	NC_012920.1	100.000	150	150	1.58e-77	278
POS_NC_001803_1_F0.001_R1_3526	NC_012920.1	99.333	150	150	7.34e-76	272
POS_NC_001803_1_F0.001_R1_3527	NC_012920.1	100.000	150	150	1.58e-77	278
POS_NC_001803_1_F0.001_R1_3528	NC_012920.1	100.000	150	150	1.58e-77	278
POS_NC_001803_1_F0.001_R1_3529	NC_012920.1	100.000	150	150	1.58e-77	278
POS_NC_001803_1_F0.001_R1_3530	NC_012920.1	99.333	150	150	7.34e-76	272
POS_NC_001803_1_F0.001_R1_3531	NC_012920.1	100.000	150	150	1.58e-77	278
POS_NC_001803_1_F0.001_R1_3532	NC_012920.1	100.000	150	150	1.58e-77	278
POS_NC_001803_1_F0.001_R1_3533	NC_012920.1	100.000	150	150	1.58e-77	278
POS_NC_001803_1_F0.001_R1_3534	NC_012920.1	100.000	150	150	1.58e-77	278
POS_NC_001803_1_F0.001_R1_3535	NC_012920.1	100.000	150	150	1.58e-77	278
POS_NC_001803_1_F0.001_R1_3536	NC_012920.1	99.333	150	150	7.34e-76	272
POS_NC_001803_1_F0.001_R1_3537	NC_012920.1	99.333	150	150	7.34e-76	272
POS_NC_001803_1_F0.001_R1_3538	NC_012920.1	100.000	150	150	1.58e-77	278
POS_NC_001803_1_F0.001_R1_3539	NC_012920.1	100.000	150	150	1.58e-77	278
POS_NC_001803_1_F0.001_R1_3540	NC_012920.1	100.000	150	150	1.58e-77	278
POS_NC_001803_1_F0.001_R1_3541	NC_012920.1	99.333	150	150	7.34e-76	272
POS_NC_001803_1_F0.001_R1_3542	NC_012920.1	100.000	150	150	1.58e-77	278
POS_NC_001803_1_F0.001_R1_3543	NC_012920.1	99.333	150	150	7.34e-76	272
POS_NC_001803_1_F0.001_R1_3544	NC_012920.1	100.000	150	150	1.58e-77	278
POS_NC_001803_1_F0.001_R1_3545	NC_012920.1	100.000	150	150	1.58e-77	278
POS_NC_001803_1_F0.001_R1_3546	NC_012920.1	100.000	150	150	1.58e-77	278
POS_NC_001803_1_F0.001_R1_3547	NC_012920.1	99.333	150	150	7.34e-76	272
POS_NC_001803_1_F0.001_R1_3548	NC_012920.1	100.000	150	150	1.58e-77	278
POS_NC_001803_1_F0.001_R1_3549	NC_012920.1	100.000	150	150	1.58e-77	278
POS_NC_001803_1_F0.001_R1_3550	NC_012920.1	100.000	150	150	1.58e-77	278
POS_NC_001803_1_F0.001_R1_3551	NC_012920.1	100.000	150	150	1.58e-77	278
POS_NC_001803_1_F0.001_R1_3552	NC_012920.1	100.000	150	150	1.58e-77	278
POS_NC_001803_1_F0.001_R1_3553	NC_012920.1	98.667	150	150	3.42e-74	267
POS_NC_001803_1_F0.001_R1_3554	NC_012920.1	100.000	150	150	1.58e-77	278
POS_NC_001803_1_F0.001_R1_3555	NC_012920.1	100.000	150	150	1.58e-77	278
POS_NC_001803_1_F0.001_R1_3556	NC_012920.1	99.333	150	150	7.34e-76	272
POS_NC_001803_1_F0.001_R1_3557	NC_012920.1	100.000	150	150	1.58e-77	278
POS_NC_001803_1_F0.001_R1_3558	NC_012920.1	98.667	150	150	3.42e-74	267
POS_NC_001803_1_F0.001_R1_3559	NC_012920.1	100.000	150	150	1.58e-77	278
POS_NC_001803_1_F0.001_R1_3560	NC_012920.1	99.333	150	150	7.34e-76	272
POS_NC_001803_1_F0.001_R1_3561	NC_012920.1	100.000	150	150	1.58e-77	278
POS_NC_001803_1_F0.001_R1_3562	NC_012920.1	100.000	150	150	1.58e-77	278
POS_NC_001803_1_F0.001_R1_3563	NC_012920.1	99.333	150	150	7.34e-76	272
POS_NC_001803_1_F0.001_R1_3564	NC_012920.1	100.000	150	150	1.58e-77	278
POS_NC_001803_1_F0.001_R1_3565	NC_012920.1	100.000	150	150	1.58e-77	278
POS_NC_001803_1_F0.001_R1_3566	NC_012920.1	100.000	150	150	1.58e-77	278
POS_NC_001803_1_F0.001_R1_3567	NC_012920.1	100.000	150	150	1.58e-77	278
POS_NC_001803_1_F0.001_R1_3568	NC_012920.1	100.000	150	150	1.58e-77	278
POS_NC_001803_1_F0.001_R1_3569	NC_012920.1	100.000	150	150	1.58e-77	278
POS_NC_001803_1_F0.001_R1_3570	NC_012920.1	99.333	150	150	7.34e-76	272
POS_NC_001803_1_F0.001_R1_3571	NC_012920.1	100.000	150	150	1.58e-77	278
POS_NC_001803_1_F0.001_R1_3572	NC_012920.1	100.000	150	150	1.58e-77	278
POS_NC_001803_1_F0.001_R1_3573	NC_012920.1	100.000	150	150	1.58e-77	278
POS_NC_001803_1_F0.001_R1_3574	NC_012920.1	100.000	150	150	1.58e-77	278
POS_NC_001803_1_F0.001_R1_3575	NC_012920.1	100.000	150	150	1.58e-77	278
POS_NC_001803_1_F0.001_R1_3576	NC_012920.1	100.000	150	150	1.58e-77	278
POS_NC_001803_1_F0.001_R1_3577	NC_012920.1	100.000	150	150	1.58e-77	278
POS_NC_001803_1_F0.001_R1_3578	NC_012920.1	100.000	150	150	1.58e-77	278
POS_NC_001803_1_F0.001_R1_3579	NC_012920.1	100.000	150	150	1.58e-77	278
POS_NC_001803_1_F0.001_R1_3580	NC_012920.1	100.000	150	150	1.58e-77	278
POS_NC_001803_1_F0.001_R1_3581	NC_012920.1	100.000	150	150	1.58e-77	278
POS_NC_001803_1_F0.001_R1_3582	NC_012920.1	100.000	150	150	1.58e-77	278
POS_NC_001803_1_F0.001_R1_3583	NC_012920.1	100.000	150	150	1.58e-77	278
POS_NC_001803_1_F0.001_R1_3584	NC_012920.1	100.000	150	150	1.58e-77	278
POS_NC_001803_1_F0.001_R1_3585	NC_012920.1	100.000	150	150	1.58e-77	278
POS_NC_001803_1_F0.001_R1_3586	NC_012920.1	99.333	150	150	7.34e-76	272
POS_NC_001803_1_F0.001_R1_3587	NC_012920.1	100.000	150	150	1.58e-77	278
POS_NC_001803_1_F0.001_R1_3588	NC_012920.1	100.000	150	150	1.58e-77	278
POS_NC_001803_1_F0.001_R1_3589	NC_012920.1	100.000	150	150	1.58e-77	278
POS_NC_001803_1_F0.001_R1_3590	NC_012920.1	100.000	150	150	1.58e-77	278
POS_NC_001803_1_F0.001_R1_3591	NC_012920.1	100.000	150	150	1.58e-77	278
POS_NC_001803_1_F0.001_R1_3592	NC_012920.1	98.667	150	150	3.42e-74	267
POS_NC_001803_1_F0.001_R1_3593	NC_012920.1	99.333	150	150	7.34e-76	272
POS_NC_001803_1_F0.001_R1_3594	NC_012920.1	99.333	150	150	7.34e-76	272
POS_NC_001803_1_F0.001_R1_3595	NC_012920.1	100.000	150	150	1.58e-77	278
POS_NC_001803_1_F0.001_R1_3596	NC_012920.1	100.000	150	150	1.58e-77	278
POS_NC_001803_1_F0.001_R1_3597	NC_012920.1	100.000	150	150	1.58e-77	278
POS_NC_001803_1_F0.001_R1_3598	NC_012920.1	100.000	150	150	1.58e-77	278
POS_NC_001803_1_F0.001_R1_3599	NC_012920.1	100.000	150	150	1.58e-77	278
POS_NC_001803_1_F0.001_R1_3600	NC_012920.1	100.000	150	150	1.58e-77	278
POS_NC_001803_1_F0.001_R1_3601	NC_012920.1	99.333	150	150	7.34e-76	272
POS_NC_001803_1_F0.001_R1_3602	NC_012920.1	98.667	150	150	3.42e-74	267
POS_NC_001803_1_F0.001_R1_3603	NC_012920.1	100.000	150	150	1.58e-77	278
POS_NC_001803_1_F0.001_R1_3604	NC_012920.1	100.000	150	150	1.58e-77	278
POS_NC_001803_1_F0.001_R1_3605	NC_012920.1	98.667	150	150	3.42e-74	267
POS_NC_001803_1_F0.001_R1_3606	NC_012920.1	100.000	150	150	1.58e-77	278
POS_NC_001803_1_F0.001_R1_3607	NC_012920.1	99.333	150	150	7.34e-76	272
POS_NC_001803_1_F0.001_R1_3608	NC_012920.1	100.000	150	150	1.58e-77	278
POS_NC_001803_1_F0.001_R1_3609	NC_012920.1	100.000	150	150	1.58e-77	278
POS_NC_001803_1_F0.001_R1_3610	NC_012920.1	99.333	150	150	7.34e-76	272
POS_NC_001803_1_F0.001_R1_3611	NC_012920.1	100.000	150	150	1.58e-77	278
POS_NC_001803_1_F0.001_R1_3612	NC_012920.1	100.000	150	150	1.58e-77	278
POS_NC_001803_1_F0.001_R1_3613	NC_012920.1	100.000	150	150	1.58e-77	278
POS_NC_001803_1_F0.001_R1_3614	NC_012920.1	100.000	150	150	1.58e-77	278
POS_NC_001803_1_F0.001_R1_3615	NC_012920.1	99.333	150	150	7.34e-76	272
POS_NC_001803_1_F0.001_R1_3616	NC_012920.1	100.000	150	150	1.58e-77	278
POS_NC_001803_1_F0.001_R1_3617	NC_012920.1	99.333	150	150	7.34e-76	272
POS_NC_001803_1_F0.001_R1_3618	NC_012920.1	100.000	150	150	1.58e-77	278
POS_NC_001803_1_F0.001_R1_3619	NC_012920.1	99.333	150	150	7.34e-76	272
POS_NC_001803_1_F0.001_R1_3620	NC_012920.1	100.000	150	150	1.58e-77	278
POS_NC_001803_1_F0.001_R1_3621	NC_012920.1	100.000	150	150	1.58e-77	278
POS_NC_001803_1_F0.001_R1_3622	NC_012920.1	100.000	150	150	1.58e-77	278
POS_NC_001803_1_F0.001_R1_3623	NC_012920.1	100.000	150	150	1.58e-77	278
POS_NC_001803_1_F0.001_R1_3624	NC_012920.1	100.000	150	150	1.58e-77	278
POS_NC_001803_1_F0.001_R1_3625	NC_012920.1	100.000	150	150	1.58e-77	278
POS_NC_001803_1_F0.001_R1_3626	NC_012920.1	99.333	150	150	7.34e-76	272
POS_NC_001803_1_F0.001_R1_3627	NC_012920.1	100.000	150	150	1.58e-77	278
POS_NC_001803_1_F0.001_R1_3628	NC_012920.1	100.000	150	150	1.58e-77	278
POS_NC_001803_1_F0.001_R1_3629	NC_012920.1	99.333	150	150	7.34e-76	272
POS_NC_001803_1_F0.001_R1_3630	NC_012920.1	100.000	150	150	1.58e-77	278
POS_NC_001803_1_F0.001_R1_3631	NC_012920.1	100.000	150	150	1.58e-77	278
POS_NC_001803_1_F0.001_R1_3632	NC_012920.1	98.667	150	150	3.42e-74	267
POS_NC_001803_1_F0.001_R1_3633	NC_012920.1	99.333	150	150	7.34e-76	272
POS_NC_001803_1_F0.001_R1_3634	NC_012920.1	100.000	150	150	1.58e-77	278
POS_NC_001803_1_F0.001_R1_3635	NC_012920.1	99.333	150	150	7.34e-76	272
POS_NC_001803_1_F0.001_R1_3636	NC_012920.1	99.333	150	150	7.34e-76	272
POS_NC_001803_1_F0.001_R1_3637	NC_012920.1	100.000	150	150	1.58e-77	278
POS_NC_001803_1_F0.001_R1_3638	NC_012920.1	98.667	150	150	3.42e-74	267
POS_NC_001803_1_F0.001_R1_3639	NC_012920.1	100.000	150	150	1.58e-77	278
POS_NC_001803_1_F0.001_R1_3640	NC_012920.1	100.000	150	150	1.58e-77	278
POS_NC_001803_1_F0.001_R1_3641	NC_012920.1	100.000	150	150	1.58e-77	278
POS_NC_001803_1_F0.001_R1_3642	NC_012920.1	100.000	150	150	1.58e-77	278
POS_NC_001803_1_F0.001_R1_3643	NC_012920.1	99.333	150	150	7.34e-76	272
POS_NC_001803_1_F0.001_R1_3644	NC_012920.1	100.000	150	150	1.58e-77	278
POS_NC_001803_1_F0.001_R1_3645	NC_012920.1	100.000	150	150	1.58e-77	278
POS_NC_001803_1_F0.001_R1_3646	NC_012920.1	99.333	150	150	7.34e-76	272
POS_NC_001803_1_F0.001_R1_3647	NC_012920.1	100.000	150	150	1.58e-77	278
POS_NC_001803_1_F0.001_R1_3648	NC_012920.1	100.000	150	150	1.58e-77	278
POS_NC_001803_1_F0.001_R1_3649	NC_012920.1	100.000	150	150	1.58e-77	278
POS_NC_001803_1_F0.001_R1_3650	NC_012920.1	99.333	150	150	7.34e-76	272
POS_NC_001803_1_F0.001_R1_3651	NC_012920.1	100.000	150	150	1.58e-77	278
POS_NC_001803_1_F0.001_R1_3652	NC_012920.1	99.333	150	150	7.34e-76	272
POS_NC_001803_1_F0.001_R1_3653	NC_012920.1	99.333	150	150	7.34e-76	272
POS_NC_001803_1_F0.001_R1_3654	NC_012920.1	100.000	150	150	1.58e-77	278
POS_NC_001803_1_F0.001_R1_3655	NC_012920.1	99.333	150	150	7.34e-76	272
POS_NC_001803_1_F0.001_R1_3656	NC_012920.1	100.000	150	150	1.58e-77	278
POS_NC_001803_1_F0.001_R1_3657	NC_012920.1	100.000	150	150	1.58e-77	278
POS_NC_001803_1_F0.001_R1_3658	NC_012920.1	99.333	150	150	7.34e-76	272
POS_NC_001803_1_F0.001_R1_3659	NC_012920.1	100.000	150	150	1.58e-77	278
POS_NC_001803_1_F0.001_R1_3660	NC_012920.1	100.000	150	150	1.58e-77	278
POS_NC_001803_1_F0.001_R1_3661	NC_012920.1	100.000	150	150	1.58e-77	278
POS_NC_001803_1_F0.001_R1_3662	NC_012920.1	100.000	150	150	1.58e-77	278
POS_NC_001803_1_F0.001_R1_3663	NC_012920.1	100.000	150	150	1.58e-77	278
POS_NC_001803_1_F0.001_R1_3664	NC_012920.1	100.000	150	150	1.58e-77	278
POS_NC_001803_1_F0.001_R1_3665	NC_012920.1	100.000	148	150	2.04e-76	274
POS_NC_001803_1_F0.001_R1_3666	NC_012920.1	100.000	150	150	1.58e-77	278
POS_NC_001803_1_F0.001_R1_3667	NC_012920.1	100.000	150	150	1.58e-77	278
POS_NC_001803_1_F0.001_R1_3668	NC_012920.1	100.000	150	150	1.58e-77	278
POS_NC_001803_1_F0.001_R1_3669	NC_012920.1	100.000	150	150	1.58e-77	278
POS_NC_001803_1_F0.001_R1_3670	NC_012920.1	100.000	150	150	1.58e-77	278
POS_NC_001803_1_F0.001_R1_3671	NC_012920.1	99.333	150	150	7.34e-76	272
POS_NC_001803_1_F0.001_R1_3672	NC_012920.1	100.000	150	150	1.58e-77	278
POS_NC_001803_1_F0.001_R1_3673	NC_012920.1	100.000	150	150	1.58e-77	278
POS_NC_001803_1_F0.001_R1_3674	NC_012920.1	100.000	150	150	1.58e-77	278
POS_NC_001803_1_F0.001_R1_3675	NC_012920.1	100.000	150	150	1.58e-77	278
POS_NC_001803_1_F0.001_R1_3676	NC_012920.1	99.333	150	150	7.34e-76	272
POS_NC_001803_1_F0.001_R1_3677	NC_012920.1	100.000	150	150	1.58e-77	278
POS_NC_001803_1_F0.001_R1_3678	NC_012920.1	99.333	150	150	7.34e-76	272
POS_NC_001803_1_F0.001_R1_3679	NC_012920.1	100.000	150	150	1.58e-77	278
POS_NC_001803_1_F0.001_R1_3680	NC_012920.1	100.000	150	150	1.58e-77	278
POS_NC_001803_1_F0.001_R1_3681	NC_012920.1	100.000	150	150	1.58e-77	278
POS_NC_001803_1_F0.001_R1_3682	NC_012920.1	100.000	150	150	1.58e-77	278
POS_NC_001803_1_F0.001_R1_3683	NC_012920.1	100.000	150	150	1.58e-77	278
POS_NC_001803_1_F0.001_R1_3684	NC_012920.1	99.333	150	150	7.34e-76	272
POS_NC_001803_1_F0.001_R1_3685	NC_012920.1	100.000	150	150	1.58e-77	278
POS_NC_001803_1_F0.001_R1_3686	NC_012920.1	100.000	150	150	1.58e-77	278
POS_NC_001803_1_F0.001_R1_3687	NC_012920.1	100.000	150	150	1.58e-77	278
POS_NC_001803_1_F0.001_R1_3688	NC_012920.1	99.333	150	150	7.34e-76	272
POS_NC_001803_1_F0.001_R1_3689	NC_012920.1	99.333	150	150	7.34e-76	272
POS_NC_001803_1_F0.001_R1_3690	NC_012920.1	100.000	150	150	1.58e-77	278
POS_NC_001803_1_F0.001_R1_3691	NC_012920.1	100.000	150	150	1.58e-77	278
POS_NC_001803_1_F0.001_R1_3692	NC_012920.1	100.000	150	150	1.58e-77	278
POS_NC_001803_1_F0.001_R1_3693	NC_012920.1	100.000	150	150	1.58e-77	278
POS_NC_001803_1_F0.001_R1_3694	NC_012920.1	100.000	150	150	1.58e-77	278
POS_NC_001803_1_F0.001_R1_3695	NC_012920.1	100.000	150	150	1.58e-77	278
POS_NC_001803_1_F0.001_R1_3696	NC_012920.1	100.000	150	150	2.04e-76	274
POS_NC_001803_1_F0.001_R1_3697	NC_012920.1	100.000	150	150	1.58e-77	278
POS_NC_001803_1_F0.001_R1_3698	NC_012920.1	100.000	150	150	1.58e-77	278
POS_NC_001803_1_F0.001_R1_3699	NC_012920.1	100.000	150	150	1.58e-77	278
POS_NC_001803_1_F0.001_R1_3700	NC_012920.1	100.000	150	150	1.58e-77	278
POS_NC_001803_1_F0.001_R1_3701	NC_012920.1	100.000	150	150	1.58e-77	278
POS_NC_001803_1_F0.001_R1_3702	NC_012920.1	99.333	150	150	7.34e-76	272
POS_NC_001803_1_F0.001_R1_3703	NC_012920.1	99.333	150	150	7.34e-76	272
POS_NC_001803_1_F0.001_R1_3704	NC_012920.1	99.333	150	150	7.34e-76	272
POS_NC_001803_1_F0.001_R1_3705	NC_012920.1	100.000	150	150	1.58e-77	278
POS_NC_001803_1_F0.001_R1_3706	NC_012920.1	99.333	150	150	7.34e-76	272
POS_NC_001803_1_F0.001_R1_3707	NC_012920.1	100.000	150	150	1.58e-77	278
POS_NC_001803_1_F0.001_R1_3708	NC_012920.1	100.000	150	150	1.58e-77	278
POS_NC_001803_1_F0.001_R1_3709	NC_012920.1	99.333	150	150	7.34e-76	272
POS_NC_001803_1_F0.001_R1_3710	NC_012920.1	100.000	150	150	1.58e-77	278
POS_NC_001803_1_F0.001_R1_3711	NC_012920.1	100.000	150	150	1.58e-77	278
POS_NC_001803_1_F0.001_R1_3712	NC_012920.1	97.987	149	150	5.72e-72	259
POS_NC_001803_1_F0.001_R1_3713	NC_012920.1	100.000	150	150	1.58e-77	278
POS_NC_001803_1_F0.001_R1_3714	NC_012920.1	100.000	150	150	1.58e-77	278
POS_NC_001803_1_F0.001_R1_3715	NC_012920.1	100.000	150	150	1.58e-77	278
POS_NC_001803_1_F0.001_R1_3716	NC_012920.1	100.000	150	150	1.58e-77	278
POS_NC_001803_1_F0.001_R1_3717	NC_012920.1	100.000	150	150	1.58e-77	278
POS_NC_001803_1_F0.001_R1_3718	NC_012920.1	100.000	150	150	1.58e-77	278
POS_NC_001803_1_F0.001_R1_3719	NC_012920.1	100.000	150	150	1.58e-77	278
POS_NC_001803_1_F0.001_R1_3720	NC_012920.1	99.333	150	150	7.34e-76	272
POS_NC_001803_1_F0.001_R1_3721	NC_012920.1	100.000	150	150	1.58e-77	278
POS_NC_001803_1_F0.001_R1_3722	NC_012920.1	99.333	150	150	7.34e-76	272
POS_NC_001803_1_F0.001_R1_3723	NC_012920.1	100.000	150	150	1.58e-77	278
POS_NC_001803_1_F0.001_R1_3724	NC_012920.1	100.000	150	150	1.58e-77	278
POS_NC_001803_1_F0.001_R1_3725	NC_012920.1	99.333	150	150	7.34e-76	272
POS_NC_001803_1_F0.001_R1_3726	NC_012920.1	100.000	150	150	1.58e-77	278
POS_NC_001803_1_F0.001_R1_3727	NC_012920.1	100.000	150	150	1.58e-77	278
POS_NC_001803_1_F0.001_R1_3728	NC_012920.1	99.333	150	150	7.34e-76	272
POS_NC_001803_1_F0.001_R1_3729	NC_012920.1	100.000	150	150	1.58e-77	278
POS_NC_001803_1_F0.001_R1_3730	NC_012920.1	100.000	150	150	1.58e-77	278
POS_NC_001803_1_F0.001_R1_3731	NC_012920.1	99.333	150	150	7.34e-76	272
POS_NC_001803_1_F0.001_R1_3732	NC_012920.1	100.000	150	150	1.58e-77	278
POS_NC_001803_1_F0.001_R1_3733	NC_012920.1	100.000	150	150	1.58e-77	278
POS_NC_001803_1_F0.001_R1_3734	NC_012920.1	100.000	150	150	1.58e-77	278
POS_NC_001803_1_F0.001_R1_3735	NC_012920.1	100.000	150	150	1.58e-77	278
POS_NC_001803_1_F0.001_R1_3736	NC_012920.1	100.000	150	150	1.58e-77	278
POS_NC_001803_1_F0.001_R1_3737	NC_012920.1	100.000	150	150	1.58e-77	278
POS_NC_001803_1_F0.001_R1_3738	NC_012920.1	100.000	150	150	1.58e-77	278
POS_NC_001803_1_F0.001_R1_3739	NC_012920.1	100.000	150	150	1.58e-77	278
POS_NC_001803_1_F0.001_R1_3740	NC_012920.1	100.000	150	150	1.58e-77	278
POS_NC_001803_1_F0.001_R1_3741	NC_012920.1	100.000	150	150	1.58e-77	278
POS_NC_001803_1_F0.001_R1_3742	NC_012920.1	98.667	150	150	3.42e-74	267
POS_NC_001803_1_F0.001_R1_3743	NC_012920.1	100.000	150	150	1.58e-77	278
POS_NC_001803_1_F0.001_R1_3744	NC_012920.1	99.333	150	150	7.34e-76	272
POS_NC_001803_1_F0.001_R1_3745	NC_012920.1	100.000	150	150	1.58e-77	278
POS_NC_001803_1_F0.001_R1_3746	NC_012920.1	100.000	150	150	1.58e-77	278
POS_NC_001803_1_F0.001_R1_3747	NC_012920.1	100.000	150	150	1.58e-77	278
POS_NC_001803_1_F0.001_R1_3748	NC_012920.1	100.000	150	150	1.58e-77	278
POS_NC_001803_1_F0.001_R1_3749	NC_012920.1	100.000	150	150	1.58e-77	278
POS_NC_001803_1_F0.001_R1_3750	NC_012920.1	99.333	150	150	7.34e-76	272
POS_NC_001803_1_F0.001_R1_3751	NC_012920.1	100.000	150	150	1.58e-77	278
POS_NC_001803_1_F0.001_R1_3752	NC_012920.1	100.000	150	150	1.58e-77	278
POS_NC_001803_1_F0.001_R1_3753	NC_012920.1	99.333	150	150	7.34e-76	272
POS_NC_001803_1_F0.001_R1_3754	NC_012920.1	100.000	150	150	1.58e-77	278
POS_NC_001803_1_F0.001_R1_3755	NC_012920.1	100.000	150	150	1.58e-77	278
POS_NC_001803_1_F0.001_R1_3756	NC_012920.1	100.000	150	150	1.58e-77	278
POS_NC_001803_1_F0.001_R1_3757	NC_012920.1	100.000	150	150	1.58e-77	278
POS_NC_001803_1_F0.001_R1_3758	NC_012920.1	100.000	150	150	1.58e-77	278
POS_NC_001803_1_F0.001_R1_3759	NC_012920.1	100.000	150	150	1.58e-77	278
POS_NC_001803_1_F0.001_R1_3760	NC_012920.1	100.000	150	150	1.58e-77	278
POS_NC_001803_1_F0.001_R1_3761	NC_012920.1	100.000	150	150	1.58e-77	278
POS_NC_001803_1_F0.001_R1_3762	NC_012920.1	99.333	150	150	7.34e-76	272
POS_NC_001803_1_F0.001_R1_3763	NC_012920.1	100.000	150	150	1.58e-77	278
POS_NC_001803_1_F0.001_R1_3764	NC_012920.1	100.000	150	150	1.58e-77	278
POS_NC_001803_1_F0.001_R1_3765	NC_012920.1	100.000	150	150	1.58e-77	278
POS_NC_001803_1_F0.001_R1_3766	NC_012920.1	100.000	150	150	1.58e-77	278
POS_NC_001803_1_F0.001_R1_3767	NC_012920.1	100.000	150	150	1.58e-77	278
POS_NC_001803_1_F0.001_R1_3768	NC_012920.1	100.000	150	150	1.58e-77	278
POS_NC_001803_1_F0.001_R1_3769	NC_012920.1	100.000	150	150	1.58e-77	278
POS_NC_001803_1_F0.001_R1_3770	NC_012920.1	100.000	150	150	1.58e-77	278
POS_NC_001803_1_F0.001_R1_3771	NC_012920.1	100.000	150	150	1.58e-77	278
POS_NC_001803_1_F0.001_R1_3772	NC_012920.1	100.000	150	150	1.58e-77	278
POS_NC_001803_1_F0.001_R1_3773	NC_012920.1	99.333	150	150	7.34e-76	272
POS_NC_001803_1_F0.001_R1_3774	NC_012920.1	100.000	150	150	1.58e-77	278
POS_NC_001803_1_F0.001_R1_3775	NC_012920.1	100.000	150	150	1.58e-77	278
POS_NC_001803_1_F0.001_R1_3776	NC_012920.1	100.000	150	150	1.58e-77	278
POS_NC_001803_1_F0.001_R1_3777	NC_012920.1	100.000	150	150	1.58e-77	278
POS_NC_001803_1_F0.001_R1_3778	NC_012920.1	100.000	150	150	1.58e-77	278
POS_NC_001803_1_F0.001_R1_3779	NC_012920.1	100.000	150	150	1.58e-77	278
POS_NC_001803_1_F0.001_R1_3780	NC_012920.1	99.333	150	150	7.34e-76	272
POS_NC_001803_1_F0.001_R1_3781	NC_012920.1	100.000	150	150	1.58e-77	278
POS_NC_001803_1_F0.001_R1_3782	NC_012920.1	100.000	150	150	1.58e-77	278
POS_NC_001803_1_F0.001_R1_3783	NC_012920.1	100.000	150	150	1.58e-77	278
POS_NC_001803_1_F0.001_R1_3784	NC_012920.1	100.000	150	150	1.58e-77	278
POS_NC_001803_1_F0.001_R1_3785	NC_012920.1	100.000	150	150	1.58e-77	278
POS_NC_001803_1_F0.001_R1_3786	NC_012920.1	100.000	150	150	1.58e-77	278
POS_NC_001803_1_F0.001_R1_3787	NC_012920.1	100.000	150	150	1.58e-77	278
POS_NC_001803_1_F0.001_R1_3788	NC_012920.1	100.000	150	150	1.58e-77	278
POS_NC_001803_1_F0.001_R1_3789	NC_012920.1	100.000	150	150	1.58e-77	278
POS_NC_001803_1_F0.001_R1_3790	NC_012920.1	100.000	150	150	1.58e-77	278
POS_NC_001803_1_F0.001_R1_3791	NC_012920.1	100.000	150	150	1.58e-77	278
POS_NC_001803_1_F0.001_R1_3792	NC_012920.1	99.333	150	150	7.34e-76	272
POS_NC_001803_1_F0.001_R1_3793	NC_012920.1	99.333	150	150	7.34e-76	272
POS_NC_001803_1_F0.001_R1_3794	NC_012920.1	100.000	150	150	1.58e-77	278
POS_NC_001803_1_F0.001_R1_3795	NC_012920.1	99.333	150	150	7.34e-76	272
POS_NC_001803_1_F0.001_R1_3796	NC_012920.1	99.333	150	150	7.34e-76	272
POS_NC_001803_1_F0.001_R1_3797	NC_012920.1	99.333	150	150	7.34e-76	272
POS_NC_001803_1_F0.001_R1_3798	NC_012920.1	99.333	150	150	7.34e-76	272
POS_NC_001803_1_F0.001_R1_3799	NC_012920.1	100.000	150	150	1.58e-77	278
POS_NC_001803_1_F0.001_R1_3800	NC_012920.1	99.333	150	150	7.34e-76	272
POS_NC_001803_1_F0.001_R1_3801	NC_012920.1	100.000	150	150	1.58e-77	278
POS_NC_001803_1_F0.001_R1_3802	NC_012920.1	100.000	150	150	1.58e-77	278
POS_NC_001803_1_F0.001_R1_3803	NC_012920.1	99.333	150	150	7.34e-76	272
POS_NC_001803_1_F0.001_R1_3804	NC_012920.1	100.000	150	150	1.58e-77	278
POS_NC_001803_1_F0.001_R1_3805	NC_012920.1	100.000	150	150	1.58e-77	278
POS_NC_001803_1_F0.001_R1_3806	NC_012920.1	99.333	150	150	7.34e-76	272
POS_NC_001803_1_F0.001_R1_3807	NC_012920.1	100.000	150	150	1.58e-77	278
POS_NC_001803_1_F0.001_R1_3808	NC_012920.1	99.333	150	150	7.34e-76	272
POS_NC_001803_1_F0.001_R1_3809	NC_012920.1	100.000	150	150	1.58e-77	278
POS_NC_001803_1_F0.001_R1_3810	NC_012920.1	99.333	150	150	7.34e-76	272
POS_NC_001803_1_F0.001_R1_3811	NC_012920.1	100.000	150	150	1.58e-77	278
POS_NC_001803_1_F0.001_R1_3812	NC_012920.1	100.000	150	150	1.58e-77	278
POS_NC_001803_1_F0.001_R1_3813	NC_012920.1	100.000	150	150	1.58e-77	278
POS_NC_001803_1_F0.001_R1_3814	NC_012920.1	100.000	150	150	1.58e-77	278
POS_NC_001803_1_F0.001_R1_3815	NC_012920.1	100.000	150	150	1.58e-77	278
POS_NC_001803_1_F0.001_R1_3816	NC_012920.1	99.333	150	150	7.34e-76	272
POS_NC_001803_1_F0.001_R1_3817	NC_012920.1	99.333	150	150	7.34e-76	272
POS_NC_001803_1_F0.001_R1_3818	NC_012920.1	100.000	150	150	1.58e-77	278
POS_NC_001803_1_F0.001_R1_3819	NC_012920.1	99.333	150	150	7.34e-76	272
POS_NC_001803_1_F0.001_R1_3820	NC_012920.1	100.000	150	150	1.58e-77	278
POS_NC_001803_1_F0.001_R1_3821	NC_012920.1	99.333	150	150	7.34e-76	272
POS_NC_001803_1_F0.001_R1_3822	NC_012920.1	100.000	150	150	1.58e-77	278
POS_NC_001803_1_F0.001_R1_3823	NC_012920.1	100.000	150	150	1.58e-77	278
POS_NC_001803_1_F0.001_R1_3824	NC_012920.1	99.333	150	150	7.34e-76	272
POS_NC_001803_1_F0.001_R1_3825	NC_012920.1	100.000	150	150	1.58e-77	278
POS_NC_001803_1_F0.001_R1_3826	NC_012920.1	99.333	150	150	7.34e-76	272
POS_NC_001803_1_F0.001_R1_3827	NC_012920.1	100.000	150	150	1.58e-77	278
POS_NC_001803_1_F0.001_R1_3828	NC_012920.1	99.333	150	150	7.34e-76	272
POS_NC_001803_1_F0.001_R1_3829	NC_012920.1	100.000	150	150	1.58e-77	278
POS_NC_001803_1_F0.001_R1_3830	NC_012920.1	100.000	150	150	1.58e-77	278
POS_NC_001803_1_F0.001_R1_3831	NC_012920.1	100.000	150	150	1.58e-77	278
POS_NC_001803_1_F0.001_R1_3832	NC_012920.1	99.333	150	150	7.34e-76	272
POS_NC_001803_1_F0.001_R1_3833	NC_012920.1	100.000	150	150	1.58e-77	278
POS_NC_001803_1_F0.001_R1_3834	NC_012920.1	100.000	150	150	1.58e-77	278
POS_NC_001803_1_F0.001_R1_3835	NC_012920.1	100.000	150	150	2.04e-76	274
POS_NC_001803_1_F0.001_R1_3836	NC_012920.1	100.000	150	150	1.58e-77	278
POS_NC_001803_1_F0.001_R1_3837	NC_012920.1	100.000	150	150	1.58e-77	278
POS_NC_001803_1_F0.001_R1_3838	NC_012920.1	100.000	150	150	1.58e-77	278
POS_NC_001803_1_F0.001_R1_3839	NC_012920.1	100.000	150	150	1.58e-77	278
POS_NC_001803_1_F0.001_R1_3840	NC_012920.1	100.000	150	150	1.58e-77	278
POS_NC_001803_1_F0.001_R1_3841	NC_012920.1	100.000	150	150	1.58e-77	278
POS_NC_001803_1_F0.001_R1_3842	NC_012920.1	100.000	150	150	1.58e-77	278
POS_NC_001803_1_F0.001_R1_3843	NC_012920.1	99.333	150	150	7.34e-76	272
POS_NC_001803_1_F0.001_R1_3844	NC_012920.1	100.000	150	150	1.58e-77	278
POS_NC_001803_1_F0.001_R1_3845	NC_012920.1	100.000	150	150	1.58e-77	278
POS_NC_001803_1_F0.001_R1_3846	NC_012920.1	100.000	150	150	1.58e-77	278
POS_NC_001803_1_F0.001_R1_3847	NC_012920.1	100.000	150	150	1.58e-77	278
POS_NC_001803_1_F0.001_R1_3848	NC_012920.1	100.000	150	150	1.58e-77	278
POS_NC_001803_1_F0.001_R1_3849	NC_012920.1	100.000	150	150	1.58e-77	278
POS_NC_001803_1_F0.001_R1_3850	NC_012920.1	100.000	150	150	1.58e-77	278
POS_NC_001803_1_F0.001_R1_3851	NC_012920.1	98.667	150	150	3.42e-74	267
POS_NC_001803_1_F0.001_R1_3852	NC_012920.1	100.000	150	150	1.58e-77	278
POS_NC_001803_1_F0.001_R1_3853	NC_012920.1	99.333	150	150	7.34e-76	272
POS_NC_001803_1_F0.001_R1_3854	NC_012920.1	100.000	150	150	2.04e-76	274
POS_NC_001803_1_F0.001_R1_3855	NC_012920.1	100.000	150	150	1.58e-77	278
POS_NC_001803_1_F0.001_R1_3856	NC_012920.1	100.000	150	150	1.58e-77	278
POS_NC_001803_1_F0.001_R1_3857	NC_012920.1	100.000	150	150	1.58e-77	278
POS_NC_001803_1_F0.001_R1_3858	NC_012920.1	100.000	150	150	1.58e-77	278
POS_NC_001803_1_F0.001_R1_3859	NC_012920.1	99.333	150	150	7.34e-76	272
POS_NC_001803_1_F0.001_R1_3860	NC_012920.1	100.000	150	150	1.58e-77	278
POS_NC_001803_1_F0.001_R1_3861	NC_012920.1	100.000	150	150	1.58e-77	278
POS_NC_001803_1_F0.001_R1_3862	NC_012920.1	100.000	150	150	1.58e-77	278
POS_NC_001803_1_F0.001_R1_3863	NC_012920.1	99.333	150	150	7.34e-76	272
POS_NC_001803_1_F0.001_R1_3864	NC_012920.1	100.000	150	150	1.58e-77	278
POS_NC_001803_1_F0.001_R1_3865	NC_012920.1	100.000	150	150	1.58e-77	278
POS_NC_001803_1_F0.001_R1_3866	NC_012920.1	100.000	150	150	1.58e-77	278
POS_NC_001803_1_F0.001_R1_3867	NC_012920.1	100.000	150	150	1.58e-77	278
POS_NC_001803_1_F0.001_R1_3868	NC_012920.1	99.333	150	150	7.34e-76	272
POS_NC_001803_1_F0.001_R1_3869	NC_012920.1	99.333	150	150	7.34e-76	272
POS_NC_001803_1_F0.001_R1_3870	NC_012920.1	100.000	150	150	1.58e-77	278
POS_NC_001803_1_F0.001_R1_3871	NC_012920.1	98.649	148	150	4.42e-73	263
POS_NC_001803_1_F0.001_R1_3872	NC_012920.1	100.000	150	150	1.58e-77	278
POS_NC_001803_1_F0.001_R1_3873	NC_012920.1	100.000	150	150	1.58e-77	278
POS_NC_001803_1_F0.001_R1_3874	NC_012920.1	100.000	150	150	1.58e-77	278
POS_NC_001803_1_F0.001_R1_3875	NC_012920.1	100.000	150	150	1.58e-77	278
POS_NC_001803_1_F0.001_R1_3876	NC_012920.1	100.000	150	150	1.58e-77	278
POS_NC_001803_1_F0.001_R1_3877	NC_012920.1	100.000	150	150	1.58e-77	278
POS_NC_001803_1_F0.001_R1_3878	NC_012920.1	100.000	150	150	1.58e-77	278
POS_NC_001803_1_F0.001_R1_3879	NC_012920.1	100.000	150	150	1.58e-77	278
POS_NC_001803_1_F0.001_R1_3880	NC_012920.1	100.000	150	150	1.58e-77	278
POS_NC_001803_1_F0.001_R1_3881	NC_012920.1	100.000	150	150	1.58e-77	278
POS_NC_001803_1_F0.001_R1_3882	NC_012920.1	100.000	150	150	1.58e-77	278
POS_NC_001803_1_F0.001_R1_3883	NC_012920.1	100.000	150	150	1.58e-77	278
POS_NC_001803_1_F0.001_R1_3884	NC_012920.1	99.333	150	150	7.34e-76	272
POS_NC_001803_1_F0.001_R1_3885	NC_012920.1	100.000	150	150	1.58e-77	278
POS_NC_001803_1_F0.001_R1_3886	NC_012920.1	100.000	150	150	1.58e-77	278
POS_NC_001803_1_F0.001_R1_3887	NC_012920.1	100.000	150	150	1.58e-77	278
POS_NC_001803_1_F0.001_R1_3888	NC_012920.1	100.000	150	150	1.58e-77	278
POS_NC_001803_1_F0.001_R1_3889	NC_012920.1	100.000	150	150	1.58e-77	278
POS_NC_001803_1_F0.001_R1_3890	NC_012920.1	100.000	150	150	1.58e-77	278
POS_NC_001803_1_F0.001_R1_3891	NC_012920.1	99.333	150	150	7.34e-76	272
POS_NC_001803_1_F0.001_R1_3892	NC_012920.1	100.000	150	150	1.58e-77	278
POS_NC_001803_1_F0.001_R1_3893	NC_012920.1	100.000	150	150	1.58e-77	278
POS_NC_001803_1_F0.001_R1_3894	NC_012920.1	99.333	150	150	7.34e-76	272
POS_NC_001803_1_F0.001_R1_3895	NC_012920.1	100.000	150	150	1.58e-77	278
POS_NC_001803_1_F0.001_R1_3896	NC_012920.1	99.333	150	150	7.34e-76	272
POS_NC_001803_1_F0.001_R1_3897	NC_012920.1	99.333	150	150	7.34e-76	272
POS_NC_001803_1_F0.001_R1_3898	NC_012920.1	100.000	150	150	1.58e-77	278
POS_NC_001803_1_F0.001_R1_3899	NC_012920.1	100.000	150	150	1.58e-77	278
POS_NC_001803_1_F0.001_R1_3900	NC_012920.1	100.000	150	150	1.58e-77	278
POS_NC_001803_1_F0.001_R1_3901	NC_012920.1	100.000	150	150	1.58e-77	278
POS_NC_001803_1_F0.001_R1_3902	NC_012920.1	100.000	150	150	1.58e-77	278
POS_NC_001803_1_F0.001_R1_3903	NC_012920.1	100.000	150	150	1.58e-77	278
POS_NC_001803_1_F0.001_R1_3904	NC_012920.1	100.000	150	150	1.58e-77	278
POS_NC_001803_1_F0.001_R1_3905	NC_012920.1	99.333	150	150	7.34e-76	272
POS_NC_001803_1_F0.001_R1_3906	NC_012920.1	99.333	150	150	7.34e-76	272
POS_NC_001803_1_F0.001_R1_3907	NC_012920.1	100.000	150	150	1.58e-77	278
POS_NC_001803_1_F0.001_R1_3908	NC_012920.1	100.000	150	150	1.58e-77	278
POS_NC_001803_1_F0.001_R1_3909	NC_012920.1	100.000	150	150	1.58e-77	278
POS_NC_001803_1_F0.001_R1_3910	NC_012920.1	100.000	150	150	1.58e-77	278
POS_NC_001803_1_F0.001_R1_3911	NC_012920.1	100.000	150	150	1.58e-77	278
POS_NC_001803_1_F0.001_R1_3912	NC_012920.1	100.000	150	150	1.58e-77	278
POS_NC_001803_1_F0.001_R1_3913	NC_012920.1	100.000	150	150	1.58e-77	278
POS_NC_001803_1_F0.001_R1_3914	NC_012920.1	100.000	150	150	1.58e-77	278
POS_NC_001803_1_F0.001_R1_3915	NC_012920.1	99.333	150	150	7.34e-76	272
POS_NC_001803_1_F0.001_R1_3916	NC_012920.1	99.333	150	150	7.34e-76	272
POS_NC_001803_1_F0.001_R1_3917	NC_012920.1	100.000	150	150	1.58e-77	278
POS_NC_001803_1_F0.001_R1_3918	NC_012920.1	99.333	150	150	7.34e-76	272
POS_NC_001803_1_F0.001_R1_3919	NC_012920.1	98.667	150	150	3.42e-74	267
POS_NC_001803_1_F0.001_R1_3920	NC_012920.1	100.000	148	150	2.04e-76	274
POS_NC_001803_1_F0.001_R1_3921	NC_012920.1	100.000	150	150	1.58e-77	278
POS_NC_001803_1_F0.001_R1_3922	NC_012920.1	100.000	150	150	1.58e-77	278
POS_NC_001803_1_F0.001_R1_3923	NC_012920.1	100.000	150	150	1.58e-77	278
POS_NC_001803_1_F0.001_R1_3924	NC_012920.1	99.333	150	150	7.34e-76	272
POS_NC_001803_1_F0.001_R1_3925	NC_012920.1	98.667	150	150	3.42e-74	267
POS_NC_001803_1_F0.001_R1_3926	NC_012920.1	100.000	150	150	1.58e-77	278
POS_NC_001803_1_F0.001_R1_3927	NC_012920.1	100.000	150	150	1.58e-77	278
POS_NC_001803_1_F0.001_R1_3928	NC_012920.1	100.000	150	150	1.58e-77	278
POS_NC_001803_1_F0.001_R1_3929	NC_012920.1	98.667	150	150	3.42e-74	267
POS_NC_001803_1_F0.001_R1_3930	NC_012920.1	100.000	150	150	1.58e-77	278
POS_NC_001803_1_F0.001_R1_3931	NC_012920.1	100.000	150	150	1.58e-77	278
POS_NC_001803_1_F0.001_R1_3932	NC_012920.1	100.000	150	150	1.58e-77	278
POS_NC_001803_1_F0.001_R1_3933	NC_012920.1	100.000	150	150	1.58e-77	278
POS_NC_001803_1_F0.001_R1_3934	NC_012920.1	99.333	150	150	7.34e-76	272
POS_NC_001803_1_F0.001_R1_3935	NC_012920.1	100.000	150	150	1.58e-77	278
POS_NC_001803_1_F0.001_R1_3936	NC_012920.1	100.000	150	150	1.58e-77	278
POS_NC_001803_1_F0.001_R1_3937	NC_012920.1	100.000	150	150	1.58e-77	278
POS_NC_001803_1_F0.001_R1_3938	NC_012920.1	99.333	150	150	7.34e-76	272
POS_NC_001803_1_F0.001_R1_3939	NC_012920.1	99.333	150	150	7.34e-76	272
POS_NC_001803_1_F0.001_R1_3940	NC_012920.1	100.000	150	150	1.58e-77	278
POS_NC_001803_1_F0.001_R1_3941	NC_012920.1	100.000	150	150	1.58e-77	278
POS_NC_001803_1_F0.001_R1_3942	NC_012920.1	100.000	150	150	1.58e-77	278
POS_NC_001803_1_F0.001_R1_3943	NC_012920.1	99.333	150	150	7.34e-76	272
POS_NC_001803_1_F0.001_R1_3944	NC_012920.1	100.000	150	150	1.58e-77	278
POS_NC_001803_1_F0.001_R1_3945	NC_012920.1	99.333	150	150	7.34e-76	272
POS_NC_001803_1_F0.001_R1_3946	NC_012920.1	100.000	150	150	1.58e-77	278
POS_NC_001803_1_F0.001_R1_3947	NC_012920.1	100.000	150	150	1.58e-77	278
POS_NC_001803_1_F0.001_R1_3948	NC_012920.1	100.000	150	150	1.58e-77	278
POS_NC_001803_1_F0.001_R1_3949	NC_012920.1	99.333	150	150	7.34e-76	272
POS_NC_001803_1_F0.001_R1_3950	NC_012920.1	100.000	150	150	1.58e-77	278
POS_NC_001803_1_F0.001_R1_3951	NC_012920.1	100.000	150	150	1.58e-77	278
POS_NC_001803_1_F0.001_R1_3952	NC_012920.1	100.000	150	150	1.58e-77	278
POS_NC_001803_1_F0.001_R1_3953	NC_012920.1	100.000	150	150	1.58e-77	278
POS_NC_001803_1_F0.001_R1_3954	NC_012920.1	100.000	150	150	1.58e-77	278
POS_NC_001803_1_F0.001_R1_3955	NC_012920.1	100.000	150	150	1.58e-77	278
POS_NC_001803_1_F0.001_R1_3956	NC_012920.1	100.000	150	150	1.58e-77	278
POS_NC_001803_1_F0.001_R1_3957	NC_012920.1	99.333	150	150	7.34e-76	272
POS_NC_001803_1_F0.001_R1_3958	NC_012920.1	100.000	150	150	1.58e-77	278
POS_NC_001803_1_F0.001_R1_3959	NC_012920.1	100.000	150	150	1.58e-77	278
POS_NC_001803_1_F0.001_R1_3960	NC_012920.1	100.000	150	150	1.58e-77	278
POS_NC_001803_1_F0.001_R1_3961	NC_012920.1	100.000	150	150	1.58e-77	278
POS_NC_001803_1_F0.001_R1_3962	NC_012920.1	100.000	150	150	1.58e-77	278
POS_NC_001803_1_F0.001_R1_3963	NC_012920.1	100.000	150	150	1.58e-77	278
POS_NC_001803_1_F0.001_R1_3964	NC_012920.1	100.000	150	150	1.58e-77	278
POS_NC_001803_1_F0.001_R1_3965	NC_012920.1	100.000	150	150	1.58e-77	278
POS_NC_001803_1_F0.001_R1_3966	NC_012920.1	99.333	150	150	7.34e-76	272
POS_NC_001803_1_F0.001_R1_3967	NC_012920.1	99.333	150	150	7.34e-76	272
POS_NC_001803_1_F0.001_R1_3968	NC_012920.1	100.000	150	150	1.58e-77	278
POS_NC_001803_1_F0.001_R1_3969	NC_012920.1	100.000	150	150	1.58e-77	278
POS_NC_001803_1_F0.001_R1_3970	NC_012920.1	99.333	150	150	7.34e-76	272
POS_NC_001803_1_F0.001_R1_3971	NC_012920.1	100.000	150	150	1.58e-77	278
POS_NC_001803_1_F0.001_R1_3972	NC_012920.1	100.000	150	150	1.58e-77	278
POS_NC_001803_1_F0.001_R1_3973	NC_012920.1	100.000	150	150	1.58e-77	278
POS_NC_001803_1_F0.001_R1_3974	NC_012920.1	100.000	150	150	1.58e-77	278
POS_NC_001803_1_F0.001_R1_3975	NC_012920.1	99.333	150	150	7.34e-76	272
POS_NC_001803_1_F0.001_R1_3976	NC_012920.1	99.333	150	150	7.34e-76	272
POS_NC_001803_1_F0.001_R1_3977	NC_012920.1	99.333	150	150	7.34e-76	272
POS_NC_001803_1_F0.001_R1_3978	NC_012920.1	100.000	150	150	1.58e-77	278
POS_NC_001803_1_F0.001_R1_3979	NC_012920.1	100.000	150	150	1.58e-77	278
POS_NC_001803_1_F0.001_R1_3980	NC_012920.1	100.000	150	150	1.58e-77	278
POS_NC_001803_1_F0.001_R1_3981	NC_012920.1	100.000	150	150	1.58e-77	278
POS_NC_001803_1_F0.001_R1_3982	NC_012920.1	100.000	150	150	1.58e-77	278
POS_NC_001803_1_F0.001_R1_3983	NC_012920.1	99.333	150	150	7.34e-76	272
POS_NC_001803_1_F0.001_R1_3984	NC_012920.1	100.000	150	150	1.58e-77	278
POS_NC_001803_1_F0.001_R1_3985	NC_012920.1	100.000	150	150	1.58e-77	278
POS_NC_001803_1_F0.001_R1_3986	NC_012920.1	99.333	150	150	7.34e-76	272
POS_NC_001803_1_F0.001_R1_3987	NC_012920.1	100.000	150	150	1.58e-77	278
POS_NC_001803_1_F0.001_R1_3988	NC_012920.1	100.000	150	150	1.58e-77	278
POS_NC_001803_1_F0.001_R1_3989	NC_012920.1	100.000	150	150	1.58e-77	278
POS_NC_001803_1_F0.001_R1_3990	NC_012920.1	100.000	150	150	1.58e-77	278
POS_NC_001803_1_F0.001_R1_3991	NC_012920.1	100.000	150	150	1.58e-77	278
POS_NC_001803_1_F0.001_R1_3992	NC_012920.1	100.000	150	150	1.58e-77	278
POS_NC_001803_1_F0.001_R1_3993	NC_012920.1	100.000	150	150	1.58e-77	278
POS_NC_001803_1_F0.001_R1_3994	NC_012920.1	99.333	150	150	7.34e-76	272
POS_NC_001803_1_F0.001_R1_3995	NC_012920.1	99.333	150	150	7.34e-76	272
POS_NC_001803_1_F0.001_R1_3996	NC_012920.1	98.667	150	150	3.42e-74	267
POS_NC_001803_1_F0.001_R1_3997	NC_012920.1	100.000	150	150	1.58e-77	278
POS_NC_001803_1_F0.001_R1_3998	NC_012920.1	99.333	150	150	7.34e-76	272
POS_NC_001803_1_F0.001_R1_3999	NC_012920.1	100.000	150	150	1.58e-77	278
POS_NC_001803_1_F0.001_R1_4000	NC_012920.1	100.000	150	150	1.58e-77	278
POS_NC_001803_1_F0.001_R1_4001	NC_012920.1	100.000	150	150	1.58e-77	278
POS_NC_001803_1_F0.001_R1_4002	NC_012920.1	100.000	150	150	1.58e-77	278
POS_NC_001803_1_F0.001_R1_4003	NC_012920.1	100.000	150	150	1.58e-77	278
POS_NC_001803_1_F0.001_R1_4004	NC_012920.1	100.000	150	150	1.58e-77	278
POS_NC_001803_1_F0.001_R1_4005	NC_012920.1	100.000	150	150	1.58e-77	278
POS_NC_001803_1_F0.001_R1_4006	NC_012920.1	99.333	150	150	7.34e-76	272
POS_NC_001803_1_F0.001_R1_4007	NC_012920.1	100.000	150	150	1.58e-77	278
POS_NC_001803_1_F0.001_R1_4008	NC_012920.1	100.000	150	150	1.58e-77	278
POS_NC_001803_1_F0.001_R1_4009	NC_012920.1	100.000	150	150	1.58e-77	278
POS_NC_001803_1_F0.001_R1_4010	NC_012920.1	100.000	150	150	1.58e-77	278
POS_NC_001803_1_F0.001_R1_4011	NC_012920.1	99.333	150	150	7.34e-76	272
POS_NC_001803_1_F0.001_R1_4012	NC_012920.1	100.000	150	150	1.58e-77	278
POS_NC_001803_1_F0.001_R1_4013	NC_012920.1	100.000	150	150	1.58e-77	278
POS_NC_001803_1_F0.001_R1_4014	NC_012920.1	100.000	150	150	1.58e-77	278
POS_NC_001803_1_F0.001_R1_4015	NC_012920.1	100.000	150	150	1.58e-77	278
POS_NC_001803_1_F0.001_R1_4016	NC_012920.1	100.000	150	150	1.58e-77	278
POS_NC_001803_1_F0.001_R1_4017	NC_012920.1	100.000	150	150	1.58e-77	278
POS_NC_001803_1_F0.001_R1_4018	NC_012920.1	100.000	150	150	1.58e-77	278
POS_NC_001803_1_F0.001_R1_4019	NC_012920.1	99.333	150	150	7.34e-76	272
POS_NC_001803_1_F0.001_R1_4020	NC_012920.1	100.000	149	150	7.34e-76	272
POS_NC_001803_1_F0.001_R1_4021	NC_012920.1	100.000	150	150	1.58e-77	278
POS_NC_001803_1_F0.001_R1_4022	NC_012920.1	99.333	150	150	7.34e-76	272
POS_NC_001803_1_F0.001_R1_4023	NC_012920.1	100.000	150	150	1.58e-77	278
POS_NC_001803_1_F0.001_R1_4024	NC_012920.1	99.333	150	150	7.34e-76	272
POS_NC_001803_1_F0.001_R1_4025	NC_012920.1	100.000	150	150	1.58e-77	278
POS_NC_001803_1_F0.001_R1_4026	NC_012920.1	100.000	150	150	1.58e-77	278
POS_NC_001803_1_F0.001_R1_4027	NC_012920.1	100.000	150	150	1.58e-77	278
POS_NC_001803_1_F0.001_R1_4028	NC_012920.1	100.000	150	150	1.58e-77	278
POS_NC_001803_1_F0.001_R1_4029	NC_012920.1	100.000	150	150	1.58e-77	278
POS_NC_001803_1_F0.001_R1_4030	NC_012920.1	100.000	150	150	1.58e-77	278
POS_NC_001803_1_F0.001_R1_4031	NC_012920.1	100.000	150	150	1.58e-77	278
POS_NC_001803_1_F0.001_R1_4032	NC_012920.1	100.000	150	150	1.58e-77	278
POS_NC_001803_1_F0.001_R1_4033	NC_012920.1	100.000	150	150	1.58e-77	278
POS_NC_001803_1_F0.001_R1_4034	NC_012920.1	100.000	150	150	1.58e-77	278
POS_NC_001803_1_F0.001_R1_4035	NC_012920.1	99.333	150	150	7.34e-76	272
POS_NC_001803_1_F0.001_R1_4036	NC_012920.1	100.000	150	150	1.58e-77	278
POS_NC_001803_1_F0.001_R1_4037	NC_012920.1	100.000	150	150	1.58e-77	278
POS_NC_001803_1_F0.001_R1_4038	NC_012920.1	100.000	150	150	1.58e-77	278
POS_NC_001803_1_F0.001_R1_4039	NC_012920.1	100.000	150	150	1.58e-77	278
POS_NC_001803_1_F0.001_R1_4040	NC_012920.1	100.000	150	150	1.58e-77	278
POS_NC_001803_1_F0.001_R1_4041	NC_012920.1	100.000	150	150	1.58e-77	278
POS_NC_001803_1_F0.001_R1_4042	NC_012920.1	99.333	150	150	7.34e-76	272
POS_NC_001803_1_F0.001_R1_4043	NC_012920.1	100.000	150	150	1.58e-77	278
POS_NC_001803_1_F0.001_R1_4044	NC_012920.1	100.000	150	150	1.58e-77	278
POS_NC_001803_1_F0.001_R1_4045	NC_012920.1	100.000	150	150	1.58e-77	278
POS_NC_001803_1_F0.001_R1_4046	NC_012920.1	100.000	150	150	1.58e-77	278
POS_NC_001803_1_F0.001_R1_4047	NC_012920.1	100.000	150	150	1.58e-77	278
POS_NC_001803_1_F0.001_R1_4048	NC_012920.1	100.000	150	150	1.58e-77	278
POS_NC_001803_1_F0.001_R1_4049	NC_012920.1	100.000	149	150	5.68e-77	276
POS_NC_001803_1_F0.001_R1_4050	NC_012920.1	100.000	150	150	1.58e-77	278
POS_NC_001803_1_F0.001_R1_4051	NC_012920.1	99.333	150	150	7.34e-76	272
POS_NC_001803_1_F0.001_R1_4052	NC_012920.1	100.000	150	150	1.58e-77	278
POS_NC_001803_1_F0.001_R1_4053	NC_012920.1	99.333	150	150	7.34e-76	272
POS_NC_001803_1_F0.001_R1_4054	NC_012920.1	100.000	150	150	1.58e-77	278
POS_NC_001803_1_F0.001_R1_4055	NC_012920.1	100.000	150	150	1.58e-77	278
POS_NC_001803_1_F0.001_R1_4056	NC_012920.1	100.000	150	150	1.58e-77	278
POS_NC_001803_1_F0.001_R1_4057	NC_012920.1	100.000	150	150	1.58e-77	278
POS_NC_001803_1_F0.001_R1_4058	NC_012920.1	100.000	150	150	1.58e-77	278
POS_NC_001803_1_F0.001_R1_4059	NC_012920.1	100.000	150	150	1.58e-77	278
POS_NC_001803_1_F0.001_R1_4060	NC_012920.1	100.000	150	150	1.58e-77	278
POS_NC_001803_1_F0.001_R1_4061	NC_012920.1	99.333	150	150	7.34e-76	272
POS_NC_001803_1_F0.001_R1_4062	NC_012920.1	100.000	150	150	1.58e-77	278
POS_NC_001803_1_F0.001_R1_4063	NC_012920.1	100.000	150	150	1.58e-77	278
POS_NC_001803_1_F0.001_R1_4064	NC_012920.1	99.333	150	150	7.34e-76	272
POS_NC_001803_1_F0.001_R1_4065	NC_012920.1	100.000	150	150	1.58e-77	278
POS_NC_001803_1_F0.001_R1_4066	NC_012920.1	100.000	150	150	1.58e-77	278
POS_NC_001803_1_F0.001_R1_4067	NC_012920.1	100.000	149	150	5.68e-77	276
POS_NC_001803_1_F0.001_R1_4068	NC_012920.1	100.000	150	150	1.58e-77	278
POS_NC_001803_1_F0.001_R1_4069	NC_012920.1	100.000	150	150	1.58e-77	278
POS_NC_001803_1_F0.001_R1_4070	NC_012920.1	100.000	150	150	1.58e-77	278
POS_NC_001803_1_F0.001_R1_4071	NC_012920.1	100.000	150	150	1.58e-77	278
POS_NC_001803_1_F0.001_R1_4072	NC_012920.1	100.000	150	150	1.58e-77	278
POS_NC_001803_1_F0.001_R1_4073	NC_012920.1	100.000	150	150	1.58e-77	278
POS_NC_001803_1_F0.001_R1_4074	NC_012920.1	100.000	150	150	1.58e-77	278
POS_NC_001803_1_F0.001_R1_4075	NC_012920.1	100.000	150	150	1.58e-77	278
POS_NC_001803_1_F0.001_R1_4076	NC_012920.1	99.333	150	150	7.34e-76	272
POS_NC_001803_1_F0.001_R1_4077	NC_012920.1	100.000	150	150	1.58e-77	278
POS_NC_001803_1_F0.001_R1_4078	NC_012920.1	100.000	150	150	1.58e-77	278
POS_NC_001803_1_F0.001_R1_4079	NC_012920.1	99.333	150	150	7.34e-76	272
POS_NC_001803_1_F0.001_R1_4080	NC_012920.1	100.000	150	150	1.58e-77	278
POS_NC_001803_1_F0.001_R1_4081	NC_012920.1	100.000	150	150	1.58e-77	278
POS_NC_001803_1_F0.001_R1_4082	NC_012920.1	100.000	150	150	1.58e-77	278
POS_NC_001803_1_F0.001_R1_4083	NC_012920.1	100.000	150	150	1.58e-77	278
POS_NC_001803_1_F0.001_R1_4084	NC_012920.1	100.000	150	150	1.58e-77	278
POS_NC_001803_1_F0.001_R1_4085	NC_012920.1	100.000	150	150	1.58e-77	278
POS_NC_001803_1_F0.001_R1_4086	NC_012920.1	99.333	150	150	7.34e-76	272
POS_NC_001803_1_F0.001_R1_4087	NC_012920.1	100.000	150	150	1.58e-77	278
POS_NC_001803_1_F0.001_R1_4088	NC_012920.1	100.000	150	150	1.58e-77	278
POS_NC_001803_1_F0.001_R1_4089	NC_012920.1	99.333	150	150	7.34e-76	272
POS_NC_001803_1_F0.001_R1_4090	NC_012920.1	99.333	150	150	7.34e-76	272
POS_NC_001803_1_F0.001_R1_4091	NC_012920.1	100.000	150	150	1.58e-77	278
POS_NC_001803_1_F0.001_R1_4092	NC_012920.1	99.333	150	150	7.34e-76	272
POS_NC_001803_1_F0.001_R1_4093	NC_012920.1	98.667	150	150	3.42e-74	267
POS_NC_001803_1_F0.001_R1_4094	NC_012920.1	100.000	150	150	1.58e-77	278
POS_NC_001803_1_F0.001_R1_4095	NC_012920.1	100.000	150	150	1.58e-77	278
POS_NC_001803_1_F0.001_R1_4096	NC_012920.1	100.000	150	150	1.58e-77	278
POS_NC_001803_1_F0.001_R1_4097	NC_012920.1	100.000	150	150	1.58e-77	278
POS_NC_001803_1_F0.001_R1_4098	NC_012920.1	100.000	150	150	1.58e-77	278
POS_NC_001803_1_F0.001_R1_4099	NC_012920.1	99.333	150	150	7.34e-76	272
POS_NC_001803_1_F0.001_R1_4100	NC_012920.1	100.000	150	150	1.58e-77	278
POS_NC_001803_1_F0.001_R1_4101	NC_012920.1	98.667	150	150	3.42e-74	267
POS_NC_001803_1_F0.001_R1_4102	NC_012920.1	100.000	150	150	1.58e-77	278
POS_NC_001803_1_F0.001_R1_4103	NC_012920.1	100.000	150	150	1.58e-77	278
POS_NC_001803_1_F0.001_R1_4104	NC_012920.1	100.000	150	150	1.58e-77	278
POS_NC_001803_1_F0.001_R1_4105	NC_012920.1	100.000	150	150	1.58e-77	278
POS_NC_001803_1_F0.001_R1_4106	NC_012920.1	100.000	150	150	1.58e-77	278
POS_NC_001803_1_F0.001_R1_4107	NC_012920.1	100.000	150	150	1.58e-77	278
POS_NC_001803_1_F0.001_R1_4108	NC_012920.1	99.333	150	150	7.34e-76	272
POS_NC_001803_1_F0.001_R1_4109	NC_012920.1	100.000	150	150	1.58e-77	278
POS_NC_001803_1_F0.001_R1_4110	NC_012920.1	100.000	150	150	1.58e-77	278
POS_NC_001803_1_F0.001_R1_4111	NC_012920.1	100.000	150	150	1.58e-77	278
POS_NC_001803_1_F0.001_R1_4112	NC_012920.1	100.000	150	150	1.58e-77	278
POS_NC_001803_1_F0.001_R1_4113	NC_012920.1	100.000	150	150	1.58e-77	278
POS_NC_001803_1_F0.001_R1_4114	NC_012920.1	100.000	150	150	1.58e-77	278
POS_NC_001803_1_F0.001_R1_4115	NC_012920.1	99.333	150	150	7.34e-76	272
POS_NC_001803_1_F0.001_R1_4116	NC_012920.1	100.000	150	150	1.58e-77	278
POS_NC_001803_1_F0.001_R1_4117	NC_012920.1	100.000	150	150	1.58e-77	278
POS_NC_001803_1_F0.001_R1_4118	NC_012920.1	100.000	150	150	1.58e-77	278
POS_NC_001803_1_F0.001_R1_4119	NC_012920.1	100.000	150	150	1.58e-77	278
POS_NC_001803_1_F0.001_R1_4120	NC_012920.1	100.000	150	150	1.58e-77	278
POS_NC_001803_1_F0.001_R1_4121	NC_012920.1	100.000	150	150	1.58e-77	278
POS_NC_001803_1_F0.001_R1_4122	NC_012920.1	100.000	150	150	1.58e-77	278
POS_NC_001803_1_F0.001_R1_4123	NC_012920.1	99.333	150	150	7.34e-76	272
POS_NC_001803_1_F0.001_R1_4124	NC_012920.1	100.000	150	150	1.58e-77	278
POS_NC_001803_1_F0.001_R1_4125	NC_012920.1	100.000	150	150	1.58e-77	278
POS_NC_001803_1_F0.001_R1_4126	NC_012920.1	100.000	150	150	1.58e-77	278
POS_NC_001803_1_F0.001_R1_4127	NC_012920.1	100.000	150	150	1.58e-77	278
POS_NC_001803_1_F0.001_R1_4128	NC_012920.1	99.333	150	150	7.34e-76	272
POS_NC_001803_1_F0.001_R1_4129	NC_012920.1	100.000	150	150	1.58e-77	278
POS_NC_001803_1_F0.001_R1_4130	NC_012920.1	100.000	150	150	1.58e-77	278
POS_NC_001803_1_F0.001_R1_4131	NC_012920.1	100.000	150	150	1.58e-77	278
POS_NC_001803_1_F0.001_R1_4132	NC_012920.1	100.000	150	150	1.58e-77	278
POS_NC_001803_1_F0.001_R1_4133	NC_012920.1	99.333	150	150	7.34e-76	272
POS_NC_001803_1_F0.001_R1_4134	NC_012920.1	100.000	150	150	1.58e-77	278
POS_NC_001803_1_F0.001_R1_4135	NC_012920.1	100.000	150	150	1.58e-77	278
POS_NC_001803_1_F0.001_R1_4136	NC_012920.1	100.000	150	150	1.58e-77	278
POS_NC_001803_1_F0.001_R1_4137	NC_012920.1	100.000	150	150	1.58e-77	278
POS_NC_001803_1_F0.001_R1_4138	NC_012920.1	100.000	150	150	1.58e-77	278
POS_NC_001803_1_F0.001_R1_4139	NC_012920.1	100.000	150	150	1.58e-77	278
POS_NC_001803_1_F0.001_R1_4140	NC_012920.1	100.000	150	150	1.58e-77	278
POS_NC_001803_1_F0.001_R1_4141	NC_012920.1	100.000	150	150	1.58e-77	278
POS_NC_001803_1_F0.001_R1_4142	NC_012920.1	100.000	150	150	1.58e-77	278
POS_NC_001803_1_F0.001_R1_4143	NC_012920.1	100.000	150	150	1.58e-77	278
POS_NC_001803_1_F0.001_R1_4144	NC_012920.1	100.000	150	150	1.58e-77	278
POS_NC_001803_1_F0.001_R1_4145	NC_012920.1	100.000	150	150	2.04e-76	274
POS_NC_001803_1_F0.001_R1_4146	NC_012920.1	100.000	150	150	1.58e-77	278
POS_NC_001803_1_F0.001_R1_4147	NC_012920.1	100.000	150	150	2.04e-76	274
POS_NC_001803_1_F0.001_R1_4148	NC_012920.1	100.000	150	150	1.58e-77	278
POS_NC_001803_1_F0.001_R1_4149	NC_012920.1	100.000	150	150	1.58e-77	278
POS_NC_001803_1_F0.001_R1_4150	NC_012920.1	99.333	150	150	7.34e-76	272
POS_NC_001803_1_F0.001_R1_4151	NC_012920.1	100.000	150	150	1.58e-77	278
POS_NC_001803_1_F0.001_R1_4152	NC_012920.1	100.000	150	150	1.58e-77	278
POS_NC_001803_1_F0.001_R1_4153	NC_012920.1	100.000	150	150	1.58e-77	278
POS_NC_001803_1_F0.001_R1_4154	NC_012920.1	100.000	150	150	1.58e-77	278
POS_NC_001803_1_F0.001_R1_4155	NC_012920.1	100.000	150	150	1.58e-77	278
POS_NC_001803_1_F0.001_R1_4156	NC_012920.1	100.000	150	150	2.04e-76	274
POS_NC_001803_1_F0.001_R1_4157	NC_012920.1	98.667	150	150	3.42e-74	267
POS_NC_001803_1_F0.001_R1_4158	NC_012920.1	100.000	150	150	1.58e-77	278
POS_NC_001803_1_F0.001_R1_4159	NC_012920.1	100.000	150	150	1.58e-77	278
POS_NC_001803_1_F0.001_R1_4160	NC_012920.1	100.000	150	150	1.58e-77	278
POS_NC_001803_1_F0.001_R1_4161	NC_012920.1	100.000	150	150	1.58e-77	278
POS_NC_001803_1_F0.001_R1_4162	NC_012920.1	100.000	150	150	1.58e-77	278
POS_NC_001803_1_F0.001_R1_4163	NC_012920.1	100.000	150	150	1.58e-77	278
POS_NC_001803_1_F0.001_R1_4164	NC_012920.1	100.000	150	150	1.58e-77	278
POS_NC_001803_1_F0.001_R1_4165	NC_012920.1	100.000	150	150	1.58e-77	278
POS_NC_001803_1_F0.001_R1_4166	NC_012920.1	100.000	150	150	1.58e-77	278
POS_NC_001803_1_F0.001_R1_4167	NC_012920.1	100.000	150	150	1.58e-77	278
POS_NC_001803_1_F0.001_R1_4168	NC_012920.1	99.333	150	150	7.34e-76	272
POS_NC_001803_1_F0.001_R1_4169	NC_012920.1	100.000	150	150	1.58e-77	278
POS_NC_001803_1_F0.001_R1_4170	NC_012920.1	100.000	150	150	1.58e-77	278
POS_NC_001803_1_F0.001_R1_4171	NC_012920.1	100.000	150	150	2.04e-76	274
POS_NC_001803_1_F0.001_R1_4172	NC_012920.1	100.000	150	150	1.58e-77	278
POS_NC_001803_1_F0.001_R1_4173	NC_012920.1	100.000	150	150	1.58e-77	278
POS_NC_001803_1_F0.001_R1_4174	NC_012920.1	100.000	150	150	1.58e-77	278
POS_NC_001803_1_F0.001_R1_4175	NC_012920.1	100.000	150	150	1.58e-77	278
POS_NC_001803_1_F0.001_R1_4176	NC_012920.1	100.000	150	150	1.58e-77	278
POS_NC_001803_1_F0.001_R1_4177	NC_012920.1	100.000	150	150	1.58e-77	278
POS_NC_001803_1_F0.001_R1_4178	NC_012920.1	99.333	150	150	7.34e-76	272
POS_NC_001803_1_F0.001_R1_4179	NC_012920.1	100.000	150	150	1.58e-77	278
POS_NC_001803_1_F0.001_R1_4180	NC_012920.1	100.000	150	150	1.58e-77	278
POS_NC_001803_1_F0.001_R1_4181	NC_012920.1	100.000	150	150	1.58e-77	278
POS_NC_001803_1_F0.001_R1_4182	NC_012920.1	100.000	150	150	1.58e-77	278
POS_NC_001803_1_F0.001_R1_4183	NC_012920.1	100.000	150	150	1.58e-77	278
POS_NC_001803_1_F0.001_R1_4184	NC_012920.1	100.000	150	150	1.58e-77	278
POS_NC_001803_1_F0.001_R1_4185	NC_012920.1	99.333	150	150	7.34e-76	272
POS_NC_001803_1_F0.001_R1_4186	NC_012920.1	100.000	150	150	1.58e-77	278
POS_NC_001803_1_F0.001_R1_4187	NC_012920.1	100.000	150	150	1.58e-77	278
POS_NC_001803_1_F0.001_R1_4188	NC_012920.1	100.000	150	150	1.58e-77	278
POS_NC_001803_1_F0.001_R1_4189	NC_012920.1	100.000	150	150	1.58e-77	278
POS_NC_001803_1_F0.001_R1_4190	NC_012920.1	100.000	150	150	1.58e-77	278
POS_NC_001803_1_F0.001_R1_4191	NC_012920.1	99.333	150	150	7.34e-76	272
POS_NC_001803_1_F0.001_R1_4192	NC_012920.1	100.000	150	150	1.58e-77	278
POS_NC_001803_1_F0.001_R1_4193	NC_012920.1	98.000	150	150	1.59e-72	261
POS_NC_001803_1_F0.001_R1_4194	NC_012920.1	100.000	150	150	1.58e-77	278
POS_NC_001803_1_F0.001_R1_4195	NC_012920.1	100.000	150	150	1.58e-77	278
POS_NC_001803_1_F0.001_R1_4196	NC_012920.1	100.000	150	150	1.58e-77	278
POS_NC_001803_1_F0.001_R1_4197	NC_012920.1	100.000	150	150	1.58e-77	278
POS_NC_001803_1_F0.001_R1_4198	NC_012920.1	100.000	150	150	1.58e-77	278
POS_NC_001803_1_F0.001_R1_4199	NC_012920.1	99.333	150	150	7.34e-76	272
POS_NC_001803_1_F0.001_R1_4200	NC_012920.1	100.000	150	150	1.58e-77	278
POS_NC_001803_1_F0.001_R1_4201	NC_012920.1	99.333	150	150	7.34e-76	272
POS_NC_001803_1_F0.001_R1_4202	NC_012920.1	100.000	150	150	2.04e-76	274
POS_NC_001803_1_F0.001_R1_4203	NC_012920.1	100.000	150	150	1.58e-77	278
POS_NC_001803_1_F0.001_R1_4204	NC_012920.1	100.000	150	150	1.58e-77	278
POS_NC_001803_1_F0.001_R1_4205	NC_012920.1	99.333	150	150	7.34e-76	272
POS_NC_001803_1_F0.001_R1_4206	NC_012920.1	99.333	150	150	7.34e-76	272
POS_NC_001803_1_F0.001_R1_4207	NC_012920.1	100.000	150	150	1.58e-77	278
POS_NC_001803_1_F0.001_R1_4208	NC_012920.1	100.000	150	150	1.58e-77	278
POS_NC_001803_1_F0.001_R1_4209	NC_012920.1	100.000	150	150	1.58e-77	278
POS_NC_001803_1_F0.001_R1_4210	NC_012920.1	100.000	150	150	1.58e-77	278
POS_NC_001803_1_F0.001_R1_4211	NC_012920.1	100.000	150	150	1.58e-77	278
POS_NC_001803_1_F0.001_R1_4212	NC_012920.1	100.000	150	150	1.58e-77	278
POS_NC_001803_1_F0.001_R1_4213	NC_012920.1	100.000	150	150	1.58e-77	278
POS_NC_001803_1_F0.001_R1_4214	NC_012920.1	100.000	150	150	1.58e-77	278
POS_NC_001803_1_F0.001_R1_4215	NC_012920.1	100.000	150	150	1.58e-77	278
POS_NC_001803_1_F0.001_R1_4216	NC_012920.1	98.667	150	150	3.42e-74	267
POS_NC_001803_1_F0.001_R1_4217	NC_012920.1	100.000	150	150	1.58e-77	278
POS_NC_001803_1_F0.001_R1_4218	NC_012920.1	100.000	150	150	1.58e-77	278
POS_NC_001803_1_F0.001_R1_4219	NC_012920.1	100.000	150	150	1.58e-77	278
POS_NC_001803_1_F0.001_R1_4220	NC_012920.1	100.000	150	150	1.58e-77	278
POS_NC_001803_1_F0.001_R1_4221	NC_012920.1	100.000	150	150	1.58e-77	278
POS_NC_001803_1_F0.001_R1_4222	NC_012920.1	98.667	150	150	3.42e-74	267
POS_NC_001803_1_F0.001_R1_4223	NC_012920.1	100.000	150	150	1.58e-77	278
POS_NC_001803_1_F0.001_R1_4224	NC_012920.1	100.000	150	150	1.58e-77	278
POS_NC_001803_1_F0.001_R1_4225	NC_012920.1	100.000	150	150	1.58e-77	278
POS_NC_001803_1_F0.001_R1_4226	NC_012920.1	99.333	150	150	7.34e-76	272
POS_NC_001803_1_F0.001_R1_4227	NC_012920.1	100.000	150	150	1.58e-77	278
POS_NC_001803_1_F0.001_R1_4228	NC_012920.1	100.000	150	150	1.58e-77	278
POS_NC_001803_1_F0.001_R1_4229	NC_012920.1	100.000	150	150	1.58e-77	278
POS_NC_001803_1_F0.001_R1_4230	NC_012920.1	100.000	150	150	1.58e-77	278
POS_NC_001803_1_F0.001_R1_4231	NC_012920.1	100.000	150	150	1.58e-77	278
POS_NC_001803_1_F0.001_R1_4232	NC_012920.1	98.667	150	150	3.42e-74	267
POS_NC_001803_1_F0.001_R1_4233	NC_012920.1	100.000	150	150	1.58e-77	278
POS_NC_001803_1_F0.001_R1_4234	NC_012920.1	100.000	150	150	1.58e-77	278
POS_NC_001803_1_F0.001_R1_4235	NC_012920.1	100.000	150	150	1.58e-77	278
POS_NC_001803_1_F0.001_R1_4236	NC_012920.1	100.000	150	150	1.58e-77	278
POS_NC_001803_1_F0.001_R1_4237	NC_012920.1	100.000	150	150	1.58e-77	278
POS_NC_001803_1_F0.001_R1_4238	NC_012920.1	100.000	150	150	1.58e-77	278
POS_NC_001803_1_F0.001_R1_4239	NC_012920.1	100.000	150	150	1.58e-77	278
POS_NC_001803_1_F0.001_R1_4240	NC_012920.1	100.000	150	150	1.58e-77	278
POS_NC_001803_1_F0.001_R1_4241	NC_012920.1	100.000	150	150	1.58e-77	278
POS_NC_001803_1_F0.001_R1_4242	NC_012920.1	100.000	150	150	1.58e-77	278
POS_NC_001803_1_F0.001_R1_4243	NC_012920.1	100.000	150	150	1.58e-77	278
POS_NC_001803_1_F0.001_R1_4244	NC_012920.1	100.000	150	150	1.58e-77	278
POS_NC_001803_1_F0.001_R1_4245	NC_012920.1	100.000	150	150	1.58e-77	278
POS_NC_001803_1_F0.001_R1_4246	NC_012920.1	99.333	150	150	7.34e-76	272
POS_NC_001803_1_F0.001_R1_4247	NC_012920.1	98.667	150	150	3.42e-74	267
POS_NC_001803_1_F0.001_R1_4248	NC_012920.1	100.000	150	150	1.58e-77	278
POS_NC_001803_1_F0.001_R1_4249	NC_012920.1	100.000	150	150	1.58e-77	278
POS_NC_001803_1_F0.001_R1_4250	NC_012920.1	100.000	150	150	1.58e-77	278
POS_NC_001803_1_F0.001_R1_4251	NC_012920.1	100.000	150	150	1.58e-77	278
POS_NC_001803_1_F0.001_R1_4252	NC_012920.1	100.000	150	150	1.58e-77	278
POS_NC_001803_1_F0.001_R1_4253	NC_012920.1	100.000	150	150	1.58e-77	278
POS_NC_001803_1_F0.001_R1_4254	NC_012920.1	100.000	150	150	1.58e-77	278
POS_NC_001803_1_F0.001_R1_4255	NC_012920.1	100.000	150	150	1.58e-77	278
POS_NC_001803_1_F0.001_R1_4256	NC_012920.1	100.000	150	150	1.58e-77	278
POS_NC_001803_1_F0.001_R1_4257	NC_012920.1	100.000	150	150	1.58e-77	278
POS_NC_001803_1_F0.001_R1_4258	NC_012920.1	100.000	150	150	1.58e-77	278
POS_NC_001803_1_F0.001_R1_4259	NC_012920.1	99.333	150	150	7.34e-76	272
POS_NC_001803_1_F0.001_R1_4260	NC_012920.1	100.000	150	150	1.58e-77	278
POS_NC_001803_1_F0.001_R1_4261	NC_012920.1	100.000	150	150	1.58e-77	278
POS_NC_001803_1_F0.001_R1_4262	NC_012920.1	99.333	150	150	7.34e-76	272
POS_NC_001803_1_F0.001_R1_4263	NC_012920.1	100.000	150	150	1.58e-77	278
POS_NC_001803_1_F0.001_R1_4264	NC_012920.1	100.000	150	150	1.58e-77	278
POS_NC_001803_1_F0.001_R1_4265	NC_012920.1	99.333	150	150	7.34e-76	272
POS_NC_001803_1_F0.001_R1_4266	NC_012920.1	100.000	150	150	1.58e-77	278
POS_NC_001803_1_F0.001_R1_4267	NC_012920.1	100.000	150	150	1.58e-77	278
POS_NC_001803_1_F0.001_R1_4268	NC_012920.1	99.333	150	150	7.34e-76	272
POS_NC_001803_1_F0.001_R1_4269	NC_012920.1	100.000	150	150	1.58e-77	278
POS_NC_001803_1_F0.001_R1_4270	NC_012920.1	100.000	150	150	1.58e-77	278
POS_NC_001803_1_F0.001_R1_4271	NC_012920.1	100.000	150	150	1.58e-77	278
POS_NC_001803_1_F0.001_R1_4272	NC_012920.1	100.000	150	150	1.58e-77	278
POS_NC_001803_1_F0.001_R1_4273	NC_012920.1	100.000	150	150	1.58e-77	278
POS_NC_001803_1_F0.001_R1_4274	NC_012920.1	100.000	150	150	1.58e-77	278
POS_NC_001803_1_F0.001_R1_4275	NC_012920.1	100.000	150	150	1.58e-77	278
POS_NC_001803_1_F0.001_R1_4276	NC_012920.1	100.000	150	150	1.58e-77	278
POS_NC_001803_1_F0.001_R1_4277	NC_012920.1	100.000	150	150	1.58e-77	278
POS_NC_001803_1_F0.001_R1_4278	NC_012920.1	100.000	150	150	1.58e-77	278
POS_NC_001803_1_F0.001_R1_4279	NC_012920.1	100.000	150	150	1.58e-77	278
POS_NC_001803_1_F0.001_R1_4280	NC_012920.1	100.000	150	150	1.58e-77	278
POS_NC_001803_1_F0.001_R1_4281	NC_012920.1	100.000	150	150	1.58e-77	278
POS_NC_001803_1_F0.001_R1_4282	NC_012920.1	99.333	150	150	7.34e-76	272
POS_NC_001803_1_F0.001_R1_4283	NC_012920.1	100.000	150	150	1.58e-77	278
POS_NC_001803_1_F0.001_R1_4284	NC_012920.1	100.000	150	150	1.58e-77	278
POS_NC_001803_1_F0.001_R1_4285	NC_012920.1	98.667	150	150	3.42e-74	267
POS_NC_001803_1_F0.001_R1_4286	NC_012920.1	100.000	150	150	1.58e-77	278
POS_NC_001803_1_F0.001_R1_4287	NC_012920.1	100.000	150	150	1.58e-77	278
POS_NC_001803_1_F0.001_R1_4288	NC_012920.1	100.000	150	150	1.58e-77	278
POS_NC_001803_1_F0.001_R1_4289	NC_012920.1	100.000	150	150	1.58e-77	278
POS_NC_001803_1_F0.001_R1_4290	NC_012920.1	100.000	150	150	1.58e-77	278
POS_NC_001803_1_F0.001_R1_4291	NC_012920.1	100.000	150	150	1.58e-77	278
POS_NC_001803_1_F0.001_R1_4292	NC_012920.1	100.000	150	150	1.58e-77	278
POS_NC_001803_1_F0.001_R1_4293	NC_012920.1	99.333	150	150	7.34e-76	272
POS_NC_001803_1_F0.001_R1_4294	NC_012920.1	100.000	150	150	1.58e-77	278
POS_NC_001803_1_F0.001_R1_4295	NC_012920.1	100.000	150	150	1.58e-77	278
POS_NC_001803_1_F0.001_R1_4296	NC_012920.1	100.000	150	150	2.04e-76	274
POS_NC_001803_1_F0.001_R1_4297	NC_012920.1	99.333	150	150	7.34e-76	272
POS_NC_001803_1_F0.001_R1_4298	NC_012920.1	100.000	150	150	1.58e-77	278
POS_NC_001803_1_F0.001_R1_4299	NC_012920.1	100.000	150	150	1.58e-77	278
POS_NC_001803_1_F0.001_R1_4300	NC_012920.1	100.000	150	150	1.58e-77	278
POS_NC_001803_1_F0.001_R1_4301	NC_012920.1	98.667	150	150	3.42e-74	267
POS_NC_001803_1_F0.001_R1_4302	NC_012920.1	100.000	150	150	1.58e-77	278
POS_NC_001803_1_F0.001_R1_4303	NC_012920.1	99.333	150	150	7.34e-76	272
POS_NC_001803_1_F0.001_R1_4304	NC_012920.1	100.000	150	150	1.58e-77	278
POS_NC_001803_1_F0.001_R1_4305	NC_012920.1	100.000	150	150	1.58e-77	278
POS_NC_001803_1_F0.001_R1_4306	NC_012920.1	99.333	150	150	7.34e-76	272
POS_NC_001803_1_F0.001_R1_4307	NC_012920.1	100.000	150	150	1.58e-77	278
POS_NC_001803_1_F0.001_R1_4308	NC_012920.1	99.333	150	150	7.34e-76	272
POS_NC_001803_1_F0.001_R1_4309	NC_012920.1	100.000	150	150	1.58e-77	278
POS_NC_001803_1_F0.001_R1_4310	NC_012920.1	99.333	150	150	7.34e-76	272
POS_NC_001803_1_F0.001_R1_4311	NC_012920.1	100.000	150	150	1.58e-77	278
POS_NC_001803_1_F0.001_R1_4312	NC_012920.1	100.000	150	150	1.58e-77	278
POS_NC_001803_1_F0.001_R1_4313	NC_012920.1	100.000	150	150	1.58e-77	278
POS_NC_001803_1_F0.001_R1_4314	NC_012920.1	100.000	150	150	1.58e-77	278
POS_NC_001803_1_F0.001_R1_4315	NC_012920.1	100.000	150	150	1.58e-77	278
POS_NC_001803_1_F0.001_R1_4316	NC_012920.1	99.333	150	150	7.34e-76	272
POS_NC_001803_1_F0.001_R1_4317	NC_012920.1	100.000	150	150	1.58e-77	278
POS_NC_001803_1_F0.001_R1_4318	NC_012920.1	100.000	150	150	1.58e-77	278
POS_NC_001803_1_F0.001_R1_4319	NC_012920.1	100.000	150	150	1.58e-77	278
POS_NC_001803_1_F0.001_R1_4320	NC_012920.1	100.000	150	150	1.58e-77	278
POS_NC_001803_1_F0.001_R1_4321	NC_012920.1	100.000	150	150	1.58e-77	278
POS_NC_001803_1_F0.001_R1_4322	NC_012920.1	100.000	150	150	1.58e-77	278
POS_NC_001803_1_F0.001_R1_4323	NC_012920.1	99.333	150	150	7.34e-76	272
POS_NC_001803_1_F0.001_R1_4324	NC_012920.1	100.000	150	150	1.58e-77	278
POS_NC_001803_1_F0.001_R1_4325	NC_012920.1	99.333	150	150	7.34e-76	272
POS_NC_001803_1_F0.001_R1_4326	NC_012920.1	99.333	150	150	7.34e-76	272
POS_NC_001803_1_F0.001_R1_4327	NC_012920.1	100.000	150	150	1.58e-77	278
POS_NC_001803_1_F0.001_R1_4328	NC_012920.1	100.000	150	150	1.58e-77	278
POS_NC_001803_1_F0.001_R1_4329	NC_012920.1	100.000	150	150	1.58e-77	278
POS_NC_001803_1_F0.001_R1_4330	NC_012920.1	100.000	150	150	1.58e-77	278
POS_NC_001803_1_F0.001_R1_4331	NC_012920.1	99.333	150	150	7.34e-76	272
POS_NC_001803_1_F0.001_R1_4332	NC_012920.1	100.000	150	150	1.58e-77	278
POS_NC_001803_1_F0.001_R1_4333	NC_012920.1	100.000	150	150	1.58e-77	278
POS_NC_001803_1_F0.001_R1_4334	NC_012920.1	99.333	150	150	7.34e-76	272
POS_NC_001803_1_F0.001_R1_4335	NC_012920.1	100.000	150	150	1.58e-77	278
POS_NC_001803_1_F0.001_R1_4336	NC_012920.1	99.333	150	150	7.34e-76	272
POS_NC_001803_1_F0.001_R1_4337	NC_012920.1	100.000	150	150	1.58e-77	278
POS_NC_001803_1_F0.001_R1_4338	NC_012920.1	100.000	150	150	1.58e-77	278
POS_NC_001803_1_F0.001_R1_4339	NC_012920.1	100.000	150	150	1.58e-77	278
POS_NC_001803_1_F0.001_R1_4340	NC_012920.1	100.000	150	150	1.58e-77	278
POS_NC_001803_1_F0.001_R1_4341	NC_012920.1	99.333	150	150	7.34e-76	272
POS_NC_001803_1_F0.001_R1_4342	NC_012920.1	100.000	147	150	7.34e-76	272
POS_NC_001803_1_F0.001_R1_4343	NC_012920.1	100.000	150	150	1.58e-77	278
POS_NC_001803_1_F0.001_R1_4344	NC_012920.1	100.000	150	150	1.58e-77	278
POS_NC_001803_1_F0.001_R1_4345	NC_012920.1	99.333	150	150	7.34e-76	272
POS_NC_001803_1_F0.001_R1_4346	NC_012920.1	100.000	150	150	1.58e-77	278
POS_NC_001803_1_F0.001_R1_4347	NC_012920.1	100.000	150	150	1.58e-77	278
POS_NC_001803_1_F0.001_R1_4348	NC_012920.1	100.000	150	150	1.58e-77	278
POS_NC_001803_1_F0.001_R1_4349	NC_012920.1	100.000	150	150	1.58e-77	278
POS_NC_001803_1_F0.001_R1_4350	NC_012920.1	100.000	150	150	1.58e-77	278
POS_NC_001803_1_F0.001_R1_4351	NC_012920.1	100.000	150	150	1.58e-77	278
POS_NC_001803_1_F0.001_R1_4352	NC_012920.1	100.000	150	150	1.58e-77	278
POS_NC_001803_1_F0.001_R1_4353	NC_012920.1	99.333	150	150	7.34e-76	272
POS_NC_001803_1_F0.001_R1_4354	NC_012920.1	100.000	150	150	1.58e-77	278
POS_NC_001803_1_F0.001_R1_4355	NC_012920.1	100.000	150	150	1.58e-77	278
POS_NC_001803_1_F0.001_R1_4356	NC_012920.1	100.000	150	150	1.58e-77	278
POS_NC_001803_1_F0.001_R1_4357	NC_012920.1	100.000	150	150	1.58e-77	278
POS_NC_001803_1_F0.001_R1_4358	NC_012920.1	100.000	150	150	1.58e-77	278
POS_NC_001803_1_F0.001_R1_4359	NC_012920.1	100.000	150	150	1.58e-77	278
POS_NC_001803_1_F0.001_R1_4360	NC_012920.1	99.333	150	150	7.34e-76	272
POS_NC_001803_1_F0.001_R1_4361	NC_012920.1	100.000	150	150	1.58e-77	278
POS_NC_001803_1_F0.001_R1_4362	NC_012920.1	100.000	150	150	1.58e-77	278
POS_NC_001803_1_F0.001_R1_4363	NC_012920.1	98.667	150	150	3.42e-74	267
POS_NC_001803_1_F0.001_R1_4364	NC_012920.1	100.000	150	150	1.58e-77	278
POS_NC_001803_1_F0.001_R1_4365	NC_012920.1	100.000	150	150	1.58e-77	278
POS_NC_001803_1_F0.001_R1_4366	NC_012920.1	100.000	150	150	2.04e-76	274
POS_NC_001803_1_F0.001_R1_4367	NC_012920.1	100.000	150	150	1.58e-77	278
POS_NC_001803_1_F0.001_R1_4368	NC_012920.1	100.000	150	150	1.58e-77	278
POS_NC_001803_1_F0.001_R1_4369	NC_012920.1	100.000	150	150	1.58e-77	278
POS_NC_001803_1_F0.001_R1_4370	NC_012920.1	100.000	150	150	1.58e-77	278
POS_NC_001803_1_F0.001_R1_4371	NC_012920.1	99.333	150	150	7.34e-76	272
POS_NC_001803_1_F0.001_R1_4372	NC_012920.1	99.333	150	150	7.34e-76	272
POS_NC_001803_1_F0.001_R1_4373	NC_012920.1	100.000	150	150	1.58e-77	278
POS_NC_001803_1_F0.001_R1_4374	NC_012920.1	100.000	150	150	1.58e-77	278
POS_NC_001803_1_F0.001_R1_4375	NC_012920.1	100.000	150	150	1.58e-77	278
POS_NC_001803_1_F0.001_R1_4376	NC_012920.1	100.000	150	150	1.58e-77	278
POS_NC_001803_1_F0.001_R1_4377	NC_012920.1	100.000	150	150	1.58e-77	278
POS_NC_001803_1_F0.001_R1_4378	NC_012920.1	100.000	150	150	1.58e-77	278
POS_NC_001803_1_F0.001_R1_4379	NC_012920.1	100.000	150	150	1.58e-77	278
POS_NC_001803_1_F0.001_R1_4380	NC_012920.1	99.333	150	150	7.34e-76	272
POS_NC_001803_1_F0.001_R1_4381	NC_012920.1	99.333	150	150	7.34e-76	272
POS_NC_001803_1_F0.001_R1_4382	NC_012920.1	100.000	150	150	1.58e-77	278
POS_NC_001803_1_F0.001_R1_4383	NC_012920.1	99.333	150	150	7.34e-76	272
POS_NC_001803_1_F0.001_R1_4384	NC_012920.1	99.333	150	150	7.34e-76	272
POS_NC_001803_1_F0.001_R1_4385	NC_012920.1	100.000	150	150	1.58e-77	278
POS_NC_001803_1_F0.001_R1_4386	NC_012920.1	100.000	150	150	1.58e-77	278
POS_NC_001803_1_F0.001_R1_4387	NC_012920.1	100.000	150	150	1.58e-77	278
POS_NC_001803_1_F0.001_R1_4388	NC_012920.1	100.000	150	150	1.58e-77	278
POS_NC_001803_1_F0.001_R1_4389	NC_012920.1	100.000	150	150	1.58e-77	278
POS_NC_001803_1_F0.001_R1_4390	NC_012920.1	100.000	150	150	1.58e-77	278
POS_NC_001803_1_F0.001_R1_4391	NC_012920.1	100.000	150	150	1.58e-77	278
POS_NC_001803_1_F0.001_R1_4392	NC_012920.1	100.000	150	150	1.58e-77	278
POS_NC_001803_1_F0.001_R1_4393	NC_012920.1	100.000	150	150	1.58e-77	278
POS_NC_001803_1_F0.001_R1_4394	NC_012920.1	100.000	150	150	1.58e-77	278
POS_NC_001803_1_F0.001_R1_4395	NC_012920.1	100.000	150	150	1.58e-77	278
POS_NC_001803_1_F0.001_R1_4396	NC_012920.1	100.000	150	150	1.58e-77	278
POS_NC_001803_1_F0.001_R1_4397	NC_012920.1	100.000	150	150	1.58e-77	278
POS_NC_001803_1_F0.001_R1_4398	NC_012920.1	100.000	150	150	1.58e-77	278
POS_NC_001803_1_F0.001_R1_4399	NC_012920.1	100.000	150	150	1.58e-77	278
POS_NC_001803_1_F0.001_R1_4400	NC_012920.1	100.000	150	150	1.58e-77	278
POS_NC_001803_1_F0.001_R1_4401	NC_012920.1	100.000	150	150	1.58e-77	278
POS_NC_001803_1_F0.001_R1_4402	NC_012920.1	100.000	150	150	1.58e-77	278
POS_NC_001803_1_F0.001_R1_4403	NC_012920.1	99.333	150	150	7.34e-76	272
POS_NC_001803_1_F0.001_R1_4404	NC_012920.1	100.000	150	150	1.58e-77	278
POS_NC_001803_1_F0.001_R1_4405	NC_012920.1	99.333	150	150	7.34e-76	272
POS_NC_001803_1_F0.001_R1_4406	NC_012920.1	100.000	150	150	1.58e-77	278
POS_NC_001803_1_F0.001_R1_4407	NC_012920.1	100.000	150	150	1.58e-77	278
POS_NC_001803_1_F0.001_R1_4408	NC_012920.1	100.000	150	150	1.58e-77	278
POS_NC_001803_1_F0.001_R1_4409	NC_012920.1	100.000	150	150	1.58e-77	278
POS_NC_001803_1_F0.001_R1_4410	NC_012920.1	99.333	150	150	7.34e-76	272
POS_NC_001803_1_F0.001_R1_4411	NC_012920.1	100.000	150	150	1.58e-77	278
POS_NC_001803_1_F0.001_R1_4412	NC_012920.1	99.333	150	150	7.34e-76	272
POS_NC_001803_1_F0.001_R1_4413	NC_012920.1	100.000	150	150	1.58e-77	278
POS_NC_001803_1_F0.001_R1_4414	NC_012920.1	100.000	150	150	1.58e-77	278
POS_NC_001803_1_F0.001_R1_4415	NC_012920.1	100.000	150	150	1.58e-77	278
POS_NC_001803_1_F0.001_R1_4416	NC_012920.1	100.000	150	150	1.58e-77	278
POS_NC_001803_1_F0.001_R1_4417	NC_012920.1	100.000	150	150	1.58e-77	278
POS_NC_001803_1_F0.001_R1_4418	NC_012920.1	100.000	150	150	1.58e-77	278
POS_NC_001803_1_F0.001_R1_4419	NC_012920.1	99.333	150	150	7.34e-76	272
POS_NC_001803_1_F0.001_R1_4420	NC_012920.1	100.000	150	150	1.58e-77	278
POS_NC_001803_1_F0.001_R1_4421	NC_012920.1	99.333	150	150	7.34e-76	272
POS_NC_001803_1_F0.001_R1_4422	NC_012920.1	100.000	150	150	1.58e-77	278
POS_NC_001803_1_F0.001_R1_4423	NC_012920.1	99.333	150	150	7.34e-76	272
POS_NC_001803_1_F0.001_R1_4424	NC_012920.1	100.000	150	150	1.58e-77	278
POS_NC_001803_1_F0.001_R1_4425	NC_012920.1	100.000	150	150	1.58e-77	278
POS_NC_001803_1_F0.001_R1_4426	NC_012920.1	100.000	150	150	1.58e-77	278
POS_NC_001803_1_F0.001_R1_4427	NC_012920.1	99.333	150	150	7.34e-76	272
POS_NC_001803_1_F0.001_R1_4428	NC_012920.1	100.000	150	150	1.58e-77	278
POS_NC_001803_1_F0.001_R1_4429	NC_012920.1	100.000	150	150	1.58e-77	278
POS_NC_001803_1_F0.001_R1_4430	NC_012920.1	100.000	150	150	1.58e-77	278
POS_NC_001803_1_F0.001_R1_4431	NC_012920.1	99.333	150	150	7.34e-76	272
POS_NC_001803_1_F0.001_R1_4432	NC_012920.1	99.333	150	150	7.34e-76	272
POS_NC_001803_1_F0.001_R1_4433	NC_012920.1	100.000	150	150	1.58e-77	278
POS_NC_001803_1_F0.001_R1_4434	NC_012920.1	100.000	150	150	1.58e-77	278
POS_NC_001803_1_F0.001_R1_4435	NC_012920.1	100.000	150	150	1.58e-77	278
POS_NC_001803_1_F0.001_R1_4436	NC_012920.1	100.000	150	150	1.58e-77	278
POS_NC_001803_1_F0.001_R1_4437	NC_012920.1	99.333	150	150	7.34e-76	272
POS_NC_001803_1_F0.001_R1_4438	NC_012920.1	100.000	150	150	1.58e-77	278
POS_NC_001803_1_F0.001_R1_4439	NC_012920.1	99.333	150	150	7.34e-76	272
POS_NC_001803_1_F0.001_R1_4440	NC_012920.1	100.000	150	150	1.58e-77	278
POS_NC_001803_1_F0.001_R1_4441	NC_012920.1	99.333	150	150	7.34e-76	272
POS_NC_001803_1_F0.001_R1_4442	NC_012920.1	100.000	150	150	1.58e-77	278
POS_NC_001803_1_F0.001_R1_4443	NC_012920.1	100.000	150	150	1.58e-77	278
POS_NC_001803_1_F0.001_R1_4444	NC_012920.1	100.000	150	150	1.58e-77	278
POS_NC_001803_1_F0.001_R1_4445	NC_012920.1	100.000	150	150	1.58e-77	278
POS_NC_001803_1_F0.001_R1_4446	NC_012920.1	100.000	150	150	1.58e-77	278
POS_NC_001803_1_F0.001_R1_4447	NC_012920.1	99.333	150	150	7.34e-76	272
POS_NC_001803_1_F0.001_R1_4448	NC_012920.1	100.000	150	150	2.04e-76	274
POS_NC_001803_1_F0.001_R1_4449	NC_012920.1	100.000	150	150	1.58e-77	278
POS_NC_001803_1_F0.001_R1_4450	NC_012920.1	100.000	150	150	1.58e-77	278
POS_NC_001803_1_F0.001_R1_4451	NC_012920.1	100.000	150	150	1.58e-77	278
POS_NC_001803_1_F0.001_R1_4452	NC_012920.1	99.333	150	150	7.34e-76	272
POS_NC_001803_1_F0.001_R1_4453	NC_012920.1	100.000	150	150	1.58e-77	278
POS_NC_001803_1_F0.001_R1_4454	NC_012920.1	100.000	150	150	1.58e-77	278
POS_NC_001803_1_F0.001_R1_4455	NC_012920.1	100.000	150	150	1.58e-77	278
POS_NC_001803_1_F0.001_R1_4456	NC_012920.1	100.000	150	150	1.58e-77	278
POS_NC_001803_1_F0.001_R1_4457	NC_012920.1	100.000	150	150	1.58e-77	278
POS_NC_001803_1_F0.001_R1_4458	NC_012920.1	99.333	150	150	7.34e-76	272
POS_NC_001803_1_F0.001_R1_4459	NC_012920.1	100.000	150	150	1.58e-77	278
POS_NC_001803_1_F0.001_R1_4460	NC_012920.1	100.000	150	150	1.58e-77	278
POS_NC_001803_1_F0.001_R1_4461	NC_012920.1	100.000	150	150	1.58e-77	278
POS_NC_001803_1_F0.001_R1_4462	NC_012920.1	100.000	150	150	1.58e-77	278
POS_NC_001803_1_F0.001_R1_4463	NC_012920.1	100.000	150	150	1.58e-77	278
POS_NC_001803_1_F0.001_R1_4464	NC_012920.1	100.000	150	150	1.58e-77	278
POS_NC_001803_1_F0.001_R1_4465	NC_012920.1	100.000	150	150	1.58e-77	278
POS_NC_001803_1_F0.001_R1_4466	NC_012920.1	98.667	150	150	3.42e-74	267
POS_NC_001803_1_F0.001_R1_4467	NC_012920.1	100.000	150	150	1.58e-77	278
POS_NC_001803_1_F0.001_R1_4468	NC_012920.1	99.333	150	150	7.34e-76	272
POS_NC_001803_1_F0.001_R1_4469	NC_012920.1	99.333	150	150	7.34e-76	272
POS_NC_001803_1_F0.001_R1_4470	NC_012920.1	100.000	150	150	1.58e-77	278
POS_NC_001803_1_F0.001_R1_4471	NC_012920.1	99.333	150	150	7.34e-76	272
POS_NC_001803_1_F0.001_R1_4472	NC_012920.1	99.333	150	150	7.34e-76	272
POS_NC_001803_1_F0.001_R1_4473	NC_012920.1	100.000	150	150	1.58e-77	278
POS_NC_001803_1_F0.001_R1_4474	NC_012920.1	100.000	150	150	1.58e-77	278
POS_NC_001803_1_F0.001_R1_4475	NC_012920.1	99.333	150	150	7.34e-76	272
POS_NC_001803_1_F0.001_R1_4476	NC_012920.1	100.000	150	150	1.58e-77	278
POS_NC_001803_1_F0.001_R1_4477	NC_012920.1	100.000	150	150	1.58e-77	278
POS_NC_001803_1_F0.001_R1_4478	NC_012920.1	99.333	150	150	7.34e-76	272
POS_NC_001803_1_F0.001_R1_4479	NC_012920.1	100.000	150	150	1.58e-77	278
POS_NC_001803_1_F0.001_R1_4480	NC_012920.1	100.000	150	150	1.58e-77	278
POS_NC_001803_1_F0.001_R1_4481	NC_012920.1	100.000	150	150	1.58e-77	278
POS_NC_001803_1_F0.001_R1_4482	NC_012920.1	100.000	150	150	1.58e-77	278
POS_NC_001803_1_F0.001_R1_4483	NC_012920.1	100.000	150	150	1.58e-77	278
POS_NC_001803_1_F0.001_R1_4484	NC_012920.1	100.000	150	150	1.58e-77	278
POS_NC_001803_1_F0.001_R1_4485	NC_012920.1	100.000	150	150	1.58e-77	278
POS_NC_001803_1_F0.001_R1_4486	NC_012920.1	100.000	150	150	1.58e-77	278
POS_NC_001803_1_F0.001_R1_4487	NC_012920.1	100.000	150	150	1.58e-77	278
POS_NC_001803_1_F0.001_R1_4488	NC_012920.1	100.000	150	150	1.58e-77	278
POS_NC_001803_1_F0.001_R1_4489	NC_012920.1	100.000	150	150	1.58e-77	278
POS_NC_001803_1_F0.001_R1_4490	NC_012920.1	100.000	150	150	1.58e-77	278
POS_NC_001803_1_F0.001_R1_4491	NC_012920.1	100.000	150	150	1.58e-77	278
POS_NC_001803_1_F0.001_R1_4492	NC_012920.1	100.000	150	150	1.58e-77	278
POS_NC_001803_1_F0.001_R1_4493	NC_012920.1	100.000	150	150	1.58e-77	278
POS_NC_001803_1_F0.001_R1_4494	NC_012920.1	100.000	150	150	1.58e-77	278
POS_NC_001803_1_F0.001_R1_4495	NC_012920.1	100.000	150	150	1.58e-77	278
POS_NC_001803_1_F0.001_R1_4496	NC_012920.1	100.000	150	150	1.58e-77	278
POS_NC_001803_1_F0.001_R1_4497	NC_012920.1	100.000	150	150	1.58e-77	278
POS_NC_001803_1_F0.001_R1_4498	NC_012920.1	100.000	150	150	1.58e-77	278
POS_NC_001803_1_F0.001_R1_4499	NC_012920.1	99.333	150	150	7.34e-76	272
POS_NC_001803_1_F0.001_R1_4500	NC_012920.1	100.000	150	150	1.58e-77	278
POS_NC_001803_1_F0.001_R1_4501	NC_012920.1	99.333	150	150	7.34e-76	272
POS_NC_001803_1_F0.001_R1_4502	NC_012920.1	100.000	150	150	1.58e-77	278
POS_NC_001803_1_F0.001_R1_4503	NC_012920.1	98.667	150	150	3.42e-74	267
POS_NC_001803_1_F0.001_R1_4504	NC_012920.1	99.333	150	150	7.34e-76	272
POS_NC_001803_1_F0.001_R1_4505	NC_012920.1	100.000	150	150	1.58e-77	278
POS_NC_001803_1_F0.001_R1_4506	NC_012920.1	100.000	150	150	1.58e-77	278
POS_NC_001803_1_F0.001_R1_4507	NC_012920.1	99.333	150	150	9.50e-75	268
POS_NC_001803_1_F0.001_R1_4508	NC_012920.1	100.000	150	150	1.58e-77	278
POS_NC_001803_1_F0.001_R1_4509	NC_012920.1	100.000	150	150	1.58e-77	278
POS_NC_001803_1_F0.001_R1_4510	NC_012920.1	98.667	150	150	3.42e-74	267
POS_NC_001803_1_F0.001_R1_4511	NC_012920.1	100.000	150	150	1.58e-77	278
POS_NC_001803_1_F0.001_R1_4512	NC_012920.1	100.000	150	150	1.58e-77	278
POS_NC_001803_1_F0.001_R1_4513	NC_012920.1	100.000	150	150	1.58e-77	278
POS_NC_001803_1_F0.001_R1_4514	NC_012920.1	100.000	150	150	1.58e-77	278
POS_NC_001803_1_F0.001_R1_4515	NC_012920.1	99.333	150	150	7.34e-76	272
POS_NC_001803_1_F0.001_R1_4516	NC_012920.1	100.000	150	150	1.58e-77	278
POS_NC_001803_1_F0.001_R1_4517	NC_012920.1	100.000	150	150	1.58e-77	278
POS_NC_001803_1_F0.001_R1_4518	NC_012920.1	100.000	150	150	1.58e-77	278
POS_NC_001803_1_F0.001_R1_4519	NC_012920.1	99.333	150	150	7.34e-76	272
POS_NC_001803_1_F0.001_R1_4520	NC_012920.1	100.000	150	150	1.58e-77	278
POS_NC_001803_1_F0.001_R1_4521	NC_012920.1	100.000	150	150	1.58e-77	278
POS_NC_001803_1_F0.001_R1_4522	NC_012920.1	98.667	150	150	3.42e-74	267
POS_NC_001803_1_F0.001_R1_4523	NC_012920.1	100.000	150	150	1.58e-77	278
POS_NC_001803_1_F0.001_R1_4524	NC_012920.1	100.000	150	150	1.58e-77	278
POS_NC_001803_1_F0.001_R1_4525	NC_012920.1	100.000	150	150	1.58e-77	278
POS_NC_001803_1_F0.001_R1_4526	NC_012920.1	100.000	150	150	1.58e-77	278
POS_NC_001803_1_F0.001_R1_4527	NC_012920.1	99.333	150	150	7.34e-76	272
POS_NC_001803_1_F0.001_R1_4528	NC_012920.1	100.000	150	150	1.58e-77	278
POS_NC_001803_1_F0.001_R1_4529	NC_012920.1	99.333	150	150	7.34e-76	272
POS_NC_001803_1_F0.001_R1_4530	NC_012920.1	100.000	150	150	1.58e-77	278
POS_NC_001803_1_F0.001_R1_4531	NC_012920.1	100.000	150	150	1.58e-77	278
POS_NC_001803_1_F0.001_R1_4532	NC_012920.1	99.333	150	150	7.34e-76	272
POS_NC_001803_1_F0.001_R1_4533	NC_012920.1	100.000	150	150	1.58e-77	278
POS_NC_001803_1_F0.001_R1_4534	NC_012920.1	100.000	150	150	1.58e-77	278
POS_NC_001803_1_F0.001_R1_4535	NC_012920.1	100.000	150	150	1.58e-77	278
POS_NC_001803_1_F0.001_R1_4536	NC_012920.1	100.000	150	150	1.58e-77	278
POS_NC_001803_1_F0.001_R1_4537	NC_012920.1	100.000	150	150	1.58e-77	278
POS_NC_001803_1_F0.001_R1_4538	NC_012920.1	100.000	150	150	1.58e-77	278
POS_NC_001803_1_F0.001_R1_4539	NC_012920.1	100.000	150	150	1.58e-77	278
POS_NC_001803_1_F0.001_R1_4540	NC_012920.1	100.000	150	150	1.58e-77	278
POS_NC_001803_1_F0.001_R1_4541	NC_012920.1	100.000	150	150	1.58e-77	278
POS_NC_001803_1_F0.001_R1_4542	NC_012920.1	100.000	150	150	1.58e-77	278
POS_NC_001803_1_F0.001_R1_4543	NC_012920.1	100.000	150	150	1.58e-77	278
POS_NC_001803_1_F0.001_R1_4544	NC_012920.1	99.333	150	150	7.34e-76	272
POS_NC_001803_1_F0.001_R1_4545	NC_012920.1	100.000	150	150	1.58e-77	278
POS_NC_001803_1_F0.001_R1_4546	NC_012920.1	99.333	150	150	7.34e-76	272
POS_NC_001803_1_F0.001_R1_4547	NC_012920.1	100.000	150	150	1.58e-77	278
POS_NC_001803_1_F0.001_R1_4548	NC_012920.1	100.000	150	150	1.58e-77	278
POS_NC_001803_1_F0.001_R1_4549	NC_012920.1	100.000	150	150	1.58e-77	278
POS_NC_001803_1_F0.001_R1_4550	NC_012920.1	100.000	150	150	1.58e-77	278
POS_NC_001803_1_F0.001_R1_4551	NC_012920.1	99.333	150	150	7.34e-76	272
POS_NC_001803_1_F0.001_R1_4552	NC_012920.1	100.000	150	150	1.58e-77	278
POS_NC_001803_1_F0.001_R1_4553	NC_012920.1	100.000	150	150	1.58e-77	278
POS_NC_001803_1_F0.001_R1_4554	NC_012920.1	99.333	150	150	7.34e-76	272
POS_NC_001803_1_F0.001_R1_4555	NC_012920.1	100.000	150	150	1.58e-77	278
POS_NC_001803_1_F0.001_R1_4556	NC_012920.1	100.000	150	150	1.58e-77	278
POS_NC_001803_1_F0.001_R1_4557	NC_012920.1	100.000	150	150	1.58e-77	278
POS_NC_001803_1_F0.001_R1_4558	NC_012920.1	100.000	150	150	1.58e-77	278
POS_NC_001803_1_F0.001_R1_4559	NC_012920.1	100.000	150	150	1.58e-77	278
POS_NC_001803_1_F0.001_R1_4560	NC_012920.1	99.333	150	150	7.34e-76	272
POS_NC_001803_1_F0.001_R1_4561	NC_012920.1	99.333	150	150	7.34e-76	272
POS_NC_001803_1_F0.001_R1_4562	NC_012920.1	99.333	150	150	7.34e-76	272
POS_NC_001803_1_F0.001_R1_4563	NC_012920.1	100.000	150	150	1.58e-77	278
POS_NC_001803_1_F0.001_R1_4564	NC_012920.1	99.333	150	150	7.34e-76	272
POS_NC_001803_1_F0.001_R1_4565	NC_012920.1	100.000	150	150	1.58e-77	278
POS_NC_001803_1_F0.001_R1_4566	NC_012920.1	100.000	150	150	1.58e-77	278
POS_NC_001803_1_F0.001_R1_4567	NC_012920.1	100.000	150	150	1.58e-77	278
POS_NC_001803_1_F0.001_R1_4568	NC_012920.1	100.000	150	150	1.58e-77	278
POS_NC_001803_1_F0.001_R1_4569	NC_012920.1	99.333	150	150	7.34e-76	272
POS_NC_001803_1_F0.001_R1_4570	NC_012920.1	100.000	150	150	1.58e-77	278
POS_NC_001803_1_F0.001_R1_4571	NC_012920.1	100.000	150	150	1.58e-77	278
POS_NC_001803_1_F0.001_R1_4572	NC_012920.1	100.000	150	150	1.58e-77	278
POS_NC_001803_1_F0.001_R1_4573	NC_012920.1	100.000	150	150	1.58e-77	278
POS_NC_001803_1_F0.001_R1_4574	NC_012920.1	100.000	150	150	1.58e-77	278
POS_NC_001803_1_F0.001_R1_4575	NC_012920.1	100.000	150	150	1.58e-77	278
POS_NC_001803_1_F0.001_R1_4576	NC_012920.1	100.000	150	150	1.58e-77	278
POS_NC_001803_1_F0.001_R1_4577	NC_012920.1	100.000	150	150	1.58e-77	278
POS_NC_001803_1_F0.001_R1_4578	NC_012920.1	100.000	150	150	1.58e-77	278
POS_NC_001803_1_F0.001_R1_4579	NC_012920.1	100.000	150	150	1.58e-77	278
POS_NC_001803_1_F0.001_R1_4580	NC_012920.1	100.000	150	150	1.58e-77	278
POS_NC_001803_1_F0.001_R1_4581	NC_012920.1	100.000	150	150	1.58e-77	278
POS_NC_001803_1_F0.001_R1_4582	NC_012920.1	100.000	150	150	1.58e-77	278
POS_NC_001803_1_F0.001_R1_4583	NC_012920.1	100.000	150	150	1.58e-77	278
POS_NC_001803_1_F0.001_R1_4584	NC_012920.1	99.333	150	150	9.50e-75	268
POS_NC_001803_1_F0.001_R1_4585	NC_012920.1	100.000	150	150	1.58e-77	278
POS_NC_001803_1_F0.001_R1_4586	NC_012920.1	100.000	150	150	1.58e-77	278
POS_NC_001803_1_F0.001_R1_4587	NC_012920.1	100.000	150	150	1.58e-77	278
POS_NC_001803_1_F0.001_R1_4588	NC_012920.1	99.333	150	150	7.34e-76	272
POS_NC_001803_1_F0.001_R1_4589	NC_012920.1	100.000	150	150	1.58e-77	278
POS_NC_001803_1_F0.001_R1_4590	NC_012920.1	100.000	150	150	1.58e-77	278
POS_NC_001803_1_F0.001_R1_4591	NC_012920.1	100.000	150	150	1.58e-77	278
POS_NC_001803_1_F0.001_R1_4592	NC_012920.1	100.000	150	150	1.58e-77	278
POS_NC_001803_1_F0.001_R1_4593	NC_012920.1	98.667	150	150	3.42e-74	267
POS_NC_001803_1_F0.001_R1_4594	NC_012920.1	99.333	150	150	7.34e-76	272
POS_NC_001803_1_F0.001_R1_4595	NC_012920.1	100.000	150	150	1.58e-77	278
POS_NC_001803_1_F0.001_R1_4596	NC_012920.1	100.000	150	150	1.58e-77	278
POS_NC_001803_1_F0.001_R1_4597	NC_012920.1	100.000	150	150	1.58e-77	278
POS_NC_001803_1_F0.001_R1_4598	NC_012920.1	99.333	150	150	7.34e-76	272
POS_NC_001803_1_F0.001_R1_4599	NC_012920.1	100.000	147	150	7.34e-76	272
POS_NC_001803_1_F0.001_R1_4600	NC_012920.1	100.000	150	150	1.58e-77	278
POS_NC_001803_1_F0.001_R1_4601	NC_012920.1	100.000	150	150	1.58e-77	278
POS_NC_001803_1_F0.001_R1_4602	NC_012920.1	98.667	150	150	3.42e-74	267
POS_NC_001803_1_F0.001_R1_4603	NC_012920.1	100.000	150	150	1.58e-77	278
POS_NC_001803_1_F0.001_R1_4604	NC_012920.1	100.000	150	150	1.58e-77	278
POS_NC_001803_1_F0.001_R1_4605	NC_012920.1	100.000	150	150	1.58e-77	278
POS_NC_001803_1_F0.001_R1_4606	NC_012920.1	99.333	150	150	7.34e-76	272
POS_NC_001803_1_F0.001_R1_4607	NC_012920.1	100.000	150	150	1.58e-77	278
POS_NC_001803_1_F0.001_R1_4608	NC_012920.1	100.000	150	150	1.58e-77	278
POS_NC_001803_1_F0.001_R1_4609	NC_012920.1	99.333	150	150	7.34e-76	272
POS_NC_001803_1_F0.001_R1_4610	NC_012920.1	98.649	148	150	4.42e-73	263
POS_NC_001803_1_F0.001_R1_4611	NC_012920.1	99.333	150	150	7.34e-76	272
POS_NC_001803_1_F0.001_R1_4612	NC_012920.1	100.000	150	150	1.58e-77	278
POS_NC_001803_1_F0.001_R1_4613	NC_012920.1	100.000	150	150	1.58e-77	278
POS_NC_001803_1_F0.001_R1_4614	NC_012920.1	99.333	150	150	7.34e-76	272
POS_NC_001803_1_F0.001_R1_4615	NC_012920.1	100.000	150	150	1.58e-77	278
POS_NC_001803_1_F0.001_R1_4616	NC_012920.1	100.000	150	150	1.58e-77	278
POS_NC_001803_1_F0.001_R1_4617	NC_012920.1	99.333	150	150	7.34e-76	272
POS_NC_001803_1_F0.001_R1_4618	NC_012920.1	100.000	150	150	1.58e-77	278
POS_NC_001803_1_F0.001_R1_4619	NC_012920.1	100.000	150	150	1.58e-77	278
POS_NC_001803_1_F0.001_R1_4620	NC_012920.1	100.000	150	150	1.58e-77	278
POS_NC_001803_1_F0.001_R1_4621	NC_012920.1	100.000	150	150	1.58e-77	278
POS_NC_001803_1_F0.001_R1_4622	NC_012920.1	100.000	150	150	1.58e-77	278
POS_NC_001803_1_F0.001_R1_4623	NC_012920.1	100.000	150	150	1.58e-77	278
POS_NC_001803_1_F0.001_R1_4624	NC_012920.1	100.000	150	150	1.58e-77	278
POS_NC_001803_1_F0.001_R1_4625	NC_012920.1	98.667	150	150	3.42e-74	267
POS_NC_001803_1_F0.001_R1_4626	NC_012920.1	100.000	150	150	2.04e-76	274
POS_NC_001803_1_F0.001_R1_4627	NC_012920.1	100.000	150	150	1.58e-77	278
POS_NC_001803_1_F0.001_R1_4628	NC_012920.1	99.333	150	150	7.34e-76	272
POS_NC_001803_1_F0.001_R1_4629	NC_012920.1	99.333	150	150	7.34e-76	272
POS_NC_001803_1_F0.001_R1_4630	NC_012920.1	100.000	150	150	1.58e-77	278
POS_NC_001803_1_F0.001_R1_4631	NC_012920.1	100.000	150	150	1.58e-77	278
POS_NC_001803_1_F0.001_R1_4632	NC_012920.1	99.333	150	150	7.34e-76	272
POS_NC_001803_1_F0.001_R1_4633	NC_012920.1	100.000	150	150	1.58e-77	278
POS_NC_001803_1_F0.001_R1_4634	NC_012920.1	100.000	148	150	2.04e-76	274
POS_NC_001803_1_F0.001_R1_4635	NC_012920.1	100.000	150	150	1.58e-77	278
POS_NC_001803_1_F0.001_R1_4636	NC_012920.1	99.333	150	150	7.34e-76	272
POS_NC_001803_1_F0.001_R1_4637	NC_012920.1	100.000	150	150	1.58e-77	278
POS_NC_001803_1_F0.001_R1_4638	NC_012920.1	100.000	150	150	1.58e-77	278
POS_NC_001803_1_F0.001_R1_4639	NC_012920.1	99.333	150	150	7.34e-76	272
POS_NC_001803_1_F0.001_R1_4640	NC_012920.1	99.333	150	150	7.34e-76	272
POS_NC_001803_1_F0.001_R1_4641	NC_012920.1	100.000	150	150	1.58e-77	278
POS_NC_001803_1_F0.001_R1_4642	NC_012920.1	100.000	150	150	1.58e-77	278
POS_NC_001803_1_F0.001_R1_4643	NC_012920.1	99.333	150	150	7.34e-76	272
POS_NC_001803_1_F0.001_R1_4644	NC_012920.1	100.000	150	150	1.58e-77	278
POS_NC_001803_1_F0.001_R1_4645	NC_012920.1	100.000	150	150	1.58e-77	278
POS_NC_001803_1_F0.001_R1_4646	NC_012920.1	100.000	150	150	1.58e-77	278
POS_NC_001803_1_F0.001_R1_4647	NC_012920.1	100.000	150	150	1.58e-77	278
POS_NC_001803_1_F0.001_R1_4648	NC_012920.1	100.000	150	150	1.58e-77	278
POS_NC_001803_1_F0.001_R1_4649	NC_012920.1	100.000	150	150	1.58e-77	278
POS_NC_001803_1_F0.001_R1_4650	NC_012920.1	100.000	150	150	1.58e-77	278
POS_NC_001803_1_F0.001_R1_4651	NC_012920.1	100.000	150	150	1.58e-77	278
POS_NC_001803_1_F0.001_R1_4652	NC_012920.1	100.000	150	150	1.58e-77	278
POS_NC_001803_1_F0.001_R1_4653	NC_012920.1	100.000	150	150	1.58e-77	278
POS_NC_001803_1_F0.001_R1_4654	NC_012920.1	100.000	150	150	1.58e-77	278
POS_NC_001803_1_F0.001_R1_4655	NC_012920.1	100.000	150	150	1.58e-77	278
POS_NC_001803_1_F0.001_R1_4656	NC_012920.1	100.000	150	150	1.58e-77	278
POS_NC_001803_1_F0.001_R1_4657	NC_012920.1	100.000	150	150	1.58e-77	278
POS_NC_001803_1_F0.001_R1_4658	NC_012920.1	100.000	150	150	1.58e-77	278
POS_NC_001803_1_F0.001_R1_4659	NC_012920.1	100.000	150	150	1.58e-77	278
POS_NC_001803_1_F0.001_R1_4660	NC_012920.1	99.333	150	150	7.34e-76	272
POS_NC_001803_1_F0.001_R1_4661	NC_012920.1	100.000	150	150	1.58e-77	278
POS_NC_001803_1_F0.001_R1_4662	NC_012920.1	99.333	150	150	7.34e-76	272
POS_NC_001803_1_F0.001_R1_4663	NC_012920.1	99.333	150	150	7.34e-76	272
POS_NC_001803_1_F0.001_R1_4664	NC_012920.1	100.000	150	150	1.58e-77	278
POS_NC_001803_1_F0.001_R1_4665	NC_012920.1	100.000	150	150	1.58e-77	278
POS_NC_001803_1_F0.001_R1_4666	NC_012920.1	100.000	150	150	1.58e-77	278
POS_NC_001803_1_F0.001_R1_4667	NC_012920.1	100.000	150	150	1.58e-77	278
POS_NC_001803_1_F0.001_R1_4668	NC_012920.1	100.000	150	150	1.58e-77	278
POS_NC_001803_1_F0.001_R1_4669	NC_012920.1	100.000	150	150	1.58e-77	278
POS_NC_001803_1_F0.001_R1_4670	NC_012920.1	100.000	150	150	1.58e-77	278
POS_NC_001803_1_F0.001_R1_4671	NC_012920.1	100.000	150	150	1.58e-77	278
POS_NC_001803_1_F0.001_R1_4672	NC_012920.1	100.000	150	150	1.58e-77	278
POS_NC_001803_1_F0.001_R1_4673	NC_012920.1	99.333	150	150	7.34e-76	272
POS_NC_001803_1_F0.001_R1_4674	NC_012920.1	100.000	150	150	1.58e-77	278
POS_NC_001803_1_F0.001_R1_4675	NC_012920.1	100.000	150	150	1.58e-77	278
POS_NC_001803_1_F0.001_R1_4676	NC_012920.1	100.000	150	150	1.58e-77	278
POS_NC_001803_1_F0.001_R1_4677	NC_012920.1	100.000	150	150	1.58e-77	278
POS_NC_001803_1_F0.001_R1_4678	NC_012920.1	99.333	150	150	7.34e-76	272
POS_NC_001803_1_F0.001_R1_4679	NC_012920.1	100.000	150	150	1.58e-77	278
POS_NC_001803_1_F0.001_R1_4680	NC_012920.1	100.000	150	150	1.58e-77	278
POS_NC_001803_1_F0.001_R1_4681	NC_012920.1	100.000	150	150	1.58e-77	278
POS_NC_001803_1_F0.001_R1_4682	NC_012920.1	100.000	150	150	1.58e-77	278
POS_NC_001803_1_F0.001_R1_4683	NC_012920.1	100.000	150	150	1.58e-77	278
POS_NC_001803_1_F0.001_R1_4684	NC_012920.1	100.000	150	150	1.58e-77	278
POS_NC_001803_1_F0.001_R1_4685	NC_012920.1	100.000	150	150	1.58e-77	278
POS_NC_001803_1_F0.001_R1_4686	NC_012920.1	99.333	150	150	7.34e-76	272
POS_NC_001803_1_F0.001_R1_4687	NC_012920.1	100.000	150	150	1.58e-77	278
POS_NC_001803_1_F0.001_R1_4688	NC_012920.1	100.000	150	150	1.58e-77	278
POS_NC_001803_1_F0.001_R1_4689	NC_012920.1	100.000	150	150	1.58e-77	278
POS_NC_001803_1_F0.001_R1_4690	NC_012920.1	100.000	150	150	1.58e-77	278
POS_NC_001803_1_F0.001_R1_4691	NC_012920.1	100.000	150	150	1.58e-77	278
POS_NC_001803_1_F0.001_R1_4692	NC_012920.1	100.000	150	150	1.58e-77	278
POS_NC_001803_1_F0.001_R1_4693	NC_012920.1	100.000	150	150	1.58e-77	278
POS_NC_001803_1_F0.001_R1_4694	NC_012920.1	100.000	150	150	1.58e-77	278
POS_NC_001803_1_F0.001_R1_4695	NC_012920.1	100.000	150	150	1.58e-77	278
POS_NC_001803_1_F0.001_R1_4696	NC_012920.1	100.000	150	150	1.58e-77	278
POS_NC_001803_1_F0.001_R1_4697	NC_012920.1	100.000	150	150	1.58e-77	278
POS_NC_001803_1_F0.001_R1_4698	NC_012920.1	100.000	150	150	1.58e-77	278
POS_NC_001803_1_F0.001_R1_4699	NC_012920.1	99.333	150	150	7.34e-76	272
POS_NC_001803_1_F0.001_R1_4700	NC_012920.1	100.000	150	150	1.58e-77	278
POS_NC_001803_1_F0.001_R1_4701	NC_012920.1	100.000	150	150	1.58e-77	278
POS_NC_001803_1_F0.001_R1_4702	NC_012920.1	99.333	150	150	7.34e-76	272
POS_NC_001803_1_F0.001_R1_4703	NC_012920.1	100.000	150	150	1.58e-77	278
POS_NC_001803_1_F0.001_R1_4704	NC_012920.1	100.000	150	150	1.58e-77	278
POS_NC_001803_1_F0.001_R1_4705	NC_012920.1	100.000	150	150	1.58e-77	278
POS_NC_001803_1_F0.001_R1_4706	NC_012920.1	100.000	150	150	1.58e-77	278
POS_NC_001803_1_F0.001_R1_4707	NC_012920.1	100.000	150	150	1.58e-77	278
POS_NC_001803_1_F0.001_R1_4708	NC_012920.1	100.000	150	150	1.58e-77	278
POS_NC_001803_1_F0.001_R1_4709	NC_012920.1	100.000	150	150	1.58e-77	278
POS_NC_001803_1_F0.001_R1_4710	NC_012920.1	99.333	150	150	7.34e-76	272
POS_NC_001803_1_F0.001_R1_4711	NC_012920.1	100.000	150	150	1.58e-77	278
POS_NC_001803_1_F0.001_R1_4712	NC_012920.1	100.000	150	150	1.58e-77	278
POS_NC_001803_1_F0.001_R1_4713	NC_012920.1	100.000	150	150	1.58e-77	278
POS_NC_001803_1_F0.001_R1_4714	NC_012920.1	99.333	150	150	7.34e-76	272
POS_NC_001803_1_F0.001_R1_4715	NC_012920.1	99.333	150	150	7.34e-76	272
POS_NC_001803_1_F0.001_R1_4716	NC_012920.1	100.000	150	150	1.58e-77	278
POS_NC_001803_1_F0.001_R1_4717	NC_012920.1	100.000	150	150	1.58e-77	278
POS_NC_001803_1_F0.001_R1_4718	NC_012920.1	100.000	150	150	1.58e-77	278
POS_NC_001803_1_F0.001_R1_4719	NC_012920.1	100.000	150	150	1.58e-77	278
POS_NC_001803_1_F0.001_R1_4720	NC_012920.1	100.000	150	150	1.58e-77	278
POS_NC_001803_1_F0.001_R1_4721	NC_012920.1	100.000	150	150	1.58e-77	278
POS_NC_001803_1_F0.001_R1_4722	NC_012920.1	99.333	150	150	7.34e-76	272
POS_NC_001803_1_F0.001_R1_4723	NC_012920.1	99.333	150	150	7.34e-76	272
POS_NC_001803_1_F0.001_R1_4724	NC_012920.1	99.333	150	150	7.34e-76	272
POS_NC_001803_1_F0.001_R1_4725	NC_012920.1	100.000	150	150	1.58e-77	278
POS_NC_001803_1_F0.001_R1_4726	NC_012920.1	100.000	150	150	1.58e-77	278
POS_NC_001803_1_F0.001_R1_4727	NC_012920.1	100.000	150	150	1.58e-77	278
POS_NC_001803_1_F0.001_R1_4728	NC_012920.1	99.333	150	150	7.34e-76	272
POS_NC_001803_1_F0.001_R1_4729	NC_012920.1	100.000	150	150	1.58e-77	278
POS_NC_001803_1_F0.001_R1_4730	NC_012920.1	99.333	150	150	7.34e-76	272
POS_NC_001803_1_F0.001_R1_4731	NC_012920.1	100.000	150	150	1.58e-77	278
POS_NC_001803_1_F0.001_R1_4732	NC_012920.1	100.000	150	150	1.58e-77	278
POS_NC_001803_1_F0.001_R1_4733	NC_012920.1	100.000	150	150	1.58e-77	278
POS_NC_001803_1_F0.001_R1_4734	NC_012920.1	100.000	150	150	1.58e-77	278
POS_NC_001803_1_F0.001_R1_4735	NC_012920.1	100.000	150	150	1.58e-77	278
POS_NC_001803_1_F0.001_R1_4736	NC_012920.1	100.000	150	150	1.58e-77	278
POS_NC_001803_1_F0.001_R1_4737	NC_012920.1	99.333	150	150	7.34e-76	272
POS_NC_001803_1_F0.001_R1_4738	NC_012920.1	100.000	150	150	1.58e-77	278
POS_NC_001803_1_F0.001_R1_4739	NC_012920.1	100.000	150	150	1.58e-77	278
POS_NC_001803_1_F0.001_R1_4740	NC_012920.1	100.000	150	150	1.58e-77	278
POS_NC_001803_1_F0.001_R1_4741	NC_012920.1	100.000	150	150	1.58e-77	278
POS_NC_001803_1_F0.001_R1_4742	NC_012920.1	100.000	150	150	1.58e-77	278
POS_NC_001803_1_F0.001_R1_4743	NC_012920.1	100.000	150	150	1.58e-77	278
POS_NC_001803_1_F0.001_R1_4744	NC_012920.1	100.000	150	150	1.58e-77	278
POS_NC_001803_1_F0.001_R1_4745	NC_012920.1	100.000	150	150	1.58e-77	278
POS_NC_001803_1_F0.001_R1_4746	NC_012920.1	100.000	150	150	1.58e-77	278
POS_NC_001803_1_F0.001_R1_4747	NC_012920.1	100.000	150	150	1.58e-77	278
POS_NC_001803_1_F0.001_R1_4748	NC_012920.1	100.000	150	150	1.58e-77	278
POS_NC_001803_1_F0.001_R1_4749	NC_012920.1	100.000	150	150	1.58e-77	278
POS_NC_001803_1_F0.001_R1_4750	NC_012920.1	100.000	150	150	1.58e-77	278
POS_NC_001803_1_F0.001_R1_4751	NC_012920.1	100.000	150	150	1.58e-77	278
POS_NC_001803_1_F0.001_R1_4752	NC_012920.1	100.000	150	150	1.58e-77	278
POS_NC_001803_1_F0.001_R1_4753	NC_012920.1	100.000	150	150	1.58e-77	278
POS_NC_001803_1_F0.001_R1_4754	NC_012920.1	99.333	150	150	7.34e-76	272
POS_NC_001803_1_F0.001_R1_4755	NC_012920.1	100.000	150	150	1.58e-77	278
POS_NC_001803_1_F0.001_R1_4756	NC_012920.1	100.000	150	150	1.58e-77	278
POS_NC_001803_1_F0.001_R1_4757	NC_012920.1	99.333	150	150	7.34e-76	272
POS_NC_001803_1_F0.001_R1_4758	NC_012920.1	100.000	150	150	1.58e-77	278
POS_NC_001803_1_F0.001_R1_4759	NC_012920.1	99.333	150	150	7.34e-76	272
POS_NC_001803_1_F0.001_R1_4760	NC_012920.1	98.667	150	150	3.42e-74	267
POS_NC_001803_1_F0.001_R1_4761	NC_012920.1	100.000	150	150	1.58e-77	278
POS_NC_001803_1_F0.001_R1_4762	NC_012920.1	100.000	150	150	1.58e-77	278
POS_NC_001803_1_F0.001_R1_4763	NC_012920.1	100.000	150	150	1.58e-77	278
POS_NC_001803_1_F0.001_R1_4764	NC_012920.1	99.333	150	150	7.34e-76	272
POS_NC_001803_1_F0.001_R1_4765	NC_012920.1	98.667	150	150	3.42e-74	267
POS_NC_001803_1_F0.001_R1_4766	NC_012920.1	100.000	150	150	1.58e-77	278
POS_NC_001803_1_F0.001_R1_4767	NC_012920.1	99.333	150	150	7.34e-76	272
POS_NC_001803_1_F0.001_R1_4768	NC_012920.1	100.000	150	150	1.58e-77	278
POS_NC_001803_1_F0.001_R1_4769	NC_012920.1	100.000	150	150	1.58e-77	278
POS_NC_001803_1_F0.001_R1_4770	NC_012920.1	100.000	150	150	1.58e-77	278
POS_NC_001803_1_F0.001_R1_4771	NC_012920.1	100.000	150	150	1.58e-77	278
POS_NC_001803_1_F0.001_R1_4772	NC_012920.1	99.333	150	150	7.34e-76	272
POS_NC_001803_1_F0.001_R1_4773	NC_012920.1	100.000	150	150	1.58e-77	278
POS_NC_001803_1_F0.001_R1_4774	NC_012920.1	99.333	150	150	7.34e-76	272
POS_NC_001803_1_F0.001_R1_4775	NC_012920.1	100.000	150	150	1.58e-77	278
POS_NC_001803_1_F0.001_R1_4776	NC_012920.1	100.000	150	150	1.58e-77	278
POS_NC_001803_1_F0.001_R1_4777	NC_012920.1	99.333	150	150	7.34e-76	272
POS_NC_001803_1_F0.001_R1_4778	NC_012920.1	100.000	150	150	1.58e-77	278
POS_NC_001803_1_F0.001_R1_4779	NC_012920.1	100.000	150	150	1.58e-77	278
POS_NC_001803_1_F0.001_R1_4780	NC_012920.1	100.000	150	150	1.58e-77	278
POS_NC_001803_1_F0.001_R1_4781	NC_012920.1	100.000	150	150	1.58e-77	278
POS_NC_001803_1_F0.001_R1_4782	NC_012920.1	100.000	150	150	1.58e-77	278
POS_NC_001803_1_F0.001_R1_4783	NC_012920.1	100.000	150	150	1.58e-77	278
POS_NC_001803_1_F0.001_R1_4784	NC_012920.1	100.000	150	150	1.58e-77	278
POS_NC_001803_1_F0.001_R1_4785	NC_012920.1	100.000	150	150	1.58e-77	278
POS_NC_001803_1_F0.001_R1_4786	NC_012920.1	99.333	150	150	7.34e-76	272
POS_NC_001803_1_F0.001_R1_4787	NC_012920.1	100.000	150	150	1.58e-77	278
POS_NC_001803_1_F0.001_R1_4788	NC_012920.1	100.000	150	150	1.58e-77	278
POS_NC_001803_1_F0.001_R1_4789	NC_012920.1	100.000	150	150	1.58e-77	278
POS_NC_001803_1_F0.001_R1_4790	NC_012920.1	100.000	150	150	1.58e-77	278
POS_NC_001803_1_F0.001_R1_4791	NC_012920.1	100.000	150	150	1.58e-77	278
POS_NC_001803_1_F0.001_R1_4792	NC_012920.1	100.000	150	150	1.58e-77	278
POS_NC_001803_1_F0.001_R1_4793	NC_012920.1	100.000	150	150	1.58e-77	278
POS_NC_001803_1_F0.001_R1_4794	NC_012920.1	99.333	150	150	7.34e-76	272
POS_NC_001803_1_F0.001_R1_4795	NC_012920.1	100.000	150	150	1.58e-77	278
POS_NC_001803_1_F0.001_R1_4796	NC_012920.1	100.000	150	150	1.58e-77	278
POS_NC_001803_1_F0.001_R1_4797	NC_012920.1	100.000	150	150	1.58e-77	278
POS_NC_001803_1_F0.001_R1_4798	NC_012920.1	100.000	150	150	1.58e-77	278
POS_NC_001803_1_F0.001_R1_4799	NC_012920.1	100.000	150	150	1.58e-77	278
POS_NC_001803_1_F0.001_R1_4800	NC_012920.1	100.000	150	150	1.58e-77	278
POS_NC_001803_1_F0.001_R1_4801	NC_012920.1	100.000	150	150	1.58e-77	278
POS_NC_001803_1_F0.001_R1_4802	NC_012920.1	100.000	150	150	1.58e-77	278
POS_NC_001803_1_F0.001_R1_4803	NC_012920.1	99.333	150	150	7.34e-76	272
POS_NC_001803_1_F0.001_R1_4804	NC_012920.1	100.000	150	150	1.58e-77	278
POS_NC_001803_1_F0.001_R1_4805	NC_012920.1	100.000	150	150	1.58e-77	278
POS_NC_001803_1_F0.001_R1_4806	NC_012920.1	100.000	150	150	1.58e-77	278
POS_NC_001803_1_F0.001_R1_4807	NC_012920.1	100.000	150	150	1.58e-77	278
POS_NC_001803_1_F0.001_R1_4808	NC_012920.1	99.333	150	150	7.34e-76	272
POS_NC_001803_1_F0.001_R1_4809	NC_012920.1	100.000	150	150	1.58e-77	278
POS_NC_001803_1_F0.001_R1_4810	NC_012920.1	99.333	150	150	7.34e-76	272
POS_NC_001803_1_F0.001_R1_4811	NC_012920.1	99.333	150	150	7.34e-76	272
POS_NC_001803_1_F0.001_R1_4812	NC_012920.1	100.000	150	150	1.58e-77	278
POS_NC_001803_1_F0.001_R1_4813	NC_012920.1	100.000	150	150	1.58e-77	278
POS_NC_001803_1_F0.001_R1_4814	NC_012920.1	100.000	150	150	1.58e-77	278
POS_NC_001803_1_F0.001_R1_4815	NC_012920.1	98.667	150	150	3.42e-74	267
POS_NC_001803_1_F0.001_R1_4816	NC_012920.1	100.000	150	150	1.58e-77	278
POS_NC_001803_1_F0.001_R1_4817	NC_012920.1	100.000	150	150	1.58e-77	278
POS_NC_001803_1_F0.001_R1_4818	NC_012920.1	100.000	150	150	1.58e-77	278
POS_NC_001803_1_F0.001_R1_4819	NC_012920.1	99.333	150	150	7.34e-76	272
POS_NC_001803_1_F0.001_R1_4820	NC_012920.1	100.000	150	150	1.58e-77	278
POS_NC_001803_1_F0.001_R1_4821	NC_012920.1	100.000	150	150	1.58e-77	278
POS_NC_001803_1_F0.001_R1_4822	NC_012920.1	100.000	150	150	1.58e-77	278
POS_NC_001803_1_F0.001_R1_4823	NC_012920.1	99.333	150	150	7.34e-76	272
POS_NC_001803_1_F0.001_R1_4824	NC_012920.1	100.000	150	150	1.58e-77	278
POS_NC_001803_1_F0.001_R1_4825	NC_012920.1	99.333	150	150	7.34e-76	272
POS_NC_001803_1_F0.001_R1_4826	NC_012920.1	99.333	150	150	7.34e-76	272
POS_NC_001803_1_F0.001_R1_4827	NC_012920.1	100.000	150	150	1.58e-77	278
POS_NC_001803_1_F0.001_R1_4828	NC_012920.1	100.000	150	150	1.58e-77	278
POS_NC_001803_1_F0.001_R1_4829	NC_012920.1	100.000	150	150	1.58e-77	278
POS_NC_001803_1_F0.001_R1_4830	NC_012920.1	100.000	150	150	1.58e-77	278
POS_NC_001803_1_F0.001_R1_4831	NC_012920.1	99.333	150	150	7.34e-76	272
POS_NC_001803_1_F0.001_R1_4832	NC_012920.1	99.333	150	150	7.34e-76	272
POS_NC_001803_1_F0.001_R1_4833	NC_012920.1	100.000	150	150	1.58e-77	278
POS_NC_001803_1_F0.001_R1_4834	NC_012920.1	100.000	150	150	1.58e-77	278
POS_NC_001803_1_F0.001_R1_4835	NC_012920.1	100.000	150	150	1.58e-77	278
POS_NC_001803_1_F0.001_R1_4836	NC_012920.1	100.000	150	150	1.58e-77	278
POS_NC_001803_1_F0.001_R1_4837	NC_012920.1	99.333	150	150	7.34e-76	272
POS_NC_001803_1_F0.001_R1_4838	NC_012920.1	100.000	150	150	1.58e-77	278
POS_NC_001803_1_F0.001_R1_4839	NC_012920.1	100.000	150	150	1.58e-77	278
POS_NC_001803_1_F0.001_R1_4840	NC_012920.1	100.000	150	150	1.58e-77	278
POS_NC_001803_1_F0.001_R1_4841	NC_012920.1	100.000	150	150	1.58e-77	278
POS_NC_001803_1_F0.001_R1_4842	NC_012920.1	99.333	150	150	7.34e-76	272
POS_NC_001803_1_F0.001_R1_4843	NC_012920.1	98.000	150	150	1.59e-72	261
POS_NC_001803_1_F0.001_R1_4844	NC_012920.1	100.000	150	150	1.58e-77	278
POS_NC_001803_1_F0.001_R1_4845	NC_012920.1	99.333	150	150	7.34e-76	272
POS_NC_001803_1_F0.001_R1_4846	NC_012920.1	100.000	150	150	1.58e-77	278
POS_NC_001803_1_F0.001_R1_4847	NC_012920.1	99.333	150	150	7.34e-76	272
POS_NC_001803_1_F0.001_R1_4848	NC_012920.1	100.000	150	150	1.58e-77	278
POS_NC_001803_1_F0.001_R1_4849	NC_012920.1	100.000	150	150	1.58e-77	278
POS_NC_001803_1_F0.001_R1_4850	NC_012920.1	100.000	150	150	1.58e-77	278
POS_NC_001803_1_F0.001_R1_4851	NC_012920.1	100.000	150	150	1.58e-77	278
POS_NC_001803_1_F0.001_R1_4852	NC_012920.1	99.333	150	150	7.34e-76	272
POS_NC_001803_1_F0.001_R1_4853	NC_012920.1	99.333	150	150	7.34e-76	272
POS_NC_001803_1_F0.001_R1_4854	NC_012920.1	99.333	150	150	7.34e-76	272
POS_NC_001803_1_F0.001_R1_4855	NC_012920.1	100.000	150	150	1.58e-77	278
POS_NC_001803_1_F0.001_R1_4856	NC_012920.1	100.000	150	150	1.58e-77	278
POS_NC_001803_1_F0.001_R1_4857	NC_012920.1	100.000	150	150	1.58e-77	278
POS_NC_001803_1_F0.001_R1_4858	NC_012920.1	100.000	150	150	1.58e-77	278
POS_NC_001803_1_F0.001_R1_4859	NC_012920.1	100.000	150	150	1.58e-77	278
POS_NC_001803_1_F0.001_R1_4860	NC_012920.1	100.000	150	150	1.58e-77	278
POS_NC_001803_1_F0.001_R1_4861	NC_012920.1	100.000	150	150	1.58e-77	278
POS_NC_001803_1_F0.001_R1_4862	NC_012920.1	99.333	150	150	7.34e-76	272
POS_NC_001803_1_F0.001_R1_4863	NC_012920.1	100.000	150	150	1.58e-77	278
POS_NC_001803_1_F0.001_R1_4864	NC_012920.1	100.000	150	150	1.58e-77	278
POS_NC_001803_1_F0.001_R1_4865	NC_012920.1	98.667	150	150	3.42e-74	267
POS_NC_001803_1_F0.001_R1_4866	NC_012920.1	100.000	150	150	1.58e-77	278
POS_NC_001803_1_F0.001_R1_4867	NC_012920.1	100.000	150	150	1.58e-77	278
POS_NC_001803_1_F0.001_R1_4868	NC_012920.1	100.000	150	150	1.58e-77	278
POS_NC_001803_1_F0.001_R1_4869	NC_012920.1	100.000	150	150	1.58e-77	278
POS_NC_001803_1_F0.001_R1_4870	NC_012920.1	100.000	150	150	1.58e-77	278
POS_NC_001803_1_F0.001_R1_4871	NC_012920.1	100.000	150	150	1.58e-77	278
POS_NC_001803_1_F0.001_R1_4872	NC_012920.1	100.000	150	150	1.58e-77	278
POS_NC_001803_1_F0.001_R1_4873	NC_012920.1	99.333	150	150	7.34e-76	272
POS_NC_001803_1_F0.001_R1_4874	NC_012920.1	99.333	150	150	7.34e-76	272
POS_NC_001803_1_F0.001_R1_4875	NC_012920.1	99.333	150	150	7.34e-76	272
POS_NC_001803_1_F0.001_R1_4876	NC_012920.1	100.000	150	150	1.58e-77	278
POS_NC_001803_1_F0.001_R1_4877	NC_012920.1	100.000	150	150	1.58e-77	278
POS_NC_001803_1_F0.001_R1_4878	NC_012920.1	100.000	150	150	1.58e-77	278
POS_NC_001803_1_F0.001_R1_4879	NC_012920.1	100.000	150	150	1.58e-77	278
POS_NC_001803_1_F0.001_R1_4880	NC_012920.1	99.333	150	150	7.34e-76	272
POS_NC_001803_1_F0.001_R1_4881	NC_012920.1	100.000	150	150	1.58e-77	278
POS_NC_001803_1_F0.001_R1_4882	NC_012920.1	100.000	150	150	1.58e-77	278
POS_NC_001803_1_F0.001_R1_4883	NC_012920.1	100.000	150	150	1.58e-77	278
POS_NC_001803_1_F0.001_R1_4884	NC_012920.1	100.000	150	150	1.58e-77	278
POS_NC_001803_1_F0.001_R1_4885	NC_012920.1	100.000	150	150	1.58e-77	278
POS_NC_001803_1_F0.001_R1_4886	NC_012920.1	100.000	150	150	1.58e-77	278
POS_NC_001803_1_F0.001_R1_4887	NC_012920.1	99.333	150	150	7.34e-76	272
POS_NC_001803_1_F0.001_R1_4888	NC_012920.1	100.000	150	150	1.58e-77	278
POS_NC_001803_1_F0.001_R1_4889	NC_012920.1	100.000	150	150	1.58e-77	278
POS_NC_001803_1_F0.001_R1_4890	NC_012920.1	99.333	150	150	7.34e-76	272
POS_NC_001803_1_F0.001_R1_4891	NC_012920.1	100.000	150	150	1.58e-77	278
POS_NC_001803_1_F0.001_R1_4892	NC_012920.1	100.000	150	150	1.58e-77	278
POS_NC_001803_1_F0.001_R1_4893	NC_012920.1	100.000	150	150	1.58e-77	278
POS_NC_001803_1_F0.001_R1_4894	NC_012920.1	100.000	150	150	1.58e-77	278
POS_NC_001803_1_F0.001_R1_4895	NC_012920.1	98.000	150	150	1.59e-72	261
POS_NC_001803_1_F0.001_R1_4896	NC_012920.1	100.000	150	150	1.58e-77	278
POS_NC_001803_1_F0.001_R1_4897	NC_012920.1	100.000	150	150	1.58e-77	278
POS_NC_001803_1_F0.001_R1_4898	NC_012920.1	100.000	150	150	1.58e-77	278
POS_NC_001803_1_F0.001_R1_4899	NC_012920.1	99.333	150	150	7.34e-76	272
POS_NC_001803_1_F0.001_R1_4900	NC_012920.1	100.000	150	150	1.58e-77	278
POS_NC_001803_1_F0.001_R1_4901	NC_012920.1	99.333	150	150	7.34e-76	272
POS_NC_001803_1_F0.001_R1_4902	NC_012920.1	100.000	150	150	1.58e-77	278
POS_NC_001803_1_F0.001_R1_4903	NC_012920.1	100.000	150	150	1.58e-77	278
POS_NC_001803_1_F0.001_R1_4904	NC_012920.1	99.333	150	150	7.34e-76	272
POS_NC_001803_1_F0.001_R1_4905	NC_012920.1	100.000	150	150	1.58e-77	278
POS_NC_001803_1_F0.001_R1_4906	NC_012920.1	99.333	150	150	7.34e-76	272
POS_NC_001803_1_F0.001_R1_4907	NC_012920.1	99.333	150	150	7.34e-76	272
POS_NC_001803_1_F0.001_R1_4908	NC_012920.1	100.000	150	150	1.58e-77	278
POS_NC_001803_1_F0.001_R1_4909	NC_012920.1	99.333	150	150	7.34e-76	272
POS_NC_001803_1_F0.001_R1_4910	NC_012920.1	99.333	150	150	7.34e-76	272
POS_NC_001803_1_F0.001_R1_4911	NC_012920.1	100.000	150	150	1.58e-77	278
POS_NC_001803_1_F0.001_R1_4912	NC_012920.1	99.333	150	150	7.34e-76	272
POS_NC_001803_1_F0.001_R1_4913	NC_012920.1	100.000	149	150	5.68e-77	276
POS_NC_001803_1_F0.001_R1_4914	NC_012920.1	99.333	150	150	7.34e-76	272
POS_NC_001803_1_F0.001_R1_4915	NC_012920.1	99.333	150	150	7.34e-76	272
POS_NC_001803_1_F0.001_R1_4916	NC_012920.1	99.333	150	150	7.34e-76	272
POS_NC_001803_1_F0.001_R1_4917	NC_012920.1	98.621	145	150	2.06e-71	257
POS_NC_001803_1_F0.001_R1_4918	NC_012920.1	100.000	150	150	1.58e-77	278
POS_NC_001803_1_F0.001_R1_4919	NC_012920.1	100.000	150	150	1.58e-77	278
POS_NC_001803_1_F0.001_R1_4920	NC_012920.1	99.333	150	150	7.34e-76	272
POS_NC_001803_1_F0.001_R1_4921	NC_012920.1	100.000	150	150	1.58e-77	278
POS_NC_001803_1_F0.001_R1_4922	NC_012920.1	100.000	150	150	1.58e-77	278
POS_NC_001803_1_F0.001_R1_4923	NC_012920.1	100.000	150	150	1.58e-77	278
POS_NC_001803_1_F0.001_R1_4924	NC_012920.1	100.000	150	150	1.58e-77	278
POS_NC_001803_1_F0.001_R1_4925	NC_012920.1	100.000	150	150	1.58e-77	278
POS_NC_001803_1_F0.001_R1_4926	NC_012920.1	100.000	150	150	1.58e-77	278
POS_NC_001803_1_F0.001_R1_4927	NC_012920.1	100.000	150	150	1.58e-77	278
POS_NC_001803_1_F0.001_R1_4928	NC_012920.1	100.000	150	150	1.58e-77	278
POS_NC_001803_1_F0.001_R1_4929	NC_012920.1	98.667	150	150	3.42e-74	267
POS_NC_001803_1_F0.001_R1_4930	NC_012920.1	100.000	150	150	1.58e-77	278
POS_NC_001803_1_F0.001_R1_4931	NC_012920.1	99.333	150	150	7.34e-76	272
POS_NC_001803_1_F0.001_R1_4932	NC_012920.1	100.000	150	150	1.58e-77	278
POS_NC_001803_1_F0.001_R1_4933	NC_012920.1	100.000	150	150	1.58e-77	278
POS_NC_001803_1_F0.001_R1_4934	NC_012920.1	100.000	150	150	1.58e-77	278
POS_NC_001803_1_F0.001_R1_4935	NC_012920.1	100.000	150	150	1.58e-77	278
POS_NC_001803_1_F0.001_R1_4936	NC_012920.1	100.000	150	150	1.58e-77	278
POS_NC_001803_1_F0.001_R1_4937	NC_012920.1	100.000	150	150	1.58e-77	278
POS_NC_001803_1_F0.001_R1_4938	NC_012920.1	99.333	150	150	7.34e-76	272
POS_NC_001803_1_F0.001_R1_4939	NC_012920.1	100.000	150	150	1.58e-77	278
POS_NC_001803_1_F0.001_R1_4940	NC_012920.1	100.000	150	150	1.58e-77	278
POS_NC_001803_1_F0.001_R1_4941	NC_012920.1	100.000	150	150	1.58e-77	278
POS_NC_001803_1_F0.001_R1_4942	NC_012920.1	100.000	150	150	1.58e-77	278
POS_NC_001803_1_F0.001_R1_4943	NC_012920.1	100.000	150	150	1.58e-77	278
POS_NC_001803_1_F0.001_R1_4944	NC_012920.1	100.000	150	150	1.58e-77	278
POS_NC_001803_1_F0.001_R1_4945	NC_012920.1	100.000	150	150	1.58e-77	278
POS_NC_001803_1_F0.001_R1_4946	NC_012920.1	100.000	150	150	1.58e-77	278
POS_NC_001803_1_F0.001_R1_4947	NC_012920.1	100.000	150	150	1.58e-77	278
POS_NC_001803_1_F0.001_R1_4948	NC_012920.1	100.000	150	150	1.58e-77	278
POS_NC_001803_1_F0.001_R1_4949	NC_012920.1	100.000	150	150	1.58e-77	278
POS_NC_001803_1_F0.001_R1_4950	NC_012920.1	100.000	150	150	1.58e-77	278
POS_NC_001803_1_F0.001_R1_4951	NC_012920.1	99.333	150	150	7.34e-76	272
POS_NC_001803_1_F0.001_R1_4952	NC_012920.1	100.000	150	150	1.58e-77	278
POS_NC_001803_1_F0.001_R1_4953	NC_012920.1	100.000	150	150	1.58e-77	278
POS_NC_001803_1_F0.001_R1_4954	NC_012920.1	99.333	150	150	7.34e-76	272
POS_NC_001803_1_F0.001_R1_4955	NC_012920.1	100.000	150	150	1.58e-77	278
POS_NC_001803_1_F0.001_R1_4956	NC_012920.1	99.333	150	150	7.34e-76	272
POS_NC_001803_1_F0.001_R1_4957	NC_012920.1	100.000	150	150	1.58e-77	278
POS_NC_001803_1_F0.001_R1_4958	NC_012920.1	100.000	150	150	1.58e-77	278
POS_NC_001803_1_F0.001_R1_4959	NC_012920.1	100.000	150	150	1.58e-77	278
POS_NC_001803_1_F0.001_R1_4960	NC_012920.1	100.000	150	150	1.58e-77	278
POS_NC_001803_1_F0.001_R1_4961	NC_012920.1	100.000	150	150	1.58e-77	278
POS_NC_001803_1_F0.001_R1_4962	NC_012920.1	99.333	150	150	7.34e-76	272
POS_NC_001803_1_F0.001_R1_4963	NC_012920.1	100.000	150	150	1.58e-77	278
POS_NC_001803_1_F0.001_R1_4964	NC_012920.1	99.333	150	150	7.34e-76	272
POS_NC_001803_1_F0.001_R1_4965	NC_012920.1	100.000	150	150	2.04e-76	274
POS_NC_001803_1_F0.001_R1_4966	NC_012920.1	100.000	150	150	1.58e-77	278
POS_NC_001803_1_F0.001_R1_4967	NC_012920.1	99.333	150	150	7.34e-76	272
POS_NC_001803_1_F0.001_R1_4968	NC_012920.1	100.000	150	150	1.58e-77	278
POS_NC_001803_1_F0.001_R1_4969	NC_012920.1	100.000	150	150	1.58e-77	278
POS_NC_001803_1_F0.001_R1_4970	NC_012920.1	99.333	150	150	7.34e-76	272
POS_NC_001803_1_F0.001_R1_4971	NC_012920.1	100.000	150	150	1.58e-77	278
POS_NC_001803_1_F0.001_R1_4972	NC_012920.1	100.000	150	150	1.58e-77	278
POS_NC_001803_1_F0.001_R1_4973	NC_012920.1	100.000	150	150	1.58e-77	278
POS_NC_001803_1_F0.001_R1_4974	NC_012920.1	99.333	150	150	7.34e-76	272
POS_NC_001803_1_F0.001_R1_4975	NC_012920.1	99.333	150	150	7.34e-76	272
POS_NC_001803_1_F0.001_R1_4976	NC_012920.1	99.333	150	150	7.34e-76	272
POS_NC_001803_1_F0.001_R1_4977	NC_012920.1	100.000	150	150	1.58e-77	278
POS_NC_001803_1_F0.001_R1_4978	NC_012920.1	100.000	150	150	1.58e-77	278
POS_NC_001803_1_F0.001_R1_4979	NC_012920.1	100.000	150	150	1.58e-77	278
POS_NC_001803_1_F0.001_R1_4980	NC_012920.1	99.333	150	150	7.34e-76	272
POS_NC_001803_1_F0.001_R1_4981	NC_012920.1	100.000	150	150	1.58e-77	278
POS_NC_001803_1_F0.001_R1_4982	NC_012920.1	100.000	150	150	1.58e-77	278
POS_NC_001803_1_F0.001_R1_4983	NC_012920.1	100.000	150	150	1.58e-77	278
POS_NC_001803_1_F0.001_R1_4984	NC_012920.1	100.000	150	150	1.58e-77	278
POS_NC_001803_1_F0.001_R1_4985	NC_012920.1	99.333	150	150	7.34e-76	272
POS_NC_001803_1_F0.001_R1_4986	NC_012920.1	100.000	150	150	1.58e-77	278
POS_NC_001803_1_F0.001_R1_4987	NC_012920.1	100.000	150	150	1.58e-77	278
POS_NC_001803_1_F0.001_R1_4988	NC_012920.1	99.333	150	150	7.34e-76	272
POS_NC_001803_1_F0.001_R1_4989	NC_012920.1	100.000	150	150	1.58e-77	278
POS_NC_001803_1_F0.001_R1_4990	NC_012920.1	100.000	150	150	1.58e-77	278
POS_NC_001803_1_F0.001_R1_4991	NC_012920.1	100.000	150	150	1.58e-77	278
POS_NC_001803_1_F0.001_R1_4992	NC_012920.1	98.667	150	150	3.42e-74	267
POS_NC_001803_1_F0.001_R1_4993	NC_012920.1	99.333	150	150	7.34e-76	272
POS_NC_001803_1_F0.001_R1_4994	NC_012920.1	100.000	150	150	1.58e-77	278
POS_NC_001803_1_F0.001_R1_4995	NC_012920.1	100.000	150	150	1.58e-77	278
POS_NC_001803_1_F0.001_R1_4996	NC_012920.1	99.333	150	150	7.34e-76	272
POS_NC_001803_1_F0.001_R1_4997	NC_012920.1	100.000	150	150	1.58e-77	278
POS_NC_001803_1_F0.001_R1_4998	NC_012920.1	100.000	150	150	1.58e-77	278
POS_NC_001803_1_F0.001_R1_4999	NC_012920.1	100.000	150	150	1.58e-77	278
POS_NC_001803_1_F0.001_R1_5000	NC_012920.1	100.000	150	150	1.58e-77	278
